t,relPosX,relPosY,relPosZ,lat,lon,worldVelX,worldVelY,worldVelZ,worldAccX,worldAccY,worldAccZ,qW,qX,qY,qZ,bodyAccX,bodyAccY,bodyAccZ,bodyGyrX,bodyGyrY,bodyGyrZ
0.002,4.19E-06,4.21E-06,5.50E-05,28.61,-80.6,0.006295548,0.006313576,0.085735792,0,0,0,0.999048222,-0.030843565,0.030843565,0,0,0,0,0,0,0
0.004,3.36E-05,3.37E-05,4.79E-04,28.61,-80.6,0.025220553,0.02526073,0.372423639,6.303493877,6.314366715,92.27670752,0.999048222,-0.030843565,0.030843565,0,0.592619108,0.603491946,92.70318556,0,0,0
0.006,1.14E-04,1.14E-04,0.001680921,28.61,-80.6,0.056786843,0.056851277,0.863486255,12.62221051,12.63360704,194.4243833,0.999048222,-0.030843565,0.030843565,0,0.592090588,0.603487123,195.2410158,0,0,0
0.008,2.69E-04,2.70E-04,0.004069388,28.61,-80.6,0.101000506,0.101095016,1.559082172,18.94459635,18.95775682,296.6514465,0.999048222,-0.030843565,0.030843565,0,0.590322431,0.603482906,297.8584602,0,0,0
0.01,5.26E-04,5.27E-04,0.008053715,28.61,-80.59999999,0.157789944,0.158001774,2.459373955,25.26932784,25.28679425,398.9576315,0.999048222,-0.030843565,0.030843565,0,0.586010019,0.603476426,400.5551711,0,0,0
0.012,9.09E-04,9.10E-04,0.014043449,28.61000001,-80.59999999,0.227215552,0.227581139,3.564515415,31.55016265,31.62072915,501.3454202,0.999048222,-0.030843565,0.030843565,0,0.532846021,0.603412517,503.3307715,0,0,0
0.014,0.001443174,0.001445282,0.022448447,28.61000001,-80.59999999,0.309288252,0.309842754,4.874663144,37.87511221,37.95944096,603.8091657,0.999048222,-0.030843565,0.030843565,0,0.51902265,0.603351398,606.185053,0,0,0
0.016,0.002153385,0.002156603,0.033679012,28.61000002,-80.59999998,0.403039504,0.403594006,6.390108533,43.7018149,43.7018149,706.4195158,0.999048222,-0.030843565,0.030843565,0,7.11E-15,-1.42E-14,709.1179236,0,0,0
0.017,0.002581979,0.002585751,0.040482196,28.61000002,-80.59999997,0.454677661,0.455232164,7.224815338,50.05024273,50.05024273,809.0388997,0.999048222,-0.030843565,0.030843565,0,7.11E-15,-1.78E-14,812.1292968,0,0,0
0.0185,0.003323633,0.003328237,0.052283428,28.61000003,-80.59999997,0.534032437,0.534586939,8.507548379,53.22627498,53.22627498,860.377984,0.999048222,-0.030843565,0.030843565,0,1.07E-14,-1.42E-14,863.6644882,0,0,0
0.0205,0.004496283,0.004501995,0.07098909,28.61000004,-80.59999995,0.638329655,0.638884157,10.19346441,52.57996495,52.57996495,849.9306829,0.999048222,-0.030843565,0.030843565,0,1.42E-14,-1.42E-14,853.1772801,0,0,0
0.023,0.006252598,0.006259696,0.099067007,28.61000006,-80.59999994,0.766271893,0.766826396,12.2615912,51.71702493,51.71702493,835.9816588,0.999048222,-0.030843565,0.030843565,0,7.11E-15,-1.42E-14,839.1749729,0,0,0
0.025,0.007886882,0.00789509,0.125234775,28.61000007,-80.59999992,0.868246118,0.868800621,13.90995713,50.63638577,50.63638577,818.5136293,0.999048222,-0.030843565,0.030843565,0,3.55E-15,-1.78E-14,821.6402184,0,0,0
0.027,0.009726518,0.009735835,0.154721968,28.61000009,-80.5999999,0.971624541,0.972179043,15.58102125,51.33800073,51.33800073,829.8549089,0.999048222,-0.030843565,0.030843565,0,1.78E-14,-7.11E-15,833.0248199,0,0,0
0.029,0.011774317,0.011784743,0.187574013,28.61000011,-80.59999988,1.07640909,1.076963592,17.27481477,52.04058237,52.04058237,841.2118143,0.999048222,-0.030843565,0.030843565,0,3.55E-15,-2.13E-14,844.4251068,0,0,0
0.031,0.014033093,0.014044628,0.223836401,28.61000013,-80.59999986,1.182601689,1.183156192,18.99136875,52.74412712,52.74412712,852.5842881,0.999048222,-0.030843565,0.030843565,0,7.11E-15,-1.42E-14,855.8410216,0,0,0
0.032,0.015242478,0.015254567,0.243260706,28.61000014,-80.59999984,1.236226607,1.236781109,19.85819061,53.44863185,53.44863185,863.9722794,0.999048222,-0.030843565,0.030843565,0,1.42E-14,-3.55E-15,867.2725132,0,0,0
0.0335,0.017156897,0.017169818,0.274019133,28.61000015,-80.59999982,1.316032631,1.316587133,21.14821787,53.80124328,53.80124328,869.6720793,0.999048222,-0.030843565,0.030843565,0,7.11E-15,-1.78E-14,872.9940853,0,0,0
0.036,0.020609297,0.020623605,0.329513491,28.61000019,-80.59999979,1.445056978,1.44561148,23.23383645,52.60655351,52.60655351,850.3604747,0.999048222,-0.030843565,0.030843565,0,3.55E-15,-1.78E-14,853.6087136,0,0,0
0.038,0.023600933,0.023616349,0.377622218,28.61000021,-80.59999976,1.54672764,1.547282143,24.87729543,50.61227225,50.61227225,818.1238454,0.999048222,-0.030843565,0.030843565,0,7.11E-15,-1.42E-14,821.2489456,0,0,0
0.04,0.026796803,0.026813328,0.429032296,28.61000024,-80.59999973,1.649291288,1.64984579,26.53518909,51.05848405,51.05848405,825.3366517,0.999048222,-0.030843565,0.030843565,0,7.11E-15,-1.42E-14,828.4893036,0,0,0
0.042,0.030198694,0.030216329,0.48377261,28.61000027,-80.59999969,1.752749038,1.753303541,28.20753552,51.50525628,51.50525628,832.558517,0.999048222,-0.030843565,0.030843565,0,3.55E-15,-1.42E-14,835.7387553,0,0,0
0.044,0.033808396,0.033827139,0.541872085,28.6100003,-80.59999965,1.857102008,1.857656511,29.89435275,51.95258726,51.95258726,839.7894143,0.999048222,-0.030843565,0.030843565,0,1.07E-14,-1.42E-14,842.9972734,0,0,0
0.046,0.037627619,0.037647472,0.60335838,28.61000034,-80.59999961,1.96223067,1.962785172,31.59370869,52.4004753,52.4004753,847.0293162,0.999048222,-0.030843565,0.030843565,0,1.07E-14,-1.42E-14,850.2648306,0,0,0
0.048,0.041657756,0.041678717,0.668253988,28.61000037,-80.59999957,2.068015284,2.068569786,33.30366778,52.72825285,52.72825285,852.3276878,0.999048222,-0.030843565,0.030843565,0,1.07E-14,-1.42E-14,855.5834411,0,0,0
0.05,0.045900118,0.045922189,0.736580129,28.61000041,-80.59999953,2.174456641,2.175011144,35.02424283,53.05642702,53.05642702,857.6324707,0.999048222,-0.030843565,0.030843565,0,7.11E-15,-2.13E-14,860.9084874,0,0,0
0.052,0.050356021,0.0503792,0.808358045,28.61000045,-80.59999948,2.281555534,2.282110037,36.75544663,53.38499649,53.38499649,862.9436434,0.999048222,-0.030843565,0.030843565,0,3.55E-15,-2.13E-14,866.2399479,0,0,0
0.054,0.055026779,0.055051068,0.883609009,28.6100005,-80.59999944,2.38931275,2.389867252,38.49729191,53.71396167,53.71396167,868.2612127,0.999048222,-0.030843565,0.030843565,0,3.55E-15,-1.07E-14,871.5778294,0,0,0
0.056,0.059913711,0.059939109,0.962354316,28.61000054,-80.59999939,2.497729073,2.498283575,40.24979136,54.0433195,54.0433195,873.5851288,0.999048222,-0.030843565,0.030843565,0,7.11E-15,-1.42E-14,876.922082,0,0,0
0.058,0.065018136,0.065044642,1.044615286,28.61000058,-80.59999933,2.606805284,2.607359787,42.01295759,54.37306857,54.37306857,878.9153692,0.999048222,-0.030843565,0.030843565,0,1.42E-14,-1.42E-14,882.2726831,0,0,0
0.06,0.070341373,0.070368988,1.130413266,28.61000063,-80.59999928,2.716542162,2.717096664,43.78680319,54.70320747,54.70320747,884.251911,0.999048222,-0.030843565,0.030843565,0,1.07E-14,-1.42E-14,887.6296096,0,0,0
0.062,0.075884745,0.07591347,1.219769627,28.61000068,-80.59999922,2.826940481,2.827494984,45.57134068,55.03373475,55.03373475,889.5947307,0.999048222,-0.030843565,0.030843565,0,7.11E-15,-1.42E-14,892.9928381,0,0,0
0.063,0.078739396,0.078768675,1.265788885,28.61000071,-80.59999919,2.882387923,2.882942425,46.46762279,55.36464892,55.36464892,894.9438045,0.999048222,-0.030843565,0.030843565,0,1.78E-14,-7.11E-15,898.3623444,0,0,0
0.0645,0.08312551,0.083155621,1.33650113,28.61000075,-80.59999915,2.965805478,2.96635998,47.81602878,55.53025062,55.53025062,897.620679,0.999048222,-0.030843565,0.030843565,0,7.11E-15,-1.78E-14,901.0494441,0,0,0
0.0665,0.089168652,0.089199872,1.433936039,28.6100008,-80.59999909,3.077409225,3.077963727,49.62005145,55.69317706,55.69317706,900.2543089,0.999048222,-0.030843565,0.030843565,0,7.11E-15,-1.42E-14,903.6931342,0,0,0
0.0685,0.095435437,0.095467766,1.534986025,28.61000086,-80.59999902,3.189448054,3.190002556,51.43110702,55.91060708,55.91060708,903.7689641,0.999048222,-0.030843565,0.030843565,0,2.13E-14,-7.11E-15,907.2212148,0,0,0
0.0705,0.101926735,0.101960173,1.63966516,28.61000092,-80.59999896,3.301922406,3.302476909,53.24920263,56.12825863,56.12825863,907.2872003,0.999048222,-0.030843565,0.030843565,0,2.49E-14,-3.55E-15,910.75289,0,0,0
0.0725,0.108643417,0.108677964,1.747987533,28.61000098,-80.59999889,3.414832722,3.415387224,55.07434538,56.34613053,56.34613053,910.8089983,0.999048222,-0.030843565,0.030843565,0,1.42E-14,-1.42E-14,914.2881407,0,0,0
0.0745,0.115586357,0.115622012,1.859967245,28.61000104,-80.59999882,3.528179438,3.52873394,56.90654233,56.56422155,56.56422155,914.3343382,0.999048222,-0.030843565,0.030843565,0,2.49E-14,-3.55E-15,917.8269469,0,0,0
0.0765,0.122756426,0.122793191,1.97561841,28.6100011,-80.59999874,3.641962988,3.642517491,58.74580051,56.78253046,56.78253046,917.8632002,0.999048222,-0.030843565,0.030843565,0,1.42E-14,-1.07E-14,921.3692885,0,0,0
0.0785,0.1301545,0.130192374,2.094955159,28.61000117,-80.59999867,3.756183805,3.756738308,60.5921269,57.00105599,57.00105599,921.3955637,0.999048222,-0.030843565,0.030843565,0,1.07E-14,-1.42E-14,924.9151451,0,0,0
0.0805,0.137781453,0.137820436,2.217991634,28.61000124,-80.59999859,3.870842318,3.871396821,62.44552845,57.21979683,57.21979683,924.9314078,0.999048222,-0.030843565,0.030843565,0,1.42E-14,-1.07E-14,928.4644955,0,0,0
0.082,0.143652397,0.143692212,2.312705453,28.61000129,-80.59999853,3.957123697,3.9576782,63.84022682,57.43875168,57.43875168,928.4707111,0.999048222,-0.030843565,0.030843565,0,7.11E-15,-1.78E-14,932.0173184,0,0,0
0.084,0.151681955,0.151722878,2.442249847,28.61000136,-80.59999845,4.072486307,4.073040809,65.70500976,57.60310745,57.60310745,931.1274456,0.999048222,-0.030843565,0.030843565,0,3.55E-15,-2.13E-14,934.6842012,0,0,0
0.086,0.159942551,0.159984583,2.575528864,28.61000144,-80.59999836,4.188161863,4.188716366,67.57485134,57.75952177,57.75952177,933.6558105,0.999048222,-0.030843565,0.030843565,0,1.78E-14,-7.11E-15,937.222224,0,0,0
0.088,0.168434811,0.168477953,2.712552627,28.61000152,-80.59999827,4.304150602,4.304705105,69.44975537,57.91605433,57.91605433,936.1860865,0.999048222,-0.030843565,0.030843565,0,1.07E-14,-1.07E-14,939.7621652,0,0,0
0.09,0.177159362,0.177203613,2.853331263,28.61000159,-80.59999819,4.420452756,4.421007259,71.3297256,58.07270394,58.07270394,938.7182545,0.999048222,-0.030843565,0.030843565,0,1.07E-14,-1.78E-14,942.3040057,0,0,0
0.092,0.186116831,0.186162191,2.997874909,28.61000167,-80.59999809,4.537068556,4.537623059,73.21476578,58.22946938,58.22946938,941.2522949,0.999048222,-0.030843565,0.030843565,0,3.55E-15,-2.49E-14,944.8477258,0,0,0
0.094,0.195307846,0.195354314,3.146193709,28.61000176,-80.599998,4.653998229,4.654552732,75.10487958,58.38634942,58.38634942,943.7881878,0.999048222,-0.030843565,0.030843565,0,1.07E-14,-1.78E-14,947.3933053,0,0,0
0.097,0.209532101,0.209584475,3.375772455,28.61000188,-80.59999785,4.828942747,4.832338273,77.94952409,58.21178996,59.14446639,946.309236,0.999048135,-0.030842801,0.030847127,2.48E-05,-0.331037967,0.601638454,949.9407239,0,0,0
0.099999518,0.224279732,0.224346634,3.613863351,28.61000202,-80.5999977,5.00450061,5.010799743,80.80514918,58.41980175,59.37925715,950.1210051,0.999047865,-0.030840439,0.030858055,1.02E-04,-0.364087405,0.600683396,953.7652753,-6.61E-06,0.003756879,0.033625362
0.102786067,0.238452952,0.238541201,3.842738992,28.61000215,-80.59999756,5.168197595,5.177221975,83.46827737,58.63961033,59.61420967,953.9354739,0.999047433,-0.030836714,0.030875129,2.23E-04,-0.396534081,0.599709965,957.5932484,-2.23E-05,0.007677468,0.069856296
0.105781203,0.254196749,0.254316415,4.097038318,28.61000229,-80.5999974,5.344829782,5.356780996,86.34177959,58.8530814,59.83267959,957.4820411,0.999046745,-0.030831127,0.03090109,4.06E-04,-0.427990843,0.598805661,961.1529285,-4.35E-05,0.01146615,0.105143416
0.108702915,0.27006538,0.270224091,4.353412394,28.61000243,-80.59999723,5.517849807,5.532616859,89.15585232,59.09514006,60.06773963,961.2970573,0.999045816,-0.030824118,0.030934214,6.36E-04,-0.461125299,0.59784076,964.982814,-6.67E-05,0.015687739,0.140493675
0.112,0.288581292,0.288793808,4.652619707,28.6100026,-80.59999704,5.714000352,5.73184958,92.34454291,59.34455189,60.29727845,965.0213974,0.999044406,-0.03081432,0.030981181,9.58E-04,-0.492643162,0.59691595,968.7224762,-9.27E-05,0.019975441,0.175793475
0.114795025,0.304785333,0.305051251,4.914514796,28.61000274,-80.59999688,5.881024937,5.901366133,95.05776292,59.64268217,60.55662494,969.2274562,0.999042856,-0.030804413,0.031029208,0.001283778,-0.52707764,0.595906611,972.9468553,-1.26E-04,0.024991892,0.216522921
0.117543168,0.321173628,0.32149865,5.179422155,28.61000289,-80.59999671,6.045900277,6.068545307,97.73367535,59.87522492,60.74219064,972.23672,0.999040957,-0.03079321,0.031084006,0.001652095,-0.555196616,0.595090836,975.9704061,-1.51E-04,0.029395788,0.251731833
0.120250775,0.337764222,0.338153434,5.447624803,28.61000304,-80.59999654,6.209013229,6.233749802,100.3780742,60.11743436,60.92485228,975.1966223,0.999038662,-0.030780735,0.03114554,0.002062348,-0.58169927,0.594334061,978.9451998,-1.74E-04,0.033861328,0.286904125
0.122923466,0.354574924,0.355032778,5.719401283,28.61000319,-80.59999637,6.370711521,6.397302723,102.9961194,60.36981913,61.10505442,978.1138438,0.99903592,-0.030767004,0.031213805,0.002514022,-0.606558343,0.593641363,981.8779527,-2.02E-04,0.038392137,0.322042978
0.125566266,0.371623497,0.372153787,5.995028551,28.61000335,-80.59999619,6.531311447,6.559495054,105.5924555,60.63289873,61.2831968,980.9942973,0.999032673,-0.030752037,0.031288822,0.003006793,-0.6297325,0.593017342,984.7746147,-2.38E-04,0.042974448,0.357151074
0.128183712,0.38892781,0.389533639,6.274784454,28.6100035,-80.59999602,6.691104004,6.720591497,108.1713052,60.90720737,61.45966636,983.843267,0.999028856,-0.030735837,0.031370644,0.003540502,-0.651167161,0.592467867,987.6405103,-2.78E-04,0.047623498,0.392230689
0.130779937,0.406505989,0.407189727,6.558949948,28.61000366,-80.59999584,6.850359882,6.880835187,110.7365458,61.19331343,61.63479321,986.6655224,0.999024402,-0.030718387,0.031459343,0.004115143,-0.670793701,0.591996362,990.4804501,-3.09E-04,0.052334743,0.427283762
0.133358743,0.424376542,0.425139775,6.84781111,28.61000382,-80.59999565,7.009333678,7.040451565,113.2917708,61.49180533,61.8088611,989.4654069,0.999019233,-0.030699684,0.031555027,0.004730849,-0.688530924,0.591603796,993.2988195,-3.37E-04,0.057119676,0.462311956
0.135923651,0.442558488,0.44340196,7.141661038,28.61000399,-80.59999547,7.168267282,7.19965165,115.8403415,61.80332769,61.98216376,992.2469063,0.999013268,-0.030679711,0.031657813,0.005387881,-0.704282195,0.591292695,996.0996523,-3.61E-04,0.061963544,0.497316695
0.138,0.457576433,0.458485032,7.384332478,28.61000412,-80.59999531,7.29755127,7.328852618,117.9086626,62.12853076,62.15497182,995.0137134,0.999007771,-0.030662544,0.031746658,0.005952501,-0.717939616,0.591064217,998.8866902,-3.86E-04,0.066877613,0.532299205
0.140547985,0.476373381,0.477361196,7.688001409,28.61000429,-80.59999512,7.456946084,7.487748481,120.4523229,62.40333537,62.29524155,997.2536499,0.999000125,-0.030640253,0.031862656,0.006685512,-0.727413225,0.590942098,1001.143765,-4.14E-04,0.070902622,0.560711147
0.143090896,0.495538844,0.496603858,7.997534308,28.61000447,-80.59999492,7.616832371,7.646664897,122.9962467,62.71373237,62.42761995,999.3518048,0.998991409,-0.030616651,0.031986176,0.007461242,-0.736974685,0.590871069,1003.26136,-4.40E-04,0.075918818,0.595655964
0.145631684,0.515095448,0.516234493,8.313276486,28.61000464,-80.59999472,7.777433522,7.805786317,125.5433605,63.03956524,62.56027012,1001.444525,0.998981509,-0.030591709,0.032117397,0.008280437,-0.74404825,0.590887285,1005.374561,-4.72E-04,0.080987712,0.630580432
0.148173195,0.535066958,0.536275601,8.635589556,28.61000482,-80.59999452,7.938970853,7.965292157,128.0965077,63.38154442,62.69340574,1003.534149,0.998970301,-0.030565375,0.032256526,0.009143962,-0.748474325,0.59098973,1007.485762,-4.89E-04,0.086113336,0.665485263
0.150718191,0.555478431,0.556750847,8.964853591,28.61000501,-80.59999431,8.10166532,8.12535833,130.6584737,63.74043749,62.82719931,1005.622918,0.998957652,-0.030537612,0.032403781,0.010052799,-0.750075637,0.591172,1009.597267,-4.88E-04,0.091287173,0.700371052
0.153269375,0.576356346,0.577685175,9.301469072,28.6100052,-80.5999941,8.265736538,8.286158692,133.2320062,64.11655459,62.96186804,1007.713021,0.998943414,-0.030508381,0.032559427,0.011008055,-0.749153546,0.591441082,1011.711298,-4.90E-04,0.096510754,0.7352383
0.155829411,0.597728772,0.599104958,9.645859202,28.61000539,-80.59999388,8.431409144,8.447866276,135.8198352,64.51000178,63.09764934,1009.806598,0.99892743,-0.030477621,0.032723722,0.01201096,-0.74629943,0.591815259,1013.830022,-4.85E-04,0.101800307,0.770087455
0.158400957,0.619625659,0.621038264,9.99847419,28.61000559,-80.59999365,8.5989146,8.610655328,138.4247056,64.92292839,63.23473521,1011.90566,0.998909524,-0.030445292,0.032896946,0.01306288,-0.740044963,0.592260806,1015.955602,-4.65E-04,0.107118871,0.804918762
0.160986673,0.642078998,0.643514987,10.35979338,28.61000579,-80.59999342,8.768491358,8.774702322,141.04939,65.35631024,63.3733887,1014.012244,0.998889508,-0.03041134,0.033079383,0.014165322,-0.730135871,0.592773204,1018.090164,-4.59E-04,0.112476281,0.839732443
0.163589248,0.665123068,0.666567068,10.73032867,28.61000599,-80.59999319,8.94038675,8.940187163,143.6967094,65.8111523,63.51387132,1016.128398,0.998867175,-0.030375702,0.033271351,0.01531994,-0.716298341,0.593344685,1020.235843,-4.32E-04,0.117855398,0.874528639
0.166211414,0.688794708,0.690228734,11.11062843,28.61000621,-80.59999294,9.114858952,9.107294712,146.3695544,66.28855548,63.65644689,1018.256165,0.9988423,-0.03033831,0.033473181,0.016528551,-0.698229464,0.593964018,1022.394784,-4.18E-04,0.123254381,0.909307405
0.169,0.714472674,0.715873476,11.52276287,28.61000644,-80.59999268,9.301876576,9.285427067,149.2181931,66.78967469,63.80139787,1020.397615,0.998813051,-0.030296888,0.033697019,0.01786332,-0.675600484,0.594617729,1024.569159,-3.77E-04,0.128661407,0.944068718
0.171671294,0.739561702,0.740905998,11.92502065,28.61000666,-80.59999242,9.482567497,9.456529848,151.9538263,67.34499083,63.95705595,1022.672269,0.998782154,-0.030255609,0.033920191,0.019189283,-0.646411433,0.59531904,1026.880543,-3.18E-04,0.134359667,0.980695035
0.174370927,0.76540949,0.766669151,12.33898062,28.61000689,-80.59999216,9.666825794,9.629968669,154.7261502,67.94209831,64.14805311,1025.498596,0.998747883,-0.03021232,0.0341543,0.020575863,-0.613304746,0.59597538,1029.746445,-2.81E-04,0.139716329,1.015420626
0.177101924,0.792066073,0.793208761,12.76537579,28.61000713,-80.59999189,9.854974507,9.805960486,157.5385229,68.5678162,64.34293506,1028.353557,0.998709914,-0.030166902,0.03439969,0.022025616,-0.574471054,0.596603247,1032.643167,-2.14E-04,0.14504064,1.050128928
0.179867479,0.819586135,0.820574759,13.20500455,28.61000738,-80.5999916,10.04736112,9.984736363,160.3945143,69.22355371,64.542068,1031.240188,0.998667886,-0.030119218,0.034656773,0.02354134,-0.529464943,0.597167167,1035.573883,-1.46E-04,0.150286414,1.084819522
0.182670988,0.848029682,0.848821776,13.65874006,28.61000763,-80.59999131,10.24436164,10.16654423,163.2979456,69.91092605,64.74583513,1034.161666,0.998621401,-0.030069172,0.03492594,0.025126115,-0.477784655,0.597622734,1038.541924,-3.93E-05,0.155477601,1.119491865
0.185516094,0.87746285,0.878009848,14.12754154,28.6100079,-80.59999101,10.44638489,10.35165212,166.2529356,70.63154585,64.95478389,1037.121358,0.998570019,-0.030016617,0.035207581,0.026783335,-0.418898269,0.597938118,1041.550824,3.35E-05,0.160537443,1.154145278
0.188406729,0.907958886,0.90820528,14.61246798,28.61000817,-80.5999907,10.65387794,10.54035154,169.2639568,71.38708233,65.16940554,1040.122874,0.998513252,-0.029961365,0.035502075,0.028516756,-0.352234547,0.598060036,1044.604365,1.51E-04,0.165440663,1.188778916
0.191347182,0.93959934,0.939481704,15.11469489,28.61000845,-80.59999037,10.86733272,10.73296209,172.3359035,72.1792375,65.3901833,1043.170118,0.998450554,-0.029903248,0.035809831,0.030330549,-0.277184252,0.597917986,1047.706629,3.04E-04,0.170165326,1.223391735
0.194342165,0.972475553,0.971921383,15.63553512,28.61000874,-80.59999004,11.08729384,10.92983712,175.4741762,73.0098435,65.61773685,1046.267237,0.998381319,-0.029842044,0.036131176,0.032229374,-0.193079508,0.59744448,1050.861961,4.31E-04,0.174647844,1.257982457
0.197396908,1.006690503,1.005616853,16.17646493,28.61000904,-80.59998969,11.314368,11.13137027,178.6847876,73.88062159,65.8526761,1049.418992,0.998304862,-0.029777476,0.036466435,0.034218466,-0.099234992,0.596548872,1054.075318,6.29E-04,0.178785214,1.29254951
0.200517276,1.042361156,1.040673007,16.73915709,28.61000936,-80.59998932,11.54923656,11.33800467,181.9744963,74.7933547,66.09559051,1052.630586,0.998220406,-0.029709313,0.036815963,0.036303748,0.00508459,0.595111928,1057.352103,8.23E-04,0.182592457,1.32709096
0.203,1.071268969,1.069026832,17.19420651,28.61000961,-80.59998903,11.73825605,11.50297841,184.5992589,75.74890281,66.34735642,1055.907899,0.998148441,-0.029653499,0.037098615,0.038000689,0.119605707,0.593112804,1060.698351,0.001020833,0.185976781,1.361604426
0.206254191,1.109874381,1.106812487,17.8005371,28.61000995,-80.59998863,11.9888516,11.71990397,188.0481253,76.52126165,66.55042545,1058.513255,0.998047474,-0.029578244,0.037474415,0.040274491,0.212850021,0.591385248,1063.359948,0.001164199,0.188323713,1.388493462
0.209595112,1.150362575,1.146340827,18.43471806,28.61001031,-80.59998822,12.2494614,11.94336449,191.5977635,77.49628384,66.77096868,1061.131543,0.997935706,-0.029498434,0.037865357,0.042665966,0.343604724,0.588473012,1066.050526,0.001354238,0.190829781,1.422949355
0.21303315,1.192942829,1.187799022,19.09973104,28.61001068,-80.59998778,12.52124193,12.17413252,195.2599283,78.51770815,67.00155752,1063.813287,0.997811796,-0.029413581,0.038271672,0.045185615,0.487762117,0.584594982,1068.808856,0.001604067,0.192660786,1.457365462
0.216580698,1.237865685,1.231411005,19.7991424,28.61001107,-80.59998732,12.80556304,12.41313035,199.0486521,79.58726211,67.24322317,1066.566346,0.997674159,-0.029323156,0.038693527,0.047845959,0.646288746,0.579551231,1071.643038,0.001829067,0.193710309,1.491736027
0.220252818,1.285436022,1.277449194,20.53728969,28.61001149,-80.59998683,13.10407485,12.66147904,202.9809909,80.70663244,67.49729615,1069.399962,0.997520889,-0.029226491,0.039130968,0.050662179,0.820253991,0.57316171,1074.562573,0.002013571,0.193826743,1.526053591
0.224068206,1.336032071,1.326251565,21.31955322,28.61001193,-80.59998631,13.41880543,12.92056892,207.0781119,81.87785933,67.7652863,1072.325379,0.99734965,-0.029122732,0.039583993,0.053653039,1.011312651,0.565181839,1077.578997,0.002219238,0.192849286,1.560308311
0.228050645,1.390134034,1.378247363,22.15276513,28.61001239,-80.59998576,13.75230462,13.19216631,211.3669358,83.10257151,68.04872654,1075.355925,0.997157527,-0.02901083,0.040052351,0.056842294,1.220830538,0.55522723,1080.705896,0.002405495,0.190550299,1.594486917
0.232231298,1.448368946,1.433997461,23.04585151,28.6100129,-80.59998516,14.10786924,13.4785817,215.8827168,84.38173828,68.34964524,1078.510152,0.996940765,-0.028889426,0.040535653,0.060260875,1.449923067,0.542923843,1083.96204,0.00246933,0.186695986,1.628571053
0.235,1.487759087,1.471579114,23.64771562,28.61001323,-80.59998476,14.34640258,13.66900668,218.8809516,85.71598488,68.67048449,1081.811726,0.996788552,-0.028806793,0.040849068,0.062562803,1.699660305,0.527824406,1087.371283,0.00257293,0.180921885,1.662534504
0.239153053,1.548090651,1.528942003,24.5660941,28.61001375,-80.59998414,14.70850136,13.95561099,223.3871914,86.58915941,68.88522901,1083.992984,0.996547102,-0.02867942,0.041306185,0.066069388,1.868837469,0.516560187,1089.623736,0.002559953,0.175990291,1.683964513
0.244071885,1.621506774,1.598424879,25.67804699,28.61001437,-80.59998339,15.14364922,14.29641268,228.73556,87.78198495,69.13607462,1086.090008,0.9962405,-0.028523194,0.041822213,0.070300757,2.125704957,0.497713986,1091.820596,0.002556561,0.167063509,1.714455642
0.249453159,1.704296362,1.6763647,26.92471,28.61001508,-80.59998254,15.62710246,14.67092834,234.6006053,89.13747075,69.43389285,1088.557157,0.995879212,-0.028345829,0.042347103,0.075018873,2.429749407,0.472401523,1094.402627,0.002422012,0.153886886,1.747876723
0.255499971,1.800454296,1.766354543,28.36326395,28.61001589,-80.59998156,16.17881358,15.09382289,241.2081595,90.52286652,69.7576991,1091.237694,0.99544092,-0.028138746,0.042876248,0.080418988,2.753362956,0.441442761,1097.202103,0.001905714,0.136225475,1.780883379
0.262620359,1.917996397,1.875609216,30.1085278,28.61001687,-80.59998035,16.8384526,15.59448862,249.0118948,91.9259319,70.11342882,1094.224308,0.994881348,-0.027884431,0.04340015,0.086890672,3.098348549,0.402395445,1100.310567,0.001159745,0.112428849,1.813192249
0.264,1.941316282,1.897191138,30.4531197,28.61001706,-80.59998011,16.96733039,15.69181806,250.5268073,93.30021545,70.51018626,1097.712029,0.994767574,-0.027833993,0.043487644,0.088156499,3.446575131,0.353467667,1103.918616,-3.11E-04,0.079318557,1.844114417
0.266069461,1.976630015,1.92981597,30.973928,28.61001736,-80.59997975,17.16120819,15.83800219,252.8009615,93.5254119,70.58345092,1098.384738,0.994593708,-0.027757654,0.043609696,0.090061439,3.503996615,0.34398416,1104.611092,-6.49E-04,0.072304129,1.849147217
0.269173653,2.0303545,1.979321028,31.76397034,28.6100178,-80.5999792,17.4531527,16.0576953,256.2162675,93.83923135,70.69345753,1099.437277,0.994325798,-0.027641559,0.043771422,0.092931238,3.582766369,0.329897139,1105.691072,-0.001252379,0.061446019,1.856073414
0.273829941,2.11264486,2.054859148,32.96893103,28.61001848,-80.59997836,17.89310164,16.38811291,261.3483416,94.24421798,70.85094467,1101.008269,0.993908325,-0.027464095,0.043963519,0.09725828,3.682678079,0.309200339,1107.297331,-0.002102588,0.044610033,1.865003236
0.280814373,2.239930979,2.171056601,34.82124124,28.61001952,-80.59997705,18.55575082,16.88547757,269.0668582,94.69281681,71.06802005,1103.352795,0.993248682,-0.027191141,0.044132293,0.103778794,3.785504332,0.280019497,1109.680303,-0.003682324,0.018096654,1.874897461
0.29,2.414381636,2.329173976,37.33954848,28.61002095,-80.59997527,19.42703257,17.54201653,279.2547899,94.97707139,71.34155636,1106.848855,0.992325944,-0.026823034,0.04412972,0.112349069,3.814847064,0.243433199,1113.198112,-0.006343919,-0.023358319,1.880993849
0.3,2.613358549,2.50817356,40.18771413,28.61002256,-80.59997323,20.3656992,18.25784931,290.3831772,94.5803477,71.58355435,1111.369143,0.991263878,-0.026417058,0.043850356,0.12155332,3.581719834,0.217737588,1117.67533,-0.010580818,-0.077653843,1.870166353
0.305789722,2.732821883,2.615080095,41.88763638,28.61002352,-80.599972,20.90043624,18.67181113,296.8390501,92.98514911,71.54947067,1114.27199,0.990630825,-0.026183438,0.043576187,0.126752169,2.93146779,0.233260466,1120.428037,-0.015048196,-0.129454233,1.827713817
0.309772482,2.81678781,2.690011763,43.07872794,28.61002419,-80.59997114,21.26355282,18.95611611,301.2851859,91.68671785,71.43820545,1115.830428,0.990191707,-0.026024993,0.043349956,0.130245399,2.427020187,0.251561552,1121.865171,-0.017132369,-0.152606841,1.785053802
0.312939426,2.884581322,2.750402218,44.03848322,28.61002473,-80.59997045,21.54917847,19.18182979,304.8234323,90.63861851,71.32501447,1116.851935,0.98984252,-0.025901202,0.043153112,0.132961356,2.006478175,0.274878766,1122.789722,-0.018466819,-0.164729413,1.7457471
0.317,2.972819804,2.828878174,45.28545843,28.61002544,-80.59996955,21.91108885,19.47071464,309.3640588,89.73133196,71.21587179,1117.631914,0.989389718,-0.025743864,0.042886915,0.136403636,1.634078187,0.299815587,1123.486425,-0.019233224,-0.171553481,1.71225941
0.323090861,3.107907312,2.948788344,47.19051568,28.61002652,-80.59996816,22.44443399,19.90283735,316.1838415,88.51335391,71.06854491,1118.809992,0.98868133,-0.02550651,0.042482176,0.141611829,1.115439065,0.339561489,1124.553152,-0.020073746,-0.176387838,1.708755344
0.327084782,3.19823605,3.028843086,48.46226901,28.61002724,-80.59996724,22.78784894,20.18533975,320.661333,86.60870015,70.81901948,1120.52895,0.988189442,-0.025348517,0.042229983,0.14510585,0.277348518,0.414375959,1126.100031,-0.020482551,-0.173910495,1.74573948
0.330229297,3.270313255,3.092665242,49.47614002,28.61002781,-80.5999665,23.05477953,20.40726989,324.1894724,85.36560663,70.6468473,1121.618646,0.987783784,-0.025222411,0.042047456,0.147915644,-0.28874443,0.471746397,1127.078678,-0.019989611,-0.165628579,1.785690096
0.333033198,3.335287329,3.15016219,50.38954775,28.61002833,-80.59996583,23.29033506,20.60478709,327.3372627,84.41557909,70.50590204,1122.348258,0.987406914,-0.02510857,0.041901535,0.150470619,-0.728531818,0.520063306,1127.724206,-0.019134735,-0.155319839,1.822810952
0.335634486,3.396154294,3.203999178,51.24484612,28.61002881,-80.59996521,23.50692781,20.78773061,330.2590472,83.61328136,70.38256563,1122.941371,0.987043507,-0.025001728,0.041783848,0.152886029,-1.106409039,0.564364064,1128.246722,-0.017978746,-0.143211175,1.859119581
0.337,3.42833054,3.232450618,51.696867,28.61002907,-80.59996488,23.61993015,20.88365546,331.7933428,82.92404742,70.27483982,1123.468642,0.986847145,-0.024945195,0.041729904,0.154172195,-1.437200828,0.605521861,1128.713563,-0.016650455,-0.129670986,1.895054204
0.339048271,3.476883455,3.275373245,52.37882704,28.61002946,-80.59996438,23.78858499,21.02739356,334.0951529,82.58806765,70.22198806,1123.736114,0.986545049,-0.024859792,0.041660221,0.156125854,-1.600772651,0.626889803,1128.951644,-0.015841119,-0.121687185,1.914690352
0.341361172,3.53212324,3.324195014,53.15456202,28.6100299,-80.59996382,23.97789685,21.18948596,336.6945473,82.10032608,70.12990777,1123.825212,0.986192591,-0.024762448,0.041599107,0.158368272,-1.830242285,0.658200608,1128.998667,-0.014430487,-0.108668887,1.945068826
0.343590811,3.585787815,3.371613943,53.90806313,28.61003032,-80.59996327,24.15940412,21.34555164,339.2005378,81.61216021,70.03587165,1123.906588,0.985840926,-0.024667733,0.041559374,0.160567713,-2.062625659,0.691865476,1129.038021,-0.012635615,-0.092662777,1.980633033
0.345748358,3.638101644,3.417830761,54.6425205,28.61003074,-80.59996273,24.33428911,21.49643243,341.6258326,81.21522943,69.95988211,1124.006261,0.985489028,-0.024575204,0.041540169,0.16273245,-2.255239311,0.722001616,1129.103523,-0.010752769,-0.075814653,2.016126037
0.347841706,3.689218885,3.46298341,55.36012551,28.61003114,-80.59996221,24.5034222,21.6427263,343.9793188,80.91183087,69.90574992,1124.187537,0.985136248,-0.02448453,0.041540561,0.164868018,-2.408061901,0.748198437,1129.258517,-0.008694519,-0.05858981,2.05156946
0.349876753,3.739251482,3.507172032,56.06246791,28.61003154,-80.5999617,24.66747988,21.78488293,346.2675743,80.69169553,69.86686261,1124.347875,0.984782156,-0.024395525,0.041559712,0.166978305,-2.521327848,0.770080381,1129.399717,-0.006475542,-0.041027462,2.086976668
0.351858115,3.788284746,3.550472866,56.75075678,28.61003193,-80.59996119,24.8269939,21.92326465,348.4958295,80.55457611,69.84506347,1124.514966,0.984426465,-0.024308017,0.041596738,0.16906616,-2.595181194,0.787413951,1129.554747,-0.004272586,-0.02326628,2.122356129
0.353789337,3.836381209,3.592941784,57.42587677,28.61003231,-80.5999607,24.98238095,22.05815081,350.6680335,80.47127667,69.84083512,1124.698458,0.984069022,-0.024221845,0.04165064,0.171133534,-2.655708886,0.809075408,1129.731067,-0.001905237,-0.005522641,2.157715409
0.355673583,3.883597034,3.63462879,58.08861871,28.61003269,-80.59996022,25.13403967,22.18979113,352.7877046,80.46203039,69.85175845,1124.864647,0.983709696,-0.024136903,0.041720324,0.173182153,-2.679331674,0.826414842,1129.896464,4.05E-04,0.011994482,2.193056487
0.357513575,3.929979837,3.675576132,58.73964968,28.61003306,-80.59995974,25.28232146,22.31840512,354.8579283,80.52634643,69.87875864,1125.032993,0.983348397,-0.024053057,0.041804778,0.175213417,-2.665504964,0.838757138,1130.070334,0.002803703,0.029168223,2.228382048
0.359311671,3.975570376,3.715819832,59.37953743,28.61003342,-80.59995927,25.42753093,22.4441829,356.8813548,80.66188142,69.92229183,1125.218545,0.982985069,-0.023970192,0.04190293,0.177228463,-2.615370824,0.845928912,1130.267528,0.005170281,0.046012318,2.26369437
0.36106996,4.020404458,3.755391411,60.00877785,28.61003377,-80.59995881,25.56993722,22.56729316,358.8603441,80.86465586,69.98169543,1125.419557,0.982619689,-0.023888148,0.042013549,0.179228248,-2.530349674,0.847829807,1130.485996,0.00756576,0.062301452,2.298995087
0.362790313,4.064513991,3.794318838,60.62781024,28.61003412,-80.59995836,25.70977634,22.68788606,360.7970054,81.12876453,70.05493969,1125.619501,0.98225225,-0.023806775,0.042135388,0.181213585,-2.412411243,0.844340416,1130.70876,0.009965955,0.077677467,2.334285502
0.364474425,4.107927803,3.832627287,61.23702937,28.61003447,-80.59995792,25.84725655,22.806096,362.6932438,81.45157157,70.14282849,1125.848568,0.981882757,-0.023725987,0.042267235,0.183185181,-2.263717043,0.835390345,1130.96576,0.012381715,0.092302131,2.369566603
0.366123844,4.150672248,3.870339692,61.83679435,28.61003481,-80.59995748,25.982559,22.92204295,364.550768,81.82508202,70.24192399,1126.065502,0.981511222,-0.023645704,0.042407885,0.185143657,-2.086489088,0.821069117,1131.215169,0.014657315,0.10593685,2.404839216
0.367740001,4.192771762,3.907477253,62.42743681,28.61003514,-80.59995705,26.11584415,23.0358365,366.3711622,82.2443223,70.35136162,1126.271025,0.981137668,-0.023565825,0.042556079,0.187089575,-1.883069967,0.801516465,1131.457324,0.016887838,0.118534434,2.440103935
0.369324224,4.23424906,3.944059631,63.00926396,28.61003547,-80.59995662,26.24725612,23.1475793,368.1559371,82.70519187,70.4710594,1126.482409,0.980762121,-0.023486266,0.042710616,0.189023439,-1.656091577,0.776874927,1131.709146,0.018965038,0.130050768,2.475361278
0.370877737,4.275125113,3.980104935,63.58255854,28.61003579,-80.59995621,26.3769174,23.25736224,369.9064511,83.20273868,70.60016889,1126.703797,0.980384614,-0.023406988,0.042870277,0.190945702,-1.408179691,0.747342936,1131.974374,0.020957554,0.140308824,2.510611814
0.372,4.304779773,4.006250388,63.9984007,28.61003603,-80.5999559,26.47110914,23.33680523,371.1712322,83.73002049,70.73648823,1126.91596,0.980106079,-0.023348915,0.042990164,0.192350584,-1.142106659,0.713271164,1132.233251,0.022712204,0.14938262,2.545855959
0.373502913,4.344658794,4.041403651,64.55751197,28.61003635,-80.59995549,26.59798901,23.44339234,372.865432,84.13328256,70.84069568,1127.066315,0.979725253,-0.023270046,0.043156037,0.194253676,-0.93663961,0.685570623,1132.419509,0.023898984,0.155290458,2.571741283
0.374978044,4.383986699,4.076063034,65.10876418,28.61003666,-80.59995509,26.72339826,23.54825088,374.5289528,84.71725858,71.00165887,1127.493203,0.979342573,-0.023191325,0.04332399,0.196146169,-0.645452028,0.644515311,1132.898204,0.025322324,0.16213639,2.606975416
0.376426294,4.422778534,4.110241471,65.65235858,28.61003696,-80.59995469,26.84740069,23.65144166,376.1627808,85.31814039,71.16793029,1127.927642,0.978958096,-0.023112681,0.04349298,0.198028309,-0.343570551,0.599873409,1133.386231,0.026650865,0.167772472,2.642204817
0.377848521,4.46104876,4.143951408,66.18848896,28.61003727,-80.5999543,26.97004915,23.75302038,377.7678485,85.92956615,71.33711102,1128.351672,0.978571877,-0.023034096,0.043661982,0.199900335,-0.033743582,0.551958182,1133.8651,0.027756422,0.17195604,2.677429625
0.379245545,4.498811217,4.17720478,66.71734127,28.61003757,-80.59995391,27.09138742,23.85303874,379.3450458,86.54653995,71.50819448,1128.766023,0.978183966,-0.022955509,0.043830121,0.20176247,0.281268036,0.501252336,1134.335105,0.028616242,0.174915209,2.712649991
0.380618138,4.536078966,4.210012868,67.23909141,28.61003786,-80.59995353,27.21145242,23.95154503,380.8952326,87.16506298,71.68029137,1129.175476,0.977794415,-0.022876877,0.043996559,0.203614916,0.598984392,0.448072532,1134.800647,0.029411267,0.176687948,2.747866123
0.381966914,4.572861151,4.242383547,67.75386135,28.61003815,-80.59995316,27.33026203,24.04857484,382.4190826,87.7821069,71.85331024,1129.595829,0.977403308,-0.022798209,0.044160461,0.205457704,0.916983739,0.392807856,1135.277208,0.029873764,0.17717088,2.783079034
0.383291983,4.609153404,4.274312844,68.26158511,28.61003844,-80.59995278,27.44778503,24.14412565,383.9166901,88.39213592,72.02524198,1130.008433,0.977010871,-0.022719499,0.044321079,0.207290194,1.233053837,0.33598026,1135.745672,0.030210542,0.176438397,2.818296232
0.384594034,4.644967421,4.305810972,68.76242255,28.61003872,-80.59995242,27.56403825,24.23823584,385.3888057,88.99155454,72.19502125,1130.413682,0.976617153,-0.022640723,0.044477773,0.209112558,1.545125572,0.277876956,1136.206075,0.030309053,0.174635465,2.853510408
0.385873814,4.680316852,4.336889896,69.25656177,28.610039,-80.59995205,27.679042,24.33094761,386.8362534,89.5769196,72.3617152,1130.812156,0.976222175,-0.022561869,0.044629988,0.210925085,1.851104138,0.218884293,1136.658656,0.0302545,0.171722784,2.888719785
0.387132028,4.715214501,4.367560876,69.74417995,28.61003928,-80.5999517,27.79281201,24.42230055,388.2598194,90.14607224,72.52531087,1131.216527,0.975825956,-0.022482955,0.044777239,0.21272804,2.149083104,0.159426787,1137.115835,0.029946994,0.167839059,2.923924601
0.388369334,4.749672281,4.397834419,70.22544257,28.61003955,-80.59995134,27.90535789,24.51232963,389.660227,90.69564721,72.68477804,1131.62042,0.97542852,-0.022403965,0.04491909,0.214521655,2.437324308,0.099988894,1137.570921,0.029431162,0.1629605,2.959125171
0.389586355,4.783701372,4.42772042,70.70050573,28.61003982,-80.599951,28.01668513,24.6010669,391.0381577,91.22267705,72.83904546,1132.019124,0.975029891,-0.022324873,0.045055144,0.216306141,2.714186626,0.040944978,1138.018906,0.028757677,0.157190961,2.994321739
0.39078368,4.817312306,4.457228239,71.1695172,28.61004008,-80.59995065,28.12679593,24.68854173,392.394257,91.72478518,72.98734415,1132.413117,0.974630092,-0.022245681,0.04518507,0.218081689,2.97811065,-0.017364339,1138.460006,0.027899079,0.150531787,3.029514515
0.391961867,4.850515033,4.486366749,71.63261741,28.61004035,-80.59995031,28.23569011,24.77478163,393.7291431,92.1998846,73.12908005,1132.802832,0.974229147,-0.0221664,0.045308584,0.219848476,3.227722625,-0.074556515,1138.894426,0.026834153,0.143057351,3.064703686
0.393121447,4.883318954,4.515144373,72.08993976,28.61004061,-80.59994998,28.34336565,24.85981222,395.0434057,92.64688944,73.26438765,1133.198719,0.973827077,-0.022087017,0.045425513,0.221606659,3.461776518,-0.130233671,1139.332459,0.025604431,0.1348838,3.099889428
0.394262924,4.915732957,4.543569106,72.54161115,28.61004086,-80.59994964,28.44981846,24.94365673,396.3375979,93.06387176,73.39221918,1133.592691,0.973423902,-0.022007539,0.045535723,0.223356381,3.679339999,-0.184137066,1139.765818,0.024261796,0.126146878,3.135071914
0.395386778,4.947765492,4.571648585,72.98775298,28.61004111,-80.59994931,28.55504333,25.02633689,397.6122474,93.44960648,73.51209429,1133.983424,0.973019645,-0.021927966,0.045639089,0.225097776,3.879605355,-0.235968677,1140.193034,0.022776599,0.116864725,3.170251283
0.396493469,4.979424616,4.599390118,73.42848169,28.61004136,-80.59994899,28.65903433,25.10787306,398.8678588,93.80304985,73.6235997,1134.371214,0.972614323,-0.021848305,0.045735575,0.226830965,4.061787065,-0.285453335,1140.614273,0.021152811,0.107051617,3.205427658
0.397583437,5.010718009,4.626800703,73.86390893,28.61004161,-80.59994867,28.76178537,25.18828452,400.104916,94.1236349,73.72647077,1134.756303,0.972207957,-0.021768555,0.045825168,0.22855606,4.225389182,-0.332351822,1141.02969,0.019431727,0.096899416,3.240601157
0.398657102,5.041652995,4.653887045,74.29414188,28.61004185,-80.59994835,28.86329059,25.26758962,401.3238865,94.41126034,73.82066247,1135.142942,0.971800564,-0.021688711,0.045907878,0.230273166,4.369987924,-0.376477136,1141.443488,0.017636523,0.086331981,3.275771893
0.399714866,5.072236558,4.680655563,74.71928333,28.61004209,-80.59994804,28.96354375,25.34580541,402.5252125,94.66550578,73.90580624,1135.529723,0.971392159,-0.021608813,0.045983776,0.231982379,4.495241921,-0.417655126,1141.854192,0.015758612,0.075480747,3.310939982
0.400757116,5.102475379,4.707112418,75.13943217,28.61004233,-80.59994773,29.06254427,25.42294839,403.7093177,94.886178,73.98177257,1135.914358,0.97098276,-0.021528887,0.046052962,0.233683787,4.601046744,-0.455636213,1142.259489,0.0137129,0.064531027,3.346105522
0.401784235,5.132376275,4.733263896,75.55468936,28.61004257,-80.59994742,29.16030055,25.49903537,404.876624,95.08663459,74.04852336,1136.295953,0.970572376,-0.021448954,0.04611552,0.235377495,4.699161738,-0.496259125,1142.659537,0.011582343,0.053347693,3.381268425
0.402796582,5.161945437,4.759115733,75.96514726,28.6100428,-80.59994712,29.2568082,25.57408156,406.0275239,95.25860745,74.1060598,1136.675284,0.970161021,-0.021369027,0.046171602,0.23706358,4.782005187,-0.535594472,1143.054442,0.009412573,0.042029953,3.416428864
0.403794493,5.191188647,4.78467332,76.37089281,28.61004303,-80.59994682,29.35206256,25.64810158,407.1623924,95.39763848,74.15441826,1137.052817,0.969748713,-0.021289118,0.046221354,0.238742107,4.845326884,-0.571282329,1143.444311,0.007158979,0.030723516,3.451587087
0.404778293,5.220111456,4.809941849,76.77200994,28.61004326,-80.59994653,29.44605996,25.72110959,408.2815909,95.504879,74.19411393,1137.436497,0.969335467,-0.021209247,0.046264954,0.240413134,4.889327538,-0.603229927,1143.837166,0.004870964,0.019358569,3.48674317
0.406,5.256157245,4.841420896,77.27165947,28.61004354,-80.59994616,29.56286737,25.81180778,409.6719644,95.58041525,74.22478833,1137.818925,0.968812718,-0.021108561,0.046311505,0.242511011,4.914327127,-0.631341505,1144.225629,0.002534299,0.008050561,3.521897197
0.406953022,5.28437472,4.866053823,77.66260261,28.61004376,-80.59994587,29.65397513,25.8825469,410.7565058,95.63173998,74.25087139,1138.299082,0.968397405,-0.021028876,0.046341941,0.244165263,4.919430326,-0.661213907,1144.709039,-4.81E-04,-0.006063944,3.566251667
0.407892971,5.312290156,4.890414876,78.04919543,28.61004398,-80.59994558,29.74375364,25.95226432,411.8256192,95.56101982,74.19997344,1137.706862,0.967981176,-0.020949314,0.046366938,0.245812278,4.903064168,-0.680343986,1144.110985,-0.002903832,-0.017093317,3.601400518
0.408820219,5.339911019,4.91451093,78.43154874,28.6100442,-80.5999453,29.83221546,26.02098214,412.8797519,95.46266032,74.14158086,1137.125495,0.967564002,-0.020869884,0.046386733,0.247452262,4.86933918,-0.695429638,1143.521005,-0.005330242,-0.027866486,3.636545669
0.409735107,5.367244031,4.938348202,78.809763,28.61004441,-80.59994502,29.91937199,26.08872058,413.9193139,95.33774427,74.07591031,1136.554548,0.96714586,-0.020790602,0.046401576,0.249085386,4.818859216,-0.706470341,1142.938776,-0.007764553,-0.038472162,3.671687518
0.41063795,5.394295292,4.961932365,79.18392997,28.61004462,-80.59994474,30.00523427,26.15549841,414.9446853,95.18724408,74.00307806,1135.991174,0.966726735,-0.020711487,0.046411755,0.250711792,4.752294614,-0.713472971,1142.361554,-0.010167865,-0.048698395,3.706826395
0.41152904,5.421070368,4.98526862,79.55413397,28.61004483,-80.59994447,30.08981324,26.22133334,415.9562205,95.01278152,73.92361402,1135.437662,0.966306616,-0.020632538,0.04641753,0.252331599,4.670473336,-0.716480914,1141.791788,-0.012554245,-0.058603411,3.741962586
0.412408652,5.447574374,5.008361766,79.92045292,28.61004504,-80.59994419,30.17311984,26.28624199,416.954251,94.8156482,73.83773806,1134.893708,0.965885494,-0.020553791,0.046419174,0.253944903,4.574125187,-0.71559141,1141.229299,-0.01489356,-0.068183718,3.777096338
0.413277042,5.473812033,5.031216256,80.28295925,28.61004525,-80.59994393,30.25516512,26.35024029,417.939088,94.59718598,73.74589682,1134.358998,0.965463369,-0.020475257,0.046416943,0.255551783,4.464079475,-0.710810807,1140.673918,-0.017243645,-0.077368804,3.812227865
0.414134451,5.499787732,5.053836243,80.64172062,28.61004545,-80.59994366,30.33596039,26.41334349,418.9110248,94.35870491,73.64840644,1133.83324,0.96504024,-0.020396944,0.046411108,0.257152305,4.341116503,-0.702217977,1140.125489,-0.019519487,-0.086218114,3.847357351
0.414981107,5.525505568,5.076225622,80.99680053,28.61004565,-80.5999434,30.41551743,26.47556611,419.8703386,94.10160298,73.54558232,1133.316144,0.964616111,-0.020318859,0.046401958,0.258746519,4.206067957,-0.68993172,1139.583862,-0.021705357,-0.094635725,3.882484958
0.415817228,5.550969382,5.098388053,81.34825882,28.61004585,-80.59994314,30.49384828,26.53692212,420.8172888,93.82726033,73.43766105,1132.805498,0.964190985,-0.020241024,0.046389771,0.260334467,4.059854164,-0.674102645,1139.046971,-0.023814028,-0.102521052,3.917610829
0.41664302,5.576182803,5.120327008,81.69615221,28.61004605,-80.59994288,30.57096571,26.59742531,421.7521248,93.53690573,73.32489346,1132.29822,0.96376487,-0.020163463,0.046374809,0.261916183,3.903377809,-0.654834589,1138.511873,-0.025922839,-0.109966967,3.952735085
0.417458679,5.601149271,5.142045782,82.04053464,28.61004624,-80.59994262,30.64688311,26.65708923,422.6750862,93.2322989,73.20801733,1131.79877,0.963337777,-0.020086176,0.046357334,0.26349169,3.737513649,-0.632220403,1137.983199,-0.027888208,-0.116975886,3.987857835
0.418264394,5.625872049,5.163547509,82.38145746,28.61004644,-80.59994237,30.72161449,26.71592714,423.5864018,92.91486536,73.08735461,1131.306885,0.962909716,-0.020009178,0.046337599,0.265061007,3.563127004,-0.606439766,1137.460829,-0.029801376,-0.123485072,4.022979177
0.419060345,5.650354248,5.184835183,82.71896973,28.61004663,-80.59994212,30.7951744,26.77395209,424.4862911,92.5859662,72.96329922,1130.822307,0.962480702,-0.019932476,0.046315854,0.266624148,3.381074406,-0.577627976,1136.944646,-0.031621683,-0.129507237,4.058099203
0.419846706,5.674598846,5.205911671,83.05311846,28.61004682,-80.59994187,30.86757788,26.83117683,425.3749646,92.24697684,72.8362061,1130.344787,0.962050748,-0.01985607,0.046292346,0.26818112,3.192210482,-0.545958317,1136.434541,-0.03330669,-0.135094063,4.093217994
0.420623642,5.698608697,5.226779723,83.38394879,28.61004701,-80.59994162,30.93884059,26.88761404,426.2526247,91.89927987,72.70640251,1129.874082,0.96161987,-0.019779983,0.046267334,0.269731927,2.997387094,-0.511633766,1135.930409,-0.034906402,-0.140096669,4.128335623
0.421391315,5.722386544,5.247441987,83.71150411,28.61004719,-80.59994138,31.00897844,26.94327605,427.1194631,91.54427642,72.57437831,1129.409942,0.961188084,-0.019704226,0.046241045,0.271276569,2.797519573,-0.474790773,1135.432147,-0.036426512,-0.144621989,4.163452159
0.422149879,5.745935045,5.267901021,84.03582642,28.61004738,-80.59994114,31.07800775,26.99817499,427.9756639,91.18253133,72.43994311,1128.94316,0.960755409,-0.019628798,0.046213706,0.272815043,2.593420695,-0.435595641,1134.930634,-0.037810195,-0.148601693,4.198567657
0.422899485,5.769256779,5.288159309,84.35695644,28.61004756,-80.5999409,31.14594564,27.05232316,428.8214092,90.81595523,72.30391836,1128.481425,0.960321864,-0.01955371,0.046185533,0.274347346,2.385894342,-0.394261913,1134.433723,-0.039073289,-0.152140237,4.233682162
0.423640277,5.792354241,5.308219253,84.67493355,28.61004774,-80.59994066,31.21280967,27.10573282,429.6568752,90.44584272,72.16676633,1128.02563,0.959887468,-0.019478981,0.046156743,0.275873471,2.175726739,-0.350951267,1133.94244,-0.040261266,-0.155108189,4.268795728
0.424372397,5.815229846,5.328083173,84.98979576,28.61004792,-80.59994043,31.27861767,27.15841609,430.4822322,90.07341051,72.02891867,1127.575562,0.959452244,-0.01940461,0.046127524,0.27739341,1.963722992,-0.305818677,1133.456696,-0.041337564,-0.15761419,4.303908409
0.425095978,5.837885927,5.34775331,85.3015798,28.61004809,-80.5999402,31.34338776,27.21038492,431.2976446,89.69973319,71.89066975,1127.131032,0.959016213,-0.019330604,0.046098077,0.27890715,1.750568778,-0.25905524,1132.976408,-0.042271716,-0.159633563,4.339020258
0.425811152,5.860324718,5.367231811,85.6103208,28.61004827,-80.59993997,31.40713819,27.26165107,432.1032702,89.32595873,71.75237498,1126.691846,0.9585794,-0.019256966,0.046068564,0.280414677,1.537008767,-0.21085405,1132.501496,-0.043116045,-0.161181849,4.374131343
0.426518042,5.882548285,5.386520664,85.91605138,28.61004844,-80.59993974,31.4698871,27.31222592,432.8992583,88.95302905,71.61432699,1126.257834,0.958141832,-0.019183689,0.046039159,0.281915967,1.323657998,-0.161382384,1132.031883,-0.043832256,-0.162292152,4.409241774
0.427216752,5.904558207,5.405621429,86.21879726,28.61004861,-80.59993951,31.53165144,27.36211957,433.6857356,88.5819607,71.47677309,1125.828828,0.957703545,-0.019110786,0.046010038,0.283410964,1.111154665,-0.110865189,1131.567495,-0.044386869,-0.162946148,4.444351854
0.427907315,5.926353797,5.424533691,86.5185528,28.61004878,-80.59993929,31.5924419,27.41133689,434.4627422,88.21301798,71.33946136,1125.394976,0.957264621,-0.019038275,0.045981359,0.284899463,0.900169978,-0.05948026,1131.098534,-0.044872349,-0.163052355,4.479462946
0.428589628,5.947930154,5.443253368,86.81525424,28.61004895,-80.59993907,31.6522583,27.45987367,435.230173,87.84756842,71.20309777,1124.962567,0.95682523,-0.018966181,0.045953271,0.286380969,0.691253657,-0.00739123,1130.631406,-0.045227939,-0.162793007,4.514578974
0.429263729,5.969286825,5.461780235,87.10889882,28.61004912,-80.59993885,31.71111333,27.50773591,435.9880807,87.48674119,71.0682005,1124.534958,0.956385457,-0.018894504,0.045925907,0.287855289,0.484949619,0.045247823,1130.169569,-0.04547497,-0.162095601,4.549697409
0.429929759,5.990426677,5.480116935,87.39952925,28.61004928,-80.59993863,31.76902899,27.55493701,436.7366337,87.1313457,70.93499272,1124.112061,0.955945316,-0.018823249,0.045899388,0.289322457,0.28177265,0.098244047,1129.713008,-0.045564519,-0.160988378,4.584814896
0.430587873,6.011353096,5.498266555,87.68719517,28.61004945,-80.59993842,31.82602862,27.60149146,437.4760164,86.7820761,70.80375308,1123.693723,0.955504814,-0.01875241,0.04587381,0.290782551,0.082204635,0.151461281,1129.26164,-0.045600702,-0.159551432,4.61993084
0.431238225,6.032069479,5.516232183,87.97194617,28.61004961,-80.59993821,31.88213554,27.64741362,438.2064107,86.43950438,70.67467131,1123.279796,0.955063952,-0.018681982,0.045849285,0.292235647,-0.113367065,0.204752893,1128.815372,-0.045484932,-0.157735676,4.655045176
0.432238225,6.063994582,5.543914838,88.41071391,28.61004986,-80.59993788,31.96798601,27.71786566,439.3289742,86.1042989,70.5479771,1122.870126,0.954375084,-0.018572857,0.045813328,0.294490044,-0.304490957,0.257954516,1128.374108,-0.045299687,-0.155492719,4.690157939
0.432869366,6.084187917,5.561422725,88.68821593,28.61005002,-80.59993767,32.02191648,27.76223688,440.037217,85.60119691,70.35878712,1122.29207,0.953933323,-0.01850346,0.045791895,0.295925563,-0.59303458,0.340465087,1127.748619,-0.044733783,-0.151414171,4.744963965
0.433493249,6.104182418,5.578756768,88.96296589,28.61005017,-80.59993747,32.07504009,27.80602933,440.737151,85.29789674,70.24778066,1122.031816,0.953491224,-0.018434461,0.045771792,0.297354333,-0.771140271,0.392791133,1127.45959,-0.044294247,-0.148412736,4.780073019
0.434109998,6.123980831,5.595919456,89.23500364,28.61005033,-80.59993727,32.12737729,27.84925514,441.4289203,85.00304029,70.13933414,1121.768051,0.953048798,-0.018365859,0.045753091,0.298776401,-0.943636034,0.444565145,1127.167918,-0.043750563,-0.145111856,4.815180888
0.434719736,6.14358584,5.612913213,89.50436803,28.61005048,-80.59993706,32.1789483,27.89192628,442.1126662,84.71749628,70.03399245,1121.506491,0.952606059,-0.018297651,0.045735835,0.300191815,-1.110223317,0.495666632,1126.879384,-0.043125339,-0.141476702,4.850287601
0.435322581,6.163000065,5.629740405,89.77109687,28.61005063,-80.59993687,32.22977286,27.93405442,442.7885261,84.44154856,69.93188509,1121.247062,0.952163019,-0.018229824,0.045720069,0.30160062,-1.2706957,0.545995747,1126.59394,-0.042406442,-0.137686842,4.885393191
0.435918646,6.182226064,5.646403335,90.03522703,28.61005078,-80.59993667,32.27987033,27.97565097,443.4566335,84.17547774,69.83308449,1120.989694,0.951719693,-0.018162374,0.045705831,0.303002857,-1.424870205,0.595422226,1126.311537,-0.041585334,-0.133624334,4.920497692
0.436508045,6.201266342,5.662904258,90.29679448,28.61005093,-80.59993647,32.32925965,28.01672707,444.1171183,83.91954385,69.7376935,1120.734319,0.951276094,-0.018095291,0.04569315,0.30439857,-1.572564675,0.643837485,1126.032132,-0.040687373,-0.129346488,4.955601131
0.437090886,6.22012335,5.679245371,90.55583432,28.61005107,-80.59993628,32.37795933,28.0572936,444.7701069,83.67393244,69.64577385,1120.48088,0.950832237,-0.018028575,0.045682053,0.305787799,-1.713652101,0.691137484,1125.755679,-0.039709103,-0.124893794,4.990703537
0.437667274,6.238799487,5.695428828,90.81238085,28.61005122,-80.59993609,32.42598745,28.09736117,445.4157225,83.43882358,69.55744296,1120.229315,0.950388136,-0.017962208,0.045672564,0.307170582,-1.847988617,0.737248165,1125.482135,-0.038659601,-0.120230238,5.025804932
0.438237314,6.257297108,5.711456733,91.06646762,28.61005136,-80.5999359,32.4733617,28.13694016,446.0540851,83.21439677,69.47270138,1119.979573,0.949943806,-0.01789619,0.045664704,0.30854696,-1.975475263,0.782034119,1125.211456,-0.037471543,-0.115389236,5.060905342
0.438801107,6.275618522,5.727331149,91.31812746,28.61005151,-80.59993571,32.52009934,28.1760407,446.6853119,83.00077549,69.39165154,1119.731599,0.949499262,-0.017830515,0.045658477,0.309916969,-2.096005284,0.825433003,1124.943603,-0.036281135,-0.110380059,5.096004786
0.43935875,6.293765995,5.743054097,91.56739249,28.61005165,-80.59993553,32.56621716,28.21467269,447.3095167,82.79800565,69.3143234,1119.485239,0.949054519,-0.017765177,0.045653892,0.311280646,-2.209533315,0.867374116,1124.678421,-0.035002837,-0.105251295,5.131103285
0.43991034,6.31174175,5.758627557,91.81429418,28.61005179,-80.59993534,32.61173153,28.25284578,447.9268109,82.60608825,69.24072009,1119.239698,0.948609592,-0.017700168,0.045650953,0.312638028,-2.316008071,0.907792284,1124.415118,-0.033662039,-0.099959293,5.166200858
0.440455971,6.329547976,5.774053472,92.05886339,28.61005193,-80.59993516,32.65665843,28.29056941,448.5373033,82.42514656,69.17090468,1118.995802,0.948164496,-0.017635485,0.045649651,0.313989152,-2.415395103,0.946601463,1124.154524,-0.032261697,-0.0945546,5.201297522
0.440995734,6.347186817,5.789333748,92.30113034,28.61005206,-80.59993498,32.70101337,28.32785278,449.1411006,82.25512453,69.10490986,1118.753519,0.947719247,-0.01757112,0.045649974,0.315334051,-2.507710613,0.983771497,1123.896603,-0.030824686,-0.089085045,5.236393294
0.44152972,6.364660384,5.804470254,92.54112467,28.6100522,-80.5999348,32.7448114,28.36470487,449.7383065,82.0959665,69.04272667,1118.512818,0.947273861,-0.01750707,0.045651902,0.316672763,-2.592987257,1.019251562,1123.641316,-0.029322982,-0.083552453,5.271488192
0.442058015,6.381970749,5.819464823,92.77887542,28.61005234,-80.59993462,32.78806715,28.40113444,450.3290227,81.94756445,68.98434572,1118.273674,0.946828353,-0.01744333,0.045655425,0.318005319,-2.671285708,1.053011924,1123.388627,-0.027784975,-0.077932129,5.306582231
0.442580706,6.399119951,5.834319258,93.01441113,28.61005247,-80.59993445,32.83079481,28.43715002,450.9133486,81.8098614,68.92978315,1118.036055,0.946382738,-0.017379901,0.045660519,0.319331755,-2.74263091,1.08501747,1123.138499,-0.026257035,-0.072262212,5.341675426
0.443097877,6.416109993,5.849035327,93.24775976,28.6100526,-80.59993427,32.87300816,28.47275996,451.4913813,81.68272218,68.87905055,1117.799938,0.945937031,-0.017316772,0.045667172,0.320652104,-2.807090495,1.115262244,1122.890898,-0.024648606,-0.066532601,5.376767791
0.443609609,6.43294285,5.86361477,93.47894882,28.61005273,-80.5999341,32.91472057,28.50797239,452.063216,81.56608329,68.8321102,1117.565298,0.945491248,-0.017253943,0.045675355,0.3219664,-2.864714881,1.143688396,1122.645788,-0.023022269,-0.060760026,5.411859339
0.444115984,6.449620461,5.878059295,93.7080053,28.61005286,-80.59993393,32.95594498,28.54279525,452.6289457,81.45976961,68.78895674,1117.332114,0.945045405,-0.017191411,0.045685033,0.323274674,-2.915599961,1.170299745,1122.403135,-0.021401685,-0.054982441,5.446950083
0.444617079,6.466144735,5.892370579,93.93495568,28.61005299,-80.59993376,32.99669388,28.57723622,453.1886615,81.36357029,68.74955221,1117.100373,0.944599517,-0.017129168,0.045696175,0.324576961,-2.959873179,1.195099388,1122.162905,-0.019725492,-0.049218516,5.482040035
0.445117079,6.482653238,5.906667785,94.16168961,28.61005312,-80.59993359,33.03731289,28.61158491,453.7470388,81.27731381,68.71383448,1116.87006,0.944149886,-0.017066686,0.045708866,0.325884059,-2.997651725,1.218064521,1121.925066,-0.01804808,-0.043448841,5.517129208
0.445617079,6.499182041,5.920982162,94.3887027,28.61005325,-80.59993342,33.07789561,28.64591822,454.3053001,81.20021925,68.68144151,1116.638729,0.943695479,-0.017003827,0.045723139,0.32719888,-3.029280415,1.239323862,1121.687102,-0.016286255,-0.03763516,5.552509752
0.446117079,6.515731128,5.935313701,94.61599489,28.61005338,-80.59993325,33.1184466,28.68023785,454.8634448,81.13218853,68.65237542,1116.406141,0.943236231,-0.016940586,0.045739003,0.328521496,-3.054785518,1.25888096,1121.448766,-0.014528446,-0.031777147,5.588264167
0.446617079,6.532300483,5.949662398,94.84356613,28.61005351,-80.59993308,33.15897043,28.71454551,455.4214725,81.07329039,68.62672144,1116.172542,0.942772073,-0.016876953,0.045756469,0.329851984,-3.074119064,1.276699626,1121.210315,-0.012767772,-0.025918368,5.624398821
0.447117079,6.548890095,5.964028245,95.07141635,28.61005364,-80.59993291,33.19947175,28.74884295,455.9793826,81.02360507,68.60451651,1115.937927,0.94230294,-0.016812917,0.045775542,0.331190419,-3.087231035,1.292713583,1120.971748,-0.010909186,-0.020014767,5.66092024
0.447617079,6.565499952,5.978411239,95.29954549,28.61005377,-80.59993274,33.23995518,28.78313187,456.5371746,80.98319166,68.58577345,1115.702291,0.941828763,-0.016748464,0.045796229,0.332536879,-3.094092891,1.306851747,1120.733067,-0.009041418,-0.014095664,5.697835115
0.448117079,6.582130048,5.992811376,95.5279535,28.61005389,-80.59993257,33.2804254,28.81741404,457.094848,80.95210561,68.57050253,1115.465629,0.94134947,-0.016683595,0.045818524,0.333891443,-3.094679864,1.319042201,1120.494271,-0.007135049,-0.008193051,5.735150304
0.448617079,6.598780376,6.007228652,95.75664032,28.61005402,-80.5999324,33.32088703,28.85169124,457.6524023,80.93030462,68.55877311,1115.227941,0.940864991,-0.016618307,0.045842433,0.335254191,-3.08899349,1.329282014,1120.25536,-0.005277057,-0.002276394,5.77287284
0.449117079,6.615450934,6.021663067,95.98560589,28.61005415,-80.59993223,33.36134476,28.8859653,458.2098371,80.91781909,68.55065954,1114.98922,0.940375252,-0.016552586,0.045867956,0.336625205,-3.076996491,1.337540221,1120.016335,-0.003353274,0.003638853,5.811009936
0.449617079,6.632141721,6.036114617,96.21485014,28.61005428,-80.59993206,33.40180324,28.920238,458.7671516,80.91466192,68.54615091,1114.749466,0.939880179,-0.016486424,0.04589508,0.338004568,-3.058696405,1.343749089,1119.777196,-0.001421411,0.009526934,5.849568985
0.450117079,6.648852738,6.050583305,96.44437302,28.61005441,-80.59993189,33.44226689,28.95451116,459.3243456,80.92077049,68.54525534,1114.508683,0.939379698,-0.016419814,0.045923799,0.339392364,-3.034131971,1.347881183,1119.537942,5.02E-04,0.01536119,5.888557574
0.450617079,6.665583989,6.065069129,96.67417446,28.61005454,-80.59993172,33.48273717,28.9887866,459.8814186,80.93385983,68.54800054,1114.267026,0.938873731,-0.016352742,0.045954102,0.340788681,-3.005055386,1.351346426,1119.29856,0.002458649,0.021166668,5.927983534
0.451117079,6.682335477,6.079572092,96.90425441,28.61005467,-80.59993155,33.52321717,29.02306614,460.4383702,80.94877288,68.55437675,1114.024856,0.938362201,-0.016285204,0.045985976,0.342193604,-2.975423165,1.357396386,1119.05902,0.004419514,0.026899007,5.967855703
0.451617079,6.699107209,6.094092196,97.13461281,28.61005481,-80.59993137,33.56371143,29.05735157,460.9951997,80.97275339,68.56436551,1113.781271,0.937845025,-0.016217189,0.046019419,0.343607224,-2.939597756,1.36132013,1118.818969,0.006359712,0.032635825,6.008182635
0.452117079,6.715899192,6.108629445,97.36524959,28.61005494,-80.5999312,33.60422448,29.09164471,461.5519064,81.00580389,68.57798304,1113.536354,0.937322124,-0.016148682,0.046054419,0.345029631,-2.897588584,1.363065842,1118.57849,0.008357155,0.038320999,6.048972692
0.452617079,6.732711437,6.123183842,97.5961647,28.61005507,-80.59993103,33.64476079,29.12594738,462.1084899,81.0478848,68.59521118,1113.290418,0.936793414,-0.016079681,0.046090953,0.346460919,-2.849456135,1.362582035,1118.337892,0.0103341,0.043926135,6.090234457
0.453117079,6.749543957,6.137755394,97.82735806,28.6100552,-80.59993086,33.68532479,29.16026138,462.6649497,81.09884582,68.61607599,1113.043471,0.93625881,-0.016010167,0.046129005,0.34790118,-2.795278412,1.359886052,1118.097176,0.012303034,0.049445936,6.131976746
0.453617079,6.766396767,6.152344106,98.05882963,28.61005533,-80.59993068,33.72592085,29.19458849,463.2212853,81.1586098,68.64050967,1112.795522,0.935718226,-0.01594013,0.046168555,0.34935051,-2.735137333,1.354917506,1117.85634,0.014290631,0.054894979,6.174208608
0.454117079,6.783269884,6.166949985,98.29057933,28.61005546,-80.59993051,33.76655327,29.22893045,463.7774961,81.22705939,68.66848499,1112.546579,0.935171574,-0.015869556,0.046209573,0.350809008,-2.669118317,1.34765364,1117.615384,0.016286305,0.060235233,6.21693934
0.454617079,6.800163327,6.181573039,98.5226071,28.61005559,-80.59993034,33.80722625,29.26328899,464.3335818,81.30401417,68.69993534,1112.296658,0.934618764,-0.01579843,0.046252027,0.352276773,-2.597355854,1.338079743,1117.374307,0.018254879,0.065458001,6.260178489
0.455117079,6.817077118,6.196213277,98.75491289,28.61005572,-80.59993017,33.84794393,29.2976658,464.8895417,81.38929686,68.73479229,1112.045774,0.934059706,-0.015726741,0.046295893,0.353753906,-2.519984195,1.326179757,1117.133109,0.020238383,0.070551413,6.303935863
0.455617079,6.834011279,6.210870708,98.98749662,28.61005586,-80.59992999,33.88871034,29.33206256,465.4453756,81.48276095,68.77300624,1111.793939,0.933494304,-0.015654483,0.04634114,0.355240509,-2.43711464,1.311934382,1116.891789,0.022188008,0.075541125,6.348221539
0.456117079,6.850965837,6.225545343,99.22035824,28.61005599,-80.59992982,33.92952943,29.36648091,466.0010828,81.58420596,68.81456678,1111.541167,0.932922465,-0.015581642,0.046387735,0.356736689,-2.348868473,1.295367841,1116.650347,0.02409223,0.080420194,6.393045869
0.456617079,6.867940818,6.240237193,99.45349768,28.61005612,-80.59992964,33.97040503,29.40092249,466.5566629,81.69343034,68.85939145,1111.287475,0.932344089,-0.015508211,0.046435647,0.358242552,-2.25539935,1.276470261,1116.408782,0.0260094,0.085156013,6.438419486
0.457117079,6.884936252,6.25494627,99.68691488,28.61005625,-80.59992947,34.01134089,29.4353889,467.1121155,81.81023662,68.90745393,1111.032878,0.931759077,-0.015434181,0.046484841,0.359758207,-2.156834467,1.255258668,1116.167093,0.027853929,0.089780997,6.484353321
0.457617079,6.90195217,6.269672586,99.92060978,28.61005638,-80.5999293,34.0523406,29.46988169,467.6674398,81.93438324,68.95869275,1110.777126,0.931167329,-0.015359531,0.046535274,0.361283765,-2.053321151,1.231752497,1115.925013,0.029688869,0.094221432,6.530858599
0.458117079,6.918988604,6.284416156,100.1545823,28.61005652,-80.59992912,34.09340766,29.50440236,468.2226355,82.0656197,69.01295563,1110.52014,0.930568739,-0.015284256,0.046586913,0.36281934,-1.945062256,1.205932631,1115.682436,0.031510753,0.098531319,6.577946863
0.458617079,6.936045589,6.299176994,100.3888324,28.61005665,-80.59992895,34.13454544,29.53895241,468.777702,82.2037535,69.07024237,1110.262302,0.929963202,-0.015208341,0.046639702,0.364365047,-1.832195307,1.177831423,1115.43973,0.033269408,0.102690069,6.625629973
0.459117079,6.953123162,6.313955114,100.62336,28.61005678,-80.59992877,34.17575724,29.57353331,469.3326401,82.3484438,69.13041976,1110.003643,0.929350611,-0.015131767,0.046693596,0.365921003,-1.714966197,1.147483074,1115.196893,0.03498134,0.106601257,6.673920121
0.459617079,6.970221359,6.328750532,100.858165,28.61005692,-80.5999286,34.21704759,29.60814761,469.8874684,82.50046408,69.19420071,1109.757749,0.928730853,-0.015054522,0.046748552,0.367487328,-1.593580951,1.114885336,1114.967553,0.036700918,0.110379995,6.722829839
0.460117079,6.987340223,6.343563267,101.0932474,28.61005705,-80.59992842,34.2584201,29.64279717,470.4421954,82.66190724,69.26342678,1109.555449,0.928103817,-0.014976598,0.046804518,0.369064146,-1.468222005,1.080058751,1114.782663,0.038353807,0.1139496,6.772371954
0.460617079,7.004479794,6.358393336,101.3286072,28.61005718,-80.59992825,34.29987754,29.67748326,470.9968207,82.82905133,69.33523413,1109.352429,0.927469386,-0.014897981,0.046861448,0.370651579,-1.339123196,1.043071175,1114.597666,0.039911809,0.117349531,6.822559804
0.461117079,7.021640115,6.373240757,101.5642442,28.61005732,-80.59992807,34.34142256,29.71220708,471.551344,83.00161533,69.40951125,1109.148716,0.926827442,-0.014818658,0.046919291,0.372249756,-1.206491596,1.003949059,1114.412562,0.041469447,0.12055378,6.873407162
0.461617079,7.038821231,6.388105549,101.8001585,28.61005745,-80.59992789,34.38305762,29.74696979,472.105765,83.17928412,69.48614758,1108.944337,0.926177863,-0.014738621,0.046977996,0.373858807,-1.070550203,0.962737033,1114.22735,0.042941374,0.123580865,6.924928191
0.462117079,7.056023188,6.402987733,102.03635,28.61005758,-80.59992772,34.42478504,29.78177249,472.6600833,83.36174177,69.56505062,1108.73932,0.925520526,-0.014657858,0.047037511,0.375478863,-0.931513798,0.919491137,1114.042029,0.044347047,0.126399003,6.977137451
0.462617079,7.073246032,6.417887329,102.2728186,28.61005772,-80.59992754,34.46660696,29.81661622,473.2142986,83.54864402,69.64611516,1108.533694,0.924855304,-0.01457635,0.047097777,0.37711006,-0.789616109,0.874276708,1113.856598,0.045693374,0.129012984,7.030049918
0.463117079,7.090489811,6.432804356,102.5095643,28.61005785,-80.59992736,34.50852535,29.85150195,473.7684108,83.73965936,69.72915194,1108.327496,0.924182067,-0.014494082,0.047158743,0.378752535,-0.645123453,0.827115899,1113.671057,0.046995787,0.131394315,7.083680995
0.463617079,7.107754574,6.447738838,102.746587,28.61005799,-80.59992719,34.55054221,29.88643072,474.322422,83.93459998,69.81414938,1108.122468,0.923500682,-0.014411041,0.047220351,0.380406429,-0.498263384,0.778061209,1113.487127,0.048240402,0.133582111,7.138046532
0.464117079,7.12504037,6.462690794,102.9838867,28.61005812,-80.59992701,34.59265923,29.92140339,474.8763329,84.1333672,69.90118403,1107.922124,0.922811014,-0.014327207,0.047282539,0.382071885,-0.349296035,0.727178711,1113.308305,0.049426375,0.135539706,7.193162844
0.464617079,7.14234725,6.477660249,103.2214633,28.61005825,-80.59992683,34.63487786,29.95642071,475.4301432,84.33520694,69.98974792,1107.721343,0.922112923,-0.014242572,0.047345246,0.38374905,-0.198497632,0.674515035,1113.129404,0.050520798,0.13727525,7.24904674
0.465117079,7.159675265,6.492647223,103.4593168,28.61005839,-80.59992666,34.67719935,29.99148332,475.983853,84.53973453,70.07971158,1107.520159,0.921406267,-0.014157123,0.047408417,0.385438074,-0.046130143,0.620157701,1112.950425,0.051541311,0.138766315,7.305715532
0.465617079,7.177024467,6.50765174,103.6974471,28.61005852,-80.59992648,34.71962478,30.02659184,476.5374618,84.74659449,70.17095183,1107.318608,0.920690899,-0.014070847,0.047471984,0.38713911,0.107562191,0.564186586,1112.771368,0.052464334,0.140066141,7.363187065
0.466117079,7.194394907,6.522673822,103.9358542,28.61005866,-80.5999263,34.762155,30.06174678,477.0909696,84.95538294,70.26330229,1107.116728,0.91996667,-0.013983727,0.047535891,0.388852313,0.262292633,0.506687556,1112.592231,0.05331951,0.141105562,7.421479748
0.466617079,7.211786639,6.537713494,104.1745381,28.6100588,-80.59992612,34.80479073,30.09694857,477.6443763,85.1657495,70.35659713,1106.914556,0.919233425,-0.01389575,0.047600077,0.390577842,0.417800769,0.447724907,1112.413015,0.054095127,0.141936419,7.480612617
0.467117079,7.229199716,6.552770779,104.4134986,28.61005893,-80.59992594,34.84753247,30.13219758,478.1976817,85.37733249,70.45069176,1106.712129,0.918491008,-0.013806898,0.047664487,0.392315861,0.573831925,0.387381698,1112.233719,0.054811352,0.142553727,7.540605436
0.467617079,7.246634189,6.5678457,104.6527358,28.61005907,-80.59992577,34.89038059,30.16749407,478.7508858,85.5897844,70.54541983,1106.509483,0.917739256,-0.013717159,0.047729061,0.394066535,0.730128784,0.325727699,1112.054344,0.055466201,0.142935911,7.601478919
0.468117079,7.264090114,6.582938281,104.8922495,28.6100592,-80.59992559,34.93333525,30.20283828,479.3039884,85.80275198,70.64064238,1106.306654,0.916978004,-0.013626526,0.04779374,0.395830036,0.8864467,0.262852032,1111.87489,0.055995716,0.143154369,7.663255268
0.468617079,7.281567542,6.598048546,105.1320397,28.61005934,-80.59992541,34.97639641,30.23823037,479.8569894,86.01585966,70.73626745,1106.103676,0.91620708,-0.01353498,0.047858457,0.397606538,1.042558376,0.198879668,1111.695356,0.056431732,0.14310683,7.725959304
0.469117079,7.299066528,6.613176519,105.3721064,28.61005947,-80.59992523,35.01956388,30.2736704,480.4098889,86.22873471,70.8321048,1105.900591,0.915426309,-0.013442505,0.04792315,0.399396224,1.198196479,0.133889414,1111.515742,0.056779982,0.142835229,7.789619036
0.469617079,7.316587124,6.628322224,105.6124496,28.61005961,-80.59992505,35.06283728,30.30915832,480.9626867,86.44102823,70.92798272,1105.697407,0.914635511,-0.013349083,0.047987762,0.401199277,1.353114432,0.06795659,1111.336021,0.057038777,0.142297032,7.854262786
0.470117079,7.334129383,6.643485685,105.8530691,28.61005975,-80.59992487,35.10621606,30.34469404,481.5153826,86.65238678,71.02369736,1105.493693,0.913834498,-0.013254694,0.048052233,0.403015887,1.507071942,0.001145371,1111.155721,0.057257027,0.141612136,7.919916671
0.470617079,7.351693357,6.658666926,106.093965,28.61005988,-80.59992469,35.1496995,30.38027733,482.0679767,86.86249682,71.11908363,1105.289983,0.913023082,-0.013159327,0.048116504,0.404846249,1.659800391,-0.066466839,1110.975339,0.057345306,0.140662412,7.986605467
0.471117079,7.3692791,6.673865971,106.3351371,28.61006002,-80.59992451,35.19328672,30.41590792,482.620469,87.07100013,71.21399791,1105.086316,0.912201066,-0.013062963,0.048180511,0.406690561,1.811054811,-0.134770517,1110.794877,0.057380611,0.139518904,8.054353772
0.471617079,7.386886661,6.689082842,106.5765854,28.61006016,-80.59992433,35.2369766,30.45158543,483.1728595,87.27750965,71.30823585,1104.882735,0.91136825,-0.012965587,0.048244184,0.408549025,1.960548101,-0.203664713,1110.614335,0.057297955,0.138107877,8.123186544
0.472117079,7.404516093,6.704317564,106.8183099,28.61006029,-80.59992415,35.28076785,30.48730936,483.7251483,87.4815988,71.40160885,1104.679287,0.910524427,-0.012867182,0.048307463,0.410421847,2.10798449,-0.273016878,1110.433712,0.057099132,0.136493231,8.193129325
0.472617079,7.422167446,6.719570159,107.0603105,28.61006043,-80.59992397,35.32465901,30.52307916,484.2773355,87.68292281,71.49392876,1104.476013,0.909669385,-0.012767737,0.048370298,0.412309239,2.253106736,-0.342730501,1110.25301,0.0568239,0.134656118,8.264208365
0.473117079,7.439840769,6.73484065,107.3025872,28.61006057,-80.59992379,35.36864844,30.55889423,484.8294213,87.88115652,71.58508131,1104.272948,0.908802907,-0.01266724,0.048432639,0.414211415,2.395704995,-0.412681949,1110.072229,0.056422813,0.132656469,8.336450693
0.473617079,7.45753611,6.750129061,107.5451399,28.61006071,-80.5999236,35.41273438,30.59475385,485.3814057,88.07599545,71.67493902,1104.070124,0.90792477,-0.012565663,0.048494422,0.416128595,2.535573589,-0.482760305,1109.89137,0.055977585,0.13047897,8.409884165
0.474117079,7.475253519,6.765435412,107.7879686,28.61006084,-80.59992342,35.45691485,30.6306572,485.9332889,88.26708862,71.76325228,1103.867588,0.907034744,-0.012462996,0.048555585,0.418061003,2.672425307,-0.552880807,1109.710434,0.055420975,0.128038476,8.484537511
0.474617079,7.492993041,6.780759725,108.0310732,28.61006098,-80.59992324,35.50118771,30.66660339,486.4850711,88.45405014,71.84985439,1103.665382,0.906132593,-0.01235922,0.048616079,0.42000887,2.806001233,-0.622899591,1109.529421,0.054742382,0.125417222,8.560440364
0.475117079,7.510754721,6.796102022,108.2744537,28.61006112,-80.59992306,35.54555065,30.70259145,487.0367525,88.63659356,71.93459758,1103.463542,0.905218075,-0.012254319,0.048675845,0.421972428,2.93609785,-0.692710914,1109.348331,0.05399009,0.122658706,8.637623304
0.475617079,7.528538606,6.811462323,108.51811,28.61006126,-80.59992288,35.59000124,30.7386203,487.5883332,88.81437602,72.01729675,1103.262108,0.904290942,-0.012148262,0.048734835,0.423951917,3.062469172,-0.762192216,1109.167167,0.053152757,0.119634514,8.716117894
0.476117079,7.546344737,6.826840649,108.762042,28.6100614,-80.5999227,35.63453688,30.77468874,488.1398133,88.98711103,72.09769191,1103.060715,0.903350937,-0.012041039,0.048792992,0.425947582,3.184883629,-0.831282984,1108.985522,0.052260994,0.116464146,8.79595672
0.476617079,7.564173156,6.842237018,109.0062498,28.61006153,-80.59992251,35.67915479,30.81079555,488.691193,89.15449021,72.17567036,1102.859722,0.902397796,-0.01193264,0.04885027,0.427959672,3.303129169,-0.899833901,1108.803723,0.051221427,0.113122276,8.877173426
0.477117079,7.582023905,6.857651451,109.2507332,28.61006167,-80.59992233,35.7238521,30.84693943,489.2424726,89.3162153,72.25113382,1102.659243,0.901431249,-0.011823048,0.04890662,0.429988443,3.417024409,-0.967693853,1108.62185,0.050088034,0.109653179,8.959802755
0.477617079,7.599897021,6.873083964,109.4954922,28.61006181,-80.59992215,35.76862578,30.883119,489.7936524,89.47202003,72.32392626,1102.45931,0.900451017,-0.011712235,0.048961991,0.432034156,3.526378864,-1.034750188,1108.439902,0.048867971,0.105986508,9.0438806
0.478117079,7.617792543,6.888534575,109.7405268,28.61006195,-80.59992196,35.81347265,30.91933275,490.3447327,89.62162703,72.39382899,1102.259962,0.899456814,-0.011600182,0.049016336,0.434097079,3.630965982,-1.100906709,1108.257881,0.047587447,0.102139582,9.129444036
0.478617079,7.635710506,6.904003302,109.9858369,28.61006209,-80.59992178,35.85838945,30.95557914,490.8957138,89.76477748,72.46067642,1102.061234,0.898448345,-0.011486869,0.049069616,0.436177482,3.730596797,-1.166049865,1108.075788,0.046221772,0.098171677,9.21653137
0.479117079,7.653650943,6.91949016,110.2314225,28.61006223,-80.5999216,35.90337277,30.99185652,491.446596,89.90126341,72.52433054,1101.863154,0.897425305,-0.011372281,0.049121789,0.438275647,3.82512026,-1.230077306,1107.893624,0.044771273,0.094074891,9.305182193
0.479617079,7.671613889,6.934995163,110.4772835,28.61006237,-80.59992141,35.94841911,31.02816323,491.9973796,90.030848,72.58466575,1101.665751,0.896387382,-0.011256404,0.049172817,0.440391858,3.914381668,-1.292862388,1107.711389,0.043219761,0.089852083,9.395437422
0.480117079,7.689599372,6.950518327,110.7234199,28.61006251,-80.59992123,35.99352484,31.06449752,492.5480651,90.15330573,72.64159426,1101.469053,0.895334254,-0.01113922,0.049222653,0.442526408,3.998253485,-1.35426504,1107.529085,0.041554085,0.085519561,9.487339363
0.480617079,7.707607423,6.966059665,110.9698316,28.61006265,-80.59992104,36.03868622,31.10085758,493.0986528,90.26837317,72.69496229,1101.273092,0.894265589,-0.011020707,0.049271258,0.444679596,4.076559348,-1.41414833,1107.346712,0.03981145,0.08104831,9.580931756
0.481117079,7.725638067,6.981619189,111.2165185,28.61006279,-80.59992086,36.08389941,31.13724152,493.6491432,90.37585103,72.74462174,1101.077896,0.893181046,-0.010900849,0.049318607,0.446851727,4.149154874,-1.472403137,1107.164272,0.037991747,0.076481155,9.676259831
0.481617079,7.74369133,6.99719691,111.4634807,28.61006293,-80.59992067,36.12916053,31.17364742,494.1995364,90.47561481,72.79050001,1100.883484,0.892080272,-0.010779613,0.049364668,0.449043113,4.215969375,-1.528926293,1106.981764,0.036111404,0.071827564,9.773370373
0.482117079,7.761767235,7.01279284,111.710718,28.61006307,-80.59992049,36.1744656,31.21007326,494.7498329,90.56751985,72.83240137,1100.689612,0.890962904,-0.010656987,0.049409419,0.451254076,4.276876364,-1.58365512,1106.798923,0.034181601,0.067092395,9.872311784
0.482617079,7.779865803,7.028406987,111.9582305,28.61006321,-80.5999203,36.21981064,31.24651701,495.300033,90.65144651,72.87028388,1100.496383,0.889828568,-0.01053294,0.04945284,0.453484942,4.331821581,-1.63646904,1106.615836,0.032205524,0.062348525,9.973134147
0.483117079,7.797987052,7.044039359,112.206018,28.61006335,-80.59992012,36.265191,31.28297611,495.8501295,90.72736141,72.90403401,1100.303988,0.888676879,-0.010407453,0.049494898,0.455736048,4.38074207,-1.687319105,1106.432682,0.030159694,0.057494772,10.0758893
0.483617079,7.816130997,7.059689963,112.4540806,28.61006349,-80.59991993,36.31059261,31.31944033,496.3999969,90.78798856,72.92779503,1100.02244,0.887507438,-0.010280504,0.049535567,0.458007736,4.423536295,-1.736073228,1106.158989,0.028060788,0.052568753,10.18063087
0.484117079,7.834297646,7.0753588,112.702418,28.61006363,-80.59991975,36.35600667,31.35590375,496.9495769,90.81706229,72.92837898,1099.447283,0.886319836,-0.010152069,0.049574834,0.460300358,4.460120914,-1.782626467,1105.589229,0.025865123,0.047638714,10.28741362
0.484617079,7.852487005,7.091045867,112.9510301,28.61006377,-80.59991956,36.40142899,31.39236413,497.4988699,90.8377921,72.92456218,1098.872854,0.88511365,-0.010022124,0.049612667,0.462614275,4.490506588,-1.82691321,1105.01925,0.023683557,0.042640478,10.39629341
0.485117079,7.870699076,7.106751163,113.1999168,28.61006391,-80.59991937,36.44685528,31.4288192,498.0478762,90.85003491,72.91621247,1098.299176,0.883888444,-0.009890647,0.049649041,0.464949854,4.514593355,-1.868821308,1104.449052,0.021337465,0.037563664,10.50732813
0.485617079,7.88893386,7.122474685,113.4490779,28.61006405,-80.59991919,36.49228124,31.46526662,498.5965963,90.85368121,72.9032538,1097.726264,0.882643768,-0.009757613,0.049683946,0.467307473,4.532328149,-1.90823192,1103.878636,0.018989152,0.032439068,10.62057774
0.486117079,7.907191357,7.138216428,113.6985134,28.6100642,-80.599919,36.53770258,31.50170407,499.1450305,90.84873738,72.88564707,1097.15412,0.881379157,-0.009623004,0.049717372,0.469687516,4.543726003,-1.945074202,1103.308001,0.016593843,0.027377032,10.73610442
0.486617079,7.925471561,7.153976387,113.9482229,28.61006434,-80.59991881,36.583115,31.53812921,499.6931792,90.83518688,72.86338303,1096.582748,0.880094132,-0.009486783,0.049749305,0.472090379,4.548811647,-1.979251288,1102.737148,0.014135466,0.022270888,10.8539726
0.487117079,7.943774469,7.169754555,114.1982065,28.61006448,-80.59991862,36.62851419,31.57453963,500.2410428,90.81304569,72.83634847,1096.012154,0.878788199,-0.009348923,0.049779735,0.474516467,4.547565088,-2.010722171,1102.166077,0.011679204,0.017173111,10.97424908
0.487617079,7.962100073,7.185550923,114.4484639,28.61006462,-80.59991844,36.67389589,31.6109329,500.7886216,90.78231345,72.8044851,1095.442343,0.877460846,-0.009209396,0.049808655,0.476966192,4.53999256,-2.039413359,1101.594788,0.009194096,0.012060433,11.09700313
0.488117079,7.980448362,7.201365484,114.6989951,28.61006476,-80.59991825,36.7192558,31.64730658,501.335916,90.74302237,72.76776445,1094.873181,0.876111546,-0.009068176,0.049836067,0.479439979,4.526139995,-2.065259589,1101.023149,0.006652891,0.006993442,11.22230658
0.488617079,7.998819324,7.217198226,114.9497998,28.61006491,-80.59991806,36.76458971,31.68365827,501.8829263,90.69523674,72.72618226,1094.304515,0.874739753,-0.008925237,0.049861963,0.481938263,4.506081873,-2.088204154,1100.451011,0.004115869,0.001983551,11.35023394
0.489117079,8.017212946,7.233049138,115.2008779,28.61006505,-80.59991787,36.80989341,31.71998552,502.4296528,90.63899525,72.67974247,1093.736621,0.873344904,-0.008780549,0.049886348,0.484461488,4.479861183,-2.108162151,1099.878654,0.001492492,-0.00301128,11.48086248
0.489617079,8.035629212,7.248918207,115.4522294,28.61006519,-80.59991768,36.85516275,31.75628591,502.9760959,90.57441021,72.62845482,1093.169489,0.871926415,-0.008634078,0.049909222,0.487010111,4.447571568,-2.125094014,1099.306077,-0.001063496,-0.007938094,11.61427241
0.490117079,8.054068103,7.264805419,115.703854,28.61006533,-80.59991749,36.90039363,31.792557,503.522256,90.50158494,72.57229863,1092.603114,0.870483687,-0.008485788,0.04993058,0.4895846,4.409286742,-2.13896524,1098.733281,-0.003707419,-0.012834975,11.75054694
0.490617079,8.072529598,7.280710759,115.9557516,28.61006548,-80.5999173,36.945582,31.82879633,504.0681335,90.42058621,72.51122452,1092.03749,0.869016094,-0.008335649,0.049950427,0.492185432,4.365051468,-2.149729065,1098.160264,-0.006306381,-0.017702516,11.88977242
0.491117079,8.091013677,7.29663421,116.2079221,28.61006562,-80.59991712,36.99072384,31.86500146,504.6137287,90.33152642,72.44527402,1091.472607,0.867522995,-0.00818362,0.049968767,0.494813099,4.314981469,-2.157331872,1097.587027,-0.00894031,-0.022456414,12.03203853
0.491617079,8.109520314,7.312575754,116.4603653,28.61006576,-80.59991693,37.03581526,31.90116993,505.1590421,90.23455077,72.3744151,1090.908454,0.866003723,-0.008029659,0.049985616,0.497468105,4.25916198,-2.161764699,1097.013569,-0.011534003,-0.027212737,12.17743834
0.492117079,8.128049483,7.328535373,116.7130811,28.61006591,-80.59991674,37.08085247,31.93729932,505.7040739,90.1298752,72.29865773,1090.345011,0.864457586,-0.007873737,0.050000992,0.500150964,4.197728197,-2.163045077,1096.439891,-0.014061014,-0.031779812,12.32606853
0.492617079,8.146601157,7.344513047,116.9660693,28.61006605,-80.59991655,37.12583172,31.97338725,506.2488244,90.01769496,72.2181151,1089.782255,0.862883873,-0.007715815,0.050014891,0.502862206,4.13086938,-2.161143338,1095.865991,-0.016672226,-0.036271348,12.47802952
0.493117079,8.165175305,7.360508753,117.2193299,28.61006619,-80.59991636,37.17074936,32.00943131,506.7932941,89.89808971,72.13277662,1089.220177,0.861281844,-0.007555847,0.050027329,0.505602374,4.058662414,-2.156004046,1095.291869,-0.019233869,-0.040726574,12.63342562
0.493617079,8.183771895,7.37652247,117.4728626,28.61006634,-80.59991617,37.21560184,32.04542912,507.3374833,89.7712926,72.04265477,1088.658758,0.859650733,-0.007393793,0.050038317,0.508372024,3.981251354,-2.14765471,1094.717524,-0.021753397,-0.045071048,12.79236523
0.494117079,8.202390895,7.392554174,117.7266673,28.61006648,-80.59991597,37.26038587,32.08137842,507.8813921,89.63748733,71.94780359,1088.097977,0.857990021,-0.007229642,0.050047875,0.511171269,3.898788372,-2.13607973,1094.142957,-0.02424837,-0.049274423,12.95496101
0.494617079,8.221032269,7.40860384,117.9807439,28.61006663,-80.59991578,37.30509826,32.11727702,508.4250208,89.49750664,71.84866859,1087.537366,0.856299831,-0.007063441,0.050056002,0.513999129,3.812091476,-2.12165053,1093.567796,-0.026771847,-0.053348888,13.11548774
0.495117079,8.239695981,7.424671443,118.2350923,28.61006677,-80.59991559,37.34973577,32.15312264,508.9683695,89.35096849,71.74497028,1086.977329,0.85458013,-0.006895226,0.050062703,0.516854896,3.720720889,-2.103992982,1092.992397,-0.029208875,-0.057327097,13.27321863
0.495617079,8.258381992,7.440756954,118.4897122,28.61006692,-80.5999154,37.3942953,32.18891307,509.5114387,89.19806783,71.63679479,1086.417856,0.852830884,-0.006725024,0.050067992,0.51973787,3.624850374,-2.083076137,1092.416772,-0.031642798,-0.061163255,13.42874916
0.496117079,8.277090263,7.456860346,118.7446037,28.61006706,-80.59991521,37.43877387,32.22464613,510.0542285,89.03907488,71.52419905,1085.858918,0.851052058,-0.006552866,0.050071883,0.522647359,3.524667233,-2.058930616,1091.84092,-0.033997398,-0.064856954,13.58211497
0.496617079,8.295820752,7.47298159,118.9997664,28.61006721,-80.59991502,37.48316863,32.26031965,510.5967393,88.87425485,71.40727929,1085.300487,0.849243616,-0.00637878,0.050074385,0.525582674,3.42038017,-2.031574415,1091.264841,-0.036321687,-0.068440443,13.73335114
0.497117079,8.314573417,7.489120655,119.2552004,28.61006735,-80.59991483,37.52747683,32.29593155,511.1389712,88.70384272,71.28609789,1084.742537,0.847405523,-0.006202806,0.050075514,0.528543138,3.312166779,-2.001020607,1090.688533,-0.038586095,-0.071845647,13.88249217
0.497617079,8.333348214,7.505277511,119.5109053,28.6100675,-80.59991463,37.57169588,32.3314798,511.6809244,88.52808831,71.16081082,1084.185036,0.845537741,-0.006024974,0.050075288,0.531528075,3.200266289,-1.967265939,1090.111996,-0.040833317,-0.075105658,14.02957204
0.498117079,8.352145097,7.521452124,119.7668812,28.61006764,-80.59991444,37.6158233,32.36696245,512.2225992,88.34726587,71.03152444,1083.627955,0.843640233,-0.005845316,0.050073733,0.534536818,3.08489409,-1.930341513,1089.53523,-0.043015942,-0.078201474,14.17462415
0.498617079,8.370964021,7.537644462,120.0231279,28.61006779,-80.59991425,37.65985681,32.40237758,512.7639957,88.16168677,70.89840047,1083.071254,0.841712964,-0.005663853,0.050070867,0.537568708,2.966309707,-1.890289415,1088.958234,-0.045094845,-0.081122735,14.31768141
0.499117079,8.389804938,7.55385449,120.2796452,28.61006793,-80.59991405,37.70379425,32.43772335,513.3051141,87.97165909,70.76150632,1082.514904,0.839755895,-0.005480621,0.050066709,0.540623088,2.844710926,-1.847182246,1088.381007,-0.047116824,-0.083901733,14.45877619
0.499617079,8.408667799,7.570082174,120.536433,28.61006808,-80.59991386,37.74763361,32.47299799,513.8459546,87.77744041,70.6209907,1081.958872,0.837768991,-0.005295644,0.050061288,0.543699311,2.720329455,-1.801041724,1087.803549,-0.049068338,-0.086530514,14.59794035
0.500117079,8.427552555,7.586327476,120.7934911,28.61006823,-80.59991367,37.7913732,32.50819979,514.3865173,87.57937434,70.47699279,1081.40312,0.835752214,-0.00510896,0.050054623,0.546796735,2.593414086,-1.75195135,1087.225858,-0.050946969,-0.088942482,14.73520525
0.500617079,8.446459156,7.602590361,121.0508194,28.61006837,-80.59991347,37.83501411,32.54332713,514.9268018,87.37972237,70.32966738,1080.847275,0.833705529,-0.004920595,0.050046742,0.549914723,2.46501889,-1.701797235,1086.647753,-0.052784579,-0.091218577,14.87060178
0.501117079,8.465387553,7.618870791,121.3084178,28.61006852,-80.59991328,37.8785561,32.57837843,515.4668083,87.18341899,70.179142,1080.290983,0.831628899,-0.004730578,0.050037665,0.553052645,2.33715532,-1.654929223,1086.069274,-0.054493358,-0.093310149,15.00416079
0.501617079,8.484337695,7.635168727,121.5662862,28.61006866,-80.59991309,37.92199773,32.61335225,516.0065367,86.98407444,70.02559725,1079.734872,0.829522289,-0.004538941,0.050027424,0.556209877,2.207331483,-1.605284319,1085.490561,-0.056169299,-0.095228456,15.13591237
0.502117079,8.503309534,7.65148413,121.8244243,28.61006881,-80.59991289,37.96533826,32.64824766,516.5459943,86.78201316,69.86922587,1079.178902,0.827385664,-0.004345714,0.050016043,0.559385801,2.075813441,-1.552941435,1084.911613,-0.057742216,-0.096976935,15.26588596
0.502617079,8.522303018,7.667816962,122.0828322,28.61006896,-80.5999127,38.00858584,32.68307093,517.0852999,86.58415293,69.71558574,1078.707895,0.82521899,-0.004150925,0.050003542,0.562579803,1.94283758,-1.497958673,1084.417716,-0.05926064,-0.09853167,15.39411055
0.503117079,8.541318104,7.684167189,122.3415096,28.61006911,-80.5999125,38.05174376,32.71782433,517.6245089,86.40581403,69.57703841,1078.514595,0.823022233,-0.003954611,0.049989953,0.565791277,1.808611719,-1.440390299,1084.202617,-0.060687205,-0.09994372,15.52061437
0.503617079,8.560354747,7.700534775,122.6004567,28.61006925,-80.59991231,38.09481113,32.75250678,518.1636214,86.22555383,69.43620528,1078.321485,0.820795362,-0.003756798,0.049975309,0.569019621,1.673420434,-1.380305257,1083.987432,-0.06206547,-0.101155689,15.64542553
0.504117079,8.5794129,7.716919684,122.8596732,28.6100694,-80.59991211,38.13778725,32.78711728,518.7026374,86.04369628,69.29327864,1078.128528,0.818538344,-0.003557506,0.049959647,0.572264238,1.537518921,-1.317809092,1083.772161,-0.063283705,-0.102167302,15.76857185
0.504617079,8.598492519,7.73332188,123.1191593,28.61006955,-80.59991192,38.18067157,32.82165492,519.2415571,85.86061151,69.1484376,1077.935681,0.816251148,-0.003356767,0.049942986,0.575524538,1.401160906,-1.253047528,1083.556805,-0.064423312,-0.103018859,15.8900808
0.505117079,8.617593557,7.749741326,123.3789148,28.6100697,-80.59991172,38.22346367,32.85611886,519.7803804,85.67650927,69.00183777,1077.742919,0.813933746,-0.003154591,0.049925364,0.578799934,1.264541942,-1.186074421,1083.341364,-0.065464421,-0.10371918,16.00997951
0.505617079,8.636715967,7.766177986,123.6389396,28.61006984,-80.59991153,38.26616332,32.89050833,520.3191073,85.49179907,68.85363836,1077.550197,0.811586108,-0.002951009,0.04990682,0.582089848,1.127903365,-1.117079012,1083.125836,-0.066334083,-0.10424778,16.12829484
0.506117079,8.655859704,7.782631822,123.8992339,28.61006999,-80.59991133,38.30877046,32.92482273,520.8577378,85.3067976,68.7040731,1077.357476,0.809208206,-0.002746045,0.049887376,0.585393703,0.991507765,-1.046180447,1082.910223,-0.0671363,-0.104539805,16.2450535
0.506617079,8.675024722,7.799102797,124.1597974,28.61007014,-80.59991113,38.35128511,32.95906148,521.3962719,85.12175283,68.55331338,1077.164714,0.806800015,-0.002539734,0.049867063,0.588710932,0.855557331,-0.973474555,1082.694514,-0.067836761,-0.104715882,16.36028229
0.507117079,8.694210974,7.815590871,124.4206301,28.61007029,-80.59991094,38.39370743,32.99322419,521.9347094,84.93689152,68.40158128,1076.971568,0.804361507,-0.002332105,0.049845916,0.592040972,0.720295975,-0.899050172,1082.478398,-0.068480312,-0.104690253,16.47400848
0.507617079,8.713418414,7.832096008,124.6817321,28.61007044,-80.59991074,38.43603773,33.02731055,522.4730502,84.75249979,68.24913382,1076.778319,0.801892657,-0.002123192,0.049823969,0.595383264,0.585961186,-0.823011011,1082.262195,-0.069012428,-0.10447543,16.58626032
0.508117079,8.732646997,7.848618169,124.9431031,28.61007058,-80.59991054,38.47827644,33.06132038,523.0112943,84.56884211,68.09623655,1076.584932,0.799393441,-0.001913012,0.049801253,0.598737257,0.452804659,-0.745462757,1082.045906,-0.069436098,-0.104064569,16.69706699
0.508617079,8.751896676,7.865157316,125.2047433,28.61007073,-80.59991035,38.52042412,33.09525357,523.5494415,84.3861863,67.9430381,1076.391376,0.796863834,-0.00170159,0.049777792,0.602102404,0.320998139,-0.666542526,1081.82953,-0.069737123,-0.10355277,16.80645722
0.509117079,8.771167406,7.88171341,125.4666526,28.61007088,-80.59991015,38.56248146,33.12911014,524.0874919,84.20475005,67.78974504,1076.197621,0.794303815,-0.001488945,0.049753629,0.605478165,0.190740422,-0.586349504,1081.613068,-0.069940132,-0.102833448,16.91445796
0.509617079,8.790459142,7.898286413,125.7288308,28.61007103,-80.59990995,38.60444929,33.1628902,524.6254451,84.02487168,67.63658205,1076.003628,0.791713362,-0.001275095,0.049728789,0.608864004,0.062262928,-0.505068843,1081.396521,-0.069995479,-0.101967577,17.02109418
0.510117079,8.80977184,7.914876287,125.991278,28.61007118,-80.59990975,38.64632861,33.19659397,525.1633012,83.84679731,67.48373149,1075.809367,0.789092453,-0.001060062,0.049703313,0.612259388,-0.064253683,-0.422840535,1081.179888,-0.069925921,-0.100948702,17.1263895
0.510617079,8.829105456,7.931482994,126.2539941,28.61007133,-80.59990955,38.68812054,33.2302218,525.7010599,83.6708449,67.33145517,1075.614798,0.78644107,-8.44E-04,0.049677238,0.61566379,-0.188567432,-0.339846418,1080.963171,-0.069702455,-0.09974877,17.23036656
0.511117079,8.848459946,7.948106496,126.516979,28.61007148,-80.59990936,38.72982629,33.26377419,526.238721,83.49725531,67.18004391,1075.419885,0.783759197,-6.27E-04,0.049650585,0.61907669,-0.310435861,-0.256220632,1080.74637,-0.069416632,-0.098349314,17.3330473
0.511617079,8.867835268,7.964746756,126.7802328,28.61007163,-80.59990916,38.7714472,33.29725172,526.7762844,83.3262008,67.0297086,1075.224603,0.781046817,-4.08E-04,0.049623376,0.62249757,-0.429686296,-0.172072752,1080.529486,-0.069047787,-0.096859986,17.43445312
0.512117079,8.88723138,7.981403736,127.0437553,28.61007178,-80.59990896,38.81298467,33.33065509,527.3137499,83.15788366,66.88065612,1075.028924,0.778303917,-1.89E-04,0.049595637,0.625925914,-0.546147598,-0.087540094,1080.312518,-0.068574286,-0.095234252,17.53460495
0.512617079,8.906648239,7.998077399,127.3075465,28.61007193,-80.59990876,38.85444025,33.36398506,527.8511171,82.9925141,66.73306411,1074.832823,0.775530486,3.19E-05,0.0495674,0.629361214,-0.659671859,-0.002776446,1080.095469,-0.067947683,-0.093504394,17.63352329
0.513117079,8.926085807,8.014767709,127.5716064,28.61007208,-80.59990856,38.89581563,33.39724251,528.3883859,82.83038727,66.58711079,1074.636112,0.772726512,2.54E-04,0.049538703,0.632802964,-0.770095229,0.081993869,1079.878183,-0.06717492,-0.09162471,17.73122822
0.513617079,8.945544042,8.031474629,127.8359349,28.61007223,-80.59990836,38.93711263,33.43042848,528.9255558,82.67176684,66.44306136,1074.438753,0.769891987,4.76E-04,0.049509573,0.636250661,-0.877214346,0.166579602,1079.660658,-0.066261388,-0.089589293,17.82773946
0.514117079,8.965022906,8.048198125,128.1005319,28.61007238,-80.59990816,38.97833309,33.46354411,529.4626266,82.51682724,66.30120052,1074.240872,0.767026904,7.00E-04,0.049480029,0.639703811,-0.980839316,0.250851941,1079.443052,-0.065288956,-0.087369088,17.92307636
0.514617079,8.984522363,8.064938162,128.3653975,28.61007253,-80.59990796,39.019479,33.49659064,529.9995982,82.36570297,66.16173715,1074.04245,0.764131259,9.25E-04,0.049450091,0.643161917,-1.080833099,0.334684994,1079.225365,-0.064220465,-0.085132424,18.01725789
0.515117079,9.004042373,8.081694705,128.6305315,28.61007268,-80.59990776,39.0605524,33.52956943,530.53647,82.21859367,66.0248436,1073.843461,0.761205049,0.001150222,0.049419799,0.646624492,-1.177079699,0.417897667,1079.007598,-0.063011152,-0.082725427,18.11030271
0.515617079,9.023582903,8.09846772,128.895934,28.61007283,-80.59990756,39.10155549,33.56248197,531.0732419,82.07574406,65.89079993,1073.643873,0.758248272,0.001376807,0.049389179,0.650091048,-1.269389775,0.500284207,1078.789752,-0.061660441,-0.080173651,18.20222911
0.516117079,9.043143917,8.115257176,129.1616048,28.61007298,-80.59990736,39.14249048,33.59532984,531.6099136,81.93732427,65.75986075,1073.443657,0.75526093,0.001604316,0.049358243,0.653561105,-1.357606321,0.581679281,1078.571827,-0.060227834,-0.077531081,18.29305509
0.516617079,9.062725383,8.13206304,129.4275439,28.61007313,-80.59990716,39.18335968,33.62811475,532.1464846,81.80340194,65.63222296,1073.242798,0.752243026,0.001832744,0.049327005,0.657034183,-1.441627817,0.661975274,1078.353825,-0.058715319,-0.074791519,18.38279828
0.517117079,9.082327267,8.148885281,129.6937512,28.61007328,-80.59990696,39.22416546,33.66083846,532.6829547,81.67416101,65.50799724,1073.041278,0.749194564,0.00206207,0.049295503,0.660509808,-1.521404333,0.740970851,1078.135746,-0.057060267,-0.072005314,18.47147605
0.517617079,9.101949538,8.165723868,129.9602268,28.61007344,-80.59990676,39.26491033,33.69350288,533.2193236,81.54979932,65.38748306,1072.839066,0.746115552,0.002292287,0.049263762,0.663987508,-1.596760353,0.818467571,1077.917592,-0.055259284,-0.069043395,18.55910542
0.518117079,9.121592167,8.182578774,130.2269705,28.61007359,-80.59990656,39.30559685,33.72611,533.7555907,81.43053822,65.27086642,1072.636134,0.743005999,0.002523373,0.049231789,0.667466815,-1.667603504,0.894233374,1077.699362,-0.053321968,-0.066047706,18.64570313
0.518617079,9.141255126,8.199449969,130.4939824,28.61007374,-80.59990636,39.34622761,33.7586619,534.2917559,81.31641983,65.15831014,1072.432473,0.739865915,0.002755305,0.049199603,0.670947267,-1.733878759,0.968153589,1077.481058,-0.05135052,-0.062956956,18.73128562
0.519117079,9.160938386,8.216337427,130.7612623,28.61007389,-80.59990616,39.38680526,33.79116078,534.8278186,81.20752168,65.05005072,1072.228062,0.736695315,0.002988076,0.049167217,0.674428402,-1.795480554,1.040089593,1077.26268,-0.049270941,-0.059803619,18.81586903
0.519617079,9.180641922,8.233241121,131.0288102,28.61007404,-80.59990595,39.42733249,33.82360888,535.3637784,81.1039596,64.94620938,1072.022616,0.733494213,0.00322167,0.049134648,0.677909763,-1.852372111,1.109849681,1077.043958,-0.047063124,-0.056623031,18.89946924
0.520117079,9.200365711,8.250161028,131.296626,28.6100742,-80.59990575,39.46781203,33.85600856,535.8996348,81.0058555,64.84698977,1071.816363,0.730262627,0.003456062,0.049101904,0.681390896,-1.904489601,1.17726469,1076.825141,-0.044770143,-0.053337756,18.98210184
0.520617079,9.220109727,8.267097122,131.5647098,28.61007435,-80.59990555,39.50824663,33.88836229,536.4353876,80.91322185,64.75258775,1071.609316,0.727000577,0.003691237,0.049068993,0.684871353,-1.951774552,1.242225228,1076.606252,-0.04244549,-0.04999626,19.06378215
0.521117079,9.23987395,8.284049383,131.8330614,28.6100745,-80.59990535,39.54863905,33.92067259,536.9710362,80.82610202,64.66316875,1071.401462,0.723708084,0.003927174,0.049035917,0.688350684,-1.994190195,1.304593351,1076.38729,-0.040026378,-0.046625111,19.14452522
0.521617079,9.259658359,8.301017788,132.1016808,28.61007465,-80.59990514,39.58899206,33.95294204,537.5065802,80.74449482,64.5788763,1071.192794,0.720385173,0.004163868,0.049002685,0.691828448,-2.031720572,1.364257669,1076.168258,-0.037544435,-0.04323283,19.22434585
0.522117079,9.279462936,8.318002319,132.370568,28.61007481,-80.59990494,39.6293085,33.98517332,538.0420193,80.66849064,64.49982761,1070.983301,0.71703187,0.004401315,0.048969317,0.695304201,-2.064368147,1.42103883,1075.949154,-0.034914908,-0.039801501,19.30325858
0.522617079,9.299287662,8.335002956,132.6397228,28.61007496,-80.59990474,39.66959124,34.01736914,538.577353,80.59823569,64.42617117,1070.772962,0.713648202,0.00463949,0.048935811,0.698777508,-2.092117607,1.474716539,1075.729981,-0.03219656,-0.036334788,19.38127771
0.523117079,9.319132522,8.352019682,132.9091453,28.61007511,-80.59990453,39.70984314,34.04953232,539.112581,80.53367712,64.35806557,1070.561775,0.7102342,0.004878392,0.048902164,0.702247934,-2.114956899,1.525206788,1075.510739,-0.029449605,-0.032863901,19.45841727
0.523617079,9.338997501,8.369052483,133.1788354,28.61007526,-80.59990433,39.75006705,34.08166564,539.6477026,80.47485882,64.29554938,1070.349735,0.706789898,0.005118,0.048868374,0.705715047,-2.132958766,1.57235373,1075.291427,-0.026609637,-0.029406325,19.53469107
0.524117079,9.358882585,8.386101343,133.448793,28.61007542,-80.59990413,39.7902658,34.11377204,540.1827176,80.421719,64.23875833,1070.136839,0.703315331,0.005358304,0.048834438,0.70917842,-2.146132645,1.616075543,1075.072047,-0.023758481,-0.025925294,19.61011268
0.524617079,9.378787763,8.403166251,133.7190181,28.61007557,-80.59990392,39.83044224,34.1458544,540.7176256,80.37424988,64.18776781,1069.923084,0.699810535,0.005599296,0.048800357,0.712637628,-2.15453212,1.656250425,1074.852599,-0.020821657,-0.022497466,19.68469546
0.525117079,9.398713024,8.420247194,133.9895106,28.61007573,-80.59990372,39.87059907,34.17791558,541.2524244,80.33247145,64.1426787,1069.708463,0.69627555,0.00584096,0.048766128,0.716092247,-2.158196299,1.692735893,1074.633083,-0.017779806,-0.019018023,19.75845251
0.525617079,9.418658359,8.437344163,134.2602705,28.61007588,-80.59990352,39.91073669,34.20995657,541.7870861,80.29460507,64.10207773,1069.4736,0.692710415,0.006083276,0.048731737,0.719541863,-2.157472246,1.725693815,1074.393992,-0.014749134,-0.015578972,19.83139834
0.526117079,9.438623758,8.454457148,134.5312977,28.61007603,-80.59990331,39.95085673,34.24197949,542.3215973,80.25675209,64.06288188,1069.173076,0.689115169,0.00632623,0.048697174,0.722986063,-2.152739871,1.755389716,1074.089638,-0.011718165,-0.012130832,19.90356632
0.526617079,9.458609213,8.47158614,134.802592,28.61007619,-80.59990311,39.99096194,34.27398742,542.8559576,80.2243517,64.02982467,1068.871673,0.685489854,0.006569812,0.048662433,0.726424439,-2.143430935,1.781190594,1073.785198,-0.008625103,-0.008720894,19.97497462
0.527117079,9.478614718,8.488731133,135.0741536,28.61007634,-80.5999029,40.03105498,34.3059835,543.3901665,80.19736648,64.00296837,1068.569391,0.681834512,0.006814005,0.048627497,0.729856584,-2.12961728,1.802989931,1073.480673,-0.005509299,-0.005319402,20.04563453
0.527617079,9.498640266,8.505892122,135.3459822,28.6100765,-80.5999027,40.07113849,34.33797083,543.9242237,80.17566786,63.9823648,1068.266236,0.67814919,0.007058807,0.048592353,0.733282096,-2.11137649,1.820745323,1073.176062,-0.002371651,-0.001980682,20.11555714
0.528117079,9.518685855,8.523069103,135.6180778,28.61007665,-80.59990249,40.11121506,34.36995257,544.4581286,80.15921806,63.96800328,1067.962213,0.674433935,0.007304199,0.048556993,0.736700573,-2.088834556,1.834354228,1072.871365,8.00E-04,0.001314867,20.18475341
0.528617079,9.538751481,8.540262074,135.8904403,28.6100768,-80.59990228,40.15128728,34.40193187,544.9918808,80.14793648,63.95998186,1067.657321,0.670688797,0.007550177,0.048521399,0.740111618,-2.062041257,1.843739006,1072.566583,0.004004677,0.00459269,20.2532341
0.529117079,9.558837142,8.557471035,136.1630696,28.61007696,-80.59990208,40.19135763,34.43391191,545.52548,80.14174187,63.95827708,1067.351567,0.666913829,0.007796723,0.04848555,0.743514834,-2.03113264,1.848829897,1072.261715,0.007184423,0.007787072,20.32100981
0.529617079,9.578942838,8.574695987,136.4359657,28.61007711,-80.59990187,40.23142856,34.46589584,546.0589257,80.14047746,63.96290155,1067.044964,0.663109085,0.008043831,0.048449432,0.746909828,-1.996215088,1.849609348,1071.956761,0.010397745,0.010958307,20.38809098
0.530117079,9.599068571,8.591936932,136.7091285,28.61007727,-80.59990167,40.2715025,34.49788684,546.5922174,80.14408438,63.97387513,1066.737512,0.659274623,0.008291488,0.04841303,0.750296209,-1.957396819,1.845991833,1071.651721,0.013634523,0.014045385,20.45448789
0.530617079,9.619214342,8.609193875,136.9825579,28.61007742,-80.59990146,40.31158179,34.52988811,547.1253548,80.15245712,63.99120909,1066.42922,0.655410503,0.00853968,0.048376319,0.753673589,-1.914789718,1.837926295,1071.346595,0.016860083,0.017153064,20.52021066
0.531117079,9.639380154,8.626466823,137.2562539,28.61007758,-80.59990125,40.35166869,34.56190277,547.6583374,80.16543167,64.01489365,1066.120099,0.651516786,0.008788402,0.048339269,0.757041582,-1.868515134,1.825405863,1071.041383,0.020062671,0.020096984,20.58526925
0.531617079,9.659566012,8.643755781,137.5302162,28.61007774,-80.59990105,40.3917654,34.59393397,548.1911648,80.18288421,64.04482556,1065.810164,0.647593536,0.009037642,0.048301859,0.760399805,-1.818762171,1.808407264,1070.736084,0.023240421,0.022982114,20.64967349
0.532117079,9.679771922,8.66106076,137.804445,28.61007789,-80.59990084,40.43187403,34.62598478,548.7238365,80.20465428,64.08098095,1065.499246,0.64364082,0.009287381,0.048264055,0.763747877,-1.765653814,1.786917249,1070.430517,0.026392358,0.025810659,20.71343305
0.532617079,9.699997889,8.678381769,138.0789401,28.61007805,-80.59990063,40.47199661,34.65805829,549.2563521,80.23053607,64.12330161,1065.187463,0.639658707,0.00953761,0.048225832,0.76708542,-1.709339971,1.76097706,1070.12478,0.029521306,0.02856533,20.77655746
0.533117079,9.720243921,8.695718822,138.3537013,28.6100782,-80.59990043,40.51213507,34.69015754,549.7887112,80.26039461,64.171752,1064.874908,0.635647268,0.009788321,0.048187161,0.770412057,-1.649959758,1.730577566,1069.818955,0.032616694,0.031241084,20.83905611
0.533617079,9.740510027,8.713071932,138.6287287,28.61007836,-80.59990022,40.5522913,34.72228552,550.3209136,80.29408853,64.2262335,1064.561595,0.631606576,0.0100395,0.048148007,0.773727414,-1.58769132,1.695720254,1069.51304,0.035678043,0.033789793,20.90093827
0.534117079,9.760796215,8.730441113,138.9040222,28.61007851,-80.59990001,40.59246708,34.75444518,550.8529587,80.3314208,64.28665706,1064.247545,0.627536706,0.010291141,0.048108352,0.77703112,-1.522696792,1.656447931,1069.207036,0.038691425,0.036276735,20.96221304
0.534617079,9.781102497,8.747826383,139.1795817,28.61007867,-80.5998998,40.63266416,34.78663945,551.3848462,80.37229086,64.35297793,1063.932765,0.623437737,0.01054324,0.048068161,0.780322805,-1.455118706,1.612733651,1068.900941,0.041698755,0.038685851,21.02288942
0.535117079,9.801428883,8.765227759,139.455407,28.61007883,-80.59989959,40.67288418,34.81887116,551.9165758,80.41657184,64.42505861,1063.617274,0.61930975,0.010795784,0.048027384,0.783602102,-1.385159081,1.564586061,1068.594756,0.044660389,0.040953018,21.08297626
0.535617079,9.821775385,8.782645261,139.7314982,28.61007898,-80.59989939,40.71312866,34.85114307,552.4481472,80.46399543,64.50270547,1063.301101,0.615152827,0.01104876,0.047985992,0.786868648,-1.313033857,1.512125662,1068.288479,0.04751622,0.043115259,21.14248229
0.536117079,9.842142016,8.800078909,140.0078552,28.61007914,-80.59989918,40.75339903,34.88345788,552.97956,80.51439244,64.58582795,1062.984263,0.610967052,0.011302152,0.047943939,0.79012208,-1.238898765,1.455393122,1067.98211,0.050296558,0.045206325,21.20141613
0.536617079,9.862528789,8.817528726,140.2844778,28.6100793,-80.59989897,40.79369661,34.91581821,553.5108139,80.56751534,64.6742784,1062.666787,0.606752512,0.01155595,0.047901192,0.793362039,-1.162931784,1.394496536,1067.675649,0.05302597,0.047185414,21.25978626
0.537117079,9.882935718,8.834994735,140.5613659,28.61007945,-80.59989876,40.83402262,34.94822662,554.0419086,80.62319944,64.76792128,1062.348693,0.602509298,0.011810144,0.047857702,0.796588166,-1.085312051,1.329489739,1067.369094,0.055648882,0.049032602,21.31760106
0.537617079,9.903362817,8.852476961,140.8385196,28.61007961,-80.59989855,40.87437818,34.98068556,554.5728438,80.6812051,64.86654585,1062.030009,0.5982375,0.012064724,0.047813437,0.799800107,-1.006252124,1.260496912,1067.062446,0.058180175,0.050791451,21.37486878
0.538117079,9.923810101,8.86997543,141.1159388,28.61007977,-80.59989834,40.91476434,35.01319743,555.1036192,80.74138686,64.9700311,1061.71075,0.593937213,0.012319679,0.047768365,0.802997507,-0.92591591,1.187566136,1066.755701,0.060684742,0.052454856,21.43159758
0.538617079,9.944277586,8.887490168,141.3936232,28.61007993,-80.59989813,40.95518206,35.04576455,555.6342344,80.8035713,65.07823594,1061.390692,0.589608531,0.012574997,0.04772244,0.806180016,-0.844465895,1.110757445,1066.448615,0.063147418,0.053999648,21.48779548
0.539117079,9.964765288,8.905021204,141.671573,28.61008008,-80.59989792,40.99563216,35.07838915,556.1646892,80.86755991,65.19097667,1061.070107,0.585251553,0.012830653,0.047675622,0.809347286,-0.762096823,1.030192932,1066.141434,0.065416564,0.0554744,21.54347041
0.539617079,9.985273224,8.922568567,141.9497879,28.61008024,-80.59989771,41.03611537,35.11107338,556.6949833,80.93308058,65.30813331,1060.749021,0.580866379,0.013086645,0.047627867,0.812498969,-0.6789323,0.946019723,1065.834155,0.067640164,0.056842251,21.59863019
0.540117079,10.00580141,8.940132287,142.2282679,28.6100804,-80.5998975,41.07663234,35.14381927,557.2251166,80.99998806,65.42946606,1060.427459,0.576453113,0.013342964,0.047579129,0.815634722,-0.595197816,0.858330247,1065.526779,0.069748426,0.058093223,21.65328253
0.540617079,10.02634986,8.957712397,142.507013,28.61008056,-80.59989729,41.11718363,35.17662874,557.7550887,81.06809411,65.55473893,1060.105447,0.572011859,0.013599605,0.04752936,0.818754202,-0.511101508,0.767252071,1065.219306,0.071778614,0.059174468,21.70743505
0.541117079,10.0469186,8.975308927,142.786023,28.61008072,-80.59989708,41.1577697,35.20950356,558.2848995,81.13722536,65.68370721,1059.783014,0.567542724,0.013856553,0.047478509,0.82185707,-0.426854705,0.672911636,1064.911734,0.073695991,0.06016766,21.76109527
0.541617079,10.06750764,8.992921911,143.0652979,28.61008088,-80.59989687,41.19839088,35.2424454,558.8145488,81.2071457,65.81611776,1059.460192,0.563045818,0.014113798,0.047426533,0.824942987,-0.342652624,0.575486103,1064.604063,0.075470577,0.060998065,21.81427063
0.542117079,10.088117,9.010551384,143.3448375,28.61008103,-80.59989666,41.23904745,35.27545581,559.3440365,81.27767644,65.95175824,1059.137006,0.558521252,0.014371332,0.047373387,0.828011617,-0.258670132,0.475110382,1064.296293,0.077144614,0.061760085,21.86696847
0.542617079,10.10874669,9.028197379,143.6246419,28.61008119,-80.59989645,41.27973959,35.30853624,559.8733623,81.34866901,66.09038643,1058.813482,0.553969139,0.01462914,0.047319024,0.831062628,-0.175103437,0.371913164,1063.988423,0.078727885,0.062374088,21.91919605
0.543117079,10.12939674,9.045859932,143.9047108,28.61008135,-80.59989623,41.32046735,35.34168801,560.4025261,81.41990609,66.23177825,1058.489649,0.549389594,0.014887202,0.047263393,0.834095688,-0.092112288,0.266069935,1063.680454,0.080138547,0.062938363,21.97096058
0.543617079,10.15006716,9.063539079,144.1850444,28.61008151,-80.59989602,41.3612307,35.3749123,560.9315278,81.49113304,66.37568004,1058.165543,0.544782735,0.015145507,0.047206449,0.837110469,-0.009857378,0.157794081,1063.372384,0.08144978,0.063345095,22.02226917
0.544117079,10.17075798,9.081234857,144.4656423,28.61008167,-80.59989581,41.40202947,35.4082102,561.4603672,81.5621966,66.52186885,1057.841187,0.540148682,0.015404038,0.047148133,0.840106642,0.07150107,0.047229637,1063.064213,0.082579827,0.063666753,22.07312891
0.544617079,10.1914692,9.098947302,144.7465047,28.61008183,-80.5998956,41.44286343,35.44158263,561.9890443,81.63282914,66.67001761,1057.516555,0.535487556,0.015662784,0.047088414,0.843083884,0.151776854,-0.065373634,1062.755874,0.083592277,0.063883695,22.1235469
0.545117079,10.21220085,9.116676452,145.0276314,28.61008199,-80.59989539,41.48373229,35.47503042,562.5175588,81.70292043,66.81996068,1057.191563,0.530799481,0.015921744,0.047027247,0.846041871,0.230851785,-0.179911683,1062.447265,0.084549511,0.064020478,22.17353024
0.545617079,10.23295294,9.134422345,145.3090222,28.61008215,-80.59989517,41.52463569,35.50855425,563.0459106,81.77239523,66.9714206,1056.866403,0.526084583,0.016180904,0.046964576,0.848980281,0.308525791,-0.296245715,1062.138554,0.085339664,0.06399972,22.22308619
0.546117079,10.25372549,9.152185019,145.5906772,28.61008231,-80.59989496,41.56557318,35.54215465,563.5740999,81.84105139,67.1240757,1056.54111,0.52134299,0.016440259,0.046900352,0.851898798,0.384619689,-0.414145835,1061.82974,0.086035097,0.063868514,22.2722223
0.546617079,10.27451852,9.169964512,145.8725963,28.61008247,-80.59989475,41.60654424,35.57583199,564.1021263,81.90876073,67.27763691,1056.215712,0.516574829,0.01669979,0.046834521,0.854797105,0.458961763,-0.533432964,1061.520824,0.086523304,0.063611841,22.32094676
0.547117079,10.29533204,9.187760864,146.1547793,28.61008263,-80.59989453,41.64754825,35.60958653,564.6299901,81.97530366,67.43181755,1055.890244,0.511780233,0.016959479,0.046767033,0.857674888,0.531420759,-0.653865396,1061.211806,0.086908967,0.06330022,22.36926879
0.547617079,10.31616607,9.205574112,146.4372263,28.61008279,-80.59989432,41.68858449,35.64341836,565.1576911,82.04050787,67.58635901,1055.564735,0.506959331,0.017219312,0.046697837,0.860531838,0.601878112,-0.775237301,1060.902685,0.087070293,0.062850231,22.41719866
0.548117079,10.33702063,9.223404295,146.719937,28.61008295,-80.59989411,41.7296522,35.67732748,565.6852293,82.10420374,67.74098053,1055.239217,0.502112257,0.017479281,0.046626898,0.863367644,0.670208193,-0.897333261,1060.593462,0.087154566,0.062315134,22.46474673
0.548617079,10.35789573,9.241251452,147.0029115,28.61008311,-80.59989389,41.77075054,35.71131374,566.2126048,82.16634507,67.89546229,1054.913708,0.497239144,0.017739369,0.046554158,0.866182001,0.736286931,-1.020029431,1060.284137,0.08708164,0.061707307,22.51192219
0.549117079,10.37879138,9.259115621,147.2861496,28.61008327,-80.59989368,41.81187862,35.74537684,566.7398176,82.22674347,68.04946626,1054.588243,0.492340128,0.017999557,0.046479579,0.868974604,0.799972611,-1.143064537,1059.974709,0.086845076,0.060991148,22.5587328
0.549617079,10.39970761,9.276996842,147.5696513,28.61008343,-80.59989347,41.8530355,35.77951636,567.2668677,82.28526711,68.20277942,1054.262848,0.487415346,0.018259838,0.046403125,0.871745151,0.861190039,-1.266250383,1059.665179,0.086526589,0.060217816,22.6051853
0.550117079,10.42064442,9.29489515,147.8534164,28.61008359,-80.59989325,41.89422066,35.81373218,567.7937613,82.34187573,68.35517024,1053.937541,0.482464937,0.018520196,0.046324746,0.874493342,0.919826415,-1.389443335,1059.355548,0.086088425,0.059377274,22.65128581
0.550617079,10.44160184,9.312810588,148.137445,28.61008375,-80.59989304,41.93544154,35.84803019,568.3206022,82.40246115,68.51102085,1053.686355,0.477489043,0.018780613,0.0462444,0.877218877,0.975600749,-1.512656825,1059.12021,0.085459989,0.05843612,22.69704004
0.551117079,10.46257987,9.330743195,148.421737,28.61008391,-80.59989282,41.97670093,35.88241264,568.8474386,82.48064628,68.68075117,1053.677309,0.472487807,0.019041073,0.046162033,0.87992146,1.028029996,-1.636269435,1059.128056,0.084708785,0.057437472,22.7424534
0.551617079,10.48357854,9.348693014,148.7062925,28.61008407,-80.59989261,42.01799764,35.91687853,569.3742707,82.55650233,68.84869109,1053.66846,0.467461375,0.019301561,0.046077596,0.882600798,1.077554484,-1.759143902,1059.135821,0.083739094,0.056356213,22.78753119
0.552117079,10.50459788,9.366660087,148.9911113,28.61008424,-80.59989239,42.05933042,35.95142679,569.9010986,82.62992343,69.01452039,1053.659946,0.462409893,0.019562046,0.045991057,0.885256596,1.124067566,-1.881033265,1059.143611,0.082668212,0.055219733,22.8322786
0.552617079,10.52563788,9.384644454,149.2761936,28.6100844,-80.59989218,42.10069796,35.98605621,570.4279226,82.70075575,69.1780898,1053.65179,0.45733351,0.019822523,0.045902374,0.887888563,1.167592687,-2.001734122,1059.151428,0.08143633,0.054071591,22.87670069
0.553117079,10.54669858,9.402646157,149.5615392,28.61008456,-80.59989196,42.14209894,36.02076541,570.9547427,82.76897555,69.33908356,1053.644016,0.452232379,0.020082974,0.045811498,0.89049641,1.208011038,-2.121049546,1059.159273,0.08011096,0.052785445,22.92080238
0.553617079,10.56777998,9.420665233,149.8471483,28.61008472,-80.59989174,42.18353195,36.05555289,571.4815593,82.83446296,69.49719159,1053.636653,0.447106651,0.020343378,0.045718394,0.89307985,1.2452553,-2.238722643,1059.167145,0.078559011,0.051508232,22.96458848
0.554117079,10.58888212,9.438701722,150.1330208,28.61008488,-80.59989153,42.2249956,36.09041705,572.0083725,82.89713385,69.6521902,1053.629725,0.441956482,0.020603728,0.045623039,0.895638595,1.279302632,-2.354549605,1059.175046,0.076956401,0.050143536,23.00806369
0.554617079,10.61000499,9.456755662,150.4191567,28.61008505,-80.59989131,42.26648849,36.12535618,572.5351826,82.95702454,69.80387995,1053.623242,0.436782029,0.020864005,0.045525398,0.898172361,1.310099788,-2.468402879,1059.182976,0.075278722,0.048781808,23.05123261
0.555117079,10.63114861,9.474827091,150.705556,28.61008521,-80.59989109,42.30800919,36.16036846,573.0619898,83.01407805,69.95204305,1053.617226,0.431583451,0.02112419,0.045425427,0.900680867,1.337628732,-2.580089955,1059.190936,0.073455848,0.047325468,23.09409975
0.555617079,10.652313,9.492916043,150.9922187,28.61008537,-80.59989088,42.34955619,36.1954519,573.5887944,83.06820868,70.09638554,1053.611703,0.426360909,0.021384264,0.045323092,0.903163831,1.361849404,-2.689365299,1059.198926,0.071456042,0.045868739,23.13666953
0.556117079,10.67349817,9.511022554,151.2791448,28.61008553,-80.59989066,42.39112803,36.23060441,574.1155966,83.11935337,70.23665951,1053.606696,0.421114566,0.021644207,0.045218363,0.905620975,1.382746758,-2.796013048,1059.206947,0.069351371,0.044344077,23.17894628
0.556617079,10.69470413,9.529146658,151.5663343,28.6100857,-80.59989044,42.43272318,36.2658238,574.6423967,83.1674803,70.37267384,1053.602222,0.415844587,0.021904012,0.0451112,0.908052021,1.400330907,-2.899857692,1059.214999,0.067146073,0.042824573,23.22093423
0.557117079,10.7159309,9.547288389,151.8537872,28.61008586,-80.59989023,42.47434015,36.3011078,575.169195,83.21260399,70.50411494,1053.598301,0.41055114,0.022163664,0.045001572,0.910456694,1.414530811,-3.000689588,1059.223084,0.064793045,0.041236527,23.26263754
0.557617079,10.73717847,9.565447776,152.1415035,28.61008602,-80.59989001,42.51597751,36.33645418,575.6959916,83.2548296,70.63119305,1053.594756,0.405234391,0.022423143,0.044889455,0.912834721,1.425594517,-3.098715574,1059.231046,0.062360265,0.039567966,23.30406367
0.558117079,10.75844688,9.583624853,152.4294831,28.61008619,-80.59988979,42.55763375,36.37186045,576.2227868,83.29409622,70.75349511,1053.591719,0.399894507,0.022682427,0.044774835,0.915185831,1.433396539,-3.193567972,1059.238982,0.059843162,0.038006491,23.34522483
0.558617079,10.77973611,9.601819646,152.7177262,28.61008635,-80.59988957,42.59930738,36.40732405,576.7495809,83.33037203,70.87076075,1053.589268,0.394531659,0.022941497,0.044657675,0.917509754,1.437906504,-3.284984238,1059.246951,0.057227403,0.036354877,23.38612522
0.559117079,10.80104619,9.620032186,153.0062327,28.61008651,-80.59988935,42.64099686,36.44284227,577.2763743,83.36362511,70.98272889,1053.587426,0.38914602,0.023200326,0.044537953,0.919806225,1.439129177,-3.372742551,1059.254954,0.054486786,0.034738694,23.42676838
0.559617079,10.82237711,9.638262497,153.2950026,28.61008668,-80.59988914,42.68270067,36.47841236,577.8031673,83.39380553,71.08923955,1053.586206,0.383737762,0.023458894,0.044415649,0.922074976,1.437138928,-3.45665961,1059.262993,0.05166908,0.033121669,23.4671578
0.560117079,10.84372889,9.656510606,153.5840359,28.61008684,-80.59988892,42.72441729,36.51403145,578.3299601,83.42092593,71.19015212,1053.585621,0.378307062,0.023717188,0.044290736,0.924315743,1.431995447,-3.536594061,1059.271066,0.048729424,0.031543405,23.50729688
0.560617079,10.86510153,9.674776537,153.8733326,28.61008701,-80.5998887,42.76614522,36.5496966,578.856753,83.44503721,71.28523068,1053.585682,0.372854099,0.023975196,0.044163196,0.926528264,1.423696229,-3.61237441,1059.279175,0.045738167,0.029872779,23.54718901
0.561117079,10.88649504,9.69306031,154.1628926,28.61008717,-80.59988848,42.80788302,36.58540475,579.3835466,83.46621893,71.37431915,1053.586394,0.367379052,0.024232896,0.044033004,0.928712277,1.41227005,-3.683881243,1059.287321,0.042654727,0.028203206,23.58683746
0.561617079,10.90790941,9.711361948,154.4527161,28.61008734,-80.59988826,42.84962923,36.62115277,579.9103409,83.48447707,71.45722772,1053.587772,0.361882104,0.024490274,0.043900142,0.930867524,1.39777171,-3.750938965,1059.295503,0.039484729,0.02660622,23.62624547
0.562117079,10.92934467,9.729681469,154.742803,28.6100875,-80.59988804,42.89138244,36.65693745,580.4371365,83.49987333,71.53379339,1053.589822,0.356363439,0.024747317,0.043764597,0.932993746,1.38024625,-3.81341217,1059.303723,0.03624991,0.024898864,23.66541623
0.562617079,10.9508008,9.748018891,155.0331533,28.61008767,-80.59988782,42.93314129,36.69275554,580.9639336,83.51252132,71.60387459,1053.592546,0.350823243,0.025004005,0.043626355,0.935090687,1.359726105,-3.871200128,1059.311982,0.032976441,0.023239765,23.70435286
0.563117079,10.97227781,9.76637423,155.3237669,28.61008783,-80.5998876,42.97490445,36.72860372,581.4907326,83.52246056,71.66737252,1053.595949,0.345261704,0.025260313,0.043485414,0.937158093,1.336307057,-3.924187751,1059.320278,0.029654806,0.021643098,23.74305842
0.563617079,10.9937757,9.784747499,155.614644,28.610088,-80.59988738,43.01667061,36.76447864,582.0175337,83.5297493,71.72424212,1053.60003,0.33967901,0.025516229,0.04334176,0.939195711,1.310103547,-3.972298653,1059.328614,0.026274429,0.020041097,23.78153594
0.564117079,11.01529448,9.803138712,155.9057845,28.61008816,-80.59988716,43.05843853,36.80037691,582.5443373,83.53448377,71.77433573,1053.604596,0.334075356,0.025771738,0.04319538,0.94120329,1.281161663,-4.015432297,1059.336795,0.022885185,0.018432202,23.81978838
0.564617079,11.03683414,9.821547879,156.1971883,28.61008833,-80.59988694,43.10020696,36.83629503,583.0711436,83.53676156,71.81754085,1053.609832,0.328450933,0.026026812,0.043046264,0.943180581,1.249551274,-4.0534797,1059.345003,0.019365782,0.016843693,23.85781866
0.565117079,11.05839469,9.83997501,156.4888556,28.61008849,-80.59988672,43.14197475,36.87222951,583.5979531,83.53660662,71.85378362,1053.615753,0.322805939,0.026281441,0.042894403,0.945127336,1.215402047,-4.086331853,1059.353251,0.015861556,0.015277004,23.89562966
0.565617079,11.07997612,9.858420111,156.7807863,28.61008866,-80.5998865,43.18374075,36.90817679,584.1247661,83.53415792,71.88294818,1053.622355,0.317140571,0.026535602,0.042739787,0.94704331,1.178763537,-4.113909174,1059.361538,0.012306071,0.013724288,23.93322419
0.566117079,11.10157843,9.876883188,157.0729804,28.61008882,-80.59988628,43.22550387,36.94413328,584.6515829,83.52947777,71.90494663,1053.629641,0.311455029,0.026789277,0.042582417,0.948928257,1.139743776,-4.136112779,1059.369865,0.008690322,0.012220619,23.97060502
0.566617079,11.12320162,9.895364245,157.3654379,28.61008899,-80.59988605,43.26726307,36.98009536,585.1784038,83.52266549,71.91976273,1053.637605,0.305749514,0.027042448,0.042422295,0.950781936,1.098463224,-4.152901895,1059.378232,0.005091768,0.010734051,24.0077749
0.567117079,11.14484569,9.913863284,157.6581588,28.61008916,-80.59988583,43.30901739,37.01605944,585.7052292,83.51384998,71.92736944,1053.646238,0.30002423,0.027295097,0.042259419,0.952604105,1.055021205,-4.164243062,1059.386639,0.001478614,0.009270293,24.0447365
0.567617079,11.16651064,9.932380304,157.9511431,28.61008932,-80.59988561,43.35076589,37.05202189,586.2320595,83.50313783,71.92773733,1053.655535,0.294279381,0.027547193,0.042093791,0.954394526,1.009529589,-4.170092254,1059.395087,-0.002175371,0.007860157,24.08149249
0.568117079,11.18819645,9.950915305,158.2443908,28.61008949,-80.59988539,43.39250765,37.08797912,586.7588948,83.49055664,71.92086431,1053.665492,0.288515176,0.02779872,0.041925429,0.95615296,0.96215911,-4.170390309,1059.403575,-0.005830164,0.006568946,24.11804546
0.568617079,11.20990314,9.969468282,158.537902,28.61008966,-80.59988517,43.43424188,37.12392757,587.2857357,83.47626066,71.90686054,1053.676092,0.282731822,0.028049659,0.04175434,0.957879172,0.913050837,-4.165199781,1059.412104,-0.009355414,0.005262417,24.15439799
0.569117079,11.23163069,9.98803923,158.8316766,28.61008982,-80.59988494,43.4759678,37.1598637,587.8125823,83.46038772,71.8857488,1053.687321,0.276929531,0.028299991,0.041580533,0.959572928,0.862317685,-4.15452579,1059.420674,-0.01294964,0.004041559,24.19055262
0.569617079,11.25337911,10.00662814,159.1257146,28.61008999,-80.59988472,43.51768472,37.19578395,588.3394349,83.44305375,71.85755357,1053.69917,0.271108516,0.028549708,0.041404011,0.961233996,0.810085281,-4.138366839,1059.429285,-0.01648515,0.002791491,24.22651187
0.570117079,11.27514838,10.02523501,159.420016,28.61009016,-80.5998845,43.55939202,37.23168478,588.8662939,83.42444018,71.82226073,1053.711591,0.265268993,0.028798777,0.041224774,0.962862145,0.756423007,-4.116726007,1059.437904,-0.020045005,0.001585447,24.2622782
0.570617079,11.2969385,10.04385982,159.7145809,28.61009033,-80.59988427,43.60108906,37.26756265,589.3931595,83.40454045,71.77985985,1053.724452,0.259411177,0.029047174,0.041042836,0.964457147,0.701514311,-4.089544607,1059.446398,-0.02364435,5.03E-04,24.29785406
0.571117079,11.31874946,10.06250257,160.0094092,28.61009049,-80.59988405,43.64277571,37.30341439,589.9200369,83.38346595,71.73044655,1053.737902,0.253535288,0.02929489,0.040858208,0.966018775,0.645516814,-4.05685688,1059.454931,-0.027113265,-5.93E-04,24.33324183
0.571617079,11.34058127,10.08116323,160.3045009,28.61009066,-80.59988383,43.68445804,37.33924196,590.4470107,83.36608773,71.67793715,1053.812031,0.247641546,0.029541903,0.040670899,0.967546804,0.588507865,-4.018710764,1059.523917,-0.030640909,-0.001640009,24.36844389
0.572117079,11.36243392,10.09984181,160.5998562,28.61009083,-80.5998836,43.72613867,37.37504441,590.9741204,83.3630987,71.63115573,1054.083374,0.241730173,0.029788186,0.040480929,0.969041011,0.530631262,-3.975105795,1059.790595,-0.03411276,-0.002613467,24.40346262
0.572619359,11.38440724,10.1186236,160.8968241,28.610091,-80.59988338,43.76800736,37.41098153,591.5037716,83.35931461,71.5775774,1054.355365,0.23577431,0.030034835,0.040287437,0.970507757,0.472061259,-3.926113368,1060.057415,-0.037504382,-0.003532363,24.43830038
0.57312423,11.40651502,10.1375204,161.1955911,28.61009117,-80.59988315,43.81008943,37.44707161,592.036292,83.35482226,71.51707251,1054.629228,0.229770271,0.030281966,0.040090279,0.971947218,0.412693559,-3.871569288,1060.325595,-0.04084997,-0.004349101,24.47311726
0.573631695,11.42875783,10.15653267,161.4961647,28.61009134,-80.59988292,43.85238508,37.48331117,592.5716898,83.34969801,71.44958988,1054.90513,0.223717959,0.03052955,0.039889441,0.973358646,0.352636815,-3.811404598,1060.595303,-0.04420295,-0.005176606,24.5079344
0.574141759,11.45113624,10.17566087,161.7985519,28.61009151,-80.59988269,43.89489443,37.51969673,593.109973,83.34407281,71.37520439,1055.183057,0.217617285,0.030777545,0.039684905,0.974741283,0.292034276,-3.745658737,1060.866543,-0.047425746,-0.005857198,24.54275182
0.574654429,11.47365076,10.19490544,162.10276,28.61009168,-80.59988246,43.93761765,37.55622469,593.651149,83.33799505,71.29400526,1055.463005,0.211468177,0.031025928,0.03947664,0.976094359,0.231086853,-3.674356435,1061.13932,-0.050662319,-0.006542149,24.57756954
0.575169707,11.49630193,10.2142668,162.4087958,28.61009186,-80.59988223,43.98055497,37.59289138,594.1952247,83.33162919,71.20592401,1055.744969,0.205270571,0.031274667,0.039264625,0.977417095,0.169872665,-3.597457883,1061.413639,-0.053847041,-0.007183106,24.61238755
0.575687599,11.51909025,10.23374537,162.716666,28.61009203,-80.599882,44.02370662,37.62969312,594.742207,83.32510061,71.11101056,1056.02894,0.199024415,0.031523729,0.039048854,0.978708702,0.108533477,-3.514988449,1061.689504,-0.056942683,-0.007740483,24.64720588
0.576208106,11.54201622,10.25334153,163.026377,28.61009221,-80.59988176,44.06707289,37.66662616,595.2921019,83.31855256,71.00940787,1056.314899,0.192729674,0.031773079,0.038829319,0.979968381,0.047225563,-3.427041725,1061.966919,-0.059949113,-0.008326904,24.68202453
0.576731233,11.56508029,10.27305565,163.337935,28.61009239,-80.59988153,44.11065406,37.70368681,595.844915,83.31211229,70.90124541,1056.602723,0.186386325,0.032022678,0.038606025,0.981195323,-0.013894556,-3.33370697,1062.245779,-0.062891442,-0.008759491,24.71684352
0.577256982,11.58828292,10.29288809,163.6513457,28.61009257,-80.59988129,44.15445047,37.74087138,596.4006514,83.30589687,70.78674889,1056.892407,0.179994361,0.032272497,0.038378972,0.982388706,-0.074636638,-3.235129412,1062.526106,-0.06564029,-0.009146897,24.75166287
0.577785354,11.61162452,10.31283917,163.9666146,28.61009275,-80.59988105,44.19846249,37.77817616,596.9593153,83.30010426,70.66611848,1057.184016,0.173553794,0.032522498,0.038148155,0.983547704,-0.134874765,-3.131457373,1062.807991,-0.068285084,-0.009524118,24.78648259
0.57831635,11.63510549,10.33290918,164.283747,28.61009293,-80.59988081,44.24269053,37.81559745,597.5209104,83.29487176,70.53950244,1057.47753,0.16706465,0.032772646,0.037913566,0.984671477,-0.19446374,-3.022795048,1063.09144,-0.070856286,-0.00984349,24.82130271
0.578849972,11.65872619,10.35309841,164.6027476,28.61009311,-80.59988057,44.28713501,37.85313151,598.08544,83.29033738,70.40703391,1057.772933,0.160526973,0.033022897,0.037675203,0.985759179,-0.253266046,-2.90923833,1063.376453,-0.073301429,-0.010103709,24.85612322
0.579386218,11.68248698,10.37340711,164.9236209,28.61009329,-80.59988032,44.33179635,37.89077466,598.6529066,83.28658878,70.26889549,1058.070206,0.153940823,0.033273216,0.037433073,0.986809952,-0.311101594,-2.790906989,1063.663033,-0.075696004,-0.010311928,24.89094416
0.579925089,11.70638818,10.39383551,165.246371,28.61009347,-80.59988008,44.37667504,37.92852324,599.2233117,83.28379225,70.12531599,1058.369322,0.147306279,0.033523562,0.037187189,0.987822931,-0.3678388,-2.667974003,1063.951183,-0.077885886,-0.010477934,24.92576554
0.580466582,11.73043005,10.4143838,165.5710016,28.61009366,-80.59987983,44.4217715,37.96637365,599.7966564,83.28208759,69.97659643,1058.670253,0.140623441,0.033773873,0.036937548,0.988797245,-0.423319908,-2.540658032,1064.240904,-0.079979537,-0.010584634,24.96058738
0.581010695,11.75461287,10.43505214,165.8975158,28.61009384,-80.59987959,44.46708612,38.00432234,600.3729407,83.2814315,69.82290699,1058.97299,0.133892428,0.034024099,0.036684174,0.989732009,-0.477295993,-2.409052519,1064.532197,-0.081947801,-0.010523714,24.99540969
0.581557426,11.77893682,10.45584067,166.2259163,28.61009403,-80.59987934,44.51261931,38.04236583,600.9521637,83.28190915,69.66462715,1059.277503,0.127113381,0.034274212,0.036427091,0.990626334,-0.529570977,-2.273430064,1064.825064,-0.083725676,-0.010462392,25.03023251
0.582106769,11.80340209,10.47674945,166.556205,28.61009422,-80.59987909,44.55837151,38.0805007,601.5343232,83.28375362,69.5021045,1059.58375,0.120286469,0.034524169,0.036166293,0.991479322,-0.580070804,-2.134073624,1065.119505,-0.085371751,-0.010386878,25.06505587
0.582658719,11.82800878,10.49777855,166.8883835,28.61009441,-80.59987883,44.60434313,38.11872351,602.1194161,83.28708109,69.33545054,1059.891714,0.113411883,0.034773927,0.0359018,0.992290068,-0.628692982,-1.991078782,1065.415519,-0.086899501,-0.010300356,25.09987979
0.58321327,11.85275696,10.51892794,167.2224523,28.6100946,-80.59987858,44.6505345,38.15703091,602.7074377,83.29200334,69.16499197,1060.201226,0.106489841,0.035023424,0.035633641,0.99305766,-0.675306407,-1.844701037,1065.71297,-0.088302471,-0.01014168,25.13470429
0.583770412,11.8776466,10.54019755,167.558411,28.61009479,-80.59987833,44.69694585,38.19541962,603.2983815,83.29852479,68.99112703,1060.512328,0.099520598,0.035272598,0.035361842,0.99378118,-0.719696014,-1.695220528,1066.011926,-0.089463168,-0.00990451,25.16952944
0.584330136,11.90267759,10.5615872,167.8962575,28.61009498,-80.59987807,44.74357724,38.23388639,603.8922384,83.30663919,68.81422353,1060.82506,0.09250445,0.035521417,0.035086433,0.994459701,-0.761657333,-1.542902051,1066.31245,-0.09050534,-0.009544023,25.2043553
0.584892426,11.92784963,10.58309657,168.2359879,28.61009518,-80.59987781,44.79042857,38.2724279,604.4889952,83.31656992,68.63465133,1061.139376,0.085441755,0.035769833,0.034807444,0.995092291,-0.801164951,-1.388053904,1066.614538,-0.091356711,-0.009314084,25.23918195
0.585457262,11.95316214,10.6047251,168.577594,28.61009537,-80.59987755,44.83749927,38.31104056,605.0886323,83.32843892,68.45275471,1061.45524,0.078332961,0.036017811,0.034524911,0.995678008,-0.838139479,-1.230951007,1066.918187,-0.092038044,-0.009005782,25.27400958
0.586024609,11.97861401,10.62647177,168.9210606,28.61009557,-80.59987729,44.88478789,38.34972021,605.6911171,83.34245275,68.26891532,1061.772601,0.071178682,0.036265278,0.034238875,0.996215902,-0.872571889,-1.071905705,1067.223386,-0.092515549,-0.008742698,25.30883849
0.586594414,12.00420309,10.64833464,169.2663584,28.61009576,-80.59987703,44.93229107,38.38846132,606.2963925,83.35859245,68.08350985,1062.091421,0.063979838,0.036512147,0.033949389,0.996705013,-0.904308615,-0.911200095,1067.53012,-0.092916036,-0.008397735,25.34366929
0.587166581,12.02992551,10.67031036,169.6134351,28.61009596,-80.59987677,44.98000219,38.42725611,606.9043614,83.37679297,67.89691854,1062.411653,0.056737842,0.03675832,0.033656539,0.997144363,-0.933178587,-0.749119504,1067.838363,-0.093055058,-0.007891082,25.37850308
0.58774099,12.05577621,10.6923945,169.9622221,28.61009616,-80.5998765,45.02791254,38.46609524,607.5148982,83.39700782,67.70960858,1062.733222,0.049454463,0.037003712,0.033360423,0.997532989,-0.959032765,-0.586019283,1068.148066,-0.09306382,-0.007459925,25.41334078
0.58831754,12.08175092,10.71458334,170.3126615,28.61009636,-80.59987623,45.07601495,38.50497103,608.1278966,83.41936572,67.52202383,1063.056028,0.042131258,0.037248233,0.033061151,0.997869975,-0.981868221,-0.422258139,1068.459167,-0.092837661,-0.006984441,25.44818203
0.588896166,12.10784703,10.73687457,170.664718,28.61009656,-80.59987597,45.12430532,38.54387859,608.7432896,83.44385151,67.33477081,1063.37998,0.034769336,0.037491815,0.032758787,0.998154456,-1.001587758,-0.25830351,1068.771613,-0.092387082,-0.006496714,25.48302565
0.589476753,12.13405971,10.75926396,171.018326,28.61009676,-80.5998757,45.17277559,38.58280999,609.3609579,83.47054517,67.14815312,1063.704924,0.02737044,0.037734378,0.032453431,0.998385572,-1.018220724,-0.094401677,1069.085276,-0.091764008,-0.006056862,25.51787153
0.59005919,12.16038416,10.78174736,171.3734208,28.61009696,-80.59987543,45.22141775,38.62175778,609.9807838,83.49951598,66.96258886,1064.030754,0.019936315,0.037975824,0.032145185,0.9985625,-1.031787677,0.06912107,1069.400081,-0.090990966,-0.005545561,25.55272248
0.590643455,12.18681971,10.80432409,171.7299929,28.61009717,-80.59987516,45.2702314,38.6607209,610.6027463,83.53064928,66.77860724,1064.357496,0.012467562,0.0382161,0.031834107,0.998684474,-1.0421713,0.231840145,1069.71608,-0.09002773,-0.005096898,25.58757428
0.59122953,12.21336582,10.8269936,172.0880348,28.61009737,-80.59987489,45.31921639,38.69969882,611.226828,83.56390009,66.59668138,1064.685116,0.004964751,0.038455159,0.031520257,0.998750732,-1.049345534,0.393377277,1070.033263,-0.088853695,-0.004578109,25.62242679
0.5918174,12.24002206,10.84975545,172.4475405,28.61009757,-80.59987461,45.36837278,38.73869152,611.8530139,83.59925866,66.41732061,1065.013577,-0.002571566,0.038692969,0.031203686,0.998760517,-1.053331004,0.553325636,1070.351625,-0.087468821,-0.004141182,25.65727994
0.59240705,12.26678805,10.87260921,172.8085047,28.61009778,-80.59987434,45.41770078,38.77769924,612.4812904,83.63680746,66.2409325,1065.342842,-0.010140843,0.038929462,0.030884436,0.998713078,-1.054237774,0.711352727,1070.671158,-0.08599115,-0.003761835,25.69213369
0.592998466,12.29366348,10.89555454,173.1709229,28.61009799,-80.59987406,45.4672005,38.81672268,613.1116452,83.67631991,66.06788735,1065.672899,-0.017742535,0.03916458,0.030562591,0.998607664,-1.051969518,0.867154149,1070.991859,-0.084269934,-0.00322711,25.72698799
0.593591638,12.32064807,10.91859111,173.534791,28.61009819,-80.59987379,45.51687212,38.85576301,613.7440669,83.71764264,65.89887792,1066.003716,-0.025376102,0.039398275,0.030238222,0.998443528,-1.046509454,1.02018548,1071.313722,-0.082268479,-0.002739516,25.7618428
0.594186554,12.3477416,10.94171864,173.9001057,28.6100984,-80.59987351,45.56671588,38.89482177,614.3785453,83.76067896,65.73447716,1066.33526,-0.033040999,0.039630506,0.029911367,0.998219928,-1.03790933,1.169987805,1071.636745,-0.080119128,-0.002291966,25.7966981
0.595186554,12.39335023,10.9806462,174.5150176,28.61009875,-80.59987304,45.65056361,38.96027086,615.4455377,83.8053715,65.57500883,1066.667514,-0.045943715,0.040015964,0.029358642,0.997710363,-1.026264057,1.316284722,1071.960924,-0.077834539,-0.001835974,25.83155386
0.595786081,12.42073407,11.00401568,174.8841859,28.61009896,-80.59987276,45.70090219,38.99941533,616.0858998,83.90512804,65.33735046,1067.501235,-0.053689673,0.040244077,0.029025336,0.997324101,-1.000258954,1.552525571,1072.783537,-0.073750832,-0.001221437,25.88991719
0.596387307,12.44822584,11.02747493,175.254786,28.61009917,-80.59987248,45.75145455,39.03861904,616.7288116,84.02266767,65.24816716,1068.722208,-0.061464811,0.040470566,0.028689724,0.996875674,-0.981015835,1.688059619,1074.002085,-0.07113948,-9.44E-04,25.92477431
0.596990216,12.4758251,11.05102351,175.6268119,28.61009938,-80.5998722,45.80222064,39.07788467,617.3742622,84.14174413,65.16547277,1069.946781,-0.069268464,0.040695381,0.02835186,0.99636436,-0.959133965,1.818895617,1075.224748,-0.068280231,-6.50E-04,25.95963203
0.597594792,12.50353144,11.07466095,176.0002575,28.6100996,-80.59987191,45.85320028,39.11721522,618.0222414,84.26219838,65.08968185,1071.174917,-0.077099963,0.040918463,0.028011786,0.995789443,-0.934730354,1.94469464,1076.4515,-0.065305382,-4.06E-04,25.99449035
0.59820102,12.53134445,11.09838685,176.3751171,28.61009981,-80.59987163,45.90439321,39.15661392,618.6727388,84.3837819,65.02108905,1072.406593,-0.08495863,0.041139763,0.027669554,0.995150213,-0.907865365,2.065195773,1077.682317,-0.06223287,-1.17E-04,26.02934924
0.598808885,12.55926375,11.12220079,176.751385,28.61010002,-80.59987134,45.95579914,39.19608434,619.3257446,84.50631613,64.96005966,1073.641778,-0.092843779,0.04135925,0.027325221,0.994445965,-0.878675168,2.18009353,1078.917174,-0.059020185,7.60E-05,26.06420869
0.599418373,12.58728896,11.14610237,177.1290561,28.61010024,-80.59987106,46.00741776,39.23563031,619.9812493,84.6297466,64.90702914,1074.880427,-0.100754716,0.041576886,0.026978844,0.993675999,-0.84741385,2.28905082,1080.156049,-0.055672687,1.60E-04,26.09906868
0.600029469,12.61541974,11.17009121,177.5081251,28.61010045,-80.59987077,46.05924863,39.27525606,620.639244,84.75394097,64.86240303,1076.122505,-0.108690742,0.041792637,0.026630472,0.992839623,-0.81429732,2.391749635,1081.39892,-0.052141401,1.70E-04,26.1339292
0.60064216,12.64365575,11.19416696,177.8885873,28.61010067,-80.59987048,46.11128821,39.31496595,621.2997201,84.87833578,64.82653355,1077.368011,-0.11665115,0.04200644,0.026280132,0.991936149,-0.779123072,2.487820951,1082.645762,-0.048563298,1.23E-04,26.16879023
0.601256433,12.67199673,11.21832932,178.2704388,28.61010089,-80.59987019,46.16353321,39.3547647,621.9626711,84.99388379,64.79962043,1078.617576,-0.124635243,0.042218247,0.025927871,0.990964894,-0.733471497,2.575029297,1083.896516,-0.044908344,1.16E-04,26.20365173
0.601872276,12.70044237,11.24257796,178.653675,28.61010111,-80.5998699,46.21598295,39.39465716,622.6280884,85.10953762,64.78192171,1079.870503,-0.132642296,0.042428021,0.025573727,0.989925183,-0.686549507,2.654998063,1085.151194,-0.041143791,-4.90E-05,26.23851372
0.602489675,12.72899234,11.26691254,179.0382913,28.61010133,-80.5998696,46.26863654,39.43464833,623.2959641,85.22513655,64.77366674,1081.126586,-0.140671573,0.042635725,0.02521775,0.988816347,-0.638612348,2.727539691,1086.409591,-0.037354244,-1.63E-04,26.27337618
0.603108619,12.75764635,11.29133276,179.4242835,28.61010155,-80.59986931,46.32149312,39.47474354,623.9662904,85.34052758,64.77518907,1082.385994,-0.148722333,0.042841313,0.024859969,0.987637723,-0.589930903,2.792412606,1087.671883,-0.033382336,-5.30E-04,26.30823912
0.603729093,12.78640412,11.31583831,179.8116475,28.61010177,-80.59986902,46.37455158,39.51494818,624.6390596,85.45549906,64.78665164,1083.648714,-0.156793822,0.043044734,0.02450043,0.986388654,-0.540729247,2.849483873,1088.938049,-0.02945626,-7.41E-04,26.34310252
0.604351087,12.81526536,11.3404289,180.200379,28.61010199,-80.59986872,46.42781079,39.55526798,625.3142646,85.56974626,64.80831173,1084.914736,-0.164885281,0.043245973,0.024139171,0.98506849,-0.491200011,2.898538406,1090.208073,-0.025380414,-0.001154393,26.37796637
0.604974588,12.84422981,11.36510426,180.5904744,28.61010221,-80.59986842,46.48126956,39.59570884,625.9918983,85.68326841,64.84040684,1086.18403,-0.172995939,0.043444984,0.023776229,0.983676588,-0.441757435,2.939448294,1091.481934,-0.021270272,-0.001698988,26.41283066
0.605599585,12.87329722,11.38986412,180.9819297,28.61010243,-80.59986813,46.53492647,39.63627673,626.6719537,85.79580173,64.88313493,1087.456585,-0.181125019,0.043641705,0.023411626,0.982212312,-0.39263718,2.972063669,1092.759616,-0.017109435,-0.002204693,26.44769537
0.606226065,12.90246731,11.41470823,181.3747413,28.61010265,-80.59986783,46.58878002,39.67697775,627.3544241,85.90698892,64.9365204,1088.732412,-0.189271728,0.043836123,0.023045388,0.980675031,-0.343979798,2.99633245,1094.041101,-0.012968234,-0.00279223,26.48256051
0.606854018,12.93173984,11.43963633,181.7689054,28.61010288,-80.59986753,46.64282861,39.71781812,628.0393027,86.0168183,65.00071305,1090.011485,-0.197435266,0.044028191,0.022677537,0.979064126,-0.296201388,3.012208362,1095.326372,-0.008828108,-0.003521018,26.51742607
0.607483432,12.96111455,11.46464817,182.1644183,28.6101031,-80.59986723,46.69707049,39.75880417,628.7265827,86.12503749,65.07573487,1091.293805,-0.205614819,0.04421786,0.022308088,0.977378983,-0.249527259,3.019678748,1096.615412,-0.004640021,-0.004261751,26.55229205
0.608114295,12.99059118,11.4897435,182.5612762,28.61010333,-80.59986692,46.75150372,39.79994217,629.4162572,86.23137816,65.16157803,1092.579355,-0.213809562,0.044405108,0.021937072,0.975618994,-0.204170471,3.018748516,1097.908181,-5.45E-04,-0.005040711,26.58715843
0.608746597,13.02016947,11.5149221,182.9594755,28.61010356,-80.59986662,46.80612636,39.84123854,630.1083194,86.33574508,65.2583623,1093.86795,-0.222018658,0.044589893,0.02156448,0.973783564,-0.160512814,3.009389795,1099.204496,0.003624766,-0.00598671,26.62202523
0.609380324,13.04984914,11.54018371,183.3590122,28.61010378,-80.59986632,46.86093626,39.88269953,630.8027622,86.43798163,65.36588077,1095.159784,-0.230241254,0.044772172,0.021190313,0.971872105,-0.118774336,2.991788344,1100.504525,0.007602162,-0.006888669,26.65689244
0.610015465,13.07962992,11.56552807,183.7598823,28.61010401,-80.59986601,46.91593109,39.92433143,631.4995782,86.5378826,65.48398091,1096.454863,-0.238476483,0.044951895,0.020814593,0.969884038,-0.079167953,2.966077695,1101.80825,0.011562144,-0.007914743,26.69176007
0.610652008,13.1095115,11.59095494,184.1620816,28.61010424,-80.59986571,46.97110836,39.96614048,632.1987598,86.63518543,65.61265671,1097.75319,-0.246723467,0.045129023,0.020437328,0.967818794,-0.041916191,2.932279463,1103.115652,0.015525169,-0.008876185,26.72662812
0.611289941,13.13949358,11.61646405,184.5656059,28.61010447,-80.5998654,47.02646556,40.00813291,632.9002995,86.72970144,65.75180087,1099.054765,-0.254981312,0.045303538,0.020058534,0.965675813,-0.007258318,2.890508025,1104.426712,0.019381155,-0.01005102,26.76149658
0.612289941,13.18656348,11.65650518,185.1990567,28.61010483,-80.59986492,47.11335187,40.07415611,634.001626,86.82141732,65.90140629,1100.35957,-0.267909932,0.045570988,0.019463348,0.962168765,0.024420488,2.840880678,1105.74141,0.02327771,-0.011222269,26.79636546
0.61293138,13.21680172,11.68222393,185.605957,28.61010506,-80.59986461,47.16912216,40.11661864,634.7087193,86.93241298,66.13499344,1102.069632,-0.276191445,0.045738579,0.019080653,0.959824045,0.067579934,2.747843371,1107.466027,0.029104738,-0.01307516,26.85087483
0.613574169,13.24713945,11.70802413,186.0141683,28.61010529,-80.5998643,47.22502512,40.15925669,635.4176661,86.95809095,66.26426265,1102.638782,-0.284480579,0.045903407,0.018696431,0.957399666,0.09083927,2.678821846,1108.04231,0.032723822,-0.014357284,26.88574471
0.614218301,13.27757664,11.73390577,186.4236899,28.61010553,-80.59986398,47.28105796,40.20207627,636.1284624,86.98020352,66.40314127,1103.209219,-0.292776467,0.046065414,0.018310649,0.954895093,0.110380448,2.60262049,1108.620191,0.03619983,-0.015596667,26.92061483
0.614863769,13.3081132,11.75986882,186.8345208,28.61010576,-80.59986367,47.33721768,40.24508308,636.8411031,86.99851304,66.55112114,1103.780796,-0.301078224,0.046224581,0.01792329,0.952309796,0.126163931,2.519591937,1109.199475,0.039532729,-0.016880476,26.9554852
0.615510568,13.33874904,11.78591324,187.2466596,28.61010599,-80.59986336,47.39350126,40.28828266,637.555583,87.01310618,66.70792577,1104.353718,-0.309384945,0.04638084,0.017534337,0.94964326,0.137903591,2.430078702,1109.780356,0.042747789,-0.018195775,26.99035584
0.616158688,13.36948401,11.81203896,187.6601046,28.61010623,-80.59986304,47.4499054,40.33168028,638.271896,87.0236649,66.87314932,1104.928029,-0.31769571,0.046534166,0.017143788,0.946894977,0.145609597,2.334333485,1110.36283,0.045794112,-0.019453671,27.02522675
0.616808123,13.40031798,11.8382459,188.0748536,28.61010646,-80.59986273,47.50642679,40.37528113,638.9900358,87.03019152,67.0465848,1105.503735,-0.326009581,0.046684497,0.016751641,0.944064454,0.149027137,2.232621992,1110.946894,0.048797232,-0.020788694,27.06009794
0.617458863,13.43125077,11.86453398,188.4909046,28.6101067,-80.59986241,47.56306189,40.41909013,639.7099958,87.03240859,67.22793883,1106.080871,-0.334325603,0.046831795,0.016357851,0.941151207,0.14811201,2.12514068,1111.532541,0.05172116,-0.022055217,27.09496943
0.618110901,13.46228215,11.89090308,188.9082546,28.61010694,-80.59986209,47.61980714,40.46311167,640.431768,87.03035938,67.41662928,1106.65946,-0.342642798,0.046976027,0.015962383,0.938154768,0.142776609,2.012388393,1112.119767,0.054281564,-0.023308876,27.12984123
0.618764224,13.49341188,11.91735303,189.3269003,28.61010718,-80.59986177,47.67665883,40.50735002,641.1553438,87.02410283,67.61216064,1107.239522,-0.350960166,0.047117146,0.01556524,0.935074681,0.132910666,1.894818262,1112.708565,0.056813251,-0.02458588,27.16471337
0.619418824,13.52463964,11.94388367,189.7468377,28.61010741,-80.59986145,47.73361323,40.5518091,641.880714,87.01351187,67.81427532,1107.821075,-0.359276691,0.047255134,0.015166404,0.931910506,0.118415841,1.772661923,1113.298928,0.059192399,-0.025850841,27.19958585
0.620074688,13.55596513,11.97049481,190.1680629,28.61010765,-80.59986113,47.79066667,40.59649261,642.6078684,86.9987506,68.02264715,1108.404115,-0.367591335,0.04738996,0.014765835,0.928661818,0.099077946,1.646327739,1113.89085,0.061359356,-0.027243291,27.2344587
0.62073169,13.58738246,11.99718152,190.5904968,28.61010789,-80.59986081,47.84780535,40.64139573,643.3366683,86.97999238,68.23647299,1108.988532,-0.375901591,0.047521525,0.014363577,0.925328799,0.074966028,1.516547062,1114.484183,0.0633125,-0.02851754,27.26933399
0.621389761,13.61888854,12.02394128,191.0140983,28.61010813,-80.59986049,47.90502051,40.68651749,644.0670402,86.956991,68.45530838,1109.574326,-0.384205695,0.047649783,0.013959635,0.92191139,0.046167723,1.383537076,1115.078883,0.06519811,-0.029700871,27.30421214
0.622048888,13.65048291,12.0507738,191.4388615,28.61010838,-80.59986016,47.96230824,40.73186033,644.7989716,86.92982402,68.67876739,1110.161521,-0.392502574,0.047774694,0.013553979,0.918409275,0.012593881,1.247648112,1115.674959,0.066815498,-0.030863313,27.33909068
0.622709056,13.68216503,12.0776787,191.8647792,28.61010862,-80.59985984,48.0196645,40.77742619,645.532448,86.89858551,68.90633655,1110.750132,-0.400791126,0.047896222,0.013146567,0.914822165,-0.025745368,1.109331929,1116.272401,0.06822999,-0.031974267,27.37396965
0.623370248,13.71393422,12.10465554,192.291843,28.61010886,-80.59985951,48.07708525,40.82321644,646.2674527,86.86344406,69.13739681,1111.34017,-0.409070212,0.048014325,0.012737351,0.911149793,-0.068795275,0.969124702,1116.871196,0.069432998,-0.033034674,27.40884911
0.624032444,13.7457897,12.13170372,192.7200424,28.6101091,-80.59985919,48.13456622,40.86923195,647.0039653,86.82458405,69.37126208,1111.93165,-0.41733865,0.048128952,0.012326335,0.907391931,-0.116440898,0.827593391,1117.471331,0.070459184,-0.034047467,27.44372913
0.62469562,13.77773045,12.15882252,193.1493643,28.61010935,-80.59985886,48.19210285,40.91547292,647.7419615,86.78197781,69.60758463,1112.524578,-0.425595203,0.048240089,0.011913465,0.903548386,-0.168620212,0.685013644,1118.072791,0.07131214,-0.034966207,27.47860978
0.625359744,13.80975514,12.18601093,193.5797914,28.61010959,-80.59985853,48.24969031,40.9619386,648.4814093,86.73608631,69.8456938,1113.11894,-0.433838544,0.048347675,0.011498704,0.89961903,-0.22530405,0.542076489,1118.675556,0.071828602,-0.035849571,27.51349125
0.626024777,13.84186192,12.21326746,194.0112989,28.61010984,-80.5998582,48.30732284,41.00862709,649.2222643,86.68702078,70.0848678,1113.714745,-0.442067208,0.048451673,0.011082066,0.895603822,-0.286230608,0.399289832,1119.279599,0.072252765,-0.036621409,27.54837378
0.626690656,13.87404798,12.24058987,194.4438497,28.61011008,-80.59985787,48.36499314,41.05553481,649.9644608,86.63492229,70.32478259,1114.311864,-0.450279492,0.048552047,0.010663524,0.89150287,-0.351359268,0.256981899,1119.884783,0.072483546,-0.037380128,27.58325783
0.62735729,13.90630893,12.26797456,194.8773855,28.61011033,-80.59985754,48.42269144,41.1026555,650.707897,86.58017619,70.56472126,1114.910259,-0.458473301,0.04864874,0.010243108,0.887316523,-0.420499389,0.115785854,1120.491054,0.072444475,-0.038053033,27.61814417
0.628024544,13.93863844,12.29541627,195.3118216,28.61011058,-80.59985721,48.48040453,41.14997956,651.4524265,86.52292747,70.8042055,1115.509967,-0.466646061,0.048741699,0.009820868,0.883045441,-0.493454514,-0.023928865,1121.098432,0.072249282,-0.038594344,27.65303384
0.628692269,13.9710293,12.32290901,195.7470617,28.61011082,-80.59985688,48.53811789,41.19749579,652.1978829,86.46340927,71.04271191,1116.110883,-0.474795005,0.048830855,0.009396854,0.878690475,-0.570025585,-0.161736105,1121.706798,0.071964291,-0.039084165,27.68792749
0.629360342,14.00347556,12.35044784,196.1830264,28.61011107,-80.59985655,48.59581953,41.24519423,652.9441294,86.40182564,71.27955933,1116.712899,-0.48291771,0.048916169,0.008971093,0.874252374,-0.649878912,-0.29717853,1122.316016,0.071400513,-0.039375125,27.72282456
0.630028681,14.03597333,12.37802961,196.6196642,28.61011132,-80.59985622,48.65350149,41.29306761,653.6910772,86.33858972,71.51413931,1117.31591,-0.491012299,0.048997603,0.008543615,0.869731662,-0.732773611,-0.429719864,1122.925975,0.070633108,-0.039650186,27.75772391
0.630697239,14.06852029,12.40565247,197.0569444,28.61011157,-80.59985588,48.71115868,41.34111056,654.4386735,86.27397085,71.74601143,1117.919851,-0.499077293,0.049075089,0.008114414,0.865128688,-0.818477465,-0.558992232,1123.536603,0.069718013,-0.039749837,27.79262462
0.631365986,14.10111502,12.43331534,197.4948487,28.61011182,-80.59985555,48.7687878,41.38931869,655.1868864,86.20806314,71.97450701,1118.524715,-0.507111446,0.049148616,0.00768348,0.860443699,-0.906520892,-0.684669491,1124.147859,0.068760421,-0.039693977,27.82752616
0.632034905,14.13375663,12.46101759,197.9333657,28.61011206,-80.59985521,48.82638692,41.43768808,655.9356964,86.14133023,72.19924732,1119.130467,-0.515113645,0.049218164,0.007250774,0.855676885,-0.996727897,-0.806322504,1124.759716,0.067470016,-0.039597376,27.86242822
0.633034905,14.18262604,12.50249154,198.5898615,28.61011244,-80.59985471,48.91240958,41.51026767,657.0558676,86.07427103,72.4196394,1119.736995,-0.527011217,0.049314641,0.006600786,0.848400656,-1.088770597,-0.923432515,1125.372064,0.066048382,-0.039357475,27.89733059
0.633704211,14.21538263,12.5302909,199.0298835,28.61011269,-80.59985438,48.96986594,41.55897004,657.8052899,85.96505343,72.73284067,1120.527049,-0.534929337,0.04937416,0.006163614,0.84343038,-1.229263644,-1.089392761,1126.169715,0.063702571,-0.038939723,27.94949281
0.63437368,14.24818566,12.55812969,199.4705149,28.61011294,-80.59985404,49.02717563,41.60772548,658.5537897,85.72446259,72.79728391,1118.875188,-0.542812287,0.049429614,0.005724558,0.838378652,-1.324700597,-1.193837073,1124.511731,0.061916094,-0.038389326,27.98439521
0.635043338,14.28103626,12.58600897,199.9117711,28.61011319,-80.5998537,49.08434152,41.65653141,659.301393,85.48498758,72.85548047,1117.222345,-0.55065945,0.049480974,0.005283588,0.833245395,-1.4207672,-1.292410452,1122.852476,0.059840122,-0.037734159,28.019297
0.63571321,14.31393558,12.61392987,200.3536686,28.61011344,-80.59985337,49.14136674,41.7053852,660.0481264,85.24694321,72.90710673,1115.568457,-0.558470211,0.049528197,0.004840684,0.828030524,-1.517111325,-1.384879078,1121.191888,0.057792904,-0.036931095,28.05419813
0.636383321,14.34688483,12.6418935,200.7962243,28.61011369,-80.59985303,49.19825462,41.75428403,660.7940176,85.0105109,72.95185676,1113.913467,-0.566243954,0.049571269,0.004395783,0.822733949,-1.613336554,-1.47112113,1119.529904,0.055526813,-0.0360708,28.08909859
0.637053699,14.37988529,12.66990105,201.2394559,28.61011394,-80.59985269,49.25500901,41.80322488,661.5390948,84.77630247,72.98929225,1112.257293,-0.573980064,0.049610167,0.003948848,0.817355567,-1.709057709,-1.550704068,1117.866458,0.05314919,-0.034983664,28.12399835
0.637724372,14.41293826,12.69795374,201.6833814,28.6101142,-80.59985235,49.31163397,41.85220452,662.2833871,84.54474425,73.01910785,1110.599854,-0.581677929,0.049644839,0.00349985,0.811895269,-1.803899298,-1.623374698,1116.201483,0.050641178,-0.033773062,28.15889739
0.638395366,14.44604507,12.7260528,202.1280197,28.61011445,-80.59985201,49.36813375,41.90121972,663.0269238,84.31604821,73.04093805,1108.94109,-0.589336929,0.049675268,0.003048787,0.806352935,-1.897369819,-1.68903162,1114.534909,0.048140445,-0.032527004,28.19379571
0.639066712,14.47920708,12.75419946,202.5733892,28.6101147,-80.59985167,49.42451279,41.95026702,663.7697339,84.09052774,73.05476776,1107.280718,-0.596956434,0.04970141,0.002595629,0.800728448,-1.989245913,-1.747597616,1112.866476,0.04552101,-0.031067785,28.2286933
0.639738437,14.51242565,12.78239497,203.0195091,28.61011495,-80.59985133,49.48077584,41.99934299,664.5118469,83.86851365,73.06030108,1105.618844,-0.604535809,0.049723249,0.002140371,0.795021681,-2.079075512,-1.798944376,1111.196295,0.042874764,-0.029581852,28.26359015
0.64041057,14.54570219,12.81064062,203.4663986,28.61011521,-80.59985099,49.53692789,42.04844402,665.253292,83.65035911,73.05754202,1103.955376,-0.612074405,0.049740759,0.001682978,0.789232505,-2.166619178,-1.843000596,1109.524298,0.040123852,-0.02800179,28.29848626
0.64108314,14.5790381,12.83893766,203.9140773,28.61011546,-80.59985065,49.59297426,42.0975666,665.9940989,83.43655368,73.04625922,1102.290219,-0.619571569,0.04975394,0.001223434,0.783360785,-2.251482629,-1.879559731,1107.850414,0.037300977,-0.026351941,28.33338162
0.641756176,14.61243482,12.86728741,204.3625649,28.61011572,-80.59985031,49.64892064,42.14670698,666.7342972,83.22764063,73.02648252,1100.623256,-0.62702664,0.049762741,7.62E-04,0.777406382,-2.333445602,-1.908437342,1106.174566,0.03435263,-0.024608511,28.36827623
0.642429709,14.64589382,12.89569115,204.8118815,28.61011597,-80.59984997,49.70477284,42.19586146,667.4739165,83.02385987,72.9980136,1098.954408,-0.634438945,0.049767118,2.98E-04,0.771369153,-2.412053082,-1.929636224,1104.496682,0.031385844,-0.022689347,28.40317008
0.643103768,14.67941657,12.92415022,205.2620474,28.61011623,-80.59984962,49.76053684,42.24502614,668.2129865,82.82554075,72.96063731,1097.283588,-0.641807803,0.049767018,-1.68E-04,0.765248953,-2.486842234,-1.943112542,1102.816684,0.028463627,-0.02063374,28.43806316
0.643778383,14.71300454,12.95266591,205.7130827,28.61011649,-80.59984928,49.81621863,42.29419717,668.9515363,82.63271874,72.91440489,1095.610715,-0.649132516,0.049762398,-6.37E-04,0.759045634,-2.557493558,-1.949092281,1101.134495,0.025554403,-0.018576865,28.4729555
0.644453582,14.7466592,12.98123954,206.1650077,28.61011674,-80.59984893,49.87182446,42.34337047,669.689595,82.44567472,72.85920917,1093.9357,-0.656412372,0.049753218,-0.001106953,0.752759052,-2.623607146,-1.947614239,1099.450041,0.022619034,-0.016341587,28.50784708
0.645129397,14.78038208,13.00987243,206.617843,28.610117,-80.59984859,49.92736087,42.39254208,670.4271915,82.26478332,72.79489866,1092.258278,-0.663646649,0.04973945,-0.001579591,0.746389052,-2.684761475,-1.938652687,1097.763076,0.01962298,-0.014006378,28.54273791
0.645805856,14.81417468,13.03856589,207.0716091,28.61011726,-80.59984824,49.98283455,42.44170788,671.1643546,82.09035711,72.72159745,1090.578489,-0.670834612,0.049721048,-0.002054425,0.739935484,-2.740702088,-1.922285724,1096.073671,0.016680465,-0.011539176,28.57762798
0.64648299,14.84803853,13.06732126,207.5263269,28.61011752,-80.5998479,50.03825243,42.49086399,671.9011129,81.92267157,72.6392201,1088.896261,-0.677975509,0.049698015,-0.002531452,0.733398192,-2.791017281,-1.898603188,1094.381767,0.013706714,-0.009088163,28.61251729
0.647160829,14.88197516,13.09613987,207.982017,28.61011778,-80.59984755,50.09362181,42.54000649,672.637495,81.76228414,72.54806036,1087.211454,-0.685068577,0.049670291,-0.003010668,0.726777024,-2.835588036,-1.867524185,1092.687288,0.010582641,-0.006592525,28.64740585
0.647839402,14.91598612,13.12502305,208.4387006,28.61011804,-80.5998472,50.14894996,42.58913132,673.373529,81.60935481,72.44802584,1085.523983,-0.692113039,0.049637816,-0.003492054,0.720071826,-2.873970649,-1.829242184,1090.990154,0.007681255,-0.003850367,28.68229366
0.648518739,14.95007296,13.15397212,208.8963983,28.6101183,-80.59984685,50.20424424,42.63823469,674.1092427,81.4639486,72.33916154,1083.833763,-0.6991081,0.049600583,-0.003975547,0.713282441,-2.905821651,-1.784045521,1089.290287,0.004743073,-0.00128637,28.71718073
0.649198869,14.98423719,13.18298837,209.3551306,28.61011856,-80.5998465,50.25951199,42.68731291,674.8446627,81.32621795,72.22206595,1082.140665,-0.706052942,0.049558516,-0.004461133,0.70640873,-2.931218757,-1.732177949,1087.587609,0.001966764,0.001340174,28.75206707
0.650198869,15.03453727,13.2257117,210.0305151,28.61011894,-80.59984599,50.34060827,42.75930279,675.9237245,81.19618343,72.09664081,1080.444616,-0.716155961,0.049487969,-0.00517784,0.696164327,-2.94972349,-1.673963206,1085.882043,-8.43E-04,0.004155939,28.78695271
0.650881052,15.06889755,13.25489803,210.4918685,28.6101192,-80.59984563,50.39572519,42.80820494,676.656998,80.95788338,71.84581362,1077.137806,-0.722972964,0.049433837,-0.005668507,0.689082185,-2.963900312,-1.577162472,1082.557426,-0.004976375,0.008310812,28.83816758
0.651564014,15.10333473,13.28415108,210.9542497,28.61011947,-80.59984528,50.45068612,42.85693978,677.3880423,80.63343325,71.52275564,1072.649558,-0.729735684,0.04937474,-0.006161034,0.681916423,-2.964789543,-1.504949925,1078.046045,-0.007458746,0.011069119,28.87305447
0.652247819,15.13785189,13.31347347,211.4177001,28.61011973,-80.59984493,50.50550089,42.90550607,678.1169109,80.31655608,71.19212925,1068.153664,-0.736443585,0.04931065,-0.006655448,0.674666593,-2.958331451,-1.427436763,1073.527144,-0.009985527,0.013816364,28.90793982
0.652932527,15.17245215,13.3428678,211.8822612,28.61012,-80.59984457,50.56017924,42.95390254,678.8436557,80.00765196,70.8540211,1063.649666,-0.7430961,0.049241521,-0.007151727,0.667332235,-2.944242864,-1.344651112,1069.000305,-0.012460637,0.016693078,28.94282361
0.653618199,15.20713859,13.37233666,212.3479743,28.61012026,-80.59984422,50.61473107,43.00212808,679.5683269,79.70671243,70.50869337,1059.137125,-0.749692629,0.04916733,-0.007649849,0.659912884,-2.92238906,-1.256922061,1064.465107,-0.014916891,0.019415392,28.97770589
0.654304897,15.24191428,13.40188261,212.8148803,28.61012053,-80.59984386,50.66916608,43.05018156,680.290973,79.41388999,70.15657615,1054.615582,-0.756232537,0.049088013,-0.008149793,0.652408077,-2.892754062,-1.164442468,1059.921136,-0.017244724,0.022268029,29.01258667
0.654992678,15.2767823,13.43150822,213.2830199,28.61012079,-80.5998435,50.72349401,43.09806197,681.0116405,79.12910168,69.79780272,1050.08462,-0.762715151,0.04900353,-0.008651537,0.644817341,-2.855124678,-1.067604355,1055.367976,-0.019561001,0.025063334,29.04746597
0.655681604,15.31174568,13.46121601,213.7524338,28.61012106,-80.59984315,50.77772429,43.14576836,681.7303744,78.85241393,69.43269232,1045.543798,-0.769139769,0.048913797,-0.009154996,0.637140206,-2.809420432,-0.966672242,1050.805219,-0.021637697,0.027899883,29.0823438
0.65637173,15.34680743,13.49100847,214.2231616,28.61012133,-80.59984279,50.83186594,43.19329991,682.4472173,78.58324513,69.06160996,1040.992727,-0.775505642,0.048818772,-0.009660142,0.629376205,-2.755687966,-0.862382147,1046.232456,-0.023556322,0.030581464,29.11722022
0.657063115,15.38197054,13.52088806,214.6952429,28.6101216,-80.59984243,50.88592806,43.24065584,683.1622098,78.32163693,68.68487359,1036.430979,-0.781811986,0.048718411,-0.010166915,0.621524874,-2.69388387,-0.755004934,1041.649288,-0.025488691,0.033312597,29.15209524
0.657755816,15.41723796,13.55085724,215.1687169,28.61012187,-80.59984207,50.93991935,43.28783566,683.8753906,78.06739729,68.30294583,1031.857973,-0.788057978,0.048612669,-0.010675244,0.613585749,-2.624120301,-0.644943873,1037.055151,-0.027145274,0.035890939,29.18696889
0.658449887,15.4526126,13.5809184,215.6436221,28.61012214,-80.5998417,50.9938484,43.33483897,684.5867963,77.82027447,67.91634585,1027.273458,-0.794242752,0.0485015,-0.011185092,0.605558378,-2.54656592,-0.532641737,1032.449812,-0.028774298,0.038326086,29.22184121
0.659145383,15.48809739,13.61107393,216.1199967,28.61012241,-80.59984134,51.04772365,43.38166541,685.2964621,77.58023866,67.52539652,1022.677032,-0.80036541,0.048384823,-0.011696394,0.59744231,-2.461224646,-0.418388582,1027.832891,-0.030283055,0.040888855,29.25671222
0.659842359,15.5236952,13.64132618,216.5978788,28.61012268,-80.59984097,51.10155319,43.42831489,686.004421,77.34691435,67.13030927,1018.068324,-0.806425012,0.048262635,-0.01220908,0.589237098,-2.36809958,-0.302744467,1023.204005,-0.031705438,0.043228295,29.29158193
0.660540868,15.55940887,13.67167749,217.0773058,28.61012295,-80.59984061,51.15534498,43.47478763,686.7107041,77.12027697,66.7318562,1013.446901,-0.812420579,0.048134865,-0.012723038,0.580942306,-2.267547226,-0.185879347,1018.562773,-0.032975192,0.045447477,29.3264504
0.661240961,15.59524121,13.70213011,217.5583141,28.61012323,-80.59984024,51.20910633,43.52108389,687.4153399,76.8996786,66.3305336,1008.812405,-0.818351086,0.048001451,-0.0132382,0.572557518,-2.159875309,-0.068448462,1013.908822,-0.034059581,0.047508609,29.36131765
0.661942689,15.63119494,13.73268628,218.0409397,28.6101235,-80.59983987,51.26284443,43.56720406,688.1183549,76.68482149,65.92666309,1004.164471,-0.824215467,0.047862342,-0.013754512,0.564082329,-2.045212977,0.049126297,1009.241787,-0.035094756,0.049479063,29.39618374
0.662646103,15.66727282,13.76334821,218.5252182,28.61012378,-80.5998395,51.31656624,43.61314862,688.8197741,76.47557076,65.5205383,999.5027258,-0.83001262,0.047717459,-0.014271879,0.555516343,-1.923643424,0.16654421,1004.56131,-0.035963413,0.051465022,29.43104867
0.66335125,15.7034775,13.79411806,219.0111845,28.61012405,-80.59983913,51.37027811,43.65891807,689.51962,76.271399,65.11247861,994.8268317,-0.835741401,0.047566717,-0.014790188,0.546859185,-1.795391135,0.283242674,999.8670325,-0.036615259,0.053261601,29.46591248
0.66435125,15.75488577,13.83780923,219.7011981,28.61012445,-80.59983861,51.44609642,43.72323549,690.5049405,76.07160558,64.70277386,990.1363964,-0.843721862,0.047343488,-0.015524444,0.534463288,-1.660745763,0.398552546,995.1585324,-0.037138531,0.054977212,29.50077523
0.66506081,15.79140862,13.86884935,220.1913961,28.61012473,-80.59983823,51.4988272,43.7677773,691.1883671,75.10704229,63.55346511,974.5523956,-0.84928088,0.047178377,-0.016044692,0.525584203,-1.459868898,0.558556043,979.5049971,-0.037614358,0.057181602,29.55006301
0.665772511,15.82807889,13.9000145,220.6835549,28.61012501,-80.59983786,51.55058846,43.81134289,691.8576243,73.52284838,61.99449918,951.7852049,-0.854769195,0.047007211,-0.01656572,0.516609642,-1.310954207,0.669059456,956.6304601,-0.037933423,0.058469196,29.58491814
0.666486632,15.86491046,13.93131638,221.1778599,28.61012529,-80.59983748,51.60139047,43.85393991,692.5128088,71.93523564,60.43244326,928.9374912,-0.860187139,0.046829869,-0.017087626,0.507536266,-1.156993201,0.777142369,933.6753602,-0.038187439,0.059551988,29.61976662
0.667486632,15.91654665,13.97519939,221.8708203,28.61012568,-80.59983695,51.67074221,43.91181274,693.4043278,70.34327835,58.86694115,906.0002045,-0.867622296,0.046572062,-0.017816709,0.494717252,-0.998123735,0.882579655,910.6305996,-0.038250966,0.060615814,29.65460858
0.668207629,15.95381894,14.00687449,222.3709914,28.61012597,-80.59983657,51.72019821,43.95286817,694.0379704,68.85120524,57.28264381,883.380295,-0.872871869,0.046379346,-0.018340895,0.485393932,-0.768887802,1.02422442,887.9081569,-0.038209785,0.061826565,29.70316577
0.668931712,15.9912865,14.03871477,222.8737605,28.61012625,-80.59983618,51.76949283,43.99360737,694.6677372,68.33681042,56.60312649,874.3039557,-0.878049067,0.046180054,-0.018865871,0.475963568,-0.599545826,1.121560656,878.7944146,-0.037986774,0.062345719,29.73799787
0.669658862,16.02894859,14.07071947,223.3791165,28.61012654,-80.5998358,51.81862045,44.03402534,695.2935256,67.82082213,55.92381814,865.1844961,-0.883151566,0.045974093,-0.019391481,0.466426485,-0.426920159,1.214871379,869.6376782,-0.037740171,0.062703566,29.77283045
0.670389004,16.06680142,14.10288521,223.8870066,28.61012683,-80.59983541,51.86757086,44.07411397,695.915183,67.30271301,55.2447834,856.0221217,-0.888176627,0.045761407,-0.019917508,0.456783828,-0.251288875,1.303711603,860.438116,-0.037191896,0.062929314,29.80766502
0.671122061,16.10484122,14.13520867,224.397379,28.61012712,-80.59983502,51.91633395,44.11386568,696.5325604,66.78196397,54.56632907,846.8177751,-0.893121544,0.045541977,-0.020443735,0.447036788,-0.073112506,1.38771196,851.1966448,-0.036677008,0.063069548,29.84250185
0.671858021,16.14306746,14.16768924,224.9102251,28.61012741,-80.59983463,51.96490325,44.15327682,697.1455631,66.25816029,53.88893589,837.5722228,-0.897984042,0.045315756,-0.020969955,0.437185777,0.107055558,1.466697654,841.9140259,-0.036076079,0.062875063,29.87733955
0.67259693,16.18148267,14.20032894,225.4255772,28.61012771,-80.59983424,52.0132757,44.19234707,697.7541446,65.73053607,53.21310887,828.285747,-0.902762214,0.045082637,-0.021496035,0.427230455,0.288458539,1.540366764,832.5905123,-0.03534135,0.062427387,29.9121766
0.673338868,16.22009121,14.23313134,225.9434923,28.610128,-80.59983384,52.06144967,44.23107776,698.3582849,65.19836472,52.53878321,818.9577702,-0.907454327,0.044842511,-0.02202185,0.417170028,0.470684376,1.60828091,823.2254684,-0.034464216,0.061975715,29.94701214
0.674083937,16.25889847,14.26610087,226.4640411,28.6101283,-80.59983344,52.10942417,44.26947121,698.9579762,64.66081735,51.86598757,809.5872682,-0.912058704,0.044595296,-0.022547287,0.407003439,0.653172972,1.670049449,813.817812,-0.033425477,0.061230203,29.98184566
0.674832249,16.2979105,14.29924253,226.9873032,28.6101286,-80.59983304,52.15719829,44.30753041,699.5532164,64.11718202,51.19494618,800.1729409,-0.916573661,0.044340923,-0.023072284,0.396729475,0.835274119,1.725515176,804.3662075,-0.032450104,0.060309851,30.01667689
0.675583926,16.33713375,14.33256168,227.5133635,28.6101289,-80.59983264,52.20477109,44.34525843,700.1440044,63.56713351,50.52584825,790.7133027,-0.920997474,0.044079274,-0.023596727,0.38634682,1.016554015,1.774788783,794.8691625,-0.031508055,0.059303755,30.05150567
0.676339095,16.37657509,14.366064,228.0423125,28.6101292,-80.59983224,52.25214096,44.38265882,700.7303402,63.00977869,49.85871215,781.2068216,-0.925328368,0.043810267,-0.024120498,0.375854058,1.196361777,1.817591656,785.3250833,-0.030430469,0.057936278,30.08633186
0.677339095,16.42885833,14.41047111,228.7434265,28.6101296,-80.5998317,52.31418886,44.43140099,701.4954304,62.44431812,49.19382708,771.6518433,-0.930886651,0.043444591,-0.024809044,0.361866166,1.3739166,1.853909727,775.7322786,-0.029351003,0.056487798,30.12115534
0.67810291,16.46883458,14.44442247,229.279459,28.6101299,-80.59983129,52.36090484,44.46791421,702.0692001,61.57711985,48.23333973,757.5973094,-0.93499522,0.04315808,-0.025330903,0.351112038,1.60328171,1.891559366,761.6204642,-0.027964949,0.054196255,30.16700812
0.678870785,16.50905903,14.47858215,229.8187787,28.61013021,-80.59983088,52.4072251,44.50396274,702.6361505,60.74441358,47.37496006,744.7807121,-0.939004973,0.042863775,-0.025851844,0.340241148,1.773127808,1.912445271,748.7494763,-0.026725483,0.052288662,30.20182295
0.679642928,16.54954267,14.51295935,230.3615311,28.61013052,-80.59983047,52.45314538,44.53955001,703.1962712,59.89952232,46.51764547,731.8923121,-0.942914021,0.042561508,-0.026371793,0.329250961,1.938750138,1.926643857,735.8061769,-0.025658129,0.050190231,30.2366336
0.680419555,16.59029692,14.54756366,230.9078679,28.61013083,-80.59983005,52.4986604,44.57467888,703.7495462,59.04146642,45.66110961,718.9284989,-0.946720356,0.042251086,-0.026890633,0.318138819,2.09950698,1.934051777,722.7868771,-0.024310891,0.047913722,30.27143995
0.681200892,16.63133376,14.58240511,231.4579479,28.61013114,-80.59982963,52.5437636,44.60935199,704.2959537,58.16890527,44.80500459,705.8857886,-0.950421842,0.04193235,-0.027408263,0.30690192,2.254519096,1.934381284,709.6879821,-0.022956495,0.045253344,30.30624186
0.681987177,16.6726657,14.61749424,232.0119375,28.61013146,-80.5998292,52.58844764,44.64357189,704.8354663,57.28071876,43.94922182,692.7603693,-0.954016205,0.041605156,-0.027924643,0.295537318,2.402895035,1.927701214,696.5056024,-0.021662674,0.042454697,30.34103918
0.682778653,16.71430579,14.65284199,232.5700097,28.61013178,-80.59982878,52.63270423,44.67734039,705.3680485,56.37630759,43.09362919,679.5482129,-0.957501022,0.041269273,-0.028439706,0.284041938,2.544094829,1.91439351,683.2356733,-0.020449948,0.039634534,30.37583181
0.683575579,16.75626766,14.68845983,233.1323458,28.6101321,-80.59982835,52.67652378,44.71065881,705.893658,55.4546822,42.23753967,666.2451913,-0.960873713,0.040924491,-0.028953366,0.272412546,2.677571626,1.894326428,669.8739647,-0.019025765,0.036496195,30.41061961
0.684378223,16.7985656,14.7243598,233.6991358,28.61013242,-80.59982792,52.71989575,44.74352779,706.4122447,54.51477111,41.38051642,652.8469753,-0.964131527,0.040570597,-0.0294656,0.260645745,2.8025747,1.86756163,656.4160558,-0.017734204,0.03324874,30.44540241
0.685186865,16.84121454,14.76055446,234.2705781,28.61013274,-80.59982748,52.76280868,44.77594735,706.9237497,53.55604703,40.52197402,639.3489881,-0.967271527,0.040207356,-0.029976333,0.248737977,2.918789634,1.834359261,642.857313,-0.016465225,0.030069366,30.48018008
0.6860018,16.88423014,14.79705702,234.8468813,28.61013307,-80.59982704,52.80524972,44.80791676,707.4281055,52.57753796,39.66136346,625.7464828,-0.970290585,0.03983453,-0.030485498,0.236685497,3.02555939,1.794858131,629.1929008,-0.015126496,0.026611462,30.51495245
0.686823337,16.9276289,14.83388138,235.4282646,28.6101334,-80.59982659,52.84720499,44.83943491,707.925235,51.57837065,38.79813153,612.0344619,-0.973185362,0.039451928,-0.030993033,0.224484361,3.122287546,1.74930298,615.417742,-0.014042033,0.023100257,30.54971934
0.6876518,16.97142812,14.87104214,236.0149586,28.61013374,-80.59982614,52.88865907,44.87049976,708.4150513,50.55783124,37.9321281,598.2076317,-0.975952298,0.0390592,-0.03149882,0.21213042,3.208344256,1.698373545,601.5265026,-0.012916428,0.019366324,30.58448056
0.688487534,17.01564613,14.90855478,236.6072075,28.61013408,-80.59982569,52.92959522,44.90110823,708.8974571,49.51449919,37.06215808,584.2605449,-0.978587591,0.038656086,-0.032002793,0.199619275,3.282955515,1.641765343,587.5135746,-0.011652519,0.015552385,30.61923587
0.689330901,17.06030228,14.94643563,237.205269,28.61013442,-80.59982523,52.96999508,44.93125667,709.3723441,48.4475745,36.18768883,570.187336,-0.981087176,0.0382423,-0.032504874,0.186946283,3.345548707,1.579992972,573.3730246,-0.010604826,0.01154548,30.65398508
0.690182269,17.10541629,14.98470138,237.809406,28.61013476,-80.59982477,53.00983855,44.96093969,709.8395836,47.35616992,35.30809593,555.9818087,-0.983446667,0.037817514,-0.033005022,0.174106743,3.395533596,1.513548848,559.0985777,-0.009554467,0.007592196,30.68872801
0.691041957,17.15100515,15.02336636,238.4198448,28.61013511,-80.5998243,53.04910054,44.99014832,710.2989954,46.23990817,34.42236454,541.6375627,-0.985661196,0.037381428,-0.033503116,0.161096791,3.432875466,1.442837642,544.6837717,-0.008587284,0.003607541,30.7234663
0.691910395,17.19709184,15.06245002,239.036892,28.61013546,-80.59982383,53.08775884,45.01887588,710.750435,45.09777035,33.52975213,527.1492662,-0.98772583,0.036933729,-0.033999138,0.147910928,3.456814584,1.368228883,530.1231747,-0.007729437,-4.31E-04,30.75819763
0.692788037,17.24370069,15.10197296,239.6608724,28.61013582,-80.59982336,53.1257895,45.0471144,711.1937414,43.92934647,32.62965451,512.5095117,-0.98963527,0.03647407,-0.034492987,0.134543336,3.467178421,1.290581314,515.4093465,-0.007110939,-0.00435686,30.79292176
0.693675371,17.29085764,15.14195714,240.2921324,28.61013617,-80.59982287,53.16316633,45.07485497,711.6287368,42.73357013,31.72143661,497.7105027,-0.991383821,0.036002051,-0.034984561,0.120987819,3.463305994,1.210627738,500.5344063,-0.006626381,-0.00868046,30.82763834
0.694572914,17.33859042,15.18242604,240.9310422,28.61013654,-80.59982238,53.19986154,45.10208662,712.0552247,41.50932407,30.80418666,482.7439381,-0.992965354,0.035517146,-0.035473894,0.107237775,3.44459118,1.128969825,485.4899504,-0.006029982,-0.012693656,30.86234699
0.695481217,17.38692847,15.22340462,241.5779952,28.61013691,-80.59982189,53.23584531,45.12879616,712.472987,40.25646689,29.87605,467.6009194,-0.99437326,0.035018843,-0.035960887,0.093286203,3.411468357,1.045699559,470.2669983,-0.00541285,-0.01659475,30.89704741
0.696400873,17.4359034,15.26491966,242.2334138,28.61013728,-80.59982139,53.27108505,45.15496863,712.8817829,38.97391454,28.93562343,452.2720253,-0.995600401,0.034506688,-0.036445413,0.079125606,3.363459895,0.961137273,454.8560042,-0.004894521,-0.020717592,30.93173917
0.697332515,17.48554917,15.30699996,242.8977523,28.61013766,-80.59982088,53.3055458,45.18058738,713.2813473,37.66047079,27.98212627,436.7471079,-0.99663906,0.033980179,-0.036927444,0.064747943,3.299905016,0.876240042,439.2467297,-0.004572866,-0.024696461,30.9664218
0.698332515,17.53887263,15.35219388,243.6112413,28.61013807,-80.59982033,53.34113423,45.20708249,713.6939252,36.3156585,27.01457656,421.0151913,-0.99752386,0.033406642,-0.037434944,0.049282556,3.220874815,0.792017211,423.4281573,-0.004570605,-0.028510513,31.00109482
0.699291081,17.59001941,15.39553962,244.295547,28.61013846,-80.59981981,53.37388047,45.23150875,714.0736561,34.86109427,25.9772543,404.1719545,-0.998147413,0.032848809,-0.037911685,0.034429665,3.120412449,0.704978668,406.490896,-0.004564966,-0.032561996,31.0377863
0.700264007,17.64196386,15.4395582,244.990469,28.61013885,-80.59981928,53.40573812,45.25532839,714.4433392,33.4603116,24.98651961,388.1177428,-0.998554578,0.032274647,-0.038385793,0.019329588,3.009222723,0.625421385,390.3458137,-0.004784802,-0.036191282,31.07243585
0.701252162,17.69475241,15.48428903,245.6966287,28.61013925,-80.59981873,53.43665773,45.2785148,714.8025812,32.02523688,23.97797566,371.8230616,-0.998734452,0.031683375,-0.038857245,0.003971501,2.881630342,0.54903611,373.9576754,-0.004847521,-0.039609683,31.10707409
0.702256497,17.74843585,15.52977521,246.414706,28.61013966,-80.59981818,53.46658831,45.30103732,715.1509478,30.55361786,22.94983943,355.2734236,-0.99867512,0.031074109,-0.039325977,-0.011656408,2.736278004,0.476504774,357.3117826,-0.004968808,-0.04279694,31.14170006
0.703278033,17.80306878,15.57606308,247.1454321,28.61014008,-80.59981762,53.495475,45.32286132,715.4879506,29.04764003,21.89998589,338.4526423,-0.998363524,0.030445989,-0.039791856,-0.027566728,2.576372639,0.408395123,340.39207,-0.005078839,-0.045867882,31.17631331
0.704317889,17.85871098,15.62320341,247.8896073,28.6101405,-80.59981705,53.52325787,45.34394794,715.8130465,27.50617538,20.8268935,321.3435287,-0.997785313,0.029798095,-0.04025484,-0.043773171,2.401914723,0.345714064,323.1812555,-0.00533062,-0.048818794,31.21091297
0.705377292,17.9154279,15.67125176,248.6481086,28.61014093,-80.59981647,53.54987259,45.36425409,716.1256285,25.9287664,19.72912477,303.9271812,-0.996924678,0.029129371,-0.040714891,-0.060290658,2.213678645,0.289639501,305.6604104,-0.00583137,-0.051337077,31.24549807
0.706457587,17.97329143,15.72026918,249.4218992,28.61014138,-80.59981588,53.57524831,45.38373046,716.4250167,24.31499391,18.60482304,286.182871,-0.995764151,0.028438595,-0.041171859,-0.077135468,2.01262881,0.241023596,287.808765,-0.006117562,-0.053609122,31.28006765
0.707560262,18.03238097,15.77032307,250.2120426,28.61014183,-80.59981528,53.59930788,45.40232171,716.7104472,22.66368908,17.4515525,268.0879502,-0.994284346,0.027724514,-0.041625697,-0.094325455,1.799138216,0.200336897,269.6035451,-0.006633394,-0.055562718,31.3146205
0.708686959,18.09278407,15.82148777,251.0197122,28.61014229,-80.59981466,53.62196639,45.41996534,716.9810575,20.97439611,16.26746806,249.6173118,-0.992463693,0.026985757,-0.042076354,-0.111880143,1.574491621,0.168602936,251.0196222,-0.007054969,-0.057140801,31.34915545
0.70983948,18.15459693,15.87384497,251.8461972,28.61014276,-80.59981402,53.64313032,45.4365911,717.2358677,19.24667017,15.05074097,230.7432017,-0.990278134,0.026220762,-0.042523697,-0.129820736,1.340257826,0.146887768,232.029236,-0.007707043,-0.058133075,31.38367131
0.71101976,18.21792259,15.92748218,252.692879,28.61014324,-80.59981338,53.66269399,45.45211781,717.4737507,17.47958458,13.79901938,211.4351662,-0.987700879,0.02542785,-0.042967556,-0.148169451,1.097740437,0.135892315,212.6018693,-0.008240911,-0.059098527,31.41816741
0.712229545,18.28285392,15.98247829,253.561003,28.61014373,-80.59981271,53.68053601,45.46644968,717.6933572,15.67230831,12.50998979,191.6605298,-0.984702952,0.024605524,-0.043407645,-0.166944427,0.848548981,0.13633419,192.7048031,-0.008790932,-0.059210201,31.45264638
0.713469685,18.34943548,16.03887133,254.4511702,28.61014424,-80.59981203,53.69650993,45.47947048,717.8930186,13.82476553,11.18228535,171.3896618,-0.981255451,0.023752865,-0.04384318,-0.186148644,0.595014827,0.14933944,172.3084661,-0.009532554,-0.058897964,31.48712205
0.714741685,18.41774659,16.09672879,255.3644464,28.61014476,-80.59981133,53.71046874,45.49106073,718.0710339,11.9377814,9.815552278,150.6079481,-0.97732585,0.022868229,-0.044273553,-0.205793779,0.339366398,0.175973059,151.3983606,-0.010124776,-0.058238378,31.52159111
0.716048228,18.48792961,16.15617158,256.3027412,28.6101453,-80.59981061,53.72226494,45.50109564,718.2256505,10.012022,8.406987804,129.289879,-0.972875047,0.021949174,-0.044698503,-0.225907989,0.083885065,0.215238435,129.9489803,-0.010179439,-0.057076929,31.55603696
0.717392685,18.56016351,16.21735165,257.2684544,28.61014585,-80.59980987,53.73173374,45.50943517,718.354881,8.047156218,6.953202359,107.3900515,-0.967857284,0.020992998,-0.045117723,-0.246527813,-0.168579833,0.266218765,107.9149092,-0.010174112,-0.055322669,31.59045236
0.718779081,18.63466216,16.28045052,258.2644534,28.61014641,-80.59980911,53.73868605,45.51591862,718.4564055,6.0411428,5.452014892,84.85145312,-0.962218967,0.019996384,-0.045530952,-0.2676971,-0.415127913,0.329689151,85.23912214,-0.010174378,-0.053122581,31.62483213
0.72,18.70027525,16.33602432,259.141671,28.61014691,-80.59980843,53.74246763,45.51984524,718.519123,3.99190349,3.900313063,61.60596628,-0.956864565,0.019110098,-0.045878969,-0.286251864,-0.652129532,0.405484545,61.85348112,-0.009922988,-0.049994796,31.65917074
0.721477627,18.77968853,16.4032881,260.2034144,28.61014752,-80.59980762,53.74485031,45.52293818,718.5707216,2.205901358,2.5316873,41.13159702,-0.949898733,0.018027182,-0.046280229,-0.308586388,-0.843803409,0.478776318,41.25702951,-0.009483177,-0.046932271,31.68846153
0.723013161,18.8622163,16.47319171,261.3068329,28.61014815,-80.59980677,53.7454969,45.52478005,718.6048931,1.023176228,1.654896458,28.70846464,-0.942098875,0.016890472,-0.046674197,-0.331641284,-1.052190631,0.5738875,28.74934889,-0.00865523,-0.043032801,31.72270862
0.724613124,18.94820641,16.54603026,262.4565892,28.6101488,-80.59980589,53.7442386,45.52521508,718.6194112,-0.176198296,0.74479583,15.79925782,-0.933366791,0.015694325,-0.047059854,-0.355479244,-1.238882173,0.67722202,15.75464552,-0.007464195,-0.038160962,31.75691105
0.726285426,19.03808048,16.62216143,263.6583346,28.61014949,-80.59980497,53.74087765,45.52405855,718.6115846,-1.391043146,-0.200299579,2.348919283,-0.923584418,0.01443212,-0.047435806,-0.38017546,-1.398499708,0.785323828,2.218109061,-0.005648537,-0.032927614,31.79106129
0.728039789,19.13235677,16.70202478,264.9190141,28.6101502,-80.59980401,53.73517884,45.5210914,718.5781056,-2.621628484,-1.181458003,-11.70923616,-0.912607634,0.013095803,-0.047800561,-0.405821282,-1.525586829,0.895002289,-11.92671565,-0.003605224,-0.02680945,31.82515014
0.729888406,19.23168522,16.7861715,266.247336,28.61015096,-80.59980299,53.72685468,45.51604755,718.5148317,-3.867409626,-2.199009619,-26.45731775,-0.900257082,0.011675267,-0.048151918,-0.432530076,-1.612438694,1.001470445,-26.76152576,-9.86E-04,-0.020071749,31.85916542
0.731846868,19.33689654,16.87530598,267.6544287,28.61015176,-80.59980191,53.71554192,45.50859757,718.4164575,-5.130091409,-3.254477969,-41.99807054,-0.886304827,0.010157731,-0.04848702,-0.460444983,-1.652325628,1.098543674,-42.38880059,0.002235919,-0.012883772,31.89309159
0.733935623,19.44908023,16.970352,269.1548848,28.61015262,-80.59980076,53.7007702,45.4983169,718.2760032,-6.412705583,-4.349403529,-58.46280446,-0.870453492,0.008526225,-0.048801782,-0.489751373,-1.637431166,1.178250702,-58.9395466,0.006312404,-0.005353875,31.9269079
0.736182321,19.56970899,17.07255811,270.768426,28.61015354,-80.59979953,53.68190459,45.48464673,718.0839821,-7.720665278,-5.488534451,-76.0234972,-0.852302633,0.006758715,-0.049090925,-0.520696287,-1.561393344,1.22874646,-76.58561903,0.011124609,0.002713992,31.96058577
0.739,19.72092925,17.20069085,272.7913481,28.61015469,-80.59979798,53.65409624,45.46382758,717.7831716,-9.062559849,-6.672763162,-94.91291205,-0.827958565,0.004526859,-0.049379777,-0.558592661,-1.412491233,1.237183107,-95.55935788,0.016273283,0.011243452,31.99408373
0.741741792,19.86799626,17.32531161,274.7588932,28.61015581,-80.59979647,53.62347512,45.44036295,717.4349391,-10.66191385,-8.092263729,-118.6037069,-0.802623791,0.002342212,-0.049579325,-0.594416903,-1.1400206,1.17104538,-119.3454206,0.023395478,0.020713377,32.03214064
0.743,19.93545641,17.3824778,275.6614665,28.61015632,-80.59979578,53.60851908,45.42876852,717.2597076,-11.66464525,-9.013448218,-135.4140047,-0.790467058,0.001336659,-0.049643101,-0.610488006,-0.808475303,1.016692504,-136.2078249,0.029877685,0.028072748,32.06500527
0.744887312,20.03661085,17.46819927,277.0149027,28.6101571,-80.59979474,53.58564932,45.41093699,716.9863548,-12.10729171,-9.414491162,-143.1272057,-0.771620187,-1.74E-04,-0.049705321,-0.634138501,-0.641447987,0.91695328,-143.9422242,0.032861773,0.030852856,32.07873852
0.747718281,20.18826153,17.59671814,279.0440743,28.61015825,-80.59979319,53.55130622,45.38403314,716.5642211,-12.12572799,-9.4770264,-146.5471472,-0.742007623,-0.002442301,-0.049720932,-0.668540613,-0.379294611,0.733665084,-147.3507093,0.036763263,0.034275658,32.09778634
0.751963072,20.41546632,17.78927816,282.0843499,28.61015998,-80.59979086,53.49980596,45.34367394,715.9040428,-12.13311882,-9.519604019,-151.6788494,-0.694710612,-0.005838299,-0.049564,-0.717555914,0.022192966,0.391138289,-152.4603401,0.041448438,0.038112827,32.12300785
0.753,20.47093527,17.83629121,282.8266052,28.61016041,-80.5997903,53.48722695,45.33385077,715.7378089,-12.13005349,-9.483361379,-159.374159,-0.682650174,-0.006665494,-0.049491497,-0.729036969,0.600475362,-0.25960058,-160.1148554,0.046135769,0.040312152,32.15378391
0.754555393,20.55411425,17.90679173,283.9396626,28.61016104,-80.59978944,53.46839229,45.31919742,715.4853867,-12.13277776,-9.462595382,-161.253276,-0.664200438,-0.007903501,-0.04935692,-0.745881497,0.72761864,-0.438573566,-161.9834629,0.046454834,0.040214877,32.16010597
0.756888482,20.67882792,18.01250004,285.6085063,28.61016199,-80.59978817,53.44025187,45.29746989,715.1007192,-12.0873028,-9.378623633,-163.3232868,-0.635741247,-0.009752903,-0.049096282,-0.770277549,0.903746616,-0.71506826,-164.0342324,0.047002619,0.03946501,32.168802
0.760388115,20.86577554,18.17096837,288.1100681,28.61016342,-80.59978625,53.39815055,45.26546012,714.5101592,-12.04039785,-9.246077777,-166.4256275,-0.591368407,-0.012503672,-0.048570394,-0.804840346,1.129638756,-1.143121796,-167.1088502,0.046750229,0.037391741,32.18027323
0.762,20.95183157,18.24391937,289.2615531,28.61016407,-80.59978537,53.37873075,45.25093929,714.232692,-12.03490379,-9.049712587,-171.0706131,-0.570285277,-0.013758811,-0.048272608,-0.819911674,1.37218377,-1.785746247,-171.717265,0.043591719,0.033695908,32.19424686
0.764417827,21.08085695,18.35330234,290.987937,28.61016506,-80.59978405,53.34965118,45.22953015,713.8124143,-12.06431282,-8.969110318,-173.2055479,-0.537939382,-0.015624532,-0.047759098,-0.8414845,1.44151326,-2.069326519,-173.8384144,0.041018378,0.031406549,32.19945074
0.768044569,21.27426348,18.51728125,293.5755986,28.61016653,-80.59978207,53.30617203,45.19831117,713.176413,-11.99897924,-8.745261605,-174.4423394,-0.487897828,-0.018379688,-0.046836652,-0.871449496,1.494479138,-2.464386899,-175.0493594,0.035783864,0.027611789,32.2058701
0.773,21.53827073,18.74115502,297.1075208,28.61016854,-80.59977936,53.2463665,45.15669613,712.2966799,-11.99757786,-8.487935297,-176.283535,-0.416857188,-0.02204455,-0.045278081,-0.907575902,1.454807144,-2.960661647,-176.8643256,0.025731651,0.0204844,32.21253357
0.780433147,21.93372114,19.07658093,302.3971926,28.61017156,-80.59977531,53.15520687,45.0945005,710.9697108,-12.16989866,-8.359225931,-178.768275,-0.305469742,-0.027273708,-0.042305655,-0.95087045,1.181825269,-3.373954377,-179.3412918,0.007895068,0.010507225,32.2162512
0.790433147,22.46464649,19.52708577,309.4979889,28.61017561,-80.59976987,53.02925461,45.00447994,709.1907924,-12.38321403,-8.488692621,-178.2635221,-0.149093842,-0.03367468,-0.037206932,-0.987548827,0.464261316,-3.273164037,-178.8640715,-0.020531855,-4.06E-04,32.21111979
0.800433147,22.99429624,19.97661894,316.5810339,28.61017965,-80.59976445,52.90040358,44.89949937,707.4194757,-12.78427152,-9.66427854,-177.5129398,0.010969671,-0.039182982,-0.031069399,-0.998688667,-0.520270588,-1.886946422,-178.2241522,-0.049635849,-0.005568494,32.1864963
0.808089339,23.39893683,20.32003488,321.9919979,28.61018274,-80.5997603,52.80280772,44.80864756,706.068217,-12.89097275,-11.33795175,-176.7584016,0.133397004,-0.042706596,-0.025862887,-0.989804272,-0.885061596,0.182297207,-177.5878439,-0.051233029,-0.003532486,32.1457081
0.814977379,23.76234832,20.62838268,326.8512466,28.61018552,-80.59975658,52.71710786,44.72232896,704.8558413,-12.59547044,-12.31056413,-176.2324621,0.241751896,-0.045314931,-0.020921104,-0.969053603,-0.79015749,1.487160092,-177.1023449,-0.033333452,-0.001587603,32.10883708
0.821301119,24.09547301,20.9109422,331.3050593,28.61018806,-80.59975317,52.6399001,44.64251441,703.745362,-12.29851251,-12.66307926,-175.7959158,0.338558668,-0.047215631,-0.016237764,-0.939619629,-0.497943449,2.109776097,-176.6666689,-0.010340214,-0.004302284,32.07237622
0.827172814,24.40434896,21.1728564,335.4342156,28.61019041,-80.59975,52.56848469,44.57045444,702.7163848,-12.14999214,-12.50216401,-175.4163205,0.425261403,-0.048543626,-0.011806271,-0.903690692,-0.247653082,2.136057888,-176.267376,0.012475715,-0.009561724,32.03613241
0.832677445,24.69353304,21.41802174,339.2997591,28.61019262,-80.59974704,52.50067401,44.50618366,701.7535763,-12.20932895,-12.00000487,-175.0710796,0.503064004,-0.049399708,-0.007604526,-0.86280267,-0.17285818,1.750619691,-175.8972888,0.029801205,-0.016318028,32.00005645
0.83788802,24.96692086,21.64977376,342.9539281,28.6101947,-80.59974424,52.4347369,44.44887575,700.8438769,-12.46486047,-11.33532899,-174.744884,0.573055518,-0.04985902,-0.003599895,-0.817990521,-0.306474966,1.158863821,-175.5511322,0.040339966,-0.022754758,31.96415396
0.842871686,25.22807639,21.87116227,346.4445353,28.61019669,-80.59974156,52.36945609,44.39723553,699.9753624,-12.86618241,-10.66181132,-174.4278618,0.636225286,-0.04997875,2.45E-04,-0.769882751,-0.60387133,0.532479936,-175.224552,0.044741475,-0.026027095,31.92843287
0.847817895,25.48694153,22.09063894,349.9046307,28.61019867,-80.59973891,52.30232014,44.34852949,699.1149359,-13.33589765,-10.07841342,-174.1153883,0.694883001,-0.049788856,0.004066955,-0.717385632,-0.998496151,-0.00618747,-174.9130984,0.042109351,-0.02629284,31.89327638
0.852768527,25.74570015,22.31007519,353.3635633,28.61020064,-80.59973626,52.23292671,44.3014583,698.2553348,-13.80492926,-9.646332354,-173.7968363,0.749213012,-0.049293402,0.007887902,-0.660445156,-1.406958446,-0.387609076,-174.6048062,0.035881862,-0.021382662,31.85839566
0.857705441,26.00339496,22.52867349,356.808677,28.6102026,-80.59973362,52.16194957,44.2552454,697.3997284,-14.2230752,-9.40124164,-173.4710491,0.798707078,-0.048500393,0.011680682,-0.599648461,-1.746970622,-0.598224336,-174.2970863,0.026249591,-0.014073274,31.82344874
0.862604351,26.25875733,22.74536347,360.2230994,28.61020455,-80.599731,52.09074536,44.20922158,696.552279,-14.49341852,-9.348780728,-173.1459182,0.842909088,-0.047423767,0.015409275,-0.535740432,-1.941319107,-0.608146282,-173.9908886,0.014137452,-0.002897098,31.7884241
0.867440362,26.51049929,22.95904836,363.5896138,28.61020648,-80.59972843,52.02082776,44.16298934,695.7171972,-14.53771052,-9.459343539,-172.8305224,0.881498658,-0.04608585,0.01903355,-0.46954652,-1.921000014,-0.424451624,-173.6874874,0.003878693,0.009907992,31.75330331
0.872195812,26.75772098,23.16895307,366.8961128,28.61020836,-80.59972589,51.95352274,44.11644861,694.8974006,-14.3393969,-9.666868276,-172.5318836,0.914352162,-0.04451116,0.022517203,-0.401835609,-1.66429217,-0.106384258,-173.3883973,-0.005576269,0.021680544,31.71811003
0.876862848,27.00004018,23.37473745,370.1373488,28.61021021,-80.59972341,51.88978597,44.0697212,694.0940972,-13.92979828,-9.903744638,-172.2531721,0.94151893,-0.042725124,0.025833144,-0.333240629,-1.18860362,0.263809146,-173.0947613,-0.01215106,0.032518273,31.68287951
0.88144212,27.23751981,23.57643815,373.3139921,28.61021203,-80.59972098,51.83007746,44.02308083,693.3070403,-13.35951546,-10.10945843,-171.9952021,0.963159462,-0.040749332,0.028959315,-0.264243641,-0.539483604,0.617906854,-172.8072756,-0.016391153,0.039915311,31.64763902
0.885943791,27.47071511,23.77451152,376.4332924,28.61021381,-80.59971859,51.77428375,43.97682949,692.5343815,-12.71394956,-10.24394441,-171.7539547,0.979496607,-0.038600594,0.031881538,-0.195140868,0.203860409,0.889685286,-172.5258553,-0.017610317,0.04215351,31.61242226
0.890500679,27.70652129,23.97480223,379.5873138,28.61021561,-80.59971617,51.72054044,43.92999511,691.7533025,-12.08277396,-10.28914834,-171.5229789,0.990981447,-0.036227216,0.034662336,-0.124265373,0.949246914,1.040374385,-172.2498443,-0.016127192,0.040002419,31.57770745
0.895110065,27.94480053,24.17718403,382.7740535,28.61021743,-80.59971373,51.66847928,43.88298277,690.9643183,-11.52109565,-10.2509121,-171.2893356,0.997384287,-0.033637161,0.037270122,-0.052000606,1.638107625,1.058336883,-171.9710728,-0.014125438,0.034107866,31.54301045
0.899751965,28.18452186,24.38077578,385.979599,28.61021926,-80.59971128,51.61755637,43.83628265,690.1709251,-11.09939548,-10.13686057,-171.0470298,0.998516454,-0.030849516,0.03966662,0.020970418,2.186533862,0.957373995,-171.6896661,-0.012326794,0.022943445,31.50824143
0.904402271,28.42444165,24.58452044,389.1872588,28.61022109,-80.59970882,51.56694223,43.79018585,689.3773412,-10.87768975,-9.985494254,-170.7899222,0.994313582,-0.027890555,0.041820213,0.09388124,2.522561962,0.76226407,-171.4067893,-0.010623301,0.009725996,31.47338209
0.90903271,28.66310132,24.78718296,392.3775515,28.61022292,-80.59970637,51.51581565,43.74477347,688.5884855,-10.92811174,-9.849193983,-170.5105601,0.984860832,-0.024794249,0.043708807,0.165903364,2.560338233,0.523747774,-171.1240828,-0.009090482,-0.004548469,31.43841473
0.913624857,28.89955029,24.98796234,395.5378574,28.61022472,-80.59970395,51.46357633,43.69987754,687.8075556,-11.18311442,-9.7783704,-170.2125693,0.970361047,-0.021594502,0.045325463,0.2363868,2.355640243,0.294856455,-170.8430898,-0.009010842,-0.017645135,31.40337159
0.918168219,29.13324673,25.18640538,398.6610643,28.61022651,-80.59970156,51.40983068,43.65518243,687.0363631,-11.58783912,-9.792311537,-169.9002774,0.951082907,-0.018320359,0.046672704,0.304839838,1.961332262,0.129517825,-170.5649673,-0.0097532,-0.027765299,31.3682826
0.922659762,29.36403258,25.38238403,401.7452076,28.61022827,-80.59969919,51.35443325,43.61031433,686.2754179,-12.08046842,-9.89873447,-169.5790087,0.927314066,-0.014994312,0.047761602,0.370921317,1.443675667,0.057338318,-170.2905616,-0.010804899,-0.034084057,31.3331753
0.927118477,29.59288075,25.57672894,404.8034332,28.61023002,-80.59969685,51.29729057,43.564787,685.5214718,-12.58400614,-10.09099166,-169.2553609,0.899217918,-0.011623157,0.048609711,0.434636784,0.884074789,0.074877587,-170.0199262,-0.010723403,-0.03588214,31.29809889
0.931643463,29.82486554,25.7737523,407.90368,28.61023179,-80.59969447,51.23747201,43.51743073,684.7577618,-13.03229657,-10.33426513,-168.9355519,0.866274343,-0.008149064,0.049238246,0.497069362,0.362326391,0.167585456,-169.7518752,-0.010194704,-0.033122018,31.26345167
0.936224478,30.05944375,25.97299417,411.0387969,28.61023358,-80.59969207,51.17559271,43.46830992,683.986029,-13.38766593,-10.59722672,-168.6184361,0.828558994,-0.004594088,0.049642676,0.557677768,-0.074479494,0.307874048,-169.4804043,-0.00719562,-0.027790612,31.22876922
0.940842749,30.29564119,26.17362632,414.1958361,28.61023538,-80.59968965,51.11262008,43.41781942,683.2094043,-13.59975017,-10.8407361,-168.3108855,0.786301328,-9.90E-04,0.049820529,0.61583046,-0.378622674,0.439100916,-169.2060661,-0.001392972,-0.019102344,31.19401742
0.945475547,30.53228951,26.3746539,417.3592049,28.61023719,-80.59968723,51.04964227,43.3666838,682.4316395,-13.64146577,-11.00681438,-168.0196339,0.739871311,0.00262456,0.049770677,0.67089972,-0.516347823,0.506023463,-168.9299093,0.005632187,-0.008717976,31.15918084
0.95010021,30.76823309,26.57509238,420.5134283,28.610239,-80.59968481,50.98763507,43.31582863,681.6564456,-13.52174037,-11.0437204,-167.7485284,0.689741572,0.006214522,0.049493481,0.722335337,-0.485382742,0.464319362,-168.6532502,0.01408494,0.002190331,31.12425706
0.954697981,31.00252351,26.77413398,423.6457594,28.61024079,-80.59968241,50.92741065,43.26613971,680.8868642,-13.2761964,-10.92513927,-167.4978568,0.636427862,0.009748243,0.048988735,0.769717255,-0.317823432,0.285054186,-168.3774505,0.022345576,0.011109274,31.08925816
0.95925461,31.23444801,26.97117216,426.7465723,28.61024256,-80.59968003,50.86939795,43.21832911,680.125196,-12.91722924,-10.66715021,-167.2667056,0.580452289,0.013197706,0.048258744,0.812755839,-0.090557766,-0.072000946,-168.103481,0.028922891,0.016508458,31.05419757
0.963767956,31.46391253,27.16612798,429.814512,28.61024431,-80.59967768,50.81350115,43.1728153,679.3717449,-12.55071265,-10.29847936,-167.0464394,0.522214736,0.016545758,0.047305656,0.851340227,0.133907843,-0.526453191,-167.8326455,0.032977895,0.019997782,31.01912439
0.96827333,31.69272318,27.36053909,432.8736437,28.61024606,-80.59967534,50.7589828,43.1293873,678.620606,-12.22783759,-9.865373539,-166.8302377,0.461601369,0.019802767,0.046122473,0.885666271,0.307179356,-1.026646655,-167.5649887,0.033083757,0.020227782,30.98410235
0.97284615,31.92471014,27.5576651,435.9751122,28.61024783,-80.59967296,50.7045459,43.0873158,677.8592565,-11.98533538,-9.415017645,-166.6101101,0.397859129,0.02300549,0.04468328,0.91606892,0.403075218,-1.517067357,-167.298403,0.030880149,0.019173247,30.94946119
0.977473065,32.15918922,27.7569314,439.1097289,28.61024962,-80.59967056,50.64988544,43.04649149,677.0900168,-11.84095047,-8.995546829,-166.3770532,0.331415932,0.026124985,0.042982529,0.942143019,0.407042846,-1.947597308,-167.0284197,0.024402314,0.016815965,30.91476928
0.982135479,32.39521158,27.95753853,442.2647986,28.61025143,-80.59966814,50.59476021,43.00652602,676.316084,-11.80124536,-8.671832431,-166.1270749,0.262830871,0.029129311,0.041022235,0.963529238,0.312902262,-2.253607043,-166.7558048,0.015352613,0.013292765,30.88000837
0.986811266,32.63165192,28.15853504,445.4252966,28.61025324,-80.59966572,50.53906691,42.96679547,675.5412301,-11.8570826,-8.503421507,-165.8580264,0.192764722,0.031987851,0.038815815,0.979955036,0.137837602,-2.373964794,-166.481617,0.003022665,0.00989668,30.84516634
0.991479035,32.86742566,28.35900064,448.5767639,28.61025504,-80.5996633,50.48287003,42.92659588,674.7690722,-11.97130822,-8.522766935,-165.5719559,0.121902226,0.034672691,0.036385752,0.991268747,-0.086463919,-2.2810932,-166.2071343,-0.009685105,0.006776084,30.81024215
0.996121403,33.10165489,28.55818646,451.7075103,28.61025683,-80.59966091,50.42642987,42.88530284,674.0025154,-12.10371806,-8.729658276,-165.2733118,0.050882419,0.037163738,0.033763545,0.997441657,-0.311615029,-1.977558796,-165.9336212,-0.020806529,0.004837184,30.77524852
1.00072912,33.33387587,28.75569198,454.8113735,28.61025861,-80.59965853,50.37006413,42.84249115,673.2430708,-12.20474023,-9.07826661,-164.9700592,-0.019783373,0.039446806,0.030979535,0.99854536,-0.50004743,-1.51659051,-165.6621289,-0.028592224,0.003978771,30.74021412
1.00529954,33.56396041,28.95139918,457.886658,28.61026037,-80.59965617,50.31419435,42.79795923,672.4911157,-12.24650931,-9.512900917,-164.6714752,-0.089700287,0.041514728,0.028061824,0.994707454,-0.623069674,-0.957620119,-165.3960754,-0.033215206,0.003208472,30.70516477
1.009864617,33.79352187,29.14666968,460.9549197,28.61026212,-80.59965382,50.25876874,42.75143813,671.7413426,-12.19356171,-9.97400703,-164.3822964,-0.159017043,0.043375019,0.025016605,0.986005252,-0.691945549,-0.359196521,-165.1335681,-0.033996224,0.003087247,30.67016546
1.014492211,34.02597032,29.34439334,464.0617102,28.6102639,-80.59965144,50.20324,42.70248039,670.9825887,-12.07815194,-10.39849673,-164.1013187,-0.228409763,0.045042468,0.021819784,0.972277765,-0.682075096,0.214003802,-164.8718966,-0.030576135,0.002384774,30.63549962
1.019170332,34.26069736,29.5440423,467.1988563,28.6102657,-80.59964903,50.14788222,42.6517015,670.2168214,-11.91781261,-10.7393313,-163.8261853,-0.297317528,0.046496,0.018501075,0.95346637,-0.607361433,0.711577858,-164.6071422,-0.024031989,0.001383519,30.60079339
1.023880299,34.49676251,29.74480875,470.3537422,28.6102675,-80.59964661,50.09291522,42.60000745,669.447085,-11.75019984,-10.94214072,-163.557973,-0.365081899,0.047719639,0.015093365,0.929629084,-0.494197183,1.069667739,-164.3399518,-0.014173641,-0.001441969,30.56601826
1.028601728,34.73314376,29.9458196,473.5126693,28.61026931,-80.59964419,50.03840288,42.54842575,668.6766895,-11.59864854,-10.9789315,-163.2975882,-0.431042184,0.048698358,0.011631008,0.900941633,-0.39745698,1.264894502,-164.0713564,-0.003688353,-0.005938585,30.53116745
1.033315056,34.96886343,30.1462447,476.6625519,28.61027111,-80.59964178,49.98419216,42.49788238,667.9088109,-11.50822462,-10.84736955,-163.0427749,-0.494589144,0.049422551,0.008144742,0.867682346,-0.351640986,1.290148367,-163.8025122,0.007068343,-0.010757376,30.49624118
1.03800501,35.20316008,30.34544271,479.793224,28.6102729,-80.59963938,49.92999833,42.44907754,667.1459248,-11.51207487,-10.57893273,-162.7901206,-0.555222493,0.04988957,0.004659299,0.830191126,-0.378409703,1.169475006,-163.5345658,0.016072145,-0.015347965,30.46125613
1.042662629,35.43558833,30.54304487,482.8987736,28.61027468,-80.599637,49.87544982,42.40235541,666.3894847,-11.6187517,-10.22347725,-162.5367921,-0.61257539,0.050101121,0.001192531,0.78882181,-0.487281689,0.950351927,-163.2684386,0.02309533,-0.01945529,30.42623319
1.047285616,35.66603469,30.73896658,485.9777507,28.61027644,-80.59963464,49.82021884,42.35769781,665.6398637,-11.81999208,-9.838930673,-162.2805094,-0.666405902,0.050061813,-0.002246701,0.74390318,-0.666825139,0.685953193,-163.0048015,0.026504916,-0.020985517,30.39119593
1.051931315,35.89735303,30.93564637,489.0683658,28.61027821,-80.59963227,49.76341752,42.31428657,664.8877881,-12.08229207,-9.491109315,-162.0198567,-0.717136236,0.049775192,-0.005692374,0.69512995,-0.879727772,0.436425395,-162.7437633,0.026238276,-0.020811138,30.35626768
1.056638576,36.13146397,31.13472949,492.196375,28.61028,-80.59962987,49.70435983,42.27140178,664.1270367,-12.38772057,-9.210497344,-161.7510833,-0.764853534,0.049234683,-0.009164793,0.642254641,-1.099791804,0.220342319,-162.4821336,0.023045082,-0.018230178,30.32159162
1.061395774,36.36777277,31.33572108,495.3539322,28.61028181,-80.59962745,49.64337673,42.22865575,663.3595472,-12.6977334,-9.028697568,-161.4729715,-0.809075499,0.048436887,-0.012643999,0.585568812,-1.289880187,0.062194459,-162.2177631,0.017893566,-0.013154433,30.28687851
1.066183434,36.60529982,31.5377948,498.5280261,28.61028363,-80.59962501,49.58124766,42.18570646,662.5884832,-12.92065252,-8.958617758,-161.1921761,-0.849302635,0.047383489,-0.016102405,0.525528831,-1.402017655,0.020945069,-161.9510779,0.010570389,-0.005223757,30.25209568
1.070980046,36.84297225,31.74003936,501.704356,28.61028544,-80.59962258,49.51892321,42.14228279,661.8172994,-13.01037885,-8.997140195,-160.9134546,-0.88510558,0.04608148,-0.019506029,0.462692256,-1.384725848,0.093505023,-161.6831227,0.003837049,0.004101067,30.21723308
1.075766863,37.07986255,31.9416617,504.8705151,28.61028726,-80.59962015,49.45736007,42.09825378,661.0489606,-12.95227468,-9.117955603,-160.642317,-0.916174356,0.044543999,-0.02282243,0.397642451,-1.215432814,0.243258071,-161.4165917,-0.001844603,0.013626202,30.18230037
1.080529439,37.3152636,32.1420519,508.0169925,28.61028906,-80.59961774,49.39742713,42.0536601,660.2857218,-12.74373187,-9.280640698,-160.382431,-0.942320458,0.042787041,-0.026020958,0.330944608,-0.89406242,0.43309726,-161.1523201,-0.006631377,0.022220546,30.14731292
1.085259584,37.54878328,32.34086566,511.1384492,28.61029085,-80.59961535,49.33968844,42.00868179,659.5288277,-12.40842559,-9.441791512,-160.1343401,-0.963467159,0.040827296,-0.029074024,0.263094787,-0.445628197,0.620278834,-160.8898381,-0.009450967,0.028947759,30.11228906
1.089956621,37.78040295,32.53807628,514.2345181,28.61029262,-80.59961298,49.28436741,41.96361695,658.7783217,-11.99611104,-9.562708391,-159.8973085,-0.979622033,0.038680986,-0.031960473,0.194481315,0.078544783,0.765409564,-160.6297274,-0.011153506,0.031663607,30.07725774
1.094673955,38.01276666,32.73592574,517.3404197,28.6102944,-80.5996106,49.23078648,41.91830738,658.025644,-11.56204527,-9.613916955,-159.6690084,-0.990924637,0.036336474,-0.034690821,0.124677873,0.619139297,0.850642314,-160.3720475,-0.011743707,0.031134308,30.04232849
1.099450036,38.24777085,32.93602198,520.4813854,28.6102962,-80.59960819,49.17826814,41.87275272,657.2646827,-11.16193725,-9.583255293,-159.4428072,-0.997302996,0.033781002,-0.037261964,0.053452078,1.121400215,0.871350617,-160.1137708,-0.011974305,0.027326256,30.00764367
1.104270039,38.48468524,33.13773915,523.6475548,28.61029801,-80.59960576,49.12657443,41.82737392,656.4978516,-10.84976299,-9.483415751,-159.211492,-0.998558539,0.031029105,-0.039638914,-0.018622458,1.53542126,0.824825833,-159.852788,-0.011303066,0.020112871,29.97290712
1.109120019,38.72282361,33.34049182,526.8296874,28.61029984,-80.59960332,49.07526405,41.78243693,655.7274351,-10.62395912,-9.341588791,-158.9739057,-0.994580012,0.028098857,-0.041793833,-0.090963341,1.86101102,0.720845171,-159.5896409,-0.010660938,0.009669502,29.93812043
1.113979142,38.9611614,33.54340973,530.0140751,28.61030166,-80.59960088,49.02374803,41.73802188,654.956827,-10.56380832,-9.195465924,-158.7223341,-0.985360411,0.025013466,-0.043705055,-0.162877423,2.012375854,0.572116387,-159.3253056,-0.010256382,-0.001376242,29.9032592
1.118828955,39.1987912,33.74572447,533.1886308,28.61030348,-80.59959845,48.97152461,41.69396179,654.1890279,-10.66255439,-9.099219032,-158.4550001,-0.971001623,0.021800127,-0.045357382,-0.233716305,1.982022488,0.395821585,-159.0609563,-0.00862532,-0.011417173,29.86832848
1.123654769,39.43499062,33.94682568,536.3437844,28.61030529,-80.59959603,48.91820729,41.64993274,653.4264197,-10.89416827,-9.088925193,-158.1726955,-0.951692363,0.018488909,-0.04674561,-0.302910308,1.777827211,0.221698288,-158.7976173,-0.008023252,-0.02080594,29.83334365
1.128448556,39.66936395,34.14638069,539.4743586,28.61030709,-80.59959363,48.86363417,41.60562723,652.6702899,-11.21068871,-9.170124941,-157.8797343,-0.927667814,0.01510732,-0.047872892,-0.370016733,1.440077356,0.08686093,-158.5361153,-0.00895446,-0.027344168,29.79832217
1.133210308,39.90190819,34.34438988,542.5804277,28.61030887,-80.59959124,48.80783078,41.56071948,651.9206298,-11.55682138,-9.327851251,-157.5820083,-0.899162273,0.01167499,-0.048748901,-0.434734916,1.028801492,0.015284407,-158.2769712,-0.009075115,-0.029991022,29.76329531
1.138015518,40.13630199,34.54398674,545.711228,28.61031066,-80.59958884,48.75019329,41.51428598,651.1655471,-11.86998956,-9.541665654,-157.2858064,-0.865868486,0.008155558,-0.049391598,-0.497760707,0.609679613,-0.003404212,-158.0202304,-0.007767835,-0.02891569,29.72849909
1.142876445,40.37312945,34.74566813,548.8746426,28.61031247,-80.59958642,48.69097632,41.4661582,650.403123,-12.10677821,-9.783555638,-156.9920503,-0.827748626,0.004558664,-0.049799366,-0.558866221,0.228794307,0.009370167,-157.7616666,-0.00620818,-0.024860232,29.69380081
1.147778012,40.61164435,34.94879627,552.0607559,28.6103143,-80.59958397,48.6309143,41.41664417,649.6357046,-12.23984993,-10.01054983,-156.7048689,-0.785003888,9.14E-04,-0.049969641,-0.617471534,-0.072947705,0.033035358,-157.5005859,-0.002797984,-0.018344266,29.65904948
1.152701054,40.85090832,35.15256849,555.2570453,28.61031613,-80.59958152,48.57081058,41.36636471,648.8662436,-12.24549669,-10.17509777,-156.4298399,-0.73796068,-0.002743526,-0.049901311,-0.672990614,-0.260888249,0.027435067,-157.2377525,0.002239257,-0.009457027,29.62423222
1.157630504,41.09018799,35.35635781,558.4537029,28.61031797,-80.59957907,48.51095324,41.31607452,648.0970557,-12.18656125,-10.23044587,-156.1662826,-0.686992181,-0.006381165,-0.049593665,-0.724942406,-0.326363542,0.016673435,-156.9744416,0.007562839,-4.15E-04,29.58934957
1.162551057,41.32874293,35.55953365,561.6408118,28.61031979,-80.59957663,48.45184832,41.26663957,647.3304563,-12.08827477,-10.14797695,-155.9147966,-0.632542724,-0.009970524,-0.049050635,-0.772906415,-0.255782812,-0.025865384,-156.7114084,0.013478791,0.008670381,29.55442238
1.167446614,41.56579955,35.76143918,564.8079903,28.61032161,-80.5995742,48.39392675,41.21884673,646.5688791,-11.92674378,-9.922096199,-155.6782396,-0.575125122,-0.013485948,-0.048273724,-0.816528548,-0.070172376,-0.1829617,-156.4492604,0.020235133,0.015578068,29.51943497
1.172309995,41.80101957,35.96179022,567.9506634,28.61032341,-80.59957179,48.33728205,41.17314883,645.813391,-11.7367351,-9.589624412,-155.4525625,-0.515188331,-0.016906307,-0.047263975,-0.855605795,0.157205211,-0.457287969,-156.1889152,0.025439576,0.01864961,29.48441348
1.177157392,42.03519428,36.16126644,571.0793546,28.61032521,-80.59956939,48.2815673,41.12958028,645.0614543,-11.56392206,-9.194612653,-155.2319456,-0.452892491,-0.020228173,-0.046019365,-0.890146859,0.366958869,-0.810158523,-155.9308537,0.027670677,0.019427386,29.44941892
1.182062037,42.27186109,36.36288839,574.2412888,28.61032702,-80.59956697,48.22569553,41.08744477,644.3017431,-11.43428975,-8.782393806,-155.0107558,-0.387596525,-0.023485971,-0.044514788,-0.920454114,0.516040335,-1.199460658,-155.6743487,0.027261175,0.017149694,29.41470248
1.187022554,42.51094581,36.56660111,577.4354552,28.61032885,-80.59956452,48.1694079,41.04643777,643.5345535,-11.35978415,-8.410665775,-154.7802889,-0.319592442,-0.026659244,-0.042740528,-0.946215199,0.564305175,-1.569797844,-155.415376,0.022548297,0.012593577,29.38000134
1.192020363,42.75154555,36.77164231,580.6497886,28.61033069,-80.59956205,48.11267814,41.00610583,642.7628507,-11.34488669,-8.143294386,-154.53607,-0.249449942,-0.029718171,-0.040701132,-0.967075475,0.492891654,-1.847088903,-155.1539943,0.015118638,0.006624875,29.34523712
1.197033781,42.99261162,36.97712227,583.8702899,28.61033254,-80.59955958,48.05565081,40.96584934,641.9900591,-11.36237017,-8.020370786,-154.2785183,-0.17783056,-0.032630583,-0.0384093,-0.98276969,0.304131997,-1.982309847,-154.891152,0.005335031,3.37E-04,29.31039654
1.202041227,43.23310483,37.18215476,587.0830907,28.61033439,-80.59955712,47.99861106,40.92503676,641.2195562,-11.3880946,-8.063839332,-154.0091875,-0.105427774,-0.035364905,-0.035888175,-0.99314971,0.031017301,-1.932266816,-154.627971,-0.005809522,-0.004678374,29.27547926
1.207024882,43.47217271,37.38600722,590.2767997,28.61033622,-80.59955467,47.9422638,40.88313023,640.4540763,-11.36132248,-8.260809719,-153.7346193,-0.032894892,-0.037897037,-0.033168717,-0.998189149,-0.306322375,-1.69906109,-154.3653885,-0.016086547,-0.007265513,29.24050002
1.21197545,43.709377,37.58829548,593.4455319,28.61033804,-80.59955224,47.88698102,40.83982444,639.695026,-11.24154868,-8.568817502,-153.461669,0.039242904,-0.040209608,-0.030283008,-0.997960982,-0.674875056,-1.303037108,-154.1042749,-0.023121199,-0.008275084,29.20547745
1.216901289,43.94512675,37.78935608,596.5947094,28.61033985,-80.59954982,47.83278835,40.79495046,638.9410949,-11.08870367,-8.929127564,-153.1903214,0.110732227,-0.042296098,-0.02725348,-0.992575771,-0.962097697,-0.786045745,-153.845441,-0.027080565,-0.0068457,29.17046914
1.221854878,44.18193763,37.99132214,599.7578854,28.61034166,-80.5995474,47.77920807,40.74812795,638.1842341,-10.91011119,-9.289113608,-152.9230083,0.181963868,-0.044165837,-0.024073588,-0.982017816,-1.139002408,-0.216942832,-153.5884769,-0.027160874,-0.005077702,29.13562104
1.226860258,44.4209571,38.19516073,602.9503293,28.6103435,-80.59954495,47.72592745,40.69947,637.4207799,-10.72489973,-9.600501065,-152.6587012,0.252894958,-0.04580895,-0.020751196,-0.966185835,-1.196082047,0.333698338,-153.3307868,-0.022747683,-0.002431974,29.10089921
1.231904757,44.66157633,38.40034356,606.1638595,28.61034534,-80.59954248,47.67281527,40.64958939,636.6526881,-10.57612472,-9.823692894,-152.395021,0.322942706,-0.047206774,-0.017317059,-0.945081821,-1.128531743,0.79020094,-153.070911,-0.014782173,8.94E-04,29.06613983
1.236968787,44.90285845,38.60606691,609.3859385,28.61034719,-80.59954001,47.61969856,40.59928702,635.8829532,-10.492222,-9.932177285,-152.1319788,0.391438577,-0.048343367,-0.013807453,-0.918829752,-0.972627804,1.091701803,-152.8094763,-0.00445052,0.002140089,29.03131195
1.242030917,45.14378059,38.8114592,612.6029162,28.61034904,-80.59953754,47.56626432,40.54936978,635.1148421,-10.50395768,-9.914576833,-151.8688273,0.457721248,-0.049208905,-0.010255633,-0.887673682,-0.778888238,1.196986721,-152.5474786,0.007381579,0.001989964,28.99641055
1.247074196,45.38353456,39.01583718,615.8040505,28.61035088,-80.59953509,47.51216402,40.50043792,634.3509304,-10.62517372,-9.795657381,-151.6040406,0.521235787,-0.049803157,-0.006690396,-0.851932004,-0.59610888,1.113298911,-152.2860452,0.017802565,3.46E-04,28.96144561
1.252089007,45.62166159,39.21881939,618.9832984,28.6103527,-80.59953265,47.45708791,40.45284943,633.5926688,-10.84323997,-9.603261151,-151.3378126,0.581569823,-0.050132326,-0.003131068,-0.811944264,-0.477787339,0.87900902,-152.0260867,0.02526606,-0.003207491,28.92644154
1.257080049,45.85838166,39.42060545,622.1437055,28.61035452,-80.59953022,47.40059884,40.40663669,632.8393474,-11.14428042,-9.374815453,-151.0695687,0.638518747,-0.050204862,4.16E-04,-0.767966867,-0.44821995,0.545746652,-151.7682377,0.028488635,-0.007334719,28.89144126
1.262095247,46.09595916,39.62313859,625.3156251,28.61035634,-80.59952779,47.34215286,40.36128121,632.0837341,-11.49152945,-9.147423319,-150.7997005,0.692341701,-0.050026553,0.003976295,-0.71982255,-0.513523916,0.183625976,-151.5123192,0.027158008,-0.010735641,28.85658077
1.267163887,46.33576672,39.82760122,628.5174976,28.61035818,-80.59952533,47.28167949,40.31634936,631.3214325,-11.80609589,-8.945010572,-150.530223,0.743000258,-0.049593859,0.007563447,-0.667408316,-0.664362256,-0.104298721,-151.2557202,0.021475615,-0.012086915,28.82185932
1.272274853,46.57726395,40.03354226,631.7421981,28.61036003,-80.59952286,47.21984389,40.27164334,630.5541262,-12.03621249,-8.795844333,-150.2619824,0.790018108,-0.048904639,0.011158759,-0.611027993,-0.840428587,-0.25395746,-150.9971186,0.012493394,-0.009775474,28.78710885
1.277406577,46.81942347,40.24009086,634.9760543,28.61036189,-80.59952038,47.15765389,40.22710482,629.785033,-12.13457232,-8.70580314,-149.9985174,0.832881468,-0.047961847,0.014730927,-0.551172497,-0.975933208,-0.22945678,-150.7368202,0.001847387,-0.00529752,28.75228681
1.282536865,47.06119766,40.44635372,638.2050633,28.61036374,-80.5995179,47.09618274,40.18278075,629.0174318,-12.07750693,-8.655213053,-149.7439561,0.871163977,-0.046771208,0.018247158,-0.488418694,-1.017994843,-0.033076091,-150.4758913,-0.008803446,6.36E-04,28.71738638
1.287646943,47.30170928,40.65157826,641.4174402,28.61036559,-80.59951544,47.03637323,40.13873927,628.2540708,-11.86241612,-8.628116643,-149.5006727,0.904565413,-0.045340176,0.021671615,-0.423362756,-0.915122672,0.299361005,-150.2154632,-0.017039666,0.008409482,28.68241957
1.292728073,47.54056009,40.85541745,644.6077551,28.61036742,-80.59951299,46.97878856,40.09508562,627.4961952,-11.52915913,-8.605786483,-149.2678337,0.932936712,-0.04367762,0.024974913,-0.356507519,-0.655386341,0.689730167,-149.9565336,-0.021754376,0.015010013,28.64741545
1.297788343,47.77814474,41.05819975,647.7811479,28.61036924,-80.59951056,46.92353118,40.05177493,626.7425594,-11.1275852,-8.575831145,-149.0429108,0.956262897,-0.041787371,0.028138228,-0.288137687,-0.257999888,1.05967229,-149.699592,-0.022463421,0.020580601,28.61242461
1.302873122,48.01660369,41.26174393,650.9660723,28.61037107,-80.59950812,46.87004078,40.00844258,625.9864081,-10.71459248,-8.541826201,-148.8208842,0.974643354,-0.039659958,0.031162359,-0.218005336,0.233782847,1.333909825,-149.4442601,-0.018850214,0.022934931,28.57756971
1.308011027,48.2572828,41.46719152,654.1803712,28.61037292,-80.59950565,46.81784607,39.96487617,625.2235244,-10.32413169,-8.500772173,-148.596875,0.987986251,-0.037288757,0.03403488,-0.146062806,0.767575093,1.479043959,-149.1881542,-0.014055167,0.021127396,28.54284026
1.313193128,48.49976406,41.67418008,657.4183513,28.61037478,-80.59950317,46.76645066,39.92109558,624.4553187,-10.01238446,-8.460260735,-148.3644942,0.996066838,-0.034683638,0.036719984,-0.072797952,1.262940916,1.466768388,-148.9298511,-0.007873618,0.014806865,28.50809286
1.318396282,48.74296395,41.88178131,660.6654847,28.61037665,-80.59950067,46.71526432,39.87709583,623.6853217,-9.850098704,-8.443656534,-148.1172897,0.998723155,-0.031868037,0.039183378,0.001072797,1.613883175,1.28870779,-148.6700572,-7.92E-04,0.004992399,28.4732709
1.323596504,48.98575999,42.08903608,663.9067889,28.61037851,-80.59949819,46.66371166,39.83278898,622.9171701,-9.849464882,-8.477034318,-147.8535356,0.995919947,-0.02887317,0.04139838,0.074806232,1.765924652,0.985048495,-148.409741,0.003524381,-0.006014218,28.43836574
1.32877381,49.22721719,42.29514704,667.1298455,28.61038037,-80.59949571,46.6112832,39.78799818,622.1538813,-10.00079812,-8.576371325,-147.5741721,0.98774337,-0.025734355,0.043351091,0.147720892,1.694314796,0.621028307,-148.1500929,0.006651468,-0.017752953,28.40339153
1.33391796,49.46685544,42.49970594,670.3283508,28.61038221,-80.59949326,46.55770025,39.74251849,621.3969889,-10.26454994,-8.738616951,-147.2836235,0.974359526,-0.022482479,0.045042576,0.21929254,1.424489126,0.273865357,-147.8921431,0.006480686,-0.025500001,28.3683741
1.33904091,49.70522813,42.70318645,673.5098087,28.61038404,-80.59949082,46.5027564,39.69610856,620.6447244,-10.57179414,-8.949027826,-146.9888904,0.955909785,-0.019136142,0.046482319,0.289326261,1.033111272,-0.004003705,-147.6364267,0.004173147,-0.029032998,28.33337711
1.344199562,49.94497381,42.90784188,676.7095482,28.61038588,-80.59948836,46.44599311,39.6482552,619.8887222,-10.87197315,-9.171121956,-146.6957205,0.932284132,-0.015679413,0.04768907,0.358226473,0.599211529,-0.174771813,-147.3823398,0.001182521,-0.028165758,28.29855824
1.349413086,50.18696911,43.11442091,679.9393647,28.61038774,-80.59948588,46.38753343,39.59899621,619.1261645,-11.12209457,-9.37255258,-146.4066717,0.903407169,-0.012118753,0.048665905,0.425840641,0.199821997,-0.238981535,-147.1270274,-0.001830458,-0.022987451,28.26384157
1.354665858,50.4304759,43.32229388,683.1894784,28.61038961,-80.59948339,46.32791028,39.54889148,618.3593159,-11.28551669,-9.510644323,-146.1262738,0.86940566,-0.00848253,0.049407009,0.49154938,-0.088301593,-0.218956661,-146.8694911,-0.00338794,-0.01330914,28.22907775
1.359940865,50.67469718,43.53078196,686.4493003,28.61039148,-80.59948089,46.26769733,39.49869078,617.5906129,-11.40252908,-9.54951549,-145.8546412,0.83050872,-0.004800346,0.049908849,0.554744382,-0.244161719,-0.111147778,-146.6107612,-0.002513454,-0.001949597,28.19425585
1.365213878,50.91850897,43.73892845,689.7038404,28.61039335,-80.59947839,46.20769867,39.44934707,616.8235045,-11.41204357,-9.458699865,-145.5991709,0.787099501,-0.001106011,0.050165138,0.614781758,-0.196824525,-0.016994144,-146.3515674,2.90E-04,0.010576965,28.15935556
1.370466027,51.16104302,43.94599633,692.9414857,28.61039521,-80.5994759,46.14853562,39.40164893,616.0606533,-11.33236386,-9.236036411,-145.3596256,0.73961694,0.002574502,0.050171997,0.671150449,0.030161225,0.001344243,-146.0929385,0.005043129,0.020437412,28.12438781
1.375689563,51.40194977,44.15169235,696.1575219,28.61039706,-80.59947344,46.09056615,39.35605534,615.3031168,-11.18678412,-8.913336014,-145.1331683,0.688463441,0.006222223,0.049925119,0.723523916,0.365866268,-0.106934549,-145.8358082,0.011208995,0.026001617,28.08938669
1.380900325,51.64196805,44.35665323,699.3617534,28.61039891,-80.59947098,46.03365224,39.31257779,614.548566,-11.00935662,-8.536596888,-144.9147132,0.633819532,0.009832327,0.049417814,0.77183807,0.719349211,-0.348014225,-145.5806133,0.015951976,0.027305838,28.05441533
1.386148581,51.88341591,44.56286504,702.5850699,28.61040076,-80.5994685,45.97717279,39.27068677,613.78974,-10.8374581,-8.153851798,-144.6975507,0.575441336,0.013424586,0.0486342,0.816285345,1.010425622,-0.686008037,-145.3266163,0.018874723,0.023924902,28.01960948
1.391448576,52.12694508,44.7708907,705.836124,28.61040263,-80.59946601,45.92082179,39.22983551,613.0246502,-10.69065736,-7.826880033,-144.4736889,0.513417062,0.016989743,0.047559041,0.856651859,1.163727354,-1.067423338,-145.0713732,0.017980243,0.015794352,27.98487939
1.396784326,52.37181695,44.98010351,709.1050187,28.61040451,-80.5994635,45.86459856,39.18948268,612.255691,-10.57930611,-7.61045066,-144.2379913,0.4482121,0.020495353,0.046188498,0.892497886,1.134432999,-1.416565734,-144.8141747,0.013883719,0.006281108,27.95010169
1.402132921,52.61697828,45.18960413,712.377668,28.6104064,-80.59946099,45.8086708,39.14900714,611.4862381,-10.49774834,-7.538289379,-143.9893973,0.380441264,0.023903311,0.044529282,0.923423099,0.919808804,-1.660590395,-144.5557728,0.007032215,-0.003362443,27.91524859
1.407472351,52.86142326,45.39852786,715.6406079,28.61040828,-80.59945848,45.75369013,39.10773848,610.7194798,-10.38310724,-7.623563481,-143.7328181,0.310765089,0.027174145,0.042597111,0.94914283,0.517661586,-1.774793666,-144.2970297,-0.002401029,-0.011479004,27.88032288
1.412789741,53.10456984,45.6063664,718.8860145,28.61041015,-80.59945599,45.69980484,39.06511665,609.9572908,-10.21195221,-7.855410098,-143.471971,0.239758901,0.030276303,0.040417215,0.96951816,-0.030246776,-1.714299942,-144.0390855,-0.012257878,-0.015916201,27.84534678
1.418089849,53.34664318,45.81329904,722.1168441,28.61041201,-80.59945351,45.64686006,39.02075142,609.1990014,-10.05681424,-8.18635451,-143.2052195,0.167769043,0.033190034,0.038013183,0.984533883,-0.575422022,-1.432867342,-143.7828453,-0.019758903,-0.015878897,27.81037309
1.423402051,53.58898899,46.02046268,725.3510168,28.61041387,-80.59945103,45.5944099,38.97432456,608.4404199,-9.924482927,-8.55743786,-142.9356102,0.094794061,0.035909979,0.035396626,0.99421911,-1.022797783,-0.986131786,-143.5280293,-0.024333833,-0.01147927,27.77548412
1.428753581,53.83284833,46.22890572,728.6050624,28.61041575,-80.59944853,45.54192327,38.92578128,607.6776824,-9.829963962,-8.917474176,-142.6638393,0.020850873,0.038427776,0.032579664,0.99851245,-1.305087821,-0.449776448,-143.2732181,-0.024105695,-0.004079896,27.74069848
1.434142967,54.07814896,46.43855702,731.8780053,28.61041763,-80.59944602,45.48906252,38.87561789,606.9110222,-9.79689078,-9.209563857,-142.39031,-0.053638368,0.040725663,0.029588188,0.997290773,-1.380856892,0.072977621,-143.0170739,-0.018386166,0.004475912,27.70592068
1.439553057,54.32410449,46.64873994,735.1593703,28.61041952,-80.5994435,45.43556693,38.82467698,606.1428895,-9.835845884,-9.38584904,-142.117212,-0.128021461,0.042784415,0.026454918,0.990494895,-1.267214608,0.473105713,-142.7596242,-0.007989281,0.011753467,27.67109247
1.444962578,54.56974262,46.85862531,738.4362388,28.61042141,-80.59944098,45.38122029,38.77390446,605.3762962,-9.954553819,-9.422240857,-141.846225,-0.201590077,0.044590495,0.023211273,0.978179107,-1.023007448,0.673251048,-142.5016614,0.004788616,0.016043517,27.63619543
1.450355343,54.81432414,47.06758908,741.6988334,28.61042329,-80.59943848,45.3258313,38.72409029,604.6135136,-10.14907081,-9.328451646,-141.5780845,-0.273722689,0.04613918,0.019882434,0.960495577,-0.732003375,0.652878622,-142.2442111,0.016823749,0.016304882,27.60124149
1.455727554,55.05767193,47.27549242,744.944907,28.61042516,-80.59943599,45.26882847,38.67567406,603.8550808,-10.4069948,-9.135259394,-141.3127254,-0.343988578,0.047433902,0.016482464,0.937630104,-0.473142782,0.439924199,-141.9881243,0.02581631,0.013740856,27.56626424
1.461108014,55.30108073,47.48345808,748.1918848,28.61042703,-80.59943349,45.20966934,38.62861913,603.0969244,-10.81166858,-8.882799008,-141.0421519,-0.412389485,0.048488748,0.01300066,0.909623404,-0.224695396,0.027865897,-141.7343771,0.029761214,0.007441244,27.53136065
1.466530597,55.54606844,47.69279981,751.4601593,28.61042891,-80.59943098,45.14841711,38.58270262,602.3342482,-11.1637807,-8.606046471,-140.777667,-0.478956275,0.049311144,0.009420275,0.876402052,-0.168051599,-0.413148352,-141.4809055,0.02743126,-0.001718984,27.49658134
1.471995619,55.79263463,47.90353199,754.7498322,28.61043081,-80.59942846,45.08579821,38.53785582,601.5669844,-11.40367359,-8.330493778,-140.5205043,-0.543273035,0.049894416,0.005744877,0.838052477,-0.311528009,-0.759834107,-141.2259843,0.018473318,-0.009985983,27.46181818
1.477483588,56.03989136,48.11490579,758.0491018,28.61043271,-80.59942592,45.02294768,38.49403063,600.7978346,-11.48522375,-8.087331486,-140.2720998,-0.604708201,0.050226834,0.001997433,0.794859275,-0.598341906,-0.898081908,-140.9695454,0.004805009,-0.014990839,27.4269965
1.482970795,56.28677128,48.32601253,761.3436971,28.61043461,-80.5994234,44.96110402,38.45116514,600.0300689,-11.38990034,-7.889250205,-140.0339127,-0.662642855,0.05029743,-0.0017908,0.747242536,-0.934529968,-0.770421248,-140.7124724,-0.010408562,-0.016096164,27.392099
1.488438725,56.532451,48.53614563,764.6225306,28.61043649,-80.59942088,44.90130597,38.40911365,599.2662213,-11.12452417,-7.740911272,-139.8062583,-0.716589782,0.050095435,-0.005585552,0.695671138,-1.211182751,-0.378422405,-140.4558879,-0.024377002,-0.012793071,27.35713786
1.493883127,56.77675491,48.74514722,767.8831092,28.61043837,-80.59941838,44.8440868,38.36762081,598.5068462,-10.732921,-7.646370077,-139.5864671,-0.766267204,0.049612858,-0.009355694,0.640535406,-1.327561506,0.204608509,-140.2007136,-0.033190134,-0.004966008,27.32215137
1.499322202,57.02051542,48.95371919,771.136372,28.61044025,-80.59941588,44.78940055,38.32629477,597.749395,-10.28061112,-7.601395649,-139.370039,-0.811615398,0.048842514,-0.01308293,0.581999735,-1.233674066,0.858342128,-139.9472088,-0.03604748,0.003368974,27.28721034
1.504788535,57.2652045,49.16310972,774.4017916,28.61044213,-80.59941337,44.73682956,38.2846078,596.9893592,-9.831877318,-7.60275475,-139.1513574,-0.852646346,0.047772961,-0.016755827,0.520029995,-0.931763156,1.459542114,-139.694558,-0.032288701,0.011572542,27.25237538
1.51029837,57.51155581,49.37393489,777.6889971,28.61044403,-80.59941085,44.68581156,38.24213761,596.2245544,-9.415575968,-7.656271015,-138.9261884,-0.889182364,0.046395496,-0.02034894,0.454739599,-0.449064078,1.923933778,-139.4412213,-0.02241627,0.016640453,27.21760505
1.515839967,57.75904724,49.58573727,780.9909051,28.61044593,-80.59940831,44.63562487,38.19861967,595.4567245,-9.12776004,-7.770619176,-138.6856527,-0.920859577,0.044716081,-0.023819171,0.386588617,0.1203307,2.121596083,-139.1865408,-0.008121736,0.017243853,27.18280874
1.52138949,58.00661473,49.797598,784.2932757,28.61044784,-80.59940578,44.58548517,38.1539477,594.6892826,-9.014677309,-7.944443261,-138.4265153,-0.947327633,0.042757555,-0.02712194,0.316238119,0.64996358,2.012162369,-138.930945,0.006219186,0.012226619,27.14793955
1.526924928,58.25327478,50.00867062,787.5830263,28.61044974,-80.59940325,44.53465568,38.10813993,593.9253515,-9.083425811,-8.159234563,-138.1504765,-0.968361053,0.040551621,-0.030225125,0.244374465,1.017449322,1.642689819,-138.6755287,0.017346846,0.002882978,27.11299771
1.532435387,58.49853834,50.2185353,790.8537359,28.61045162,-80.59940074,44.48252707,38.06123657,593.1664758,-9.305213792,-8.395640261,-137.862154,-0.98387765,0.038132031,-0.033113565,0.171564009,1.155058163,1.117395262,-138.4213298,0.023407112,-0.007450519,27.07801432
1.537931046,58.74285198,50.42757557,794.1115004,28.6104535,-80.59939823,44.42865244,38.01328099,592.4112539,-9.624814151,-8.625793967,-137.5683244,-0.993898821,0.035523171,-0.035789227,0.098093678,1.060609085,0.567534131,-138.1688759,0.023263913,-0.016104162,27.04304727
1.543445849,58.98771368,50.63707649,797.376446,28.61045539,-80.59939573,44.37265274,37.96426106,591.6550043,-9.983310138,-8.819822852,-137.2751472,-0.998444748,0.032733901,-0.038268099,0.023919232,0.785892774,0.108162411,-137.9177018,0.017455505,-0.021352436,27.00817973
1.549003734,59.23417087,50.84793906,800.662682,28.61045729,-80.5993932,44.31450248,37.91443195,590.8944174,-10.31943906,-8.945466595,-136.9879171,-0.997437116,0.029772482,-0.040556526,-0.050872067,0.425990141,-0.177973274,-137.6662213,0.008326279,-0.02122283,26.97340417
1.554598077,59.48191457,51.05990546,803.9662101,28.61045919,-80.59939066,44.25469598,37.86449988,590.1303523,-10.59330204,-8.966298117,-136.7108897,-0.990783898,0.026656482,-0.04264826,-0.125768937,0.082838354,-0.247907606,-137.4132876,-0.0026147,-0.016016902,26.93861957
1.560209492,59.73007601,51.27224028,807.2755294,28.6104611,-80.59938812,44.19404688,37.81530731,589.3653829,-10.7712636,-8.866393924,-136.4480653,-0.978486683,0.023406947,-0.044532068,-0.200082035,-0.134661697,-0.120756791,-137.1593047,-0.01136338,-0.005815017,26.90377592
1.56581677,59.97771431,51.48414682,810.578125,28.61046301,-80.59938558,44.13346558,37.76764527,588.6023108,-10.82595639,-8.649310108,-136.2021937,-0.960664252,0.020045308,-0.04619314,-0.273109089,-0.139369851,0.126050408,-136.9051282,-0.016307222,0.006892813,26.86886526
1.571406987,60.22426253,51.69514783,813.8664165,28.6104649,-80.59938306,44.07369418,37.72206929,587.8428076,-10.7634336,-8.33505139,-135.972403,-0.93751133,0.016587455,-0.047616675,-0.344281884,0.086550749,0.38889769,-136.6516016,-0.016237628,0.01906061,26.83390921
1.576986005,60.46998634,51.90547793,817.1438903,28.6104668,-80.59938054,44.01506594,37.67867927,587.0860223,-10.61108255,-7.964755095,-135.7546284,-0.909195616,0.013037146,-0.048790596,-0.413295104,0.494557646,0.56557201,-136.3993661,-0.012052388,0.027180153,26.7989568
1.582581139,60.71609503,52.11617802,820.4265945,28.61046869,-80.59937802,43.95756561,37.63708198,586.3282377,-10.3984063,-7.595236501,-135.5427406,-0.875751465,0.009384686,-0.049702737,-0.480105132,0.991126264,0.576885411,-136.1482055,-0.003953145,0.030139495,26.7640837
1.588213966,60.96354071,52.32806678,823.7271346,28.6104706,-80.59937549,43.90109131,37.59663593,585.5665695,-10.15090228,-7.290034175,-135.329417,-0.837186382,0.005631298,-0.050334242,-0.544567456,1.455929673,0.383232794,-135.8969091,0.004971598,0.026219088,26.72929005
1.593882617,61.21224277,52.54107558,827.0443374,28.61047251,-80.59937294,43.84559621,37.55668286,584.801344,-9.903338961,-7.090342679,-135.1082294,-0.793656674,0.001797561,-0.050663518,-0.606249999,1.774908906,0.018191225,-135.6445063,0.011593111,0.0174211,26.69449954
1.599569499,61.46143198,52.754542,830.3678541,28.61047443,-80.59937039,43.79105902,37.51648893,584.0350242,-9.681279445,-7.03236693,-134.8748132,-0.745497921,-0.002078108,-0.050673561,-0.664575595,1.859336531,-0.445296482,-135.3910676,0.014826189,0.004655603,26.65966032
1.605253197,61.71017454,52.96765809,833.6851598,28.61047635,-80.59936784,43.7375185,37.47532944,583.2705693,-9.508996253,-7.130508833,-134.6270568,-0.693166606,-0.005950277,-0.050358729,-0.718991411,1.672128016,-0.896297328,-135.1373754,0.012404805,-0.009256106,26.62475514
1.610921641,61.95794894,53.1799646,836.9892391,28.61047826,-80.5993653,43.6849519,37.43256419,582.50965,-9.335279987,-7.376305063,-134.3703483,-0.637107632,-0.009775537,-0.049727459,-0.769106939,1.238153128,-1.288843245,-134.8842233,0.006792871,-0.020302229,26.58980431
1.61657922,62.20495274,53.39161672,840.2826885,28.61048016,-80.59936277,43.632938,37.38783476,581.7517144,-9.221591836,-7.720029113,-134.1040288,-0.577635345,-0.013520923,-0.048795783,-0.814722999,0.641228071,-1.485331579,-134.6324989,-0.001807597,-0.025247823,26.55485461
1.622249132,62.45220013,53.60347047,843.57902,28.61048207,-80.59936024,43.58087168,37.34096098,580.9936817,-9.176509081,-8.090950431,-133.8317167,-0.514853671,-0.01717126,-0.047577184,-0.855784586,0.019230459,-1.453284923,-134.381873,-0.010154915,-0.023618576,26.51997103
1.62795245,62.70060565,53.81629909,846.8904409,28.61048398,-80.59935769,43.52817517,37.29205703,580.2327602,-9.199817935,-8.435919065,-133.5558157,-0.448859557,-0.020711215,-0.046086609,-0.892172723,-0.512660473,-1.219763609,-134.1313037,-0.016369227,-0.016975993,26.48515991
1.633688277,62.95012208,54.03005595,850.2163645,28.6104859,-80.59935513,43.47445128,37.2417633,579.4690827,-9.291545472,-8.693817026,-133.2792449,-0.380002802,-0.024116732,-0.044343363,-0.923607016,-0.85142859,-0.860418463,-133.8798235,-0.018227867,-0.005240934,26.45035868
1.63944062,63.20004471,54.2441374,853.5474708,28.61048783,-80.59935257,43.41955924,37.1910286,578.704765,-9.447674528,-8.819443211,-133.0051683,-0.308849353,-0.027364872,-0.042370547,-0.949772593,-0.944266324,-0.483287521,-133.6274325,-0.014657773,0.007309543,26.41551071
1.645192064,63.44960916,54.45789466,856.8736645,28.61048975,-80.59935002,43.36348105,37.14080772,577.9420878,-9.643672207,-8.798118755,-132.7371292,-0.236023664,-0.030437198,-0.040188142,-0.970438726,-0.818330907,-0.203623188,-133.3748164,-0.006871566,0.017147507,26.3806083
1.650932756,63.69838192,54.67096739,860.1892704,28.61049167,-80.59934747,43.30627702,37.09186319,577.182309,-9.85956805,-8.647262476,-132.4763922,-0.162079352,-0.033325595,-0.037813683,-0.985489632,-0.552458047,-0.088207095,-133.1227543,0.003000293,0.022527018,26.34567044
1.656666209,63.9465094,54.88349561,863.4963462,28.61049358,-80.59934493,43.2477887,37.04463015,576.4249315,-10.07457743,-8.391786228,-132.2235738,-0.087403721,-0.036029828,-0.035253719,-0.994896787,-0.243293576,-0.163131952,-132.8717685,0.012997231,0.022260256,26.31073272
1.662422663,64.1952914,55.09660936,866.8123247,28.61049549,-80.59934238,43.18792312,36.99909082,575.6659288,-10.3170047,-8.075194664,-131.9739842,-0.012030297,-0.038562721,-0.032496792,-0.998655169,0.059508888,-0.389051058,-132.622121,0.019960081,0.01635377,26.27588269
1.668215915,64.44531402,55.31082605,870.1450933,28.61049742,-80.59933982,43.12717726,36.95505121,574.9034557,-10.46263521,-7.750412748,-131.732358,0.063791714,-0.04091948,-0.029535823,-0.996686434,0.179582808,-0.715495192,-132.3722237,0.021684589,0.005324372,26.2410869
1.67403904,64.6962716,55.52589481,873.4906,28.61049935,-80.59933725,43.06636381,36.91226972,574.1384065,-10.48826534,-7.461159159,-131.4968317,0.139531141,-0.043082489,-0.026375114,-0.988928366,0.077089799,-1.02712674,-132.1212641,0.017617298,-0.006168395,26.20627631
1.679873783,64.94737729,55.74114596,876.8383167,28.61050129,-80.59933467,43.00645666,36.87041612,573.373161,-10.37639627,-7.243745807,-131.266664,0.214506887,-0.045024429,-0.023032302,-0.975412277,-0.235069197,-1.205074339,-131.8695229,0.008657295,-0.01637211,26.17141293
1.685704115,65.19794863,55.95599214,880.1790464,28.61050322,-80.59933211,42.94826699,36.82909161,572.6098035,-10.14012932,-7.113947953,-131.0406026,0.288080117,-0.046717898,-0.019530949,-0.956266608,-0.676711802,-1.169314569,-131.6177981,-0.002569618,-0.022558166,26.13649749
1.691523949,65.44773635,56.17021135,883.5093268,28.61050515,-80.59932955,42.89222675,36.78779799,571.8491274,-9.811900605,-7.077796053,-130.8164749,0.359760379,-0.048138205,-0.015897884,-0.931666485,-1.133288654,-0.891554573,-131.3668127,-0.014077841,-0.022696243,26.10155844
1.697344275,65.69722509,56.38420703,886.835464,28.61050707,-80.59932699,42.83827894,36.74601736,571.0897134,-9.446108613,-7.124648285,-130.5910493,0.429282666,-0.049266898,-0.012154,-0.901743559,-1.485219578,-0.415189995,-131.1168695,-0.022317414,-0.01778729,26.06664315
1.703185703,65.94730824,56.59873174,890.1692207,28.610509,-80.59932443,42.78594174,36.70322392,570.3289234,-9.09922218,-7.243115449,-130.3601851,0.496489467,-0.050088884,-0.008318969,-0.866556465,-1.642737256,0.172478617,-130.8675211,-0.025473898,-0.009079745,26.03179013
1.709056255,66.19833382,56.81407114,893.5151259,28.61051094,-80.59932186,42.73443376,36.65915604,569.5657961,-8.844979798,-7.412600601,-130.1185636,0.561061028,-0.050592046,-0.004424019,-0.826215102,-1.558253953,0.734626488,-130.6179662,-0.022396922,7.19E-04,25.99697221
1.714946079,66.44988089,57.0298541,896.8675171,28.61051288,-80.59931928,42.68306156,36.61380849,568.801693,-8.723861666,-7.602596144,-129.8645922,0.622488394,-0.050770039,-5.10E-04,-0.780980373,-1.269427538,1.147054426,-130.3679039,-0.014408902,0.008314515,25.9621302
1.720838352,66.70122865,57.24545631,900.2168036,28.61051482,-80.59931671,42.63116386,36.56737427,568.0388605,-8.741827659,-7.794526526,-129.5994481,0.680233333,-0.050628419,0.003380992,-0.73123727,-0.859346624,1.342234979,-130.1178354,-0.003205036,0.012268671,25.92723662
1.726721891,66.95189554,57.46046328,903.5566455,28.61051675,-80.59931414,42.57817226,36.52014607,567.2787805,-8.89219528,-7.962475238,-129.3258131,0.73387165,-0.050183988,0.007215737,-0.677393462,-0.439328606,1.297622786,-129.8682457,0.00711655,0.011206829,25.89230628
1.732597939,67.20192765,57.67491747,906.887777,28.61051868,-80.59931158,42.52367588,36.47245037,566.5212926,-9.13321298,-8.082171998,-129.0490692,0.78313716,-0.049454615,0.0109765,-0.619782176,-0.11615294,1.068700691,-129.6196117,0.013654346,0.00587284,25.85737325
1.738482728,67.45200565,57.88940917,910.2194067,28.61052061,-80.59930902,42.4673892,36.4245706,565.7642854,-9.420395877,-8.139156658,-128.7736464,0.827897029,-0.048455482,0.014659208,-0.558590801,0.048898854,0.745878004,-129.3718788,0.015450918,-0.001150198,25.8224819
1.744396275,67.70296736,58.10466605,913.5628353,28.61052255,-80.59930645,42.40926547,36.37678585,565.0051541,-9.706681783,-8.121572744,-128.5033419,0.868018055,-0.047195676,0.018267233,-0.493946892,0.040960667,0.435398503,-129.124348,0.011673381,-0.008115213,25.78765178
1.750342824,67.95497941,58.3208412,916.9204001,28.61052449,-80.59930386,42.34970189,36.32945109,564.2433142,-9.938956314,-8.031017552,-128.2413711,0.903237752,-0.045680741,0.02179459,-0.426145315,-0.094219122,0.239524208,-128.8761541,0.003719294,-0.011042814,25.75284293
1.756311414,68.20756774,58.53753764,920.2858587,28.61052644,-80.59930128,42.28949549,36.28301853,563.4801099,-10.07408259,-7.878363319,-127.9902111,0.93323382,-0.043917953,0.02522302,-0.35568195,-0.26891549,0.220111741,-128.6270933,-0.006334375,-0.010172272,25.71800909
1.762285185,68.46001609,58.75414863,923.6496818,28.61052839,-80.59929869,42.22953308,36.23790371,562.7176295,-10.08208533,-7.67074238,-127.7521632,0.957730499,-0.041914113,0.028528695,-0.283163577,-0.385811106,0.3931014,-128.3775703,-0.015963578,-0.005236599,25.68312319
1.768255701,68.71197156,58.97037668,927.0071247,28.61053033,-80.59929611,42.17056854,36.19427292,561.9568863,-9.973071743,-7.428468264,-127.5259596,0.976569798,-0.039671118,0.031689613,-0.209125321,-0.369004388,0.702238889,-128.1283941,-0.022298946,0.002607054,25.64820907
1.774228676,68.96368254,59.18643717,930.3614095,28.61053227,-80.59929353,42.11296353,36.15193113,561.1971243,-9.768308528,-7.190180907,-127.308078,0.989684417,-0.037185577,0.03468432,-0.133936501,-0.172091064,1.047646912,-127.8801708,-0.02277661,0.011583251,25.61330114
1.780220639,69.21585267,59.40293335,933.7218018,28.61053422,-80.59929095,42.05674616,36.11036399,560.436256,-9.512950041,-6.999067365,-127.0917081,0.997027202,-0.034452735,0.037491673,-0.057828549,0.184091491,1.309227061,-127.6324311,-0.017344152,0.018257302,25.57844272
1.786239261,69.46881011,59.62014334,937.0925594,28.61053617,-80.59928836,42.00171897,36.06894719,559.6733673,-9.256137602,-6.891453579,-126.8699178,0.998522406,-0.031477109,0.040084532,0.018852749,0.623582039,1.393728771,-127.3845082,-0.00771644,0.020328805,25.54361416
1.79227635,69.72221456,59.83776869,940.4690508,28.61053813,-80.59928576,41.94765158,36.02708726,558.9095765,-9.03678611,-6.890957502,-126.6377279,0.994117562,-0.028280449,0.042430374,0.095551829,1.044352138,1.259831498,-127.1360888,0.002913163,0.017556403,25.50876736
1.798317977,69.97548508,60.0553022,943.8434691,28.61054009,-80.59928317,41.89423433,35.98428285,558.1467238,-8.884594253,-6.995863047,-126.3931957,0.98383938,-0.024896084,0.044502854,0.171638442,1.343169364,0.934274531,-126.8875134,0.011579632,0.011075317,25.47388088
1.804354608,70.22822487,60.27239373,947.2104981,28.61054204,-80.59928058,41.84118039,35.94022295,557.3860638,-8.806988547,-7.185187077,-126.1376685,0.967789067,-0.021363056,0.046285166,0.24654741,1.459614516,0.493149685,-126.6393608,0.016073509,0.002785098,25.43896029
1.810392382,70.48069246,60.48925609,950.5735761,28.61054399,-80.59927799,41.78816319,35.89476374,556.6268468,-8.77276196,-7.414006284,-125.8768098,0.94607355,-0.01771186,0.047770485,0.319920472,1.411061778,0.030010643,-126.391883,0.015232453,-0.004786121,25.4040486
1.81644187,70.73332786,60.70626001,953.9385872,28.61054594,-80.5992754,41.73462319,35.84794704,555.8677735,-8.803689981,-7.641479502,-125.6113768,0.918787212,-0.013969555,0.048958157,0.391456268,1.203238708,-0.358100536,-126.1449132,0.010359637,-0.011005492,25.36917208
1.822510163,70.9864209,60.92365094,957.3094491,28.6105479,-80.59927281,41.68014606,35.800083,555.1079657,-8.905351372,-7.825960438,-125.3432445,0.886039362,-0.010160239,0.049851962,0.46080994,0.895155558,-0.593196766,-125.8980806,0.00268947,-0.012415011,25.33431686
1.828598378,71.24000981,61.14146216,960.6867497,28.61054986,-80.59927021,41.62452068,35.75165031,554.3472777,-9.053556105,-7.937357265,-125.0762542,0.847987978,-0.006307098,0.050456424,0.52757062,0.583511043,-0.65716876,-125.651365,-0.004147347,-0.009801772,25.29946694
1.834701817,71.49388972,61.35952233,964.0678514,28.61055182,-80.59926761,41.56773262,35.70329964,553.5862714,-9.221139999,-7.957244882,-124.8133778,0.804864238,-0.002434623,0.050777373,0.591277676,0.355466368,-0.580469404,-125.4043984,-0.009843399,-0.003339543,25.26460669
1.840812396,71.74771657,61.57754421,967.4482598,28.61055378,-80.59926501,41.50999001,35.65571688,552.825909,-9.382251877,-7.86949073,-124.5578867,0.7569744,0.001438656,0.050819264,0.651463806,0.277863253,-0.425770577,-125.1573577,-0.01090088,0.005510119,25.22972342
1.84692772,72.00138531,61.79544804,970.8266465,28.61055574,-80.59926241,41.45161161,35.60937739,552.0664364,-9.507581057,-7.691636485,-124.3113261,0.704627312,0.005300628,0.05058351,0.707752473,0.355623506,-0.288975984,-124.9105727,-0.00793402,0.012994476,25.19483
1.853054133,72.2551552,62.01346741,974.2065066,28.6105577,-80.59925981,41.39291463,35.56443968,551.3070245,-9.575638708,-7.457373663,-124.0733565,0.648081068,0.00914456,0.050065361,0.759868914,0.538133293,-0.250937394,-124.6641509,-0.001865053,0.016863392,25.15994954
1.859199739,72.5093595,62.23189763,977.5922852,28.61055966,-80.59925721,41.33434945,35.52076867,550.5466399,-9.567575236,-7.214205666,-123.8421142,0.587584554,0.012961891,0.049257167,0.807558117,0.732454844,-0.358110133,-124.4177953,0.005145955,0.015566652,25.1250978
1.865365928,72.76405552,62.45079321,980.984711,28.61056163,-80.5992546,41.27631992,35.47804253,549.785109,-9.480862832,-7.006212069,-123.6146187,0.523464794,0.016734286,0.048152388,0.85052097,0.840698584,-0.597496769,-124.171188,0.010968396,0.009808657,25.0902497
1.871548675,73.01907934,62.67001435,984.3815363,28.6105636,-80.59925199,41.21918463,35.43585805,549.0229412,-9.33208433,-6.861553711,-123.3877205,0.456131112,0.020433372,0.046745685,0.888449057,0.799679741,-0.904327011,-123.9243358,0.013620933,0.002586827,25.05539118
1.877741392,73.27416397,62.8893281,987.77912,28.61056558,-80.59924937,41.16313692,35.39367636,548.2609812,-9.147087972,-6.801033882,-123.1581776,0.386051943,0.024025448,0.045037133,0.921063696,0.58839157,-1.187993401,-123.6774129,0.011529227,-0.005711187,25.0205169
1.883937462,73.52904282,63.10849794,991.1738254,28.61056755,-80.59924676,41.10815427,35.35099581,547.5000853,-8.956732414,-6.835999686,-122.9234075,0.313723908,0.027473609,0.04303622,0.948140493,0.23449943,-1.357575553,-123.4310336,0.005829451,-0.011328515,24.98562104
1.890134829,73.7836371,63.32744645,994.5645302,28.61056952,-80.59924416,41.05405186,35.30738324,546.740549,-8.794193669,-6.953739256,-122.6815381,0.239609399,0.030747301,0.040761214,0.969525896,-0.182118411,-1.356588842,-123.1851396,-0.001594637,-0.013593945,24.95071705
1.896340886,74.0382544,63.54642774,997.955277,28.61057148,-80.59924155,41.00046121,35.26261474,545.9815015,-8.673580171,-7.122881658,-122.433574,0.164065192,0.033822884,0.038231968,0.985127881,-0.57402169,-1.191477781,-122.9398119,-0.007008046,-0.011811081,24.91582836
1.902566856,74.29335523,63.76582898,1001.352175,28.61057346,-80.59923893,40.94687588,35.21660394,545.2216088,-8.609852101,-7.305016514,-122.180521,0.087402859,0.036681339,0.035467781,0.994865446,-0.862912261,-0.908191832,-122.6947558,-0.010619753,-0.006308009,24.88097498
1.908815467,74.5490478,63.98573725,1004.756674,28.61057544,-80.59923631,40.89285315,35.1695731,544.4605567,-8.61548148,-7.467626614,-121.9239349,0.010043785,0.039306152,0.032494226,0.998648223,-1.000261801,-0.575495548,-122.4504232,-0.009685581,4.58E-04,24.84613307
1.915081031,74.80509337,64.20594542,1008.16564,28.61057742,-80.59923369,40.83806437,35.12196875,543.6990506,-8.685060257,-7.575698054,-121.6668424,-0.067477772,0.041682697,0.029339327,0.996417838,-0.987017936,-0.282103122,-122.2071529,-0.005651416,0.006314972,24.81127691
1.921354525,75.06111638,64.42613339,1011.574146,28.6105794,-80.59923107,40.78233752,35.07436531,542.9381801,-8.80885049,-7.607621195,-121.4102518,-0.144582442,0.043803067,0.026029891,0.98817997,-0.86345292,-0.096544657,-121.9637902,0.001332553,0.009450525,24.7763946
1.927631533,75.31693002,64.64614725,1014.979787,28.61058137,-80.59922845,40.72567193,35.02727118,542.1784538,-8.956413392,-7.558149069,-121.1572866,-0.220751766,0.045663852,0.022585814,0.97399864,-0.710529587,-0.046029699,-121.7206806,0.007945134,0.008298854,24.74149609
1.933916181,75.57269609,64.86613542,1018.384802,28.61058335,-80.59922583,40.6681461,34.98100199,541.4193401,-9.096069245,-7.439520498,-120.9098684,-0.295578099,0.047262954,0.019017293,0.953959194,-0.605548057,-0.105484589,-121.4779955,0.012379049,0.004336349,24.70660473
1.940220015,75.8288781,65.08650632,1021.795424,28.61058533,-80.5992232,40.60995834,34.93564053,540.6594141,-9.201291267,-7.281677427,-120.6683582,-0.368743629,0.048597962,0.015329837,0.928133272,-0.591960588,-0.208259205,-121.2359083,0.012520032,-0.001317249,24.67174642
1.946548291,76.08568394,65.30744743,1025.214456,28.61058732,-80.59922057,40.55147029,34.8911611,539.8980212,-9.248683232,-7.109643349,-120.4322448,-0.439853976,0.049660341,0.011532181,0.896621068,-0.680102781,-0.282214799,-120.9936716,0.009845022,-0.006600083,24.63690744
1.952896916,76.34294463,65.52881915,1028.639645,28.61058931,-80.59921794,40.49314059,34.84744007,539.1356426,-9.225931187,-6.950635679,-120.2005023,-0.508415575,0.050436951,0.007640474,0.859599523,-0.83867442,-0.262963605,-120.7510553,0.003993196,-0.009643708,24.60205863
1.959262668,76.60052876,65.75051144,1032.06922,28.61059131,-80.5992153,40.43506502,34.80417906,538.372689,-9.163560925,-6.831340059,-119.9692864,-0.573962674,0.050914133,0.003674537,0.817288871,-0.989310854,-0.1408363,-120.508378,-0.003279826,-0.009693577,24.56719107
1.965637771,76.85812302,65.97225416,1035.49897,28.6105933,-80.59921266,40.37765965,34.76103606,537.6100964,-9.07392786,-6.771300116,-119.7364971,-0.636008929,0.051081213,-3.37E-04,0.769989115,-1.071315044,0.072201861,-120.2657993,-0.01054175,-0.006585775,24.53231653
1.97201054,77.11526035,66.19364041,1038.922609,28.61059529,-80.59921003,40.32130573,34.71773961,536.8492624,-8.928605567,-6.772659354,-119.5043744,-0.694072575,0.050931313,-0.004358506,0.718087923,-1.057114856,0.37578625,-120.0234381,-0.01486874,-0.001752829,24.4974061
1.978382179,77.37199678,66.41471035,1042.3408,28.61059728,-80.5992074,40.26612942,34.67403404,536.0900427,-8.752155216,-6.821715243,-119.2723342,-0.7478325,0.050462913,-0.008357585,0.66191404,-0.925442208,0.707717257,-119.7817533,-0.017276578,0.003321739,24.46249195
1.984773021,77.62915722,66.6361652,1045.764437,28.61059927,-80.59920476,40.21181901,34.629703,535.3300333,-8.570940145,-6.898052391,-119.0395807,-0.797133945,0.04967299,-0.012309648,0.601629903,-0.688799826,1.005194028,-119.5407088,-0.015207492,0.006740171,24.42762521
1.991195923,77.88726033,66.858444,1049.20036,28.61060127,-80.59920212,40.15786963,34.58466094,534.5677624,-8.436365397,-6.977155942,-118.8028253,-0.84173911,0.048562181,-0.016189388,0.53745222,-0.395139766,1.194568466,-119.2995438,-0.010185978,0.007642133,24.39280723
1.997637789,78.14577816,67.08108712,1052.641516,28.61060327,-80.59919947,40.10388873,34.53907741,533.8048527,-8.375161044,-7.04797281,-118.5560813,-0.881245755,0.047140993,-0.019958519,0.469877966,-0.101754926,1.247844692,-119.053745,-0.004311507,0.006593827,24.35795917
2.00408303,78.4040824,67.3035521,1056.079561,28.61060527,-80.59919682,40.04952178,34.49323595,533.0431834,-8.399038913,-7.0996705,-118.302959,-0.915310994,0.045428751,-0.023582852,0.399481992,0.129982394,1.175159745,-118.8071605,6.67E-04,0.002356206,24.32306888
2.010524204,78.66187188,67.52558138,1059.510538,28.61060727,-80.59919418,39.99461224,34.44740312,532.2836343,-8.470838052,-7.118662043,-118.0484774,-0.943711165,0.043443372,-0.027039559,0.326788576,0.27499517,1.047720141,-118.5609553,0.002933314,-0.002514542,24.28815058
2.016957856,78.91900462,67.74705695,1062.93263,28.61060926,-80.59919155,39.93891991,34.40170939,531.5266191,-8.587608448,-7.111646138,-117.7927969,-0.966297077,0.041202968,-0.030315931,0.252295895,0.32919223,0.897778483,-118.315473,0.003739207,-0.006424992,24.25322212
2.023404393,79.17629012,67.96868165,1066.356695,28.61061125,-80.59918891,39.88226169,34.35608057,530.7697304,-8.725456449,-7.09217336,-117.5371822,-0.983020141,0.038716885,-0.033411739,0.1762273,0.319784379,0.759487214,-118.0709221,0.002368692,-0.007231128,24.21833238
2.029887782,79.43467575,68.19127725,1069.795419,28.61061326,-80.59918627,39.8246279,34.31039382,530.0101492,-8.846484401,-7.064927507,-117.2835782,-0.993796955,0.035990991,-0.0363254,0.098755894,0.292579682,0.661566251,-117.8265162,2.12E-04,-0.006076857,24.18352284
2.03640082,79.69386569,68.41459358,1073.244914,28.61061526,-80.59918361,39.76646658,34.2648426,529.2487001,-8.921451343,-7.023024555,-117.0338379,-0.99848213,0.033041877,-0.03903975,0.020434503,0.290907118,0.616076478,-117.5813344,-0.003019424,-0.002495135,24.14870324
2.042927912,79.95323523,68.63809565,1076.696884,28.61061727,-80.59918095,39.70835405,34.21965695,528.4871756,-8.928422868,-6.961001066,-116.7903265,-0.997000442,0.029888976,-0.041531384,-0.058068171,0.3556418,0.611273446,-117.3356404,-0.00505516,0.002437354,24.1138402
2.049456909,80.21230264,68.86136944,1080.144892,28.61061928,-80.5991783,39.65080595,34.17493996,527.7269605,-8.869784922,-6.884900773,-116.5530592,-0.989368184,0.026550359,-0.043780214,-0.136121151,0.497292575,0.60709997,-117.0900281,-0.00443234,0.007416601,24.07894157
2.055980556,80.47078572,69.08417023,1083.585123,28.61062129,-80.59917565,39.59436996,34.13073296,526.9688547,-8.748903788,-6.813034982,-116.3213715,-0.975672579,0.023050153,-0.045764911,-0.213160227,0.707261496,0.550549213,-116.8452776,-0.001896834,0.011833533,24.04402191
2.062509653,80.72912039,69.30686995,1087.023281,28.61062329,-80.599173,39.53916852,34.08693957,526.2115839,-8.550427322,-6.740307285,-116.0966738,-0.956001833,0.019402678,-0.047466021,-0.288844262,0.981651112,0.410743621,-116.6012301,-2.29E-05,0.012844587,24.00910776
2.06908038,80.98874198,69.53070199,1090.478374,28.6106253,-80.59917035,39.48467095,34.04314609,525.4509938,-8.364796615,-6.681135617,-115.8705272,-0.930330646,0.015609611,-0.048869583,-0.363115674,1.205781341,0.195094154,-116.3576147,0.002226736,0.009767916,23.97430987
2.075683101,81.24926919,69.75533431,1093.945261,28.61062732,-80.59916768,39.4304902,33.99918523,524.6882751,-8.236820117,-6.652980022,-115.6368558,-0.898783451,0.011700534,-0.049953765,-0.435380326,1.315494351,-0.063098513,-116.113114,0.0021915,0.004056854,23.9394966
2.082295861,81.50983438,69.98001645,1097.412377,28.61062934,-80.59916501,39.37626142,33.95486949,523.9260407,-8.188844979,-6.672713065,-115.3931099,-0.861631868,0.007717626,-0.050704839,-0.504935621,1.279498231,-0.315149094,-115.8680959,9.70E-04,-0.002277029,23.90462655
2.088899866,81.76969545,70.20410699,1100.869879,28.61063136,-80.59916234,39.32165668,33.91006737,523.1665082,-8.223848224,-6.738698368,-115.139976,-0.819234463,0.003702526,-0.051122884,-0.571163407,1.11168235,-0.503865024,-115.6233804,-0.002748762,-0.007350468,23.86970276
2.095489812,82.02864159,70.42742335,1104.315025,28.61063337,-80.59915969,39.26647864,33.86469927,522.410302,-8.319118621,-6.833688241,-114.8811184,-0.771937006,-3.15E-04,-0.051220094,-0.633632119,0.868317409,-0.598389475,-115.3796618,-0.005884081,-0.009231488,23.83475584
2.102099115,82.28798087,70.65109341,1107.765292,28.61063538,-80.59915704,39.21045963,33.81861909,521.6535782,-8.426073817,-6.932588117,-114.6222714,-0.71980754,-0.004328887,-0.051006656,-0.692283676,0.620338733,-0.619170789,-115.13712,-0.007199147,-0.007537353,23.79987621
2.108751533,82.54863609,70.87591368,1111.233021,28.6106374,-80.59915437,39.15352363,33.77189655,520.8936091,-8.522900374,-7.005308608,-114.3658995,-0.662937108,-0.008330467,-0.050488085,-0.746924325,0.418437873,-0.589503801,-114.8945192,-0.007031258,-0.004214205,23.76508412
2.115435394,82.81014076,71.10148345,1114.712054,28.61063943,-80.59915169,39.09604407,33.72500619,520.1317021,-8.58826992,-7.032678772,-114.1143759,-0.601726815,-0.01228951,-0.049672243,-0.79706115,0.286485457,-0.553813844,-114.6512928,-0.004079121,4.28E-04,23.73026701
2.122128897,83.07163778,71.32706602,1118.191008,28.61064146,-80.59914901,39.03857683,33.67857208,519.370293,-8.600720774,-6.988367677,-113.8713102,-0.536740937,-0.016172449,-0.048564912,-0.842193011,0.234126912,-0.56809459,-114.4076371,6.63E-04,0.00497642,23.69539401
2.128816172,83.33250845,71.55213122,1121.66164,28.61064348,-80.59914634,38.98152294,33.63307429,518.611139,-8.564762109,-6.877283055,-113.6367121,-0.468553933,-0.019950222,-0.047170159,-0.881949078,0.22576124,-0.656499839,-114.164235,0.005620738,0.007195687,23.66047486
2.135497165,83.59275476,71.77668464,1125.123949,28.6106455,-80.59914367,38.92503738,33.5886496,517.8542158,-8.496817946,-6.726345571,-113.4081351,-0.39761523,-0.023603386,-0.045489313,-0.916119933,0.209553994,-0.806718549,-113.9216838,0.008987703,0.006651424,23.62554533
2.142198258,83.85340683,72.00161869,1128.591598,28.61064752,-80.599141,38.86895896,33.5450228,517.0965369,-8.411716097,-6.573817002,-113.181935,-0.324091615,-0.027123863,-0.043516406,-0.944634979,0.13879019,-0.979759766,-113.6800037,0.009873165,0.004294899,23.5906739
2.148935379,84.11508338,72.22746957,1132.072779,28.61064955,-80.59913832,38.81314387,33.50174022,516.3363407,-8.325415168,-6.456370018,-112.9534936,-0.248250715,-0.030494914,-0.04124904,-0.967336632,-0.006403772,-1.118654666,-113.4382543,0.007759329,6.11E-04,23.5558627
2.155696861,84.37732924,72.45384472,1135.561403,28.61065159,-80.59913563,38.7573611,33.45846838,515.5750129,-8.246559727,-6.401046714,-112.7197694,-0.170684379,-0.033682745,-0.038701254,-0.98398909,-0.217329055,-1.171850604,-113.1958705,0.003949951,-0.002105064,23.52102416
2.162467691,84.63955897,72.68023901,1139.049697,28.61065363,-80.59913295,38.70125684,33.41486415,514.8143169,-8.266703162,-6.407956002,-112.4742422,-0.092049865,-0.036659056,-0.035892608,-0.994431826,-0.372511162,-1.089004575,-112.9536663,-9.75E-04,-0.0029305,23.48614701
2.169235646,84.90129704,72.90623998,1142.531369,28.61065566,-80.59913026,38.64501625,33.37061714,514.0556416,-8.303358593,-6.482976562,-112.2233474,-0.012986802,-0.039403141,-0.032853407,-0.998598713,-0.504237056,-0.913813383,-112.7118678,-0.005539765,-0.004636088,23.45123688
2.176003192,85.16263878,73.13192536,1146.007702,28.61065769,-80.59912759,38.5888371,33.32564413,513.2986896,-8.311400175,-6.592662368,-111.9735489,0.066035244,-0.041899714,-0.029610471,-0.996497356,-0.621580379,-0.691450823,-112.4711241,-0.006739407,-0.005782288,23.41632228
2.182798928,85.42468735,73.35824243,1149.493366,28.61065972,-80.5991249,38.53269247,33.27989165,512.5402419,-8.286370658,-6.695589643,-111.7276618,0.144852446,-0.044143364,-0.026175443,-0.988121439,-0.717263526,-0.460831383,-112.231183,-0.006717177,-0.007110695,23.38147328
2.189630036,85.68771677,73.585423,1152.991985,28.61066177,-80.59912221,38.47668781,33.2336423,511.7794809,-8.231991933,-6.762510642,-111.4861149,0.223043935,-0.046118606,-0.022570932,-0.973455202,-0.796551497,-0.247407919,-111.9908718,-0.005382393,-0.008484982,23.34666061
2.196481602,85.95115107,73.81296723,1156.495866,28.61066381,-80.59911951,38.42090286,33.18752837,511.0180521,-8.166939931,-6.763001625,-111.2491286,0.299934062,-0.047804114,-0.018830361,-0.952575321,-0.866708258,-0.080219342,-111.7499356,-0.001743188,-0.009639835,23.3118156
2.203336508,86.21433211,74.04030854,1159.99624,28.61066586,-80.59911681,38.3654205,33.14213812,510.2578366,-8.119996476,-6.684472638,-111.0157439,0.374840836,-0.049182362,-0.014982867,-0.925662442,-0.935124794,0.023364508,-111.5089096,0.001700491,-0.010343661,23.27692389
2.21021319,86.47797073,74.26806259,1163.502504,28.61066791,-80.59911411,38.31084424,33.0975363,509.4967268,-8.013145008,-6.555205607,-110.790552,0.447486237,-0.050240024,-0.011037649,-0.89281027,-1.07026902,0.149472351,-111.2679639,0.0037076,-0.009702722,23.24203286
2.217135738,86.74299117,74.497029,1167.026872,28.61066996,-80.5991114,38.25649959,33.05348307,508.7321215,-7.876468835,-6.419815202,-110.5675837,0.517632422,-0.050961311,-0.007003295,-0.85405537,-1.206355309,0.337155242,-111.0264581,0.006358938,-0.006169477,23.20725249
2.224076462,87.00832972,74.72629216,1170.555185,28.61067203,-80.59910868,38.2018922,33.00971128,507.9671839,-7.842496992,-6.32167573,-110.332991,0.584518791,-0.051330802,-0.002916789,-0.809749606,-1.220142774,0.49477825,-110.7840408,0.009605205,-7.70E-05,23.1724062
2.231005438,87.27283913,74.9548637,1174.072237,28.61067408,-80.59910597,38.14675401,32.9657483,507.2052925,-7.903550419,-6.310273604,-110.0851355,0.64743786,-0.051350973,0.00117977,-0.760385365,-1.093968608,0.600051145,-110.541693,0.012265631,0.005953363,23.13748093
2.237905131,87.53584844,75.18216391,1177.569186,28.61067613,-80.59910328,38.09109412,32.92113741,506.4484006,-8.011863458,-6.393582161,-109.8287167,0.705881074,-0.051035998,0.005249295,-0.706469873,-0.860303184,0.645853505,-110.3007598,0.013749435,0.009855272,23.1025029
2.244820597,87.79907152,75.40967106,1181.068894,28.61067817,-80.59910058,38.03477222,32.87530559,505.6915562,-8.114947634,-6.545884851,-109.570137,0.759889188,-0.050403569,0.009290305,-0.648029006,-0.571196825,0.640355528,-110.0617081,0.013099018,0.010733844,23.06756206
2.251801196,88.06437814,75.63899583,1184.596263,28.61068023,-80.59909786,37.97778217,32.82804129,504.9293421,-8.163213823,-6.708079114,-109.3154583,0.809440659,-0.049460827,0.013300525,-0.584963711,-0.290543226,0.618079563,-109.8227634,0.010408644,0.008243236,23.03282591
2.258824348,88.33089981,75.86938382,1188.139771,28.61068231,-80.59909513,37.92018993,32.78010214,504.1642258,-8.176400199,-6.816959628,-109.0656094,0.853961184,-0.048222248,0.017237459,-0.517810565,-0.076071353,0.579644509,-109.5823427,0.005741023,0.002704368,22.99803218
2.265864692,88.59766757,76.0999989,1191.686566,28.61068438,-80.5990924,37.86244034,32.73249525,503.3989134,-8.212210151,-6.813986187,-108.8208061,0.892956011,-0.046700067,0.021064812,-0.447219119,0.00319832,0.527756137,-109.3414839,-0.001543414,-0.003190807,22.96318512
2.272888543,88.86340625,76.32974372,1195.219687,28.61068645,-80.59908968,37.80516287,32.68624932,502.6369822,-8.18629306,-6.690257542,-108.588794,0.926010482,-0.044907199,0.024744836,-0.373999496,0.001511622,0.595341964,-109.1006264,-0.009298646,-0.00725039,22.92824798
2.279885176,89.12771701,76.55828116,1198.733803,28.6106885,-80.59908697,37.7486358,32.64186375,501.8795315,-8.120755474,-6.469157609,-108.3675062,0.95294288,-0.042846092,0.028257015,-0.298773527,-0.017609835,0.778467734,-108.8609514,-0.014928521,-0.007486134,22.89326641
2.286909927,89.39269429,76.78743054,1202.256715,28.61069056,-80.59908425,37.69252025,32.59893641,501.1205609,-8.034113313,-6.220448181,-108.1513613,0.973819522,-0.040496503,0.031608653,-0.221441785,0.025719333,1.015276406,-108.6228635,-0.01668498,-0.004283695,22.85839281
2.293997046,89.65962675,77.01831307,1205.805508,28.61069264,-80.59908152,37.63646758,32.55670141,500.356439,-7.946580542,-6.015309392,-107.9322182,0.988526398,-0.037837849,0.034791322,-0.142033172,0.167137375,1.211262738,-108.384504,-0.012410728,7.06E-05,22.82364627
2.297144869,89.77806075,77.12076649,1207.380008,28.61069356,-80.59908031,37.6117284,32.53806623,500.0175712,-7.872477713,-5.921751701,-107.7035845,0.992985069,-0.036567898,0.036132511,-0.106479492,0.393337001,1.265675447,-108.1450346,-0.004123793,0.003337178,22.82136947
2.298694903,89.83635078,77.17119447,1208.154923,28.61069401,-80.59907971,37.59957519,32.52887885,499.8508295,-7.846487364,-5.922661209,-107.5990011,0.994707903,-0.035924174,0.036774616,-0.088956553,0.503188519,1.231038619,-108.0389821,-1.27E-04,0.003925886,22.76814446
2.299955144,89.88372908,77.21218398,1208.78477,28.61069438,-80.59907922,37.58970708,32.5213947,499.7153215,-7.834847326,-5.93270801,-107.5468282,0.995878993,-0.035392369,0.037287334,-0.074713224,0.556691896,1.200469843,-107.9868097,0.001886854,0.004072086,22.72918693
2.301056401,89.92512027,77.24799479,1209.33502,28.6106947,-80.5990788,37.58109532,32.51484,499.5969523,-7.825928348,-5.945268186,-107.5041013,0.996734129,-0.034921724,0.037728329,-0.062274566,0.599116585,1.169346293,-107.9444156,0.003380607,0.004024613,22.69174102
2.302052522,89.96255172,77.28038056,1209.832626,28.610695,-80.59907842,37.57331731,32.50889642,499.489919,-7.813830326,-5.959305979,-107.4669038,0.997372903,-0.034491374,0.038121486,-0.05103322,0.639712069,1.138349782,-107.9073659,0.004698615,0.004056254,22.65497951
2.302972346,89.99710928,77.3102805,1210.292023,28.61069526,-80.59907806,37.56614462,32.5033936,499.3911138,-7.80284874,-5.974570279,-107.4331056,0.997849506,-0.034090225,0.038479569,-0.040663765,0.675677974,1.106543318,-107.8738669,0.005928774,0.003948866,22.6186159
2.303833508,90.0294569,77.33826895,1210.72204,28.61069552,-80.59907773,37.55943754,32.4982276,499.2986363,-7.792973156,-5.990664995,-107.4017559,0.998197535,-0.033711515,0.038810464,-0.030967137,0.707754793,1.074156583,-107.8429457,0.006950399,0.00382141,22.58251317
2.304647751,90.06003682,77.3647284,1211.128554,28.61069575,-80.59907742,37.55310314,32.4933293,499.2112205,-7.783822215,-6.0073288,-107.3723038,0.998439629,-0.033350731,0.03911942,-0.0218107,0.736796909,1.041406661,-107.8140071,0.007842637,0.003749663,22.54659506
2.305423375,90.08916158,77.3899292,1211.515723,28.61069598,-80.59907712,37.54707566,32.4886499,499.1279719,-7.775208101,-6.024446,-107.3443736,0.99859196,-0.033004701,0.039410136,-0.013100674,0.763320412,1.008370652,-107.7866545,0.008683813,0.003602577,22.51081464
2.306166511,90.11706202,77.41407101,1211.886613,28.6106962,-80.59907683,37.54130653,32.48415346,499.0482298,-7.767090302,-6.041877156,-107.3176958,0.998666582,-0.032671077,0.039685359,-0.004767775,0.78759765,0.975162049,-107.7606076,0.009386475,0.003430271,22.47514092
2.306881841,90.14391445,77.43730635,1212.243569,28.61069641,-80.59907656,37.53575864,32.47981254,498.9714894,-7.759391308,-6.059553154,-107.2920732,0.998672779,-0.032348078,0.039947191,0.003240941,0.80988811,0.941836497,-107.7356596,0.010031016,0.003223362,22.43955234
2.307573039,90.16985727,77.45975489,1212.588432,28.61069661,-80.59907629,37.53040284,32.47560571,498.8973547,-7.752062448,-6.077377233,-107.2673571,0.998617898,-0.032034298,0.040197282,0.010967038,0.830383819,0.9084851,-107.7116522,0.010595742,0.003044968,22.40403329
2.308243054,90.19500146,77.48151267,1212.922677,28.6106968,-80.59907603,37.52521579,32.47151575,498.8255077,-7.745067915,-6.095323157,-107.2434274,0.998507872,-0.031728614,0.040436973,0.018443866,0.849238015,0.875129649,-107.6884614,0.011149325,0.002818112,22.36857211
2.308894294,90.21943774,77.50265811,1213.247509,28.610697,-80.59907578,37.5201784,32.46752865,498.755689,-7.738321491,-6.113338782,-107.2201944,0.998347581,-0.031430118,0.040667343,0.025698678,0.866637781,0.841820346,-107.6659876,0.011629983,0.002633939,22.33315985
2.309528757,90.24324133,77.52325632,1213.56393,28.61069718,-80.59907554,37.51527483,32.46363285,498.6876832,-7.731830552,-6.131358666,-107.1975798,0.998141101,-0.031138051,0.040889289,0.032754094,0.88265921,0.808624566,-107.6441495,0.012026769,0.002386807,22.29778949
2.310148123,90.26647553,77.543362,1213.872779,28.61069736,-80.5990753,37.51049171,32.45981862,498.621309,-7.725599242,-6.14934195,-107.1755184,0.997891876,-0.030851776,0.041103574,0.039629134,0.897371212,0.775586792,-107.6228797,0.012374351,0.002141613,22.26245542
2.310753821,90.28919414,77.56302171,1214.174773,28.61069754,-80.59907507,37.50581773,32.45607773,498.5564125,-7.719595685,-6.167269863,-107.1539568,0.997602852,-0.030570752,0.041310843,0.046339978,0.910870896,0.742727565,-107.6021213,0.012709691,0.001899777,22.2271531
2.311347078,90.3114434,77.58227544,1214.470527,28.61069771,-80.59907484,37.50124309,32.45240313,498.4928612,-7.713824601,-6.185110472,-107.1328482,0.997276571,-0.030294523,0.041511647,0.052900528,0.923211205,0.710084227,-107.5818261,0.012948915,0.001611974,22.19187878
2.31192896,90.33326339,77.60115786,1214.760573,28.61069788,-80.59907462,37.49675932,32.44878872,498.4305405,-7.708296087,-6.202802885,-107.1121542,0.996915247,-0.030022681,0.041706469,0.059322836,0.934437961,0.677726162,-107.5619527,0.013177229,0.001339507,22.15662937
2.312500396,90.35468914,77.61969925,1215.045376,28.61069805,-80.5990744,37.49235901,32.44522922,498.36935,-7.702996746,-6.220363261,-107.0918384,0.996520822,-0.029754871,0.041895734,0.065617431,0.944609646,0.645640475,-107.5424651,0.01336955,0.001050868,22.12140223
2.313062205,90.37575147,77.63792629,1215.325348,28.61069821,-80.59907418,37.48803562,32.44171994,498.3092016,-7.697917628,-6.237778398,-107.0718711,0.996095008,-0.029490794,0.042079818,0.071793579,0.953778712,0.613845379,-107.5233319,0.013523487,7.77E-04,22.08619515
2.313615112,90.39647768,77.65586258,1215.60085,28.61069837,-80.59907397,37.4837834,32.4382568,498.2500171,-7.693033789,-6.25500335,-107.0522293,0.995639327,-0.029230176,0.042259054,0.077859487,0.962015946,0.582389568,-107.5045254,0.013621273,5.35E-04,22.05100622
2.314159763,90.4168921,77.67352915,1215.872206,28.61069853,-80.59907376,37.47959719,32.43483617,498.1917267,-7.688317412,-6.272021635,-107.0328916,0.99515514,-0.02897277,0.042433735,0.083822461,0.96938924,0.551290424,-107.4860211,0.013701458,2.69E-04,22.01583382
2.314696735,90.4370165,77.69094486,1216.139706,28.61069869,-80.59907356,37.4754724,32.43145478,498.1342683,-7.683781692,-6.288838726,-107.0138348,0.994643665,-0.028718357,0.042604127,0.089689045,0.975917762,0.520548384,-107.4677972,0.013768643,4.73E-05,21.98067649
2.315226549,90.45687047,77.70812663,1216.40361,28.61069884,-80.59907335,37.47140486,32.42810973,498.0775857,-7.679402068,-6.305447358,-106.9950416,0.994106001,-0.028466752,0.042770467,0.095465119,0.98165956,0.490170907,-107.4498342,0.013782844,-2.32E-04,21.945533
2.315749676,90.47647171,77.72508977,1216.664153,28.610699,-80.59907315,37.46739083,32.42479842,498.0216282,-7.675180804,-6.321795706,-106.9764975,0.993543145,-0.028217782,0.042932961,0.101155998,0.986651987,0.460215548,-107.4321146,0.013756556,-4.68E-04,21.91040223
2.316266541,90.49583627,77.74184817,1216.921549,28.61069915,-80.59907295,37.46342688,32.42151852,497.96635,-7.671155035,-6.337866032,-106.9581848,0.992956,-0.027971292,0.043091808,0.106766493,0.990889707,0.430711798,-107.4146223,0.013697918,-7.40E-04,21.8752832
2.316777532,90.51497876,77.75841445,1217.175991,28.6106993,-80.59907276,37.45950991,32.41826792,497.9117091,-7.667299213,-6.35362461,-106.9400932,0.992345391,-0.027727139,0.043247191,0.112300983,0.99443494,0.401693263,-107.3973431,0.013568216,-9.64E-04,21.84017504
2.317283004,90.53391249,77.77480015,1217.427658,28.61069944,-80.59907256,37.45563708,32.41504472,497.8576674,-7.663598043,-6.36905643,-106.9222117,0.991712072,-0.027485188,0.043399275,0.117763461,0.99733471,0.373175203,-107.3802637,0.013450697,-0.001183273,21.80507696
2.31778328,90.5526497,77.79101583,1217.676711,28.61069959,-80.59907237,37.45180582,32.41184717,497.80419,-7.660025322,-6.384162732,-106.9045304,0.991056737,-0.027245316,0.043548205,0.123157586,0.999642293,0.345152694,-107.3633724,0.013314578,-0.001361933,21.76998827
2.31828328,90.57137464,77.80722095,1217.925599,28.61069973,-80.59907218,37.44797835,32.40864404,497.7507508,-7.656596827,-6.398947825,-106.8870366,0.99037358,-0.027005188,0.043695467,0.128536367,1.001365717,0.317627152,-107.346658,0.013163732,-0.001590775,21.73490832
2.31878328,90.59009768,77.82342447,1218.174461,28.61069988,-80.59907199,37.44415249,32.40543366,497.6973204,-7.653298513,-6.413554372,-106.8695568,0.989662422,-0.026764699,0.043841138,0.133902563,1.002518733,0.290345417,-107.3299562,0.012968702,-0.001817776,21.69950785
2.31928328,90.6088188,77.83962638,1218.423297,28.61070003,-80.5990718,37.44032817,32.40221613,497.6438988,-7.650159931,-6.42794648,-106.8520818,0.988923437,-0.02652387,0.043985217,0.139255956,1.003091375,0.263355707,-107.3132577,0.01276049,-0.002044635,21.6637773
2.31978328,90.62753801,77.85582668,1218.672105,28.61070017,-80.5990716,37.43650528,32.39899161,497.5904858,-7.647187831,-6.442095703,-106.8346128,0.988156802,-0.026282725,0.044127709,0.144596331,1.003095468,0.236699202,-107.2965626,0.01248739,-0.002284968,21.62772622
2.32028328,90.6462553,77.87202537,1218.920887,28.61070032,-80.59907141,37.43268377,32.39576022,497.5370816,-7.644377976,-6.455961823,-106.8171528,0.987362695,-0.02604128,0.04426862,0.149923476,1.002558975,0.210425311,-107.2798708,0.012206505,-0.002458282,21.59136403
2.32078328,90.66497069,77.88822244,1219.169642,28.61070046,-80.59907122,37.42886355,32.39252212,497.4836861,-7.641707814,-6.469538197,-106.7997039,0.986541298,-0.02579956,0.044407945,0.155237187,1.001519543,0.184543115,-107.2631823,0.011892721,-0.00266518,21.5547
2.32128328,90.68368417,77.90441789,1219.418371,28.61070061,-80.59907103,37.42504453,32.38927749,497.4302993,-7.639210044,-6.482785164,-106.7822661,0.985692792,-0.025557586,0.044545683,0.160537261,0.999970304,0.159111012,-107.2464971,0.011552249,-0.00285945,21.51774325
2.32178328,90.70239573,77.92061172,1219.667073,28.61070075,-80.59907084,37.42122661,32.3860265,497.3769213,-7.636902712,-6.49568004,-106.7648395,0.98481736,-0.025315369,0.044681838,0.1658235,0.997915569,0.134166194,-107.2298151,0.011187416,-0.003056192,21.48050278
2.32228328,90.72110539,77.93680392,1219.915748,28.6107009,-80.59907065,37.41740972,32.38276931,497.3235519,-7.634780432,-6.508238662,-106.7474233,0.983915187,-0.025072923,0.044816422,0.171095708,0.995370928,0.109699723,-107.2131364,0.010866275,-0.003210961,21.44298744
2.32278328,90.73981314,77.95299449,1220.164396,28.61070104,-80.59907045,37.41359379,32.37950611,497.2701912,-7.632790102,-6.520452503,-106.7300224,0.98298646,-0.024830269,0.044949432,0.176353697,0.992407315,0.085709567,-107.196461,0.010505713,-0.003358279,21.40520595
2.32328328,90.75851899,77.96918342,1220.413018,28.61070119,-80.59907026,37.40977873,32.37623708,497.2168393,-7.630971851,-6.5322975,-106.7126352,0.982031364,-0.024587429,0.045080878,0.181597281,0.989008969,0.062240106,-107.1797888,0.010113085,-0.003498006,21.36716691
2.32378328,90.77722292,77.98537072,1220.661613,28.61070134,-80.59907007,37.40596446,32.37296244,497.163496,-7.629295001,-6.543736821,-106.6952664,0.98105009,-0.024344424,0.045210756,0.186826277,0.985236266,0.039322756,-107.1631199,0.009710389,-0.003580707,21.32887878
2.32428328,90.79592495,78.00155638,1220.910181,28.61070148,-80.59906988,37.40215089,32.36968241,497.1101613,-7.627795991,-6.55475013,-106.6779144,0.980042826,-0.02410127,0.04533906,0.192040508,0.981078541,0.016996363,-107.1464541,0.009249056,-0.003747839,21.29034988
2.32478328,90.81462507,78.01774041,1221.158723,28.61070163,-80.59906969,37.39833792,32.36639719,497.0568354,-7.626517275,-6.565326403,-106.6605765,0.979009764,-0.023857984,0.045465808,0.1972398,0.976517,-0.004706106,-107.1297916,0.008800367,-0.003860541,21.25158842
2.32528328,90.83332329,78.03392278,1221.407238,28.61070177,-80.5990695,37.39452546,32.36310702,497.0035181,-7.625402961,-6.575450934,-106.6432581,0.977951095,-0.023614576,0.045590992,0.202423982,0.971631033,-0.025786763,-107.1131322,0.008339531,-0.003952034,21.21260247
2.32578328,90.8520196,78.05010351,1221.655727,28.61070192,-80.5990693,37.39071339,32.35981212,496.9502094,-7.624499543,-6.585145303,-106.6259541,0.976867012,-0.023371068,0.045714614,0.207592889,0.96638551,-0.046243151,-107.0964761,0.007889786,-0.004073865,21.17339999
2.32628328,90.870714,78.06628259,1221.904188,28.61070206,-80.59906911,37.38690161,32.35651273,496.8969094,-7.623818558,-6.594374222,-106.6086658,0.975757708,-0.023127482,0.045836686,0.212746357,0.960803301,-0.066031269,-107.0798231,0.007375184,-0.00418023,21.13398879
2.32678328,90.8894065,78.08246002,1222.152624,28.61070221,-80.59906892,37.38309001,32.35320911,496.843618,-7.623335169,-6.603101079,-106.5913976,0.974623377,-0.022883836,0.045957211,0.217884229,0.954944335,-0.085122275,-107.0631733,0.006853064,-0.004223246,21.09437658
2.32728328,90.90809709,78.0986358,1222.401032,28.61070235,-80.59906873,37.3792785,32.34990152,496.7903353,-7.623065359,-6.611300321,-106.5741498,0.973464215,-0.022640146,0.04607619,0.223006349,0.948825677,-0.103481761,-107.0465266,0.00629539,-0.004282979,21.05457094
2.32778328,90.92678578,78.11480992,1222.649414,28.6107025,-80.59906854,37.37546696,32.34659022,496.7370611,-7.623025018,-6.618969742,-106.5569213,0.972280415,-0.022396416,0.046193632,0.228112566,0.942455024,-0.1210977,-107.029883,0.005755937,-0.004347465,21.01457932
2.32828328,90.94547256,78.13098239,1222.897769,28.61070265,-80.59906835,37.37165529,32.34327547,496.6837955,-7.623187756,-6.626139645,-106.5397121,0.971072176,-0.022152671,0.046309551,0.233202732,0.935865027,-0.138008164,-107.0132426,0.005248236,-0.004340332,20.97440907
2.32878328,90.96415744,78.1471532,1223.146098,28.61070279,-80.59906816,37.36784339,32.33995757,496.6305386,-7.623524378,-6.632753446,-106.5225283,0.969839692,-0.021908933,0.046423942,0.238276704,0.929130876,-0.154172229,-106.9966052,0.004641341,-0.004331069,20.93406742
2.32928328,90.9828404,78.16332235,1223.3944,28.61070294,-80.59906796,37.36403116,32.33663679,496.5772902,-7.624088944,-6.638779541,-106.5053676,0.968583162,-0.021665211,0.046536813,0.243334341,0.922239393,-0.169534532,-106.979971,0.004061661,-0.004340938,20.89356145
2.32978328,91.00152147,78.17948984,1223.642675,28.61070308,-80.59906777,37.36021849,32.33331344,496.5240503,-7.624874217,-6.644232328,-106.4882297,0.967302783,-0.021421523,0.046648171,0.248375508,0.915213555,-0.184111556,-106.9633399,0.003463561,-0.004310786,20.85289817
2.33028328,91.02020062,78.19565566,1223.890924,28.61070323,-80.59906758,37.35640525,32.3299878,496.4708191,-7.625871524,-6.649090786,-106.4711164,0.965998752,-0.021177886,0.04675802,0.25340007,0.908094879,-0.197888405,-106.9467118,0.002843807,-0.004261214,20.81208443
2.33078328,91.03887787,78.21181982,1224.139146,28.61070337,-80.59906739,37.35259135,32.3266602,496.4175963,-7.627101531,-6.653328324,-106.454028,0.964671269,-0.020934303,0.046866366,0.258407899,0.900901344,-0.210831251,-106.9300868,0.002239249,-0.004208468,20.771127
2.33128328,91.05755321,78.22798232,1224.387341,28.61070352,-80.5990672,37.34877667,32.32333092,496.3643821,-7.628545664,-6.656994111,-106.4369627,0.96332053,-0.020690793,0.046973221,0.263398867,0.893648089,-0.222995895,-106.9134648,0.001647692,-0.004148126,20.73003251
2.33178328,91.07622665,78.24414315,1224.63551,28.61070366,-80.59906701,37.34496112,32.32000026,496.3111764,-7.63019081,-6.660045029,-106.4199243,0.961946736,-0.020447369,0.04707859,0.268372853,0.886392453,-0.23435199,-106.896846,0.001022796,-0.004038225,20.68880752
2.33228328,91.09489817,78.26030232,1224.883653,28.61070381,-80.59906682,37.34114459,32.31666853,496.2579792,-7.632048138,-6.662482937,-106.4029118,0.960550085,-0.020204035,0.047182475,0.273329736,0.879146504,-0.244898277,-106.8802301,4.19E-04,-0.003955796,20.64745842
2.33278328,91.11356779,78.27645982,1225.131768,28.61070395,-80.59906662,37.33732698,32.31333602,496.2047905,-7.634115909,-6.664342015,-106.3859231,0.959130776,-0.019960805,0.047284893,0.278269401,0.871915929,-0.254669444,-106.8636174,-1.53E-04,-0.003838448,20.60599155
2.33328328,91.1322355,78.29261566,1225.379857,28.6107041,-80.59906643,37.33350819,32.31000303,496.1516102,-7.636361121,-6.665603523,-106.3689621,0.957689008,-0.019717691,0.047385844,0.283191734,0.864762656,-0.263670539,-106.8470076,-7.40E-04,-0.003697408,20.56441311
2.33378328,91.1509013,78.30876983,1225.62792,28.61070424,-80.59906624,37.32968813,32.30666985,496.0984384,-7.638813878,-6.666267918,-106.3520263,0.95622498,-0.019474698,0.047485336,0.288096627,0.857681554,-0.271889619,-106.830401,-0.001329316,-0.003556494,20.5227292
2.33428328,91.16956519,78.32492233,1225.875956,28.61070439,-80.59906605,37.3258667,32.30333677,496.0452751,-7.641452785,-6.666359157,-106.335116,0.954738891,-0.019231843,0.047583373,0.292983974,0.850699525,-0.279364413,-106.8137974,-0.001906562,-0.003398957,20.48094581
2.33478328,91.18822717,78.34107316,1226.123965,28.61070453,-80.59906586,37.3220438,32.30000409,495.9921202,-7.64430014,-6.665863637,-106.3182301,0.95323094,-0.018989137,0.047679961,0.297853671,0.843826023,-0.286074969,-106.7971968,-0.002503409,-0.003259497,20.43906884
2.33528328,91.20688723,78.35722233,1226.371948,28.61070468,-80.59906567,37.31821931,32.2966721,495.9389737,-7.647358904,-6.664774419,-106.301369,0.951701325,-0.018746593,0.047775105,0.302705619,0.837084079,-0.292018542,-106.7805993,-0.003079062,-0.003088247,20.39710406
2.33578328,91.22554539,78.37336983,1226.619904,28.61070483,-80.59906548,37.31439312,32.2933411,495.8858356,-7.650641061,-6.66309005,-106.2845317,0.950150246,-0.018504224,0.047868814,0.307539722,0.830485742,-0.297192099,-106.7640048,-0.003697609,-0.002924348,20.35505716
2.33628328,91.24420163,78.38951567,1226.867834,28.61070497,-80.59906529,37.31056513,32.2900114,495.832706,-7.654141858,-6.660793267,-106.2677197,0.9485779,-0.018262037,0.047961099,0.312355886,0.824067261,-0.301589469,-106.7474134,-0.00427253,-0.002690341,20.31293373
2.33678328,91.26285595,78.40565985,1227.115737,28.61070512,-80.5990651,37.30673525,32.2866833,495.7795847,-7.657839411,-6.657900965,-106.2509338,0.946984485,-0.018020043,0.048051965,0.31715402,0.817858284,-0.30524496,-106.730825,-0.00487613,-0.002497342,20.27073923
2.33728328,91.28150836,78.42180236,1227.363613,28.61070526,-80.5990649,37.30290336,32.2833571,495.7264718,-7.661742849,-6.654407069,-106.2341735,0.945370199,-0.017778244,0.048141424,0.321934036,0.811875596,-0.308154791,-106.7142397,-0.005439142,-0.002263283,20.22847904
2.33778328,91.30015885,78.4379432,1227.611463,28.61070541,-80.59906471,37.29906939,32.28003306,495.6733673,-7.665825629,-6.650340771,-106.2174392,0.943735241,-0.017536648,0.048229474,0.326695851,0.806143288,-0.310367528,-106.6976574,-0.00597558,-0.00204762,20.18615844
2.33828328,91.31880743,78.45408239,1227.859287,28.61070555,-80.59906452,37.29523321,32.27671146,495.6202711,-7.670116303,-6.645724261,-106.2007271,0.942079807,-0.017295267,0.048316125,0.331439382,0.800642474,-0.311890758,-106.6810783,-0.006511812,-0.001818587,20.14378263
2.33878328,91.33745409,78.47021992,1228.107084,28.6107057,-80.59906433,37.29139473,32.2733926,495.5671832,-7.674614905,-6.640547361,-106.1840378,0.940404094,-0.017054105,0.048401378,0.336164551,0.795398844,-0.312723143,-106.6645022,-0.007085039,-0.001615412,20.10135668
2.33928328,91.35609882,78.48635578,1228.354854,28.61070584,-80.59906414,37.28755385,32.27007671,495.5141037,-7.67933372,-6.634839671,-106.1673686,0.938708297,-0.016813167,0.048485249,0.340871281,0.790401645,-0.312888061,-106.6479291,-0.007579633,-0.001381045,20.0588856
2.33978328,91.37474164,78.50248999,1228.602598,28.61070599,-80.59906395,37.28371047,32.26676408,495.4610325,-7.684229861,-6.628607675,-106.1507224,0.936992614,-0.016572465,0.048567744,0.345559501,0.785699498,-0.312426574,-106.6313592,-0.008086836,-0.001106483,20.01637429
2.34028328,91.39338253,78.51862255,1228.850315,28.61070613,-80.59906376,37.27986451,32.26345494,495.4079696,-7.689313629,-6.621848464,-106.1340987,0.935257239,-0.016331994,0.048648874,0.350229138,0.781303235,-0.311337574,-106.6147924,-0.008583381,-8.67E-04,19.97382754
2.34078328,91.4120215,78.53475345,1229.098006,28.61070628,-80.59906357,37.27601589,32.26014955,495.354915,-7.694555304,-6.614608568,-106.1174967,0.933502368,-0.016091763,0.048728642,0.354880126,0.777221423,-0.309686649,-106.5982287,-0.009022282,-6.02E-04,19.93125009
2.34128328,91.43065855,78.5508827,1229.34567,28.61070642,-80.59906338,37.27216452,32.25684813,495.3018687,-7.699961703,-6.606897355,-106.1009154,0.931728194,-0.015851784,0.04880705,0.3595124,0.773457341,-0.307484766,-106.5816681,-0.009467778,-3.45E-04,19.88864656
2.34178328,91.44929367,78.5670103,1229.593307,28.61070657,-80.59906319,37.2683103,32.25355092,495.2488306,-7.705567708,-6.598716966,-106.0843519,0.92993491,-0.015612067,0.048884112,0.364125898,0.769997138,-0.304717292,-106.5651106,-0.009937285,-1.02E-04,19.8460215
2.34228328,91.46792686,78.58313625,1229.840919,28.61070671,-80.59906299,37.26445315,32.25025816,495.1958009,-7.711347613,-6.590042909,-106.0678098,0.928122711,-0.015372617,0.048959834,0.36872056,0.766893604,-0.301391368,-106.5485563,-0.010402557,1.94E-04,19.80337934
2.34278328,91.48655812,78.59926056,1230.088503,28.61070686,-80.5990628,37.26059298,32.24697008,495.1427794,-7.717296411,-6.58090307,-106.0512877,0.926291787,-0.015133425,0.049034226,0.373296329,0.764145598,-0.297540911,-106.5320051,-0.010813139,4.60E-04,19.76072446
2.34328328,91.50518745,78.61538322,1230.336061,28.610707,-80.59906261,37.25672975,32.24368688,495.0897661,-7.723378237,-6.571354265,-106.0347848,0.924442331,-0.014894506,0.049107301,0.37785315,0.76175308,-0.293243738,-106.5154571,-0.011160842,7.49E-04,19.71806113
2.34378328,91.52381485,78.63150424,1230.583593,28.61070715,-80.59906242,37.25286337,32.24040878,495.036761,-7.729587777,-6.561369058,-106.0183034,0.922574534,-0.01465586,0.049179061,0.382390971,0.759752241,-0.28849187,-106.4989122,-0.011553824,0.001055569,19.67539356
2.34428328,91.54244031,78.64762363,1230.831098,28.61070729,-80.59906223,37.2489938,32.23713596,494.9837642,-7.735925676,-6.550985768,-106.001841,0.920688586,-0.014417486,0.049249515,0.386909742,0.75812628,-0.283322758,-106.4823705,-0.011880401,0.001346859,19.63272584
2.34478328,91.56106384,78.66374138,1231.078577,28.61070744,-80.59906204,37.24512098,32.23386859,494.9307756,-7.742372833,-6.540238186,-105.9853968,0.918784677,-0.014179382,0.049318665,0.391409417,0.756875055,-0.277784377,-106.4658319,-0.012191976,0.001623477,19.59006201
2.34528328,91.57968543,78.6798575,1231.326029,28.61070758,-80.59906185,37.24124486,32.23060683,494.8777953,-7.748931093,-6.529176058,-105.9689676,0.916862995,-0.013941548,0.049386524,0.39588995,0.755969261,-0.271920176,-106.4492966,-0.012458795,0.001855124,19.54740603
2.34578328,91.59830509,78.69597199,1231.573455,28.61070773,-80.59906166,37.23736541,32.22735082,494.8248231,-7.755567894,-6.517824405,-105.9525544,0.914923728,-0.013703988,0.049453108,0.400351299,0.755421885,-0.265780726,-106.4327645,-0.01267454,0.002152588,19.50476178
2.34628328,91.6169228,78.71208485,1231.820854,28.61070787,-80.59906147,37.23348261,32.2241007,494.7718591,-7.762241886,-6.506174564,-105.936161,0.912967063,-0.013466708,0.049518424,0.404793423,0.755276412,-0.259399732,-106.4162356,-0.01290365,0.0024575,19.46213305
2.34678328,91.63553857,78.72819609,1232.068226,28.61070802,-80.59906128,37.22959645,32.22085662,494.7189033,-7.768950224,-6.494241678,-105.9197867,0.910993186,-0.013229711,0.049582471,0.409216285,0.755529308,-0.252799206,-106.3997098,-0.013082314,0.002749973,19.41952357
2.34728328,91.6541524,78.74430571,1232.315573,28.61070816,-80.59906109,37.22570689,32.21761869,494.6659557,-7.775714425,-6.482051101,-105.9034282,0.909002283,-0.012993001,0.04964526,0.41361985,0.756151247,-0.245988857,-106.3831873,-0.013291014,0.003010972,19.37693698
2.34778328,91.67276428,78.76041371,1232.562892,28.61070831,-80.5990609,37.22181393,32.21438704,494.6130162,-7.782516402,-6.469613466,-105.8870862,0.906994537,-0.012756573,0.049706802,0.418004083,0.757151824,-0.238998314,-106.3666681,-0.013437156,0.003303369,19.33437685
2.34828328,91.69137421,78.7765201,1232.810186,28.61070845,-80.59906071,37.21791757,32.21116177,494.5600849,-7.789322016,-6.456961464,-105.8707613,0.904970133,-0.012520432,0.049767106,0.422368953,0.758532982,-0.231885247,-106.350152,-0.013560639,0.003589984,19.2918467
2.34878328,91.70998219,78.79262487,1233.057453,28.6107086,-80.59906052,37.21401781,32.20794297,494.5071617,-7.796118602,-6.444107017,-105.8544538,0.902929252,-0.012284584,0.049826179,0.426714433,0.760296805,-0.224676028,-106.3336392,-0.013656044,0.00388522,19.24934995
2.34928328,91.72858823,78.80872804,1233.304693,28.61070874,-80.59906032,37.21011466,32.20473075,494.4542467,-7.802900982,-6.431046652,-105.8381643,0.900872076,-0.012049035,0.049884021,0.431040494,0.762452031,-0.217380708,-106.3171297,-0.013782122,0.004166205,19.20688996
2.34978328,91.74719231,78.8248296,1233.551907,28.61070889,-80.59906013,37.20620811,32.2015252,494.4013399,-7.809701318,-6.417798493,-105.8218891,0.898798787,-0.011813788,0.04994064,0.435347112,0.764964754,-0.209993257,-106.3006233,-0.01387798,0.004424294,19.16447005
2.35028328,91.76579443,78.84092957,1233.799094,28.61070903,-80.59905994,37.20229782,32.1983264,494.3484411,-7.816504038,-6.404378316,-105.8056285,0.896709563,-0.011578831,0.049996045,0.439634264,0.767834631,-0.202544071,-106.2841203,-0.013938532,0.00467042,19.12209344
2.35078328,91.7843946,78.85702793,1234.046255,28.61070918,-80.59905975,37.19838187,32.1951344,494.2955507,-7.826079227,-6.390830346,-105.7891711,0.894604583,-0.01134417,0.050050251,0.443901929,0.769320955,-0.192878539,-106.2676333,-0.013937385,0.004927952,19.07976353
2.35128328,91.80299281,78.8731247,1234.29339,28.61070932,-80.59905956,37.19446012,32.19194926,494.2426686,-7.837723376,-6.377151648,-105.7725704,0.892484024,-0.01110981,0.050103264,0.448150088,0.769918973,-0.181514623,-106.2511595,-0.013937302,0.005215071,19.03748471
2.35178328,91.82158906,78.88921988,1234.540498,28.61070946,-80.59905937,37.1905326,32.18877106,494.1897947,-7.849285296,-6.363356429,-105.7559875,0.890348063,-0.010875754,0.050155093,0.452378725,0.770957631,-0.170159594,-106.234689,-0.013932769,0.005472024,18.9952602
2.35228328,91.84018335,78.90531347,1234.78758,28.61070961,-80.59905918,37.18659938,32.18559983,494.1369291,-7.860756826,-6.349445159,-105.739423,0.888196875,-0.010641999,0.050205743,0.456587826,0.77244049,-0.158829324,-106.2182218,-0.01389733,0.005755669,18.953093
2.35278328,91.85877566,78.92140548,1235.034635,28.61070975,-80.59905899,37.1826605,32.1824356,494.0840718,-7.87212263,-6.335465217,-105.7228751,0.886030634,-0.010408544,0.050255219,0.460777376,0.774334958,-0.147574512,-106.2017579,-0.013840783,0.00597931,18.91098606
2.35328328,91.87736601,78.93749591,1235.281664,28.6107099,-80.5990588,37.17871602,32.17927839,494.0312228,-7.883377402,-6.321439347,-105.7063426,0.883849514,-0.010175385,0.050303526,0.464947366,0.77662187,-0.136421176,-106.1852972,-0.013733649,0.006206782,18.86894225
2.35378328,91.89595438,78.95358476,1235.528666,28.61071004,-80.59905861,37.17476602,32.1761282,493.978382,-7.894504211,-6.307405495,-105.6898245,0.881653687,-0.009942524,0.050350678,0.469097785,0.779275036,-0.125413707,-106.1688399,-0.013621088,0.006412856,18.82696437
2.35428328,91.91454077,78.96967204,1235.775642,28.61071019,-80.59905842,37.17081058,32.17298502,493.9255495,-7.905476501,-6.293362481,-105.6733229,0.879443323,-0.009709961,0.050396685,0.473228626,0.782306592,-0.114581038,-106.1523858,-0.013455485,0.006647804,18.7850551
2.35478328,91.93312519,78.98575775,1236.022592,28.61071033,-80.59905823,37.16684979,32.16984886,493.8727251,-7.91626676,-6.279328592,-105.6568582,0.877218592,-0.009477696,0.050441549,0.477339884,0.7857132,-0.103965296,-106.1359542,-0.013300058,0.006857555,18.74321707
2.35528328,91.95170762,79.00184189,1236.269515,28.61071048,-80.59905804,37.16288374,32.1667197,493.819909,-7.926876875,-6.265324886,-105.6404286,0.874979664,-0.009245726,0.050485283,0.481431553,0.789468808,-0.09358356,-106.1195449,-0.013101792,0.00706184,18.7014528
2.35578328,91.97028807,79.01792447,1236.516411,28.61071062,-80.59905785,37.15891256,32.16359748,493.7671011,-7.937269878,-6.251372729,-105.6240165,0.872726705,-0.009014045,0.050527903,0.485503631,0.793566671,-0.08348602,-106.1031388,-0.012861103,0.00726707,18.65976473
2.35628328,91.98886653,79.03400549,1236.763282,28.61071077,-80.59905766,37.15493641,32.16048219,493.7143014,-7.947382265,-6.237489469,-105.6076259,0.870459883,-0.008782652,0.05056942,0.489556117,0.798018646,-0.073744836,-106.0867359,-0.012548171,0.007496148,18.61815522
2.35678328,92.007443,79.05008495,1237.010126,28.61071091,-80.59905747,37.15095543,32.15737378,493.6615099,-7.957182052,-6.223686824,-105.5912585,0.868179362,-0.008551546,0.050609836,0.493589011,0.802821847,-0.064401391,-106.0703362,-0.012224945,0.007686175,18.57662655
2.35728328,92.02601749,79.06616286,1237.256943,28.61071106,-80.59905728,37.14696978,32.15427218,493.6087265,-7.966677045,-6.209987744,-105.5749122,0.865885307,-0.008320726,0.050649154,0.497602316,0.807940381,-0.055467221,-106.0539397,-0.01189596,0.00787278,18.53518091
2.35778328,92.04458997,79.08223923,1237.503735,28.6107112,-80.59905709,37.14297962,32.15117732,493.5559513,-7.97586393,-6.196429475,-105.5585848,0.863577881,-0.008090189,0.050687379,0.501596035,0.813331038,-0.046970327,-106.0375464,-0.011537657,0.008011323,18.49382045
2.35828328,92.06316047,79.09831404,1237.750499,28.61071134,-80.5990569,37.13898511,32.14808912,493.5031842,-7.984730686,-6.18303048,-105.542276,0.861257247,-0.007859936,0.050724512,0.505570174,0.818971463,-0.038935515,-106.0211563,-0.011175421,0.008147853,18.45254721
2.35878328,92.08172896,79.11438732,1237.997238,28.61071149,-80.59905671,37.13498639,32.14500747,493.4504253,-7.993293241,-6.169819737,-105.5259827,0.858923565,-0.007629963,0.050760559,0.509524739,0.824814488,-0.031366698,-106.0047694,-0.010786716,0.008231765,18.41136321
2.35928328,92.10029545,79.13045905,1238.24395,28.61071163,-80.59905652,37.13098364,32.14193226,493.3976745,-8.001525158,-6.156820514,-105.5097055,0.856576995,-0.007400268,0.050795527,0.513459737,0.830839676,-0.024302451,-105.9883857,-0.01038146,0.008329252,18.37027038
2.35978328,92.11885994,79.14652925,1238.490635,28.61071178,-80.59905633,37.12697704,32.13886337,493.3449318,-8.009412231,-6.144058049,-105.4934437,0.854217696,-0.007170847,0.050829428,0.517375179,0.837017377,-0.017770463,-105.9720052,-0.009912119,0.008396115,18.32927058
2.36028328,92.13742243,79.16259792,1238.737295,28.61071192,-80.59905614,37.12296679,32.13580067,493.2921973,-8.016910425,-6.131543436,-105.4772002,0.851845825,-0.006941708,0.050862266,0.521271074,0.843344829,-0.011818495,-105.9556278,-0.009483359,0.00845418,18.28836563
2.36078328,92.15598291,79.17866505,1238.983928,28.61071207,-80.59905595,37.11895308,32.13274406,493.2394709,-8.02403939,-6.119269611,-105.4609738,0.849461538,-0.006712844,0.050894056,0.525147435,0.849804008,-0.006426258,-105.9392536,-0.008988222,0.008532611,18.24755728
2.36128328,92.17454138,79.19473066,1239.230534,28.61071221,-80.59905576,37.11493613,32.12969338,493.1867525,-8.030731657,-6.107246419,-105.4447692,0.84706499,-0.006484255,0.050924804,0.529004274,0.856402985,-0.001662839,-105.9228825,-0.008477773,0.008606868,18.20684721
2.36178328,92.19309784,79.21079475,1239.477114,28.61071236,-80.59905557,37.11091617,32.12664851,493.1340423,-8.036981394,-6.095491537,-105.4285857,0.844656335,-0.006255932,0.050954512,0.532841605,0.863111421,0.002456699,-105.9065145,-0.007929321,0.008630804,18.16623707
2.36228328,92.2116523,79.22685731,1239.723668,28.6107125,-80.59905538,37.10689343,32.12360928,493.0813401,-8.04277388,-6.08405038,-105.4124216,0.842235726,-0.00602788,0.050983185,0.536659446,0.869876261,0.005897192,-105.8901496,-0.007387309,0.008629375,18.12572843
2.36278328,92.23020474,79.24291836,1239.970196,28.61071265,-80.59905519,37.10286814,32.12057554,493.028646,-8.048108377,-6.072922956,-105.3962767,0.839803315,-0.005800101,0.051010834,0.540457812,0.876680321,0.008658445,-105.8737878,-0.006819208,0.008644184,18.08532283
2.36328328,92.24875516,79.25897789,1240.216697,28.61071279,-80.599055,37.09884054,32.11754714,492.9759599,-8.05296361,-6.062092231,-105.380154,0.837359251,-0.005572593,0.051037465,0.544236721,0.8835318,0.010728297,-105.8574291,-0.006243693,0.008651356,18.04502173
2.36378328,92.26730358,79.2750359,1240.463172,28.61071293,-80.59905481,37.09481089,32.1145239,492.9232819,-8.057327569,-6.051584898,-105.3640526,0.834903685,-0.005345353,0.051063076,0.547996192,0.890392524,0.012084319,-105.8410735,-0.005652825,0.00863856,18.00482657
2.36428328,92.28584997,79.29109241,1240.70962,28.61071308,-80.59905462,37.09077942,32.11150564,492.870612,-8.061203478,-6.041435017,-105.3479699,0.832436764,-0.005118379,0.051087672,0.551736247,0.897210079,0.012716745,-105.8247209,-0.005034993,0.008562387,17.96473872
2.36478328,92.30439436,79.30714741,1240.956042,28.61071322,-80.59905443,37.08674639,32.10849219,492.81795,-8.064587005,-6.031655338,-105.3319056,0.829958635,-0.00489168,0.051111264,0.555456906,0.903955521,0.012618715,-105.8083714,-0.004459681,0.008498799,17.9247595
2.36528328,92.32293672,79.3232009,1241.202438,28.61071337,-80.59905424,37.08271205,32.10548337,492.7652961,-8.067464743,-6.022213404,-105.3158626,0.827469444,-0.004665243,0.051133864,0.559158191,0.910647318,0.011793233,-105.792025,-0.003813712,0.008445066,17.88489021
2.36578328,92.34147707,79.33925289,1241.448808,28.61071351,-80.59905405,37.0786767,32.10247898,492.7126502,-8.069778311,-6.013148599,-105.2998432,0.824969336,-0.004439077,0.051155468,0.562840126,0.917251737,0.010170488,-105.7756815,-0.00313974,0.008356005,17.84513207
2.36628328,92.3600154,79.35530338,1241.695151,28.61071366,-80.59905386,37.07464057,32.09947885,492.6600122,-8.071568557,-6.004460033,-105.283844,0.822458454,-0.004213187,0.051176081,0.566502735,0.923733723,0.00779392,-105.7593411,-0.002532099,0.008255047,17.80548626
2.36678328,92.37855171,79.37135237,1241.941468,28.6107138,-80.59905367,37.07060393,32.09648278,492.6073823,-8.072845667,-5.996134489,-105.2678652,0.81993694,-0.003987572,0.051195707,0.570146045,0.930083489,0.004682322,-105.7430037,-0.001893311,0.008147988,17.76595395
2.36728328,92.397086,79.38739987,1242.187758,28.61071394,-80.59905348,37.06656706,32.0934906,492.5547603,-8.073602663,-5.988185702,-105.2519063,0.817404936,-0.003762233,0.051214355,0.573770082,0.936271691,8.28E-04,-105.7266693,-0.001284594,0.008031935,17.72653622
2.36778328,92.41561827,79.40344587,1242.434022,28.61071409,-80.59905329,37.06253021,32.0905021,492.5021463,-8.07381478,-5.980614642,-105.2359693,0.814862581,-0.003537165,0.051232029,0.577374872,0.942287746,-0.003789986,-105.710338,-6.05E-04,0.007891472,17.68723415
2.36828328,92.43414853,79.41949037,1242.68026,28.61071423,-80.5990531,37.05849369,32.08751709,492.4495403,-8.073472712,-5.973443677,-105.2200534,0.812310014,-0.003312368,0.05124874,0.580960443,0.948093702,-0.0091833,-105.6940096,5.03E-05,0.007735243,17.64804874
2.36878328,92.45267677,79.43553338,1242.926472,28.61071438,-80.59905291,37.05445777,32.08453536,492.3969422,-8.072546619,-5.966664637,-105.2041615,0.809747373,-0.003087841,0.051264488,0.584526825,0.953688593,-0.015373641,-105.6776842,7.52E-04,0.007574169,17.60898099
2.36928328,92.47120299,79.45157491,1243.172657,28.61071452,-80.59905272,37.05042275,32.08155671,492.344352,-8.071039374,-5.960306188,-105.1882915,0.807174795,-0.00286358,0.051279278,0.588074048,0.95902301,-0.022362292,-105.6613618,0.001444254,0.007356555,17.57003181
2.36978328,92.48972719,79.46761494,1243.418816,28.61071467,-80.59905253,37.04638892,32.07858092,492.2917697,-8.068939547,-5.954377877,-105.1724437,0.804592414,-0.0026396,0.051293118,0.591602143,0.964071278,-0.030157374,-105.6450423,0.002130307,0.00718335,17.53120212
2.37028328,92.50824938,79.48365349,1243.664949,28.61071481,-80.59905234,37.04235657,32.07560781,492.2391954,-8.06626642,-5.94883649,-105.1566193,0.802000365,-0.002415907,0.051306007,0.595111142,0.968850646,-0.038719302,-105.6287259,0.002792389,0.007010669,17.49249276
2.37078328,92.52676955,79.49969055,1243.911055,28.61071495,-80.59905215,37.03832597,32.07263717,492.1866289,-8.063044064,-5.943677106,-105.1408168,0.799398782,-0.002192494,0.051317949,0.598601076,0.973339715,-0.048016222,-105.6124124,0.003434328,0.006800427,17.45390457
2.37128328,92.5452877,79.51572613,1244.157136,28.6107151,-80.59905196,37.03429742,32.06966881,492.1340703,-8.059254142,-5.93892748,-105.1250359,0.796787795,-0.001969364,0.051328951,0.60207198,0.977497858,-0.058068235,-105.5961019,0.00412371,0.006561833,17.41543834
2.37178328,92.56380385,79.53176022,1244.403189,28.61071524,-80.59905177,37.03027117,32.06670251,492.0815196,-8.054892667,-5.93458425,-105.1092769,0.794167537,-0.001746516,0.051339007,0.605523888,0.981311027,-0.068871023,-105.5797943,0.004753899,0.006293769,17.37709481
2.37228328,92.58231798,79.54779283,1244.649217,28.61071539,-80.59905158,37.02624752,32.06373806,492.0289768,-8.049987007,-5.930679404,-105.0935358,0.791538137,-0.001523958,0.05134813,0.608956833,0.984720622,-0.080398107,-105.5634898,0.005425542,0.006021877,17.33887471
2.37278328,92.60083009,79.56382396,1244.895218,28.61071553,-80.59905139,37.02222673,32.06077526,491.9764418,-8.044521403,-5.927176362,-105.077816,0.788899723,-0.00130169,0.051356316,0.612370853,0.987750314,-0.092646854,-105.5471882,0.006054112,0.005758013,17.30077872
2.37328328,92.6193402,79.5798536,1245.141194,28.61071568,-80.5990512,37.01820909,32.05781391,491.9239147,-8.038516724,-5.924094553,-105.0621148,0.786252423,-0.001079721,0.051363581,0.615765982,0.990357098,-0.10559296,-105.5308896,0.006695382,0.005492166,17.26280749
2.37378328,92.6378483,79.59588177,1245.387142,28.61071582,-80.59905101,37.01419486,32.05485382,491.8713954,-8.031960182,-5.921382081,-105.0464365,0.783596362,-8.58E-04,0.051369921,0.619142259,0.992580095,-0.119227551,-105.514594,0.007318663,0.005230346,17.22496166
2.37428328,92.6563544,79.61190846,1245.633065,28.61071596,-80.59905082,37.01018428,32.05189479,491.8188839,-8.024884602,-5.919049164,-105.0307779,0.780931667,-6.37E-04,0.051375332,0.62249972,0.994383905,-0.133511729,-105.4983014,0.007897831,0.00492204,17.1872418
2.37478328,92.67485849,79.62793367,1245.878961,28.61071611,-80.59905063,37.00617762,32.04893664,491.7663802,-8.017325811,-5.917112811,-105.015135,0.778258462,-4.16E-04,0.051379825,0.625838404,0.995726721,-0.148404204,-105.4820118,0.008475737,0.00462941,17.14964847
2.37528328,92.69336058,79.64395739,1246.124831,28.61071625,-80.59905044,37.00217511,32.04597917,491.7138844,-8.009249364,-5.915563754,-104.9995111,0.775576869,-1.95E-04,0.0513834,0.62915835,0.996611086,-0.163928845,-105.4657252,0.009054741,0.004301997,17.11218222
2.37578328,92.71186066,79.65997964,1246.370675,28.6107164,-80.59905025,36.99817701,32.04302218,491.6613963,-8.000689445,-5.914393562,-104.9839041,0.772887011,2.55E-05,0.051386058,0.632459597,0.99702269,-0.180039508,-105.4494416,0.009609375,0.00397878,17.07484355
2.37628328,92.73035875,79.67600042,1246.616493,28.61071654,-80.59905006,36.99418355,32.04006547,491.608916,-7.991643497,-5.913632035,-104.9683124,0.770189008,2.46E-04,0.05138781,0.635742184,0.996917047,-0.19673556,-105.4331611,0.010175143,0.003636128,17.03763291
2.37678328,92.74885485,79.69201971,1246.862284,28.61071668,-80.59904987,36.99019499,32.03710888,491.5564436,-7.98210177,-5.913235331,-104.9527394,0.76748298,4.65E-04,0.051388662,0.639006153,0.996327036,-0.2140081,-105.4168836,0.010732562,0.003308895,17.00055077
2.37728328,92.76734895,79.70803753,1247.108049,28.61071683,-80.59904968,36.98621156,32.03415221,491.5039789,-7.97206532,-5.913203795,-104.9371852,0.764769046,6.85E-04,0.051388617,0.642251545,0.995237946,-0.231846753,-105.4006091,0.011277534,0.002993061,16.96359753
2.37778328,92.78584106,79.72405386,1247.353788,28.61071697,-80.59904949,36.9822335,32.03119532,491.4515219,-7.961563764,-5.913498618,-104.92165,0.762047323,9.04E-04,0.051387678,0.645478401,0.993670567,-0.250204354,-105.3843377,0.011792465,0.002691373,16.9267736
2.37828328,92.80433118,79.74006872,1247.599501,28.61071712,-80.5990493,36.97826103,32.02823803,491.3990727,-7.950601999,-5.914123153,-104.9061332,0.759317928,0.001122748,0.051385846,0.648686764,0.991607807,-0.26906752,-105.3680693,0.012298759,0.002339951,16.89007933
2.37878328,92.82281932,79.7560821,1247.845187,28.61071726,-80.59904912,36.97429437,32.02528017,491.3466313,-7.939196187,-5.915096285,-104.8906322,0.756580977,0.001341188,0.051383113,0.651876677,0.989014906,-0.288413353,-105.3518039,0.012778768,0.001984098,16.85351508
2.37928328,92.84130548,79.772094,1248.090847,28.6107174,-80.59904893,36.97033371,32.02232155,491.2941976,-7.927392454,-5.916426924,-104.8751428,0.753836584,0.001559279,0.051379488,0.655048182,0.98586339,-0.30818536,-105.3355417,0.013220605,0.001605261,16.81708115
2.37978328,92.85978966,79.78810442,1248.336481,28.61071755,-80.59904874,36.96637923,32.01936202,491.2417716,-7.915196104,-5.918095276,-104.859666,0.751084863,0.001777018,0.051374973,0.658201324,0.982162518,-0.328364695,-105.3192825,0.013642162,0.001249446,16.78077784
2.38028328,92.87827186,79.80411336,1248.582089,28.61071769,-80.59904855,36.96243115,32.0164014,491.1893534,-7.902614862,-5.920093143,-104.8442016,0.748325926,0.001994405,0.051369576,0.661336146,0.977909611,-0.348932083,-105.3030264,0.014089251,8.79E-04,16.74460544
2.38078328,92.89675209,79.82012082,1248.827671,28.61071784,-80.59904836,36.95848966,32.01343955,491.1369429,-7.889637093,-5.922422039,-104.8287506,0.745559884,0.002211435,0.0513633,0.664452692,0.97309492,-0.369889799,-105.2867735,0.014511605,5.01E-04,16.70856417
2.38128328,92.91523035,79.8361268,1249.073226,28.61071798,-80.59904817,36.95455493,32.01047628,491.0845401,-7.876277939,-5.925071354,-104.8133123,0.742786848,0.002428101,0.051356141,0.667551009,0.967717829,-0.3912106,-105.2705236,0.014922739,1.26E-04,16.67265428
2.38178328,92.93370665,79.8521313,1249.318755,28.61071812,-80.59904798,36.95062714,32.00751146,491.032145,-7.862575732,-5.928044482,-104.7978837,0.740006926,0.002644382,0.05134811,0.670631142,0.961761192,-0.41284471,-105.2542769,0.015253695,-2.43E-04,16.63687597
2.38228328,92.95218098,79.86813431,1249.564258,28.61071827,-80.59904779,36.94670641,32.00454497,490.9797576,-7.848571052,-5.931265646,-104.7824664,0.737220227,0.002860284,0.051339202,0.673693136,0.955291919,-0.434731681,-105.2380334,0.015595783,-5.64E-04,16.60122942
2.38278328,92.97065335,79.88413584,1249.809735,28.61071841,-80.5990476,36.94279291,32.00157664,490.9273779,-7.834268847,-5.93477738,-104.7670572,0.734426859,0.003075799,0.05132942,0.676737038,0.948258424,-0.456861611,-105.221793,0.015887445,-9.66E-04,16.56571482
2.38328328,92.98912377,79.90013589,1250.055186,28.61071856,-80.59904741,36.93888676,31.99860634,490.8750059,-7.819696633,-5.938574455,-104.7516544,0.731626928,0.003290922,0.051318764,0.679762894,0.940657325,-0.479195416,-105.2055557,0.016185166,-0.001331733,16.5303323
2.38378328,93.00759224,79.91613445,1250.30061,28.6107187,-80.59904722,36.93498807,31.99563394,490.8226417,-7.804873991,-5.942652387,-104.7362567,0.728820539,0.003505644,0.051307234,0.682770752,0.932486238,-0.501702421,-105.1893217,0.016425053,-0.001720813,16.49508202
2.38428328,93.02605876,79.93213152,1250.546008,28.61071884,-80.59904703,36.93109695,31.99265929,490.7702851,-7.78984555,-5.947004299,-104.7208609,0.726007796,0.003719963,0.051294837,0.685760659,0.923744351,-0.524325559,-105.1730909,0.016650944,-0.002098267,16.45996408
2.38478328,93.04452334,79.94812711,1250.79138,28.61071899,-80.59904684,36.92721351,31.98968228,490.7179362,-7.774594855,-5.951618283,-104.7054692,0.723188803,0.003933878,0.051281581,0.688732662,0.91444167,-0.547071682,-105.1568632,0.016900742,-0.002473749,16.42497858
2.385285004,93.06304962,79.96417634,1251.037572,28.61071913,-80.59904665,36.92332451,31.98669249,490.6654146,-7.759120128,-5.956486807,-104.6900823,0.720353912,0.004148112,0.051267416,0.691696961,0.904582425,-0.569932862,-105.1406388,0.017102813,-0.002829929,16.39012562
2.385788655,93.0816451,79.9802857,1251.284683,28.61071928,-80.59904646,36.91942855,31.98368859,490.612699,-7.743405979,-5.961604885,-104.6746456,0.717502009,0.004362738,0.051252329,0.694654613,0.894148525,-0.592937165,-105.1243617,0.017273013,-0.003196095,16.35528581
2.386294256,93.10031061,79.99645592,1251.532723,28.61071942,-80.59904627,36.9155256,31.98067028,490.5597872,-7.727478314,-5.966962587,-104.659151,0.714632995,0.004577755,0.051236313,0.697605595,0.883141319,-0.616049212,-105.1080253,0.017440402,-0.003532185,16.32044655
2.38680183,93.11904701,80.01268774,1251.781706,28.61071957,-80.59904608,36.91161564,31.97763731,490.5066767,-7.711350456,-5.972553845,-104.6435971,0.711746769,0.004793147,0.051219367,0.700549884,0.871561475,-0.639244793,-105.091629,0.017543271,-0.003853308,16.28560783
2.387311403,93.13785517,80.02898189,1252.031641,28.61071971,-80.59904589,36.90769862,31.97458942,490.4533651,-7.695065997,-5.97830432,-104.6279847,0.708843226,0.005008923,0.051201478,0.703487456,0.859481359,-0.662466985,-105.0751721,0.017617818,-0.004131071,16.25076967
2.387822998,93.15673595,80.04533915,1252.282541,28.61071986,-80.59904569,36.90377452,31.97152634,490.39985,-7.67862241,-5.98425678,-104.6123105,0.705922262,0.005225085,0.051182638,0.706418287,0.846852476,-0.685710394,-105.0586537,0.017732897,-0.00446666,16.21593207
2.38833664,93.17569026,80.06176027,1252.534417,28.61072001,-80.5990455,36.89984326,31.96844779,490.3461289,-7.662035442,-5.990414798,-104.5965721,0.702983768,0.00544162,0.051162842,0.709342353,0.833667449,-0.708948957,-105.0420732,0.017745971,-0.00477319,16.18109504
2.388852354,93.19471901,80.07824605,1252.787281,28.61072016,-80.59904531,36.89590478,31.96535353,490.2921992,-7.645341758,-5.996726949,-104.5807693,0.700027635,0.005658533,0.051142078,0.712259629,0.819977467,-0.732135046,-105.0254298,0.017795894,-0.005057121,16.14625858
2.389370166,93.21382313,80.09479728,1253.041146,28.61072031,-80.59904511,36.89195898,31.96224328,490.2380584,-7.628555071,-6.003214796,-104.5648987,0.697053748,0.005875813,0.051120337,0.71517009,0.805758072,-0.75524534,-105.0087227,0.01777489,-0.005340585,16.1114227
2.389890101,93.23300354,80.11141478,1253.296025,28.61072046,-80.59904491,36.88800576,31.95911678,490.1837038,-7.611727333,-6.009852693,-104.5489572,0.694061993,0.006093461,0.051097606,0.718073711,0.791035893,-0.778216889,-104.9919512,0.017748399,-0.005622495,16.07658741
2.390412188,93.25226123,80.12809937,1253.551928,28.61072061,-80.59904472,36.88404497,31.95597376,490.1291328,-7.59488253,-6.016655772,-104.532941,0.691052252,0.006311469,0.05107387,0.720970464,0.775795724,-0.801015434,-104.9751144,0.017636911,-0.005906574,16.04175271
2.390936451,93.27159715,80.1448519,1253.808871,28.61072076,-80.59904452,36.88007645,31.95281395,490.0743427,-7.578085118,-6.023614145,-104.5168447,0.688024404,0.006529835,0.051049134,0.723860323,0.760051269,-0.823564805,-104.9582117,0.017513519,-0.006176426,16.00691861
2.391462919,93.29101229,80.1616732,1254.066865,28.61072091,-80.59904432,36.87610008,31.9496371,490.0193307,-7.561305346,-6.030682944,-104.5006729,0.684978328,0.006748558,0.05102339,0.726743257,0.743850522,-0.845890143,-104.941242,0.017436382,-0.006375673,15.97208512
2.391991619,93.31050764,80.17856414,1254.325924,28.61072106,-80.59904412,36.87211567,31.94644296,489.9640941,-7.544562009,-6.037855427,-104.4844237,0.6819139,0.006967635,0.050996622,0.729619236,0.727203359,-0.867964657,-104.9242047,0.017295726,-0.00661502,15.93725222
2.392522579,93.33008418,80.19552556,1254.58606,28.61072121,-80.59904392,36.86812306,31.94323127,489.9086301,-7.527908404,-6.045147839,-104.4680908,0.678830997,0.007187063,0.05096882,0.732488227,0.710098672,-0.889723911,-104.9070988,0.017117611,-0.006864885,15.90241992
2.393055826,93.34974293,80.21255832,1254.847288,28.61072137,-80.59904372,36.86412203,31.94000177,489.852936,-7.511363705,-6.052552912,-104.4516724,0.675729497,0.007406833,0.050939979,0.735350191,0.692549362,-0.911140722,-104.8899235,0.016926456,-0.007068047,15.8675882
2.393591387,93.36948485,80.22966329,1255.109619,28.61072152,-80.59904351,36.86011236,31.93675423,489.797009,-7.494962557,-6.060035387,-104.4351671,0.672609276,0.007626924,0.050910089,0.73820509,0.674599719,-0.932174564,-104.872678,0.016673536,-0.00722654,15.83275706
2.394129291,93.38931095,80.2468413,1255.373067,28.61072167,-80.59904331,36.85609379,31.93348847,489.7408463,-7.478787127,-6.067533661,-104.4185715,0.669470212,0.007847331,0.050879143,0.741052878,0.656327314,-0.952739145,-104.8553614,0.016364637,-0.007335783,15.79792648
2.394669563,93.4092222,80.2640932,1255.637646,28.61072183,-80.59904311,36.85206607,31.93020426,489.6844454,-7.462859431,-6.075038168,-104.4018836,0.666312184,0.008068058,0.050847131,0.743893507,0.637751924,-0.972807931,-104.837973,0.016073018,-0.007448899,15.76309645
2.395212232,93.42921958,80.28141983,1255.903367,28.61072198,-80.5990429,36.8480289,31.92690139,489.6278034,-7.447183924,-6.082567296,-104.3851009,0.663135072,0.008289098,0.050814043,0.746726925,0.618862992,-0.992369942,-104.8205118,0.015761245,-0.00757956,15.72826696
2.395757325,93.44930405,80.29882204,1256.170244,28.61072214,-80.5990427,36.84398201,31.92357967,489.5709177,-7.431801134,-6.090104615,-104.3682206,0.659938758,0.008510441,0.050779879,0.749553075,0.599690959,-1.011380393,-104.802977,0.015404209,-0.007667243,15.693438
2.396304868,93.46947661,80.31630066,1256.438289,28.6107223,-80.59904249,36.83992509,31.92023893,489.5137856,-7.41671738,-6.09760417,-104.3512441,0.656723121,0.008732081,0.05074463,0.7523719,0.580294015,-1.029835046,-104.7853678,0.015073096,-0.007704117,15.65860956
2.396854888,93.48973821,80.33385652,1256.707516,28.61072246,-80.59904228,36.83585782,31.91687899,489.4564044,-7.401970625,-6.105046911,-104.3341688,0.653488044,0.008954009,0.050708285,0.755183336,0.560706857,-1.047694572,-104.7676834,0.014690784,-0.00773357,15.62378163
2.397407414,93.51008982,80.35149047,1256.977937,28.61072261,-80.59904207,36.83177986,31.9134997,489.3987714,-7.387607113,-6.112423608,-104.3169908,0.65023341,0.009176218,0.050670839,0.757987319,0.540956527,-1.064910499,-104.7499229,0.014279903,-0.00774033,15.5889542
2.397962471,93.53053242,80.36920334,1257.249565,28.61072277,-80.59904187,36.82769085,31.91010089,489.3408839,-7.373641066,-6.119715668,-104.2997092,0.646959102,0.009398705,0.050632268,0.760783779,0.521076402,-1.08146988,-104.7320856,0.013858001,-0.007733767,15.55412726
2.398520086,93.55106697,80.38699596,1257.522413,28.61072293,-80.59904165,36.82359037,31.9066824,489.2827394,-7.360135127,-6.126962946,-104.2823157,0.643665003,0.009621455,0.050592568,0.763572645,0.501047793,-1.097300382,-104.7141706,0.013364399,-0.007732299,15.51930081
2.399080288,93.57169446,80.40486917,1257.796494,28.61072309,-80.59904144,36.81947801,31.90324408,489.224335,-7.347139179,-6.134123025,-104.2648081,0.640350996,0.009844464,0.050551733,0.766353841,0.480937434,-1.112356859,-104.696177,0.012883373,-0.007679439,15.48447483
2.399643103,93.59241584,80.42282381,1258.07182,28.61072326,-80.59904123,36.81535335,31.89978577,489.1656681,-7.334653292,-6.141177575,-104.2471866,0.637016967,0.010067726,0.050509751,0.769127291,0.460779576,-1.126643203,-104.6781041,0.012385465,-0.007623523,15.44964933
2.400208558,93.6132321,80.44086072,1258.348405,28.61072342,-80.59904102,36.81121611,31.89630732,489.1067361,-7.322719332,-6.148140665,-104.2294463,0.633662798,0.010291238,0.050466603,0.771892914,0.440583053,-1.140114579,-104.659951,0.011861347,-0.007569989,15.41482429
2.400776676,93.63414406,80.45898061,1258.626258,28.61072358,-80.5990408,36.80706812,31.89280858,489.0475365,-7.309388164,-6.15504483,-104.2117316,0.6302884,0.010514986,0.050422287,0.774650605,0.419955309,-1.154681948,-104.6417082,0.011277746,-0.007504173,15.37999968
2.401347478,93.65515241,80.47718409,1258.905391,28.61072375,-80.59904059,36.80290958,31.88928946,488.9880673,-7.293262234,-6.161863855,-104.1941496,0.626893703,0.010738964,0.050376801,0.777400243,0.398608735,-1.171713085,-104.6233686,0.010731091,-0.007407259,15.34517519
2.401920991,93.67625817,80.495472,1259.185815,28.61072391,-80.59904037,36.79874,31.88574982,488.9283258,-7.27774443,-6.168556481,-104.1764442,0.62347859,0.010963164,0.050330137,0.78014174,0.377230907,-1.187863543,-104.6049466,0.010201938,-0.007259542,15.31035117
2.402497244,93.69746233,80.51384521,1259.467543,28.61072408,-80.59904016,36.79455888,31.88218954,488.8683094,-7.262859016,-6.175111195,-104.1586134,0.620042944,0.011187563,0.050282275,0.782875009,0.355857016,-1.203113227,-104.5864415,0.009590894,-0.00713112,15.2755276
2.403076263,93.71876588,80.53230458,1259.75059,28.61072424,-80.59903994,36.79036565,31.87860851,488.8080151,-7.248716848,-6.181515431,-104.1406481,0.616586649,0.011412159,0.05023321,0.785599956,0.334544751,-1.217354519,-104.5678523,0.008950329,-0.006925479,15.24070449
2.403658078,93.74016983,80.55085098,1260.034968,28.61072441,-80.59903972,36.78615974,31.8750066,488.7474404,-7.235320898,-6.187763376,-104.1225475,0.61310959,0.011636936,0.050182933,0.788316488,0.313322161,-1.230590048,-104.5491782,0.008307792,-0.006710976,15.20588181
2.404242716,93.76167519,80.56948527,1260.320691,28.61072458,-80.5990395,36.78194053,31.87138373,488.6865824,-7.222726662,-6.193826169,-104.1043083,0.609611651,0.011861871,0.050131431,0.791024507,0.292254256,-1.242775504,-104.5304184,0.007610303,-0.00646153,15.17105958
2.404830206,93.78328297,80.58820832,1260.607771,28.61072474,-80.59903928,36.77770734,31.86773982,488.6254384,-7.211028398,-6.199672973,-104.0859238,0.606092716,0.012086962,0.050078701,0.793723912,0.271420076,-1.253829592,-104.5115719,0.006890274,-0.006155567,15.13623779
2.405420577,93.80499419,80.60702101,1260.896223,28.61072491,-80.59903905,36.77345953,31.86407479,488.5640056,-7.200209774,-6.205293869,-104.0673953,0.602552671,0.012312209,0.050024742,0.796414599,0.250850239,-1.263779836,-104.4926379,0.006204517,-0.005886224,15.10141642
2.406013856,93.82680988,80.62592423,1261.18606,28.61072508,-80.59903883,36.76919641,31.86038858,488.5022812,-7.190258991,-6.210680714,-104.0487231,0.598991398,0.01253759,0.049969529,0.799096465,0.230574128,-1.272649322,-104.4736156,0.005515706,-0.005536047,15.06659549
2.406610074,93.84873105,80.64491885,1261.477295,28.61072525,-80.59903861,36.76491723,31.8566811,488.4402624,-7.1812899,-6.215841252,-104.0298968,0.595408784,0.012763105,0.049913066,0.801769399,0.210641284,-1.280330124,-104.4545041,0.004744144,-0.005207725,15.03177498
2.407209259,93.87075874,80.66400578,1261.769943,28.61072543,-80.59903838,36.76062129,31.85295232,488.3779463,-7.173270349,-6.220751689,-104.0109196,0.591804711,0.012988743,0.049855351,0.804433292,0.191093085,-1.286872419,-104.4353025,0.004080722,-0.00481674,14.9969549
2.40781144,93.89289401,80.6831859,1262.064016,28.6107256,-80.59903815,36.7563078,31.8492022,488.3153302,-7.1662153,-6.225374716,-103.9917918,0.588179064,0.013214496,0.049796374,0.807088029,0.171997582,-1.292284341,-104.4160098,0.003332612,-0.004414457,14.96213524
2.408416648,93.91513788,80.70246013,1262.359529,28.61072577,-80.59903793,36.75197599,31.84543069,488.2524112,-7.160165298,-6.229716201,-103.9725088,0.584531727,0.013440348,0.049736129,0.809733496,0.153387897,-1.296536401,-104.3966253,0.002636276,-0.004001791,14.92731599
2.409024911,93.93749143,80.72182938,1262.656496,28.61072595,-80.5990377,36.74762502,31.8416378,488.1891863,-7.155157261,-6.233735396,-103.9530694,0.580862585,0.013666297,0.049674607,0.812369573,0.135343818,-1.299619041,-104.3771481,0.001869879,-0.003495774,14.89249716
2.409636259,93.9599557,80.74129455,1262.95493,28.61072612,-80.59903747,36.74325409,31.83782347,488.1256528,-7.151200327,-6.237456433,-103.9334703,0.577171522,0.013892346,0.049611791,0.814996139,0.117872068,-1.301530609,-104.3575772,0.001190528,-0.003086737,14.85767875
2.410250724,93.98253177,80.76085658,1263.254846,28.6107263,-80.59903723,36.73886233,31.83398763,488.0618076,-7.148296478,-6.24092781,-103.9137074,0.573458422,0.014118483,0.049547668,0.817613072,0.100953256,-1.302267802,-104.3379117,4.31E-04,-0.002640454,14.82286074
2.410868334,94.00522071,80.78051639,1263.556258,28.61072647,-80.599037,36.73444884,31.83013025,487.997648,-7.146500102,-6.244152047,-103.8937752,0.56972317,0.014344697,0.049482229,0.820220244,0.084632537,-1.301790866,-104.3181508,-3.39E-04,-0.002180163,14.78804315
2.411489121,94.0280236,80.80027492,1263.859181,28.61072665,-80.59903677,36.7300127,31.82625126,487.9331708,-7.14584799,-6.247126795,-103.8736698,0.565965649,0.014570985,0.049415471,0.822817526,0.068955314,-1.300080391,-104.2982936,-0.001101278,-0.001682082,14.75322596
2.412113116,94.05094153,80.82013311,1264.163628,28.61072683,-80.59903653,36.725553,31.82235061,487.8683732,-7.146323568,-6.249840769,-103.8533926,0.562185744,0.01479735,0.049347386,0.825404788,0.053956984,-1.297173992,-104.2783392,-0.001812256,-0.001222779,14.71840918
2.412740349,94.07397561,80.84009191,1264.469615,28.61072701,-80.5990363,36.72106879,31.81842824,487.8032522,-7.147909377,-6.252316977,-103.8329424,0.558383337,0.015023779,0.049277975,0.827981893,0.039638222,-1.293097678,-104.2582866,-0.002522735,-7.29E-04,14.6835928
2.413370852,94.09712694,80.86015229,1264.777156,28.61072719,-80.59903606,36.71655914,31.81448414,487.7378048,-7.150622148,-6.254509936,-103.8123199,0.554558312,0.015250259,0.049207225,0.830548708,0.026079251,-1.287870781,-104.2381349,-0.003246497,-1.76E-04,14.64877682
2.414004657,94.12039664,80.8803152,1265.086266,28.61072737,-80.59903582,36.71202304,31.81051826,487.6720279,-7.154511527,-6.256423223,-103.7915201,0.550710552,0.015476793,0.049135145,0.833105092,0.01332572,-1.281463259,-104.2178832,-0.003934777,3.41E-04,14.61396124
2.414641795,94.14378583,80.90058164,1265.396959,28.61072755,-80.59903558,36.70745953,31.80653061,487.6059184,-7.159519488,-6.25802443,-103.7705487,0.546839941,0.015703364,0.049061722,0.835650903,0.001415573,-1.273965489,-104.1975306,-0.004593612,9.30E-04,14.57914607
2.415282299,94.16729564,80.92095257,1265.709252,28.61072774,-80.59903534,36.70286757,31.80252118,487.5394733,-7.165707251,-6.259299763,-103.7494008,0.54294636,0.015929974,0.048986956,0.838185996,-0.009584035,-1.26534589,-104.177076,-0.005290556,0.001539814,14.5443313
2.415926202,94.19092722,80.941429,1266.023158,28.61072792,-80.5990351,36.69824617,31.79848997,487.4726894,-7.173039579,-6.260245848,-103.7280785,0.539029694,0.016156628,0.048910845,0.840710225,-0.019655391,-1.255663128,-104.1565186,-0.005906077,0.002122859,14.50951692
2.416573536,94.21468172,80.96201192,1266.338694,28.61072811,-80.59903486,36.69359433,31.794437,487.4055637,-7.181472306,-6.260868367,-103.7065841,0.535089824,0.016383314,0.04883339,0.843223439,-0.028794883,-1.244980652,-104.1358575,-0.006492353,0.002695304,14.47470294
2.417224334,94.23856031,80.98270235,1266.655874,28.61072829,-80.59903461,36.68891102,31.79036228,487.3380929,-7.191017834,-6.261130001,-103.6849181,0.531126632,0.016610033,0.048754577,0.845725486,-0.036934654,-1.233327095,-104.1150915,-0.007061967,0.003348003,14.43988936
2.417878629,94.26256417,81.0035013,1266.974716,28.61072848,-80.59903437,36.68419519,31.78626579,487.2702737,-7.201676274,-6.26106892,-103.6630771,0.527140002,0.016836786,0.048674392,0.848216213,-0.044084207,-1.220710302,-104.0942198,-0.007651932,0.00392297,14.40507618
2.418536457,94.28669448,81.02440983,1267.295233,28.61072867,-80.59903412,36.67944581,31.78214751,487.2021031,-7.2134452,-6.26072241,-103.6410578,0.523129814,0.017063571,0.048592833,0.850695462,-0.050253032,-1.207140203,-104.0732414,-0.008219249,0.004518447,14.3702634
2.41919785,94.31095244,81.04542896,1267.617442,28.61072886,-80.59903387,36.67466184,31.77800742,487.1335777,-7.226307485,-6.260084058,-103.6188611,0.51909595,0.0172904,0.048509894,0.853163071,-0.055416371,-1.192660644,-104.0521554,-0.008738457,0.005089776,14.33545101
2.419862844,94.33533928,81.06655977,1267.94136,28.61072905,-80.59903362,36.66984225,31.77384547,487.0646941,-7.240197713,-6.259188038,-103.5964892,0.51503829,0.01751727,0.048425573,0.85561888,-0.0596115,-1.1773415,-104.0309607,-0.00923615,0.005638795,14.30063904
2.420531474,94.35985621,81.08780331,1268.267003,28.61072924,-80.59903337,36.66498602,31.76966163,486.995449,-7.255100868,-6.258022104,-103.5739574,0.510956713,0.017744183,0.048339871,0.858062724,-0.062809686,-1.161228434,-104.0096706,-0.009673259,0.006195753,14.26582746
2.421203776,94.38450448,81.10916068,1268.594388,28.61072943,-80.59903312,36.66009212,31.76545589,486.925839,-7.270983206,-6.256576006,-103.5512936,0.506851097,0.017971151,0.048252779,0.860494435,-0.064994257,-1.144385412,-103.9883095,-0.010089301,0.006773477,14.2310163
2.421879785,94.40928537,81.13063299,1268.92353,28.61072962,-80.59903286,36.6551596,31.76122816,486.8558606,-7.287776153,-6.254885471,-103.5284605,0.502721321,0.018198182,0.048164285,0.862913843,-0.066211402,-1.126878362,-103.9668369,-0.01047179,0.007266859,14.19620554
2.422559538,94.43420014,81.15222134,1269.254448,28.61072982,-80.59903261,36.65018742,31.75697836,486.7855103,-7.305447512,-6.252998741,-103.5054565,0.49856726,0.018425271,0.048074387,0.865320778,-0.066501135,-1.108735561,-103.9452517,-0.010865056,0.007772825,14.1613952
2.423243073,94.45925011,81.17392688,1269.587159,28.61073001,-80.59903235,36.64517466,31.75270645,486.7147846,-7.323990151,-6.250897372,-103.4822823,0.494388789,0.018652434,0.047983098,0.867715065,-0.065830266,-1.089995943,-103.923553,-0.011155963,0.00827232,14.12658528
2.423930427,94.48443659,81.19575077,1269.92168,28.61073021,-80.59903209,36.6401204,31.74841237,486.6436797,-7.343277645,-6.248543441,-103.4589495,0.490185779,0.018879678,0.047890421,0.870096527,-0.064212615,-1.070818033,-103.9017396,-0.011369401,0.008758475,14.09177579
2.424621639,94.50976094,81.21769418,1270.258029,28.6107304,-80.59903183,36.63502373,31.74409608,486.572192,-7.363247917,-6.245927091,-103.4354628,0.485958102,0.019107007,0.047796345,0.872464988,-0.061657793,-1.051286295,-103.8798103,-0.011590843,0.009217946,14.05696673
2.42531675,94.53522453,81.23975831,1270.596226,28.6107306,-80.59903157,36.62988376,31.73975751,486.5003176,-7.383879365,-6.243066406,-103.4118216,0.481705626,0.019334422,0.047700848,0.874820267,-0.058180696,-1.031432921,-103.8577641,-0.0117502,0.009679317,14.02215812
2.426015798,94.56082877,81.2619444,1270.936288,28.6107308,-80.59903131,36.62469954,31.73539655,486.4280528,-7.405171975,-6.240029734,-103.3880204,0.477428215,0.019561922,0.047603933,0.877162184,-0.053829373,-1.011241875,-103.8355998,-0.011977426,0.01010839,13.98734996
2.426718825,94.5865751,81.28425371,1271.278234,28.610731,-80.59903105,36.61947022,31.73101313,486.3553935,-7.42710371,-6.236775777,-103.3640624,0.473125728,0.019789523,0.047505603,0.879490556,-0.048566658,-0.990777403,-103.8133163,-0.012087485,0.010557718,13.95254227
2.427425875,94.61246502,81.30668756,1271.622086,28.61073121,-80.59903078,36.61419493,31.72660716,486.2823356,-7.449567089,-6.233306515,-103.3399551,0.468798021,0.020017256,0.047405855,0.881805199,-0.042444546,-0.970155046,-103.7909124,-0.012160818,0.010919371,13.91773508
2.428136992,94.63850012,81.32924733,1271.967864,28.61073141,-80.59903051,36.60887293,31.7221785,486.2088747,-7.472417492,-6.229657859,-103.3157065,0.464444935,0.020245129,0.047304687,0.884105935,-0.03557027,-0.949500638,-103.7683866,-0.012140232,0.0112127,13.88292843
2.428852225,94.66468206,81.35193447,1272.31559,28.61073161,-80.59903025,36.60350345,31.71772701,486.1350061,-7.495605599,-6.22582663,-103.2913195,0.460066299,0.020473155,0.047202089,0.886392584,-0.027965148,-0.928876499,-103.7457378,-0.012122464,0.011538174,13.84812235
2.429571623,94.69101261,81.37475054,1272.665288,28.61073182,-80.59902998,36.59808575,31.71325252,486.060725,-7.519066418,-6.221842475,-103.2667959,0.455661928,0.020701346,0.047098076,0.888664972,-0.019690139,-0.908337716,-103.7229644,-0.012064143,0.011803163,13.81331691
2.430295241,94.71749366,81.39769719,1273.016983,28.61073202,-80.59902971,36.59261911,31.70875495,485.9860261,-7.542699816,-6.217626846,-103.2421474,0.451231616,0.020929703,0.046992642,0.89092293,-0.010737395,-0.888033636,-103.700065,-0.011872453,0.01209943,13.77851218
2.431023135,94.7441272,81.42077615,1273.370702,28.61073223,-80.59902943,36.58710281,31.7042341,485.9109039,-7.566490937,-6.213158452,-103.217375,0.446775148,0.021158257,0.04688577,0.893166289,-0.00110019,-0.868005881,-103.6770379,-0.011741193,0.01235054,13.74370819
2.431755362,94.77091525,81.4439892,1273.726471,28.61073244,-80.59902916,36.58153624,31.69968981,485.8353527,-7.590331642,-6.208516682,-103.1924806,0.442292304,0.021387033,0.046777461,0.895394875,0.00908381,-0.848311508,-103.6538815,-0.011503465,0.012520608,13.70890498
2.43249198,94.79785979,81.46733808,1274.084318,28.61073265,-80.59902888,36.57591885,31.69512188,485.7593669,-7.614102549,-6.203689068,-103.1674727,0.437782869,0.021616062,0.046667705,0.897608507,0.019744311,-0.829070508,-103.6305939,-0.011235965,0.012652887,13.67410251
2.433233043,94.82496275,81.49082445,1274.444268,28.61073286,-80.5990286,36.57025019,31.6905301,485.6829413,-7.637674961,-6.198727317,-103.1423567,0.433246647,0.021845369,0.046556484,0.899806988,0.030747483,-0.810366343,-103.6071735,-0.010936765,0.012688466,13.63930072
2.433978603,94.85222591,81.51444991,1274.806345,28.61073307,-80.59902833,36.56452992,31.68591427,485.6060708,-7.660962626,-6.193687948,-103.117134,0.428683462,0.022074961,0.046443807,0.90199011,0.041980168,-0.792239236,-103.5836186,-0.010584781,0.012693296,13.60449952
2.434728708,94.879651,81.53821594,1275.170572,28.61073329,-80.59902804,36.55875773,31.68127422,485.5287506,-7.683882103,-6.188502799,-103.0918143,0.424093153,0.022304862,0.046329667,0.904157648,0.053430915,-0.774805784,-103.5599276,-0.010178506,0.012668258,13.56969884
2.435483407,94.90723966,81.56212401,1275.536971,28.6107335,-80.59902776,36.55293346,31.67660982,485.4509761,-7.706326056,-6.183194023,-103.0664032,0.419475575,0.022535084,0.046214062,0.906309369,0.064994814,-0.758140941,-103.5360991,-0.009737834,0.012612546,13.53489863
2.436242746,94.93499349,81.58617551,1275.905563,28.61073372,-80.59902748,36.54705704,31.67192093,485.3727429,-7.728206007,-6.177745068,-103.0409073,0.414830596,0.022765655,0.046096991,0.908445028,0.076607636,-0.742326997,-103.5121315,-0.009245431,0.012477949,13.50009885
2.437006769,94.96291405,81.6103718,1276.276369,28.61073394,-80.59902719,36.54112845,31.66720743,485.2940465,-7.749382318,-6.172158365,-103.0153364,0.410158091,0.022996579,0.04597844,0.910564375,0.088151577,-0.727471649,-103.4880235,-0.008712253,0.012343255,13.46529944
2.437775523,94.99100287,81.63471426,1276.64941,28.61073416,-80.5990269,36.53514777,31.66246918,485.2148827,-7.769821819,-6.16644721,-102.9896908,0.405457941,0.023227864,0.045858398,0.912667153,0.099569716,-0.713586578,-103.4637738,-0.008195098,0.01213202,13.43050041
2.438549051,95.0192615,81.65920422,1277.024706,28.61073438,-80.59902661,36.5291151,31.65770606,485.1352472,-7.789469131,-6.160628492,-102.9639724,0.400730035,0.023459547,0.045736873,0.914753096,0.110786016,-0.700696439,-103.4393809,-0.007610771,0.011892299,13.39570171
2.439327397,95.04769143,81.68384301,1277.402278,28.6107346,-80.59902632,36.52303075,31.65291796,485.0551357,-7.808120994,-6.154679214,-102.9381976,0.395974264,0.023691636,0.045613865,0.916821937,0.121648779,-0.688966249,-103.4148436,-0.006956331,0.011603961,13.36090334
2.440110605,95.07629417,81.70863196,1277.782146,28.61073482,-80.59902603,36.51689506,31.64810481,484.974544,-7.82570397,-6.148562318,-102.9123733,0.391190529,0.023924137,0.04548937,0.918873399,0.13210316,-0.678465763,-103.3901604,-0.006267605,0.011269439,13.32610528
2.44089872,95.10507122,81.73357237,1278.16433,28.61073504,-80.59902574,36.51070845,31.64326654,484.8934679,-7.842156265,-6.142254238,-102.8865047,0.386378733,0.024157073,0.045363366,0.920907203,0.142089227,-0.669244327,-103.3653301,-0.005565328,0.010941739,13.29130752
2.441691784,95.13402407,81.75866558,1278.548849,28.61073527,-80.59902544,36.50447147,31.63840298,484.8119032,-7.857379294,-6.135827073,-102.8605935,0.381538782,0.024390481,0.04523583,0.922923064,0.15144594,-0.661306481,-103.3403513,-0.004871412,0.010419214,13.25651005
2.442489841,95.16315423,81.78391289,1278.935724,28.6107355,-80.59902514,36.49818473,31.63351399,484.7298456,-7.871216516,-6.129380948,-102.8346444,0.376670589,0.024624357,0.045106765,0.924920693,0.159947736,-0.654672888,-103.3152228,-0.004147139,0.009915231,13.22171285
2.443292936,95.19246318,81.80931562,1279.324974,28.61073573,-80.59902484,36.49184894,31.62859942,484.647291,-7.883631728,-6.122837392,-102.8086639,0.371774066,0.024858709,0.044976157,0.926899797,0.167588504,-0.649401239,-103.2899432,-0.003417244,0.009374984,13.18691592
2.444101112,95.22195243,81.8348751,1279.716621,28.61073596,-80.59902454,36.48546483,31.62365916,484.564235,-7.894567919,-6.116210433,-102.7826545,0.366849131,0.025093537,0.044843998,0.928860078,0.174276121,-0.645494334,-103.2645112,-0.00270181,0.008784239,13.15211926
2.444914413,95.2516235,81.86059264,1280.110684,28.61073619,-80.59902423,36.47903322,31.6186931,484.4806735,-7.903991406,-6.109470622,-102.7566194,0.361895704,0.025328855,0.044710272,0.930801236,0.179966469,-0.642968317,-103.2389255,-0.001927927,0.008234697,13.11732285
2.445732884,95.28147789,81.88646959,1280.507183,28.61073642,-80.59902393,36.47255498,31.61370108,484.3966022,-7.911818481,-6.102649314,-102.7305618,0.356913707,0.025564668,0.044574968,0.932722963,0.184532111,-0.641826527,-103.2131849,-0.001226225,0.007549098,13.0825267
2.44655657,95.31151713,81.91250729,1280.906139,28.61073665,-80.59902362,36.46603106,31.60868298,484.3120167,-7.918002971,-6.095732462,-102.704485,0.351903068,0.025800982,0.044438065,0.934624951,0.187905546,-0.642076663,-103.187288,-4.41E-04,0.00689983,13.0477308
2.447385516,95.34174276,81.93870707,1281.307572,28.61073689,-80.59902331,36.45946249,31.60363862,484.2269128,-7.922496374,-6.088750438,-102.6783896,0.346863715,0.026037824,0.044299542,0.936506885,0.189985375,-0.643690664,-103.1612335,2.78E-04,0.006163808,13.01293515
2.448219766,95.37215631,81.96507029,1281.711502,28.61073713,-80.599023,36.45285043,31.59856783,484.141286,-7.925178654,-6.081773889,-102.6522792,0.341795582,0.02627519,0.044159386,0.938368448,0.190585891,-0.646653709,-103.1350201,0.001021362,0.005388629,12.97813974
2.449059365,95.40275932,81.9915983,1282.117951,28.61073736,-80.59902269,36.44619604,31.5934704,484.0551321,-7.926019314,-6.074776551,-102.6261566,0.336698602,0.026513076,0.044017581,0.940209318,0.189658007,-0.650960963,-103.1086465,0.001712557,0.00459677,12.94334456
2.449904361,95.43355336,82.01829247,1282.526939,28.6107376,-80.59902237,36.4395005,31.58834616,483.9684466,-7.925018383,-6.067748455,-102.6000211,0.331572712,0.026751467,0.043874113,0.94202917,0.187165437,-0.656572347,-103.0821115,0.002420102,0.003766779,12.90854962
2.450754799,95.46454002,82.0451542,1282.938487,28.61073785,-80.59902205,36.43276499,31.58319499,483.881225,-7.922199899,-6.06066686,-102.5738711,0.326417851,0.02699037,0.043728964,0.943827677,0.183100267,-0.66344142,-103.0554136,0.003132518,0.003015068,12.87375493
2.451610726,95.49572091,82.0721849,1283.352616,28.61073809,-80.59902173,36.42599087,31.57801662,483.7934629,-7.917543798,-6.053544013,-102.5477061,0.321233957,0.027229816,0.043582094,0.945604507,0.177394634,-0.671523003,-103.0285519,0.003787516,0.00209984,12.83896048
2.452472189,95.52709763,82.09938595,1283.769349,28.61073833,-80.59902141,36.41917951,31.57281079,483.7051557,-7.910893269,-6.046513466,-102.5215285,0.316020977,0.027469796,0.043433496,0.947359322,0.169793077,-0.680753821,-103.0015248,0.004418312,0.001165407,12.80416626
2.453339235,95.55867179,82.12675878,1284.188705,28.61073858,-80.59902109,36.41233239,31.56757725,483.6162988,-7.902238228,-6.039526604,-102.4953409,0.310778855,0.02771031,0.043283156,0.949091782,0.160277879,-0.691121139,-102.9743308,0.005065261,2.52E-04,12.76937227
2.454211913,95.59044501,82.15430481,1284.610707,28.61073883,-80.59902076,36.40545107,31.56231584,483.5268877,-7.891533581,-6.032562234,-102.469147,0.305507543,0.027951356,0.043131086,0.950801542,0.148783432,-0.702610603,-102.9469688,0.005720817,-6.81E-04,12.73457851
2.45509027,95.62241896,82.18202546,1285.035377,28.61073908,-80.59902044,36.39853713,31.55702641,483.4369177,-7.878718309,-6.025498466,-102.4429583,0.300206992,0.028192926,0.042977234,0.952488256,0.135290888,-0.715301302,-102.9194373,0.006390103,-0.001624287,12.69978498
2.455974355,95.65459529,82.20992221,1285.462736,28.61073933,-80.59902011,36.39159219,31.55170867,483.3463842,-7.863836018,-6.018464655,-102.4167617,0.294877157,0.028435008,0.042821579,0.954151573,0.119715359,-0.728992052,-102.8917351,0.006929874,-0.002594382,12.66499168
2.456864218,95.6869757,82.23799651,1285.892807,28.61073958,-80.59901977,36.3846178,31.54636245,483.2552823,-7.846906393,-6.011455599,-102.3905547,0.289517991,0.028677571,0.042664111,0.95579114,0.102037851,-0.743609501,-102.8638609,0.00750625,-0.003506561,12.63019862
2.457759909,95.71956193,82.26624989,1286.325614,28.61073983,-80.59901944,36.37761547,31.54098757,483.1636073,-7.828010263,-6.004396109,-102.3643345,0.284129445,0.02892057,0.042504797,0.957406602,0.082334861,-0.759105257,-102.8358132,0.008017961,-0.004396976,12.5954058
2.458661479,95.75235576,82.29468389,1286.761178,28.61074009,-80.5990191,36.3705866,31.53558377,483.0713541,-7.807316693,-5.997297787,-102.3380856,0.278711472,0.02916398,0.042343597,0.9589976,0.060711298,-0.775307369,-102.8075909,0.008431938,-0.005234699,12.56061326
2.459568984,95.78535902,82.3233001,1287.199526,28.61074035,-80.59901877,36.36353256,31.53015085,482.9785177,-7.784915707,-5.990215413,-102.3117958,0.273264018,0.029407772,0.042180492,0.960563775,0.037183818,-0.79205532,-102.7791926,0.008827288,-0.006032099,12.52582098
2.460482476,95.81857358,82.35210015,1287.64068,28.61074061,-80.59901843,36.35645465,31.52468851,482.8850928,-7.760889266,-5.98312522,-102.285459,0.267787033,0.029651939,0.042015436,0.962104761,0.011810715,-0.809264333,-102.7506168,0.009122106,-0.006836038,12.491029
2.461402011,95.85200135,82.38108568,1288.084666,28.61074087,-80.59901808,36.34935415,31.51919646,482.7910742,-7.735258716,-5.976130416,-102.2590651,0.262280462,0.029896414,0.041848409,0.963620192,-0.01547057,-0.826771113,-102.7218622,0.009396046,-0.007597533,12.45623732
2.462327646,95.8856443,82.4102584,1288.531511,28.61074113,-80.59901774,36.34223215,31.51367439,482.6964564,-7.70826079,-5.96916765,-102.2325981,0.256744247,0.030141186,0.04167939,0.965109698,-0.044433587,-0.844445368,-102.6929272,0.009622778,-0.00826894,12.42144595
2.463259441,95.91950447,82.43962009,1288.981241,28.61074139,-80.59901739,36.33508979,31.50812202,482.6012337,-7.679902107,-5.962235679,-102.2060561,0.251178325,0.030386231,0.041508346,0.966572906,-0.075089425,-0.862231203,-102.6638104,0.009856207,-0.008963008,12.38665493
2.464197456,95.95358395,82.46917255,1289.433883,28.61074166,-80.59901704,36.3279281,31.50253897,482.5054005,-7.650253279,-5.955370478,-102.1794295,0.24558263,0.030631506,0.041335231,0.968009443,-0.107408303,-0.880005067,-102.6345102,0.00994462,-0.009602393,12.35186427
2.465141754,95.98788497,82.4989177,1289.889466,28.61074193,-80.59901669,36.32074801,31.49692481,482.4089505,-7.619482853,-5.948647675,-102.1526984,0.239957083,0.030876981,0.041160026,0.96941893,-0.14128557,-0.897558691,-102.605025,0.010010635,-0.010207054,12.31707402
2.466092404,96.02240985,82.52885756,1290.348022,28.6107422,-80.59901634,36.31355026,31.49127908,482.3118774,-7.587663436,-5.942032684,-102.1258576,0.23430159,0.031122602,0.040982671,0.970800994,-0.176643713,-0.914838269,-102.575353,0.010030017,-0.010725906,12.28228421
2.467049478,96.05716116,82.55899433,1290.809584,28.61074247,-80.59901598,36.30633543,31.48560115,482.2141742,-7.555021567,-5.935648475,-102.0988791,0.228616026,0.031368307,0.040803122,0.972155259,-0.213335295,-0.931571642,-102.5454926,0.009916953,-0.011191609,12.24749495
2.468013059,96.09214178,82.58933052,1291.274189,28.61074274,-80.59901562,36.29910374,31.47989047,482.1158329,-7.521795405,-5.929526819,-102.0717398,0.222900221,0.031614032,0.040621369,0.973481355,-0.251148075,-0.947573553,-102.5154417,0.00977058,-0.011516827,12.21270636
2.468983243,96.12735505,82.619869,1291.741882,28.61074301,-80.59901526,36.29185522,31.47414631,482.0168445,-7.488202983,-5.923573461,-102.0444261,0.217153936,0.03185974,0.040437375,0.97477892,-0.289823987,-0.962796708,-102.4851981,0.009575877,-0.011772045,12.17791864
2.469960136,96.16280476,82.65061305,1292.212712,28.61074329,-80.5990149,36.28458966,31.468368,481.9171984,-7.454376981,-5.917801058,-102.0169238,0.211376869,0.032105383,0.040251099,0.976047598,-0.32923228,-0.977141759,-102.454759,0.009405755,-0.011944371,12.143132
2.47094385,96.19849484,82.68156607,1292.686731,28.61074357,-80.59901453,36.27730664,31.46255467,481.8168839,-7.420515538,-5.912238687,-101.989212,0.205568698,0.032350928,0.040062485,0.977287023,-0.369182784,-0.990470527,-102.4241214,0.009078569,-0.012092972,12.10834654
2.471934489,96.23442895,82.71273122,1293.163988,28.61074385,-80.59901417,36.27000562,31.45670543,481.715891,-7.386763435,-5.906984311,-101.9612694,0.199729155,0.032596299,0.039871479,0.978496812,-0.4095596,-1.002609604,-102.3932821,0.008747811,-0.012121444,12.07356211
2.472932145,96.27061027,82.74411124,1293.644524,28.61074413,-80.5990138,36.26268587,31.4508194,481.6142111,-7.353426249,-5.902101277,-101.9330643,0.19385806,0.032841454,0.03967804,0.979676551,-0.450069328,-1.013357284,-102.3622382,0.008278043,-0.012046412,12.03877846
2.473936896,96.30704155,82.77570851,1294.128375,28.61074442,-80.59901342,36.25534664,31.44489587,481.5118368,-7.320645388,-5.897643581,-101.9045791,0.187955307,0.033086333,0.039482162,0.980825803,-0.490564666,-1.022600441,-102.3309871,0.007870086,-0.011854203,12.00399534
2.474948815,96.34372531,82.80752519,1294.615574,28.6107447,-80.59901305,36.24798702,31.43893396,481.4087614,-7.288588316,-5.893533412,-101.8758033,0.182020837,0.033330865,0.039283797,0.981944118,-0.530816391,-1.030350779,-102.2995267,0.007376593,-0.011691187,11.96921264
2.47596797,96.38066387,82.83956328,1295.106151,28.61074499,-80.59901267,36.24060588,31.432933,481.3049788,-7.257497853,-5.889854448,-101.8467096,0.176054629,0.033574978,0.039082947,0.983031033,-0.570582021,-1.036443065,-102.2678548,0.006874312,-0.011292339,11.93443022
2.476994426,96.41785945,82.8718247,1295.600136,28.61074528,-80.59901229,36.23320187,31.4268923,481.2004831,-7.227576857,-5.886508914,-101.8172861,0.170056688,0.033818588,0.038879563,0.984086076,-0.609584216,-1.040916587,-102.2359697,0.006344552,-0.010876249,11.89964803
2.478028245,96.45531417,82.90431127,1296.097556,28.61074557,-80.5990119,36.22577337,31.42081098,481.0952689,-7.19910906,-5.88359673,-101.7875017,0.164027042,0.034061646,0.038673605,0.985108769,-0.647535963,-1.043598701,-102.2038697,0.00572327,-0.010331115,11.86486603
2.479069488,96.49303011,82.93702477,1296.598437,28.61074587,-80.59901152,36.21831863,31.41468816,480.9893307,-7.172214298,-5.881232541,-101.7573373,0.157965733,0.034304097,0.038465045,0.986098624,-0.684308621,-1.044371562,-102.1715531,0.005126284,-0.009773874,11.83008416
2.480118215,96.53100933,82.96996699,1297.102808,28.61074616,-80.59901113,36.21083573,31.40852285,480.8826633,-7.147024968,-5.879468485,-101.7267771,0.151872816,0.034545839,0.03825386,0.987055153,-0.719733579,-1.043180975,-102.1390182,0.004463228,-0.009110662,11.79530242
2.481174487,96.56925383,83.00313963,1297.610694,28.61074646,-80.59901074,36.20332225,31.40231412,480.7752615,-7.123870433,-5.878310384,-101.6957922,0.145748358,0.03478679,0.038040046,0.987977859,-0.753426306,-1.039963668,-102.1062635,0.00374774,-0.00826044,11.76052077
2.48223836,96.60776558,83.03654441,1298.122121,28.61074676,-80.59901034,36.19577576,31.39606104,480.6671203,-7.102970435,-5.877718743,-101.664366,0.139592443,0.03502692,0.037823599,0.98886624,-0.785094095,-1.034753536,-102.0732874,0.003146071,-0.007438707,11.7257392
2.483309897,96.6465466,83.07018305,1298.637115,28.61074706,-80.59900994,36.18819358,31.38976264,480.5582347,-7.084323531,-5.877680169,-101.6324976,0.133405155,0.035266163,0.037604502,0.989719791,-0.814674737,-1.027636592,-102.0400882,0.002504981,-0.006521483,11.69095771
2.484389155,96.68559889,83.10405728,1299.155702,28.61074737,-80.59900954,36.18057295,31.38341787,480.4485996,-7.068090783,-5.87822409,-101.6001705,0.12718659,0.035504467,0.037382696,0.990538004,-0.841955193,-1.018611908,-102.0066645,0.001865205,-0.005607181,11.65617629
2.485476194,96.72492443,83.13816881,1299.677908,28.61074768,-80.59900914,36.17291075,31.37702551,480.33821,-7.054391142,-5.879571926,-101.5673587,0.120936851,0.035741733,0.0371582,0.991320369,-0.866813293,-1.007504465,-101.9730147,0.001145961,-0.004544919,11.62139493
2.486571074,96.76452519,83.17251935,1300.20376,28.61074798,-80.59900874,36.16520361,31.37058441,480.2270609,-7.043492336,-5.881584167,-101.5340482,0.114656052,0.035977918,0.036930973,0.99206637,-0.88887359,-0.994474644,-101.9391371,5.07E-04,-0.003405513,11.58661362
2.487673854,96.80440317,83.20711062,1300.733283,28.6107483,-80.59900833,36.15744807,31.36409321,480.1151474,-7.035463152,-5.884429754,-101.5002207,0.108344315,0.03621294,0.036701004,0.992775488,-0.90804257,-0.979433493,-101.9050304,-2.29E-04,-0.002284507,11.55183236
2.488784593,96.84456035,83.24194433,1301.266503,28.61074861,-80.59900792,36.14964032,31.35755064,480.0024644,-7.030509412,-5.888121247,-101.4659515,0.102001768,0.036446767,0.036468308,0.993447198,-0.924049864,-0.962432958,-101.8707868,-8.46E-04,-0.001034559,11.51705114
2.489903354,96.88499873,83.27702223,1301.803448,28.61074892,-80.5990075,36.1417766,31.35095539,479.889007,-7.02861097,-5.892596016,-101.4311515,0.095628544,0.036679356,0.03623289,0.994080975,-0.936828343,-0.943648418,-101.8363119,-0.00146902,1.51E-04,11.48226997
2.491030197,96.9257204,83.3123461,1302.344143,28.61074924,-80.59900708,36.13385299,31.3443062,479.77477,-7.029801717,-5.897828446,-101.3958175,0.089224774,0.036910661,0.035994766,0.994676289,-0.94627437,-0.923216345,-101.8016038,-0.002008967,0.001418519,11.44748887
2.492165187,96.96672743,83.34791778,1302.888617,28.61074956,-80.59900666,36.1258654,31.33760175,479.6597481,-7.034118477,-5.903741099,-101.3599501,0.082790598,0.037140649,0.035753884,0.99523261,-0.952275232,-0.901330891,-101.7666607,-0.002557158,0.002683125,11.41270785
2.493308388,97.00802196,83.3837391,1303.436899,28.61074988,-80.59900624,36.1178097,31.33084059,479.543936,-7.041576105,-5.910563988,-101.3235314,0.076326155,0.037369302,0.035510308,0.995749402,-0.954799859,-0.877876773,-101.7314812,-0.003083411,0.0039417,11.37792691
2.494459868,97.0496062,83.41981199,1303.989017,28.61075021,-80.59900582,36.10968197,31.32402139,479.4273281,-7.052071816,-5.918038224,-101.2865852,0.069831584,0.037596639,0.035263997,0.996226126,-0.953852688,-0.853266666,-101.6960635,-0.003483723,0.005125517,11.34314608
2.495619695,97.09148244,83.45613846,1304.545002,28.61075054,-80.59900539,36.10147825,31.31714267,479.3099186,-7.065398308,-5.926353064,-101.2491142,0.063307015,0.037822638,0.035014977,0.99666224,-0.949629024,-0.827461882,-101.660406,-0.00391254,0.006216552,11.30836539
2.496787943,97.13365307,83.49272059,1305.104885,28.61075086,-80.59900495,36.09319452,31.31020309,479.1917014,-7.081485433,-5.935402398,-101.2111294,0.056752575,0.038047249,0.034763278,0.997057203,-0.942136916,-0.800702431,-101.6245069,-0.004243759,0.007377073,11.27358488
2.497964684,97.17612051,83.52956048,1305.6687,28.6107512,-80.59900452,36.08482677,31.30320132,479.0726703,-7.100398179,-5.945054172,-101.1726325,0.050168394,0.038270494,0.034508904,0.997410466,-0.93124929,-0.77323812,-101.5883643,-0.004545189,0.008522746,11.23880454
2.499149997,97.21888732,83.56666039,1306.23648,28.61075153,-80.59900408,36.07637133,31.29613611,478.9528186,-7.121889401,-5.955298939,-101.1336423,0.043554596,0.038492465,0.034251873,0.997721472,-0.917187623,-0.745230951,-101.5519764,-0.004705766,0.009472236,11.20402443
2.500343966,97.26195628,83.60402274,1306.808263,28.61075187,-80.59900364,36.06782501,31.28900614,478.8321391,-7.145432747,-5.966086475,-101.0942028,0.036911273,0.038713164,0.03399222,0.997989668,-0.900466973,-0.71690029,-101.5153409,-0.004860041,0.010296126,11.16924463
2.501546676,97.30533022,83.64165002,1307.384086,28.6107522,-80.5990032,36.0591863,31.28181033,478.7106241,-7.170287842,-5.977254626,-101.0543792,0.030238523,0.038932621,0.033729959,0.998214492,-0.88179833,-0.688570398,-101.4784532,-0.004908478,0.011058202,11.13446517
2.502758216,97.34901208,83.67954478,1307.963989,28.61075254,-80.59900275,36.05045295,31.27454768,478.5882658,-7.195327812,-5.988742431,-101.0142601,0.02353644,0.039150854,0.033465104,0.998395379,-0.862304835,-0.660446399,-101.441307,-0.004895087,0.011650176,11.09968601
2.50397869,97.39300533,83.71771008,1308.548018,28.61075289,-80.5990023,36.04162212,31.26721712,478.4650549,-7.221797388,-6.000455918,-100.9737559,0.01680504,0.03936787,0.033197699,0.998531759,-0.840738762,-0.632589737,-101.4039063,-0.004834387,0.012243822,11.06490739
2.505208215,97.43731392,83.75614936,1309.136226,28.61075323,-80.59900184,36.03269094,31.25981785,478.3409807,-7.249550487,-6.01217717,-100.93289,0.010044283,0.039583672,0.032927759,0.998623056,-0.817242382,-0.605309571,-101.3662481,-0.004632296,0.012807506,11.03012947
2.50644693,97.48194254,83.79486672,1309.728677,28.61075358,-80.59900139,36.02365673,31.25234897,478.2160304,-7.27847003,-6.023786371,-100.8916765,0.003254032,0.039798369,0.03265526,0.998668681,-0.791943867,-0.578804204,-101.3283294,-0.004433694,0.013215348,10.99535249
2.507695005,97.52689707,83.8338673,1310.325448,28.61075393,-80.59900093,36.01451717,31.24480933,478.090188,-7.308009103,-6.035322216,-100.850153,-0.003566022,0.040012004,0.032380226,0.998668035,-0.765432745,-0.553103385,-101.2901459,-0.004225741,0.013417677,10.96057685
2.508952633,97.57218414,83.87315687,1310.926628,28.61075429,-80.59900046,36.00527002,31.23719814,477.963435,-7.337921382,-6.046566344,-100.8083487,-0.010416284,0.040224689,0.032102683,0.998620495,-0.737985098,-0.528476797,-101.2516928,-0.003870973,0.013571846,10.92580291
2.510219997,97.61780999,83.9127409,1311.532301,28.61075464,-80.59899999,35.99591377,31.22951496,477.8357542,-7.367696495,-6.057274159,-100.7663148,-0.017297086,0.040436468,0.031822656,0.998525424,-0.710168774,-0.505202284,-101.2129643,-0.003434661,0.013470136,10.89103054
2.511497245,97.66377965,83.95262378,1312.142533,28.610755,-80.59899952,35.9864473,31.22175973,477.7071317,-7.397102661,-6.067199326,-100.7240807,-0.024208558,0.040647382,0.031540123,0.99838217,-0.682273413,-0.483538909,-101.173955,-0.002938212,0.013336213,10.85625925
2.512784498,97.71009717,83.99280906,1312.75738,28.61075536,-80.59899905,35.97687026,31.21393266,477.5775563,-7.425890242,-6.076323554,-100.6816634,-0.031150666,0.040857493,0.031255137,0.998190071,-0.654609286,-0.463491346,-101.1346605,-0.002447799,0.013061104,10.8214886
2.514081859,97.75676588,84.03329968,1313.376886,28.61075573,-80.59899857,35.96718272,31.20603459,477.4470187,-7.453714456,-6.084328744,-100.6391077,-0.038123259,0.041066868,0.030967732,0.99794846,-0.627607497,-0.445356897,-101.0950774,-0.001824053,0.01262847,10.78671832
2.515389419,97.80378873,84.07409823,1314.00109,28.61075609,-80.59899809,35.95738539,31.19806674,477.3155108,-7.480198113,-6.090989385,-100.5964556,-0.045126108,0.041275555,0.030677926,0.997656668,-0.601742671,-0.429310891,-101.0552027,-0.001138099,0.012061227,10.75194821
2.516707263,97.85116843,84.11520712,1314.63003,28.61075646,-80.5989976,35.94747982,31.1900304,477.1830248,-7.505035492,-6.096149163,-100.553739,-0.052158933,0.041483706,0.030385693,0.997314022,-0.577418996,-0.415437895,-101.0150336,-5.29E-04,0.011314063,10.71717818
2.51803547,97.89890746,84.15662855,1315.263739,28.61075684,-80.59899711,35.93746821,31.18192708,477.0495538,-7.527482278,-6.099819005,-100.5110143,-0.059221415,0.04169132,0.030091039,0.99691985,-0.55548724,-0.403579803,-100.9745678,9.68E-05,0.010314208,10.68240813
2.519374117,97.9470083,84.19836469,1315.902251,28.61075721,-80.59899662,35.92735288,31.17375832,476.9150908,-7.547432643,-6.10189147,-100.4682947,-0.066313215,0.041898374,0.029793969,0.996473483,-0.536140047,-0.393733083,-100.933803,6.92E-04,0.009375709,10.64763804
2.520723285,97.99547342,84.24041775,1316.545598,28.61075759,-80.59899613,35.9171364,31.16552614,476.7796287,-7.564885335,-6.102273959,-100.4255841,-0.073433982,0.042104933,0.029494498,0.995974246,-0.519462256,-0.385883186,-100.8927373,0.001329028,0.008372381,10.6128679
2.522083048,98.04430523,84.28278986,1317.193812,28.61075797,-80.59899563,35.90682201,31.15723261,476.6431607,-7.579464362,-6.100807524,-100.3829206,-0.080583339,0.042311081,0.02919263,0.995421463,-0.505941818,-0.380023981,-100.8513683,0.001939,0.007209887,10.57809769
2.523453483,98.09350606,84.3254831,1317.846927,28.61075835,-80.59899512,35.89641375,31.14888012,476.5056799,-7.590722722,-6.097359519,-100.3403464,-0.087760888,0.042516839,0.028888367,0.994814459,-0.496139377,-0.376083339,-100.8096939,0.002542406,0.005839843,10.5433274
2.524834665,98.14307828,84.36849955,1318.504972,28.61075874,-80.59899461,35.8859154,31.14047127,476.3671796,-7.598476456,-6.091827263,-100.2978808,-0.094966222,0.042722155,0.028581714,0.994152564,-0.49033804,-0.373974533,-100.7677121,0.003190774,0.004561051,10.50855698
2.526226672,98.19302437,84.41184143,1319.167981,28.61075913,-80.5989941,35.87533135,31.13200875,476.2276526,-7.602852506,-6.084107012,-100.2555185,-0.102198931,0.042927102,0.028272601,0.993435102,-0.488500256,-0.37365734,-100.7254211,0.003720865,0.00315153,10.4737865
2.527629585,98.24334684,84.45551093,1319.835988,28.61075952,-80.59899359,35.86466622,31.12349467,476.0870918,-7.603429795,-6.074376981,-100.2132794,-0.109458594,0.04313163,0.027960935,0.992661405,-0.491095126,-0.374688794,-100.6828188,0.004078837,0.001693906,10.43901594
2.529043486,98.29404834,84.49951043,1320.509029,28.61075992,-80.59899307,35.85392459,31.1149315,475.9454894,-7.600273811,-6.062939487,-100.1711366,-0.116744806,0.043335697,0.027646758,0.991830794,-0.498043303,-0.376582207,-100.6399033,0.00445424,2.71E-04,10.40424536
2.530468463,98.34513167,84.54384237,1321.187138,28.61076032,-80.59899254,35.84311099,31.10632175,475.8028377,-7.593495806,-6.049528418,-100.1290966,-0.124057159,0.04353928,0.027330043,0.990942592,-0.509336346,-0.379446868,-100.5966727,0.004843781,-0.00107954,10.36947478
2.531904607,98.3965997,84.58850929,1321.870356,28.61076072,-80.59899202,35.83223024,31.09766801,475.6591283,-7.583076144,-6.034160884,-100.0871579,-0.131395247,0.043742323,0.02701076,0.98999612,-0.525037584,-0.383070384,-100.5531248,0.005132381,-0.00249464,10.33470426
2.533352011,98.44845551,84.6335139,1322.558723,28.61076112,-80.59899149,35.82128683,31.08897275,475.5143525,-7.56915097,-6.016881381,-100.0453046,-0.13875867,0.043944815,0.026688862,0.988990692,-0.545038187,-0.38725087,-100.5092575,0.0053779,-0.003774056,10.29993379
2.534810775,98.50070227,84.67885899,1323.252279,28.61076153,-80.59899095,35.81028576,31.08023839,475.3685015,-7.551647814,-5.997769976,-100.0035352,-0.146147027,0.044146754,0.026364278,0.987925622,-0.569424027,-0.391696686,-100.4650686,0.005566916,-0.005188395,10.26516346
2.536281,98.5533433,84.72454746,1323.95107,28.61076194,-80.59899041,35.79923215,31.07146687,475.2215658,-7.530439734,-5.977013501,-99.96184553,-0.153559919,0.044348051,0.026036887,0.986800224,-0.598291779,-0.395986729,-100.4205557,0.00556382,-0.006577196,10.23039326
2.537762794,98.60638219,84.77058247,1324.655141,28.61076236,-80.59898987,35.78813036,31.06265973,475.0735355,-7.50572651,-5.955040929,-99.92018942,-0.160996977,0.044548556,0.025706689,0.985613801,-0.631313657,-0.399554513,-100.3757167,0.005525014,-0.007736712,10.19562326
2.539256279,98.65982289,84.81696747,1325.364545,28.61076277,-80.59898932,35.77698444,31.05381869,474.9243996,-7.478029744,-5.931819419,-99.87852506,-0.168457863,0.044748142,0.025373632,0.984365649,-0.667968442,-0.402417838,-100.330549,0.005474608,-0.00882131,10.1608536
2.540761585,98.71366978,84.8637063,1326.079338,28.61076319,-80.59898877,35.76579757,31.04494486,474.7741461,-7.447740679,-5.907518418,-99.83680746,-0.175942277,0.044946691,0.025037645,0.983055048,-0.707800009,-0.404378451,-100.2850499,0.005375896,-0.009640084,10.12608434
2.54227886,98.76792778,84.91080323,1326.799586,28.61076362,-80.59898821,35.75457262,31.03603908,474.6227616,-7.415191557,-5.882390228,-99.79499058,-0.183449974,0.045144067,0.024698613,0.981681261,-0.750373041,-0.405160913,-100.2392164,0.005200008,-0.010467009,10.09131568
2.543808273,98.82260268,84.95826332,1327.525364,28.61076404,-80.59898765,35.74331178,31.02710119,474.4702303,-7.380752681,-5.856869344,-99.75301287,-0.19098081,0.045340145,0.024356464,0.980243523,-0.795133063,-0.40435045,-100.193045,0.004875512,-0.011022933,10.05654782
2.545350039,98.87770178,85.00609292,1328.256767,28.61076447,-80.59898709,35.73201617,31.0181306,474.3165323,-7.344780202,-5.831198412,-99.71082567,-0.19853483,0.045534717,0.024011145,0.978741016,-0.8415939,-0.401744808,-100.1465314,0.004607295,-0.011439792,10.02178118
2.546904444,98.933235,85.05430067,1328.993927,28.61076491,-80.59898652,35.72068543,31.00912613,474.1616406,-7.308004084,-5.805571018,-99.66835228,-0.206112406,0.045727664,0.023662532,0.977172831,-0.888917845,-0.397368281,-100.0996701,0.004288024,-0.01166995,9.987016478
2.548471825,98.98921401,85.10289669,1329.736996,28.61076534,-80.59898595,35.70931892,31.00008519,474.0055233,-7.27074068,-5.780369706,-99.62553431,-0.213714113,0.045918887,0.023310435,0.975537984,-0.936588612,-0.39093777,-100.0524532,0.003852723,-0.011711237,9.952254377
2.550052473,99.04564887,85.15188975,1330.486108,28.61076579,-80.59898537,35.69791529,30.99100494,473.8481532,-7.233195571,-5.756182658,-99.58230722,-0.221340277,0.046108208,0.022954758,0.973835507,-0.98408864,-0.381954939,-100.0048716,0.003311217,-0.011631367,9.917494446
2.551646607,99.10254697,85.20128626,1331.241359,28.61076623,-80.59898478,35.68645919,30.98188245,473.6895117,-7.196447374,-5.733337599,-99.53855728,-0.228990838,0.046295328,0.022595445,0.972064496,-1.030183274,-0.370581367,-99.95691968,0.002839975,-0.01130439,9.882735752
2.553254576,99.15992043,85.2510968,1332.002908,28.61076668,-80.5989842,35.67493426,30.97271332,473.529567,-7.176716268,-5.712103332,-99.49303013,-0.236666336,0.046480157,0.022232365,0.970223872,-1.060050334,-0.363862258,-99.9086599,0.002333414,-0.010617359,9.84797986
2.554876463,99.21777172,85.30132355,1332.770789,28.61076713,-80.5989836,35.6633379,30.96349396,473.3683134,-7.158399413,-5.692927168,-99.44686473,-0.244365987,0.046662561,0.021865422,0.968312849,-1.087634509,-0.354964606,-99.86001231,0.001822997,-0.010000591,9.813223554
2.556512345,99.27610319,85.35196859,1333.545031,28.61076758,-80.59898301,35.65166745,30.95421977,473.2057455,-7.141652496,-5.676307082,-99.40001968,-0.252088977,0.046842379,0.021494553,0.966330649,-1.112462248,-0.343608447,-99.81098103,0.001132863,-0.009117126,9.778466797
2.5581623,99.33491716,85.40303397,1334.325664,28.61076804,-80.5989824,35.63991957,30.94488605,473.0418578,-7.126758595,-5.66263947,-99.35258223,-0.259834472,0.047019517,0.02111979,0.964276499,-1.133987543,-0.329702905,-99.76170176,5.44E-04,-0.008290362,9.743709579
2.559826413,99.39421615,85.45452193,1335.112721,28.61076851,-80.5989818,35.62809073,30.93548716,472.8766448,-7.113782486,-5.651871826,-99.30440605,-0.267601643,0.047193802,0.020740975,0.962149634,-1.152060355,-0.313477639,-99.7120309,-1.61E-04,-0.00728201,9.708951973
2.561504762,99.45400254,85.50643454,1335.906234,28.61076897,-80.59898118,35.61617708,30.92601647,472.7101013,-7.102926323,-5.644807498,-99.25542013,-0.275389632,0.047365081,0.020358133,0.959949293,-1.165964961,-0.294477885,-99.66196691,-8.90E-04,-0.00615188,9.674193935
2.563197433,99.51427885,85.55877402,1336.706234,28.61076944,-80.59898057,35.60417422,30.91646758,472.5422216,-7.094466068,-5.641502927,-99.2055968,-0.283197581,0.047533341,0.019971337,0.957674714,-1.175301829,-0.272998548,-99.61150826,-0.001495662,-0.004988066,9.639435506
2.564904522,99.57504801,85.61154296,1337.512761,28.61076992,-80.59897994,35.59207765,30.90683429,472.3729992,-7.088189655,-5.641664876,-99.15497045,-0.291024671,0.047698438,0.019580649,0.955325127,-1.180314874,-0.249388088,-99.56065308,-0.002035244,-0.003947045,9.604676796
2.566626131,99.63631315,85.66474407,1338.325856,28.6107704,-80.59897932,35.57988268,30.89710964,472.2024266,-7.084397481,-5.645191944,-99.10352147,-0.298870084,0.047860267,0.019185973,0.952899767,-1.180702048,-0.224109349,-99.50939938,-0.002532747,-0.002688743,9.569917873
2.568362363,99.69807742,85.71838011,1339.14556,28.61077088,-80.59897868,35.56758427,30.88728658,472.0304967,-7.083036601,-5.652586533,-99.05121885,-0.306732994,0.048018801,0.018787466,0.950397862,-1.176126203,-0.196912651,-99.45774505,-0.003101245,-0.001484288,9.535158742
2.570113338,99.76034449,85.77245427,1339.971922,28.61077137,-80.59897805,35.55517767,30.87735878,471.8572007,-7.084058132,-5.663231269,-98.9981049,-0.314612616,0.048173969,0.018385154,0.947818631,-1.166912105,-0.168524689,-99.40568775,-0.003379652,-4.24E-04,9.500399509
2.571879179,99.82311823,85.82696992,1340.804992,28.61077186,-80.5989774,35.54265781,30.86731962,471.6825293,-7.087436879,-5.677092186,-98.94418131,-0.322508176,0.048325755,0.017979122,0.945161282,-1.153036499,-0.139174098,-99.35322486,-0.003722465,6.75E-04,9.465640291
2.573660024,99.88640294,85.88193079,1341.644829,28.61077235,-80.59897675,35.53001968,30.85716311,471.5064718,-7.09300853,-5.693823192,-98.88948131,-0.330418932,0.04847416,0.017569521,0.942425009,-1.134800274,-0.109260612,-99.30035346,-0.003884217,0.001628644,9.430881162
2.575456023,99.95020339,85.93734102,1342.491495,28.61077285,-80.5989761,35.51725892,30.8468842,471.3290162,-7.100650574,-5.712795557,-98.83405301,-0.33834417,0.048619251,0.017156311,0.939608989,-1.112674553,-0.079422435,-99.24707025,-0.004033891,0.002406328,9.396122212
2.577267341,100.0145247,85.9932051,1343.345059,28.61077335,-80.59897544,35.50437132,30.83647724,471.1501494,-7.109743269,-5.73402977,-98.7779414,-0.346283215,0.048760934,0.016739603,0.936712385,-1.087133584,-0.049410247,-99.19337151,-0.004153466,0.003216539,9.361363589
2.579094149,100.0793725,86.04952779,1344.205596,28.61077386,-80.59897478,35.49135304,30.82593769,470.9698572,-7.120520035,-5.757158196,-98.72114813,-0.354235395,0.048899383,0.016319452,0.933734336,-1.058211285,-0.019834237,-99.13925337,-0.00422259,0.003848915,9.32660533
2.58093665,100.1447533,86.10631481,1345.073191,28.61077437,-80.59897411,35.47820133,30.81526175,470.7881224,-7.132088328,-5.781654991,-98.66377528,-0.362200152,0.049034682,0.015895971,0.930673932,-1.026975493,0.009355829,-99.08471125,-0.004265437,0.004185026,9.291847695
2.582795123,100.2106762,86.16357408,1345.947967,28.61077488,-80.59897343,35.46491274,30.80444624,470.6049203,-7.14405622,-5.806854736,-98.60589287,-0.370177212,0.049166822,0.015469309,0.927530137,-0.994195338,0.037819384,-99.02973976,-0.004222458,0.0045218,9.257091222
2.584670122,100.2771603,86.22132211,1346.830178,28.6107754,-80.59897275,35.4514828,30.79348839,470.4201989,-7.156490927,-5.832041203,-98.54753518,-0.378167452,0.049295983,0.015039584,0.924301409,-0.960344925,0.064898299,-98.97433144,-0.003962872,0.004471151,9.222337964
2.586562235,100.3442257,86.27957638,1347.72009,28.61077593,-80.59897206,35.43790674,30.78238611,470.2339029,-7.168891775,-5.856122688,-98.48879809,-0.386171806,0.049422173,0.014606701,0.920986118,-0.926644345,0.090105218,-98.91847018,-0.003698404,0.004347914,9.187589442
2.588471696,100.4118799,86.33834342,1348.617804,28.61077646,-80.59897137,35.42418377,30.77113969,470.046012,-7.181103711,-5.879062442,-98.42967977,-0.394189644,0.049545564,0.014170675,0.917583213,-0.893298151,0.113551105,-98.86213942,-0.003472167,0.004089636,9.152841898
2.590398643,100.480127,86.39762681,1349.523375,28.61077699,-80.59897067,35.41031476,30.75975095,469.8565152,-7.192306632,-5.900397507,-98.37027017,-0.402219904,0.049666197,0.013731576,0.914091823,-0.861313562,0.135554294,-98.80533276,-0.00337021,0.003612793,9.118094221
2.592343196,100.5489706,86.45742957,1350.43685,28.61077753,-80.59896997,35.39630117,30.74822339,469.6654032,-7.202213117,-5.91972598,-98.31061533,-0.410261424,0.049784177,0.013289614,0.910511112,-0.831250364,0.15613219,-98.74804687,-0.003106593,0.003008576,9.083346208
2.594305461,100.6184137,86.5177543,1351.358269,28.61077807,-80.59896926,35.38214567,30.73656192,469.472668,-7.210548574,-5.936018594,-98.25080175,-0.418312955,0.049899582,0.01284477,0.906840292,-0.804155823,0.174895405,-98.69027874,-0.002920079,0.00213296,9.048597726
2.596285549,100.6884593,86.57860373,1352.287674,28.61077862,-80.59896854,35.36785089,30.72477229,469.2783009,-7.21676806,-5.94917127,-98.19087757,-0.426373263,0.050012321,0.012397329,0.903078576,-0.780553306,0.19237255,-98.63202597,-0.002620132,0.001253308,9.013848792
2.59828357,100.7591106,86.63998059,1353.225106,28.61077917,-80.59896781,35.35341912,30.71286225,469.0822934,-7.221491858,-5.958223497,-98.13085333,-0.43444107,0.050122542,0.011947345,0.899225194,-0.760849883,0.207615336,-98.57328619,-0.00223415,2.34E-04,8.979099425
2.600299636,100.8303707,86.70188761,1354.170607,28.61077972,-80.59896708,35.33885464,30.70084073,468.8846368,-7.224080644,-5.962683313,-98.07080997,-0.442515076,0.050230349,0.011494894,0.89527939,-0.745967114,0.221044925,-98.51405673,-0.001989319,-9.68E-04,8.944349627
2.602333836,100.9022421,86.76432694,1355.12421,28.61078029,-80.59896635,35.32416711,30.68871752,468.6853239,-7.223494285,-5.962044507,-98.01085882,-0.450593884,0.050335679,0.011039939,0.891240479,-0.737055233,0.23344878,-98.45433226,-0.001737899,-0.002366931,8.909599319
2.604386187,100.9747245,86.82729842,1356.08591,28.61078085,-80.59896561,35.30936443,30.67650234,468.4843549,-7.216781519,-5.956547992,-97.95120587,-0.458675787,0.050438343,0.010582565,0.887107945,-0.735712897,0.247684743,-98.39409794,-0.001591682,-0.003496999,8.874847566
2.606456851,101.0478229,86.89080641,1357.055774,28.61078142,-80.59896486,35.29444921,30.66420536,468.2817163,-7.208148547,-5.946242163,-97.8915277,-0.466759638,0.050538359,0.010123004,0.882880988,-0.739325058,0.260738442,-98.33337079,-0.001201751,-0.004733686,8.840095791
2.608545985,101.121542,86.9548551,1358.033864,28.610782,-80.5989641,35.27942434,30.65183785,468.0773949,-7.19782954,-5.930192627,-97.83186313,-0.474844234,0.050635643,0.009661145,0.878558847,-0.74862868,0.272138656,-98.27214699,-9.32E-04,-0.00602401,8.805343972
2.610653765,101.1958873,87.01944932,1359.020251,28.61078258,-80.59896334,35.26429231,30.63940979,467.8713757,-7.185796883,-5.908917504,-97.77217756,-0.482928422,0.050730065,0.009196959,0.87414073,-0.763279544,0.282530958,-98.21042342,-7.00E-04,-0.007144347,8.770592219
2.612780385,101.2708649,87.08459444,1360.015015,28.61078317,-80.59896257,35.24905476,30.62693168,467.6636422,-7.172338673,-5.882724227,-97.71242434,-0.491011087,0.050821501,0.008730421,0.86962582,-0.782908729,0.292137612,-98.14819645,-4.34E-04,-0.008310019,8.735840704
2.614926056,101.3464813,87.15029632,1361.018242,28.61078376,-80.5989618,35.23371316,30.61441218,467.4541764,-7.157720338,-5.851888352,-97.6525603,-0.499091137,0.050909748,0.008261361,0.865013286,-0.807184074,0.30115732,-98.08546196,-3.80E-04,-0.009233409,8.701089471
2.617091016,101.4227441,87.2165617,1362.030033,28.61078435,-80.59896102,35.21826787,30.60185788,467.2429579,-7.142191197,-5.817356374,-97.59249929,-0.507167554,0.050994574,0.007789596,0.860302242,-0.835167524,0.310130754,-98.02221565,-2.42E-04,-0.009919524,8.666338731
2.619275537,101.4996622,87.28339832,1363.050502,28.61078495,-80.59896023,35.20271833,30.58927326,467.0299634,-7.126038999,-5.780156379,-97.53214582,-0.515239406,0.051075662,0.007314999,0.855491743,-0.865796542,0.319535237,-97.95845242,-3.28E-04,-0.010430151,8.631588752
2.621480027,101.577249,87.35081816,1364.079829,28.61078556,-80.59895943,35.18706166,30.57666032,466.8151562,-7.109944654,-5.741283609,-97.47137385,-0.523306229,0.05115275,0.006837395,0.85058053,-0.897817703,0.329388875,-97.89416631,-2.66E-04,-0.010614284,8.596840188
2.623705919,101.655554,87.41886442,1365.118668,28.61078617,-80.59895863,35.17128779,30.56401273,466.5984008,-7.094324175,-5.701692312,-97.41007702,-0.531371181,0.051225652,0.00635622,0.845565018,-0.930146584,0.339846611,-97.82934717,-4.43E-04,-0.010594204,8.562100722
2.62595366,101.7345921,87.48755012,1366.167214,28.61078679,-80.59895782,35.15539229,30.5513261,466.379659,-7.079019205,-5.662819578,-97.34813306,-0.539433714,0.051293889,0.005871254,0.840443772,-0.961491089,0.35175142,-97.76395478,-6.01E-04,-0.010201669,8.527364488
2.628223358,101.814366,87.55687795,1367.225505,28.61078741,-80.598957,35.13937218,30.53859555,466.1589295,-7.064837496,-5.626097358,-97.28373011,-0.547492004,0.051357288,0.005382406,0.835216118,-0.989922594,0.364839528,-97.69634584,-7.75E-04,-0.009510624,8.492627481
2.630515127,101.8948788,87.62685068,1368.293578,28.61078804,-80.59895618,35.12322473,30.52581498,465.9362066,-7.051734635,-5.592233126,-97.21745291,-0.555544222,0.051415622,0.004889653,0.829881403,-1.014809112,0.379329497,-97.62714507,-0.001014163,-0.008838274,8.457889639
2.632829086,101.9761337,87.6974713,1369.371475,28.61078868,-80.59895535,35.10694623,30.51297497,465.7114839,-7.040016141,-5.561850965,-97.15022859,-0.563588539,0.051468346,0.004392721,0.824439004,-1.035470673,0.395036711,-97.55734044,-0.001177184,-0.007814152,8.423151079
2.635165325,102.0581327,87.76874181,1370.459223,28.61078932,-80.59895451,35.090531,30.50006155,465.4847586,-7.03036419,-5.537094809,-97.08185901,-0.571622997,0.051515241,0.003891488,0.818888384,-1.049507183,0.411877792,-97.48693081,-0.001397743,-0.006334114,8.388411659
2.637523944,102.1408784,87.84066449,1371.556855,28.61078997,-80.59895366,35.07397485,30.48705982,465.2560269,-7.02261928,-5.518852139,-97.01229711,-0.579645647,0.051556181,0.003385953,0.813229008,-1.056063068,0.42995858,-97.41591537,-0.001615068,-0.004912125,8.353671341
2.639905063,102.2243738,87.91324221,1372.66441,28.61079062,-80.5989528,35.05727339,30.47395291,465.0252831,-7.016552443,-5.507386754,-96.94154231,-0.5876546,0.051590981,0.002876151,0.807460321,-1.05490346,0.449172519,-97.34429293,-0.001899522,-0.003342309,8.31893037
2.642308824,102.3086229,87.98647841,1373.78194,28.61079128,-80.59895194,35.04042177,30.46072319,464.7925196,-7.012236257,-5.502963167,-96.86956929,-0.595647998,0.05161966,0.002362031,0.801581745,-1.045685296,0.469091258,-97.27206182,-0.002031342,-0.001845758,8.284188837
2.644735395,102.3936303,88.06037731,1374.909507,28.61079194,-80.59895107,35.02341756,30.44735341,464.5577261,-7.008834753,-5.505633929,-96.79643936,-0.603624061,0.051642184,0.001843752,0.795592659,-1.028572502,0.490106881,-97.19921952,-0.002403555,-4.16E-04,8.24944688
2.647184981,102.4794021,88.13494415,1376.047191,28.61079261,-80.59895019,35.0062576,30.43382705,464.320889,-7.006241776,-5.51484972,-96.72219418,-0.611581093,0.051658479,0.001321449,0.789492383,-1.004079069,0.511714762,-97.12576286,-0.002594251,8.77E-04,8.214704805
2.649657811,102.5659453,88.21018489,1377.195082,28.61079329,-80.5989493,34.98893737,30.42012693,464.0819922,-7.004428152,-5.530239542,-96.64685665,-0.61951746,0.051668327,7.95E-04,0.783280198,-0.972537979,0.533417851,-97.05168777,-0.002597936,0.002217444,8.179962865
2.652154139,102.6532673,88.28610618,1378.353282,28.61079397,-80.59894841,34.97145251,30.4062369,463.8410175,-7.004173227,-5.551382872,-96.57038727,-0.62743155,0.051671756,2.66E-04,0.776955346,-0.934156433,0.55390534,-96.97698971,-0.002510271,0.003506921,8.145221103
2.654674228,102.7413762,88.36271489,1379.521897,28.61079466,-80.59894751,34.95379985,30.39214297,463.5979456,-7.004421011,-5.577936054,-96.49288612,-0.635321747,0.051669058,-2.67E-04,0.770517044,-0.889557566,0.57375821,-96.90166069,-0.002503472,0.004480917,8.110479599
2.657218431,102.8302831,88.44002047,1380.701072,28.61079536,-80.5989466,34.93597671,30.37783601,463.3527482,-7.005269208,-5.607647655,-96.41449003,-0.643186654,0.051660571,-8.04E-04,0.76396431,-0.841042569,0.592079547,-96.82569641,-0.002426984,0.004957811,8.075738816
2.659787148,102.9200006,88.51803389,1381.890976,28.61079606,-80.59894568,34.91798129,30.36330941,463.1053924,-7.005694324,-5.639015391,-96.33537226,-0.651024984,0.051646268,-0.001342892,0.757296065,-0.790395052,0.609434127,-96.74908817,-0.002493921,0.005295351,8.040999132
2.66238108,103.010552,88.59677515,1383.091917,28.61079677,-80.59894475,34.89980947,30.34855498,462.8558164,-7.005711138,-5.67153777,-96.2555549,-0.65883629,0.051626234,-0.001885023,0.75051044,-0.738135207,0.625601289,-96.67182608,-0.002458631,0.005531749,8.00626144
2.665002392,103.1020112,88.67630854,1384.304876,28.61079748,-80.59894381,34.88144869,30.3335618,462.6038177,-7.005138894,-5.70427848,-96.17509513,-0.666624351,0.051600798,-0.002429981,0.743601659,-0.68527358,0.640548014,-96.59389104,-0.002489349,0.005457675,7.97153798
2.667651156,103.1943793,88.75663484,1385.529867,28.6107982,-80.59894287,34.86290009,30.3183351,462.349395,-7.003809081,-5.734767821,-96.09410538,-0.674386502,0.05157016,-0.002977536,0.736569412,-0.634408188,0.654143401,-96.5152196,-0.002440769,0.004899849,7.936813179
2.670327428,103.2876569,88.83775429,1386.766896,28.61079893,-80.59894191,34.84416759,30.30288403,462.0925483,-7.001247785,-5.76180308,-96.01270256,-0.682120025,0.051534517,-0.00352727,0.729413479,-0.586864461,0.66689804,-96.43581148,-0.002529528,0.004188725,7.902086881
2.673031265,103.3818442,88.91966717,1388.015968,28.61079967,-80.59894095,34.82525317,30.28722354,461.8332776,-6.997568494,-5.783655746,-95.93099111,-0.689822187,0.051493986,-0.004078863,0.722133701,-0.544437698,0.678783371,-96.35566686,-0.002513426,0.003096633,7.867359157
2.675762742,103.4769426,89.0023744,1389.277098,28.61080041,-80.59893997,34.8061585,30.27137128,461.5715804,-6.992919138,-5.79914995,-95.84903645,-0.697490313,0.051448659,-0.004631761,0.71472991,-0.508352369,0.689914259,-96.27478612,-0.00251886,0.00195448,7.83263003
2.678521938,103.572953,89.08587693,1390.5503,28.61080116,-80.59893899,34.7868842,30.25534987,461.3074545,-6.988231032,-5.806521847,-95.76687881,-0.70512169,0.051398761,-0.005185985,0.707202004,-0.480430907,0.699677307,-96.19316912,-0.002486538,4.28E-04,7.797899608
2.681308967,103.6698779,89.17017694,1391.835606,28.61080192,-80.598938,34.76743213,30.23918177,461.0408937,-6.982487422,-5.80535374,-95.68462735,-0.71271372,0.051344205,-0.005741295,0.699549829,-0.461163199,0.709668459,-96.11081559,-0.002619279,-0.001088598,7.763168057
2.684123985,103.7677212,89.25527782,1393.133065,28.61080269,-80.59893699,34.74780202,30.22289196,460.771888,-6.976366786,-5.795322931,-95.60224779,-0.720263885,0.051284813,-0.006297673,0.691773188,-0.450852524,0.719745521,-96.02772486,-0.002679764,-0.002574118,7.728435797
2.686967212,103.866489,89.34118507,1394.442759,28.61080346,-80.59893598,34.72799387,30.20650274,460.5004215,-6.970178777,-5.777022768,-95.51967489,-0.727769818,0.051220713,-0.006855045,0.683871726,-0.448862853,0.730146992,-95.9438955,-0.002915119,-0.003938975,7.693703017
2.689838888,103.9661878,89.42790467,1395.764773,28.61080424,-80.59893496,34.70800593,30.19003941,460.2264768,-6.963571807,-5.749953407,-95.43696637,-0.735229172,0.051151651,-0.007413345,0.675845112,-0.455666024,0.741831836,-95.85932349,-0.00312543,-0.005495797,7.658970025
2.692739308,104.0668263,89.51544451,1397.099222,28.61080503,-80.59893393,34.68783607,30.17352228,459.950031,-6.957227627,-5.714765542,-95.35402154,-0.742639712,0.051077207,-0.007972946,0.6676929,-0.470558787,0.754620057,-95.77400539,-0.003176374,-0.00664804,7.624237025
2.695668881,104.168417,89.60381574,1398.44627,28.61080582,-80.59893289,34.66748103,30.15696536,459.6710515,-6.950974225,-5.673757111,-95.27069891,-0.749999445,0.05099676,-0.008534026,0.659414387,-0.491066119,0.768985093,-95.68793628,-0.003411669,-0.00740603,7.589504646
2.698628147,104.270977,89.69303366,1399.806143,28.61080662,-80.59893184,34.64693468,30.14037552,459.3894932,-6.945693424,-5.62921437,-95.18676953,-0.757306635,0.050910085,-0.009097031,0.651008501,-0.514846088,0.784092364,-95.60110845,-0.00345933,-0.007752514,7.554773482
2.70161857,104.3745549,89.78314123,1401.179487,28.61080743,-80.59893078,34.62618583,30.12374991,459.105224,-6.940406883,-5.582854209,-95.1024887,-0.764561705,0.050816564,-0.009662405,0.642471567,-0.53996662,0.800960461,-95.51380929,-0.003680151,-0.007884077,7.520046823
2.70464236,104.4792255,89.87420387,1402.56729,28.61080825,-80.5989297,34.60520315,30.10707332,458.8180432,-6.938537539,-5.536921368,-95.01711714,-0.771766623,0.050715472,-0.010230803,0.633797721,-0.564591644,0.815873493,-95.42572471,-0.003607186,-0.007546823,7.485333012
2.707699722,104.5849937,89.96622648,1403.96962,28.61080908,-80.59892862,34.58398616,30.090335,458.5279406,-6.939833106,-5.494069623,-94.93042767,-0.778918301,0.050606562,-0.010802989,0.624986842,-0.586103896,0.828527776,-95.33678307,-0.003841698,-0.006740792,7.450619272
2.710790555,104.6918539,90.05920467,1405.3864,28.61080992,-80.59892753,34.56254061,30.07351664,458.2349354,-6.939215794,-5.456908266,-94.84264202,-0.786012968,0.050489131,-0.01137888,0.616039757,-0.600914409,0.843238479,-95.24696929,-0.004015326,-0.005456746,7.415902929
2.71391481,104.7998022,90.15313555,1406.81758,28.61081076,-80.59892642,34.54086903,30.05659501,457.9390423,-6.937748427,-5.427402176,-94.75355103,-0.793046975,0.050362908,-0.011958628,0.606957218,-0.607190695,0.857990777,-95.15629066,-0.003900777,-0.004180901,7.381184187
2.71707249,104.9088367,90.24801772,1408.263134,28.61081162,-80.5989253,34.51898109,30.03954276,457.6402709,-6.93461165,-5.406719286,-94.6631479,-0.800016798,0.050227833,-0.012542368,0.59773989,-0.60356054,0.872733112,-95.064752,-0.004029876,-0.002430854,7.346463438
2.720263674,105.0189578,90.34385196,1409.723066,28.61081248,-80.59892418,34.49688313,30.02232994,457.3386242,-6.928536895,-5.395257649,-94.57151138,-0.806919121,0.050083378,-0.013129848,0.588388303,-0.589272563,0.887964331,-94.97235635,-0.004008041,-8.47E-04,7.311741005
2.723488503,105.1301684,90.44064079,1411.197414,28.61081335,-80.59892304,34.47458162,30.00492304,457.0340993,-6.920605573,-5.393900104,-94.4784973,-0.813750732,0.049929483,-0.013721133,0.578902862,-0.563763055,0.901592629,-94.87910567,-0.003777401,9.41E-04,7.277017331
2.726747182,105.2424733,90.5383885,1412.686241,28.61081423,-80.59892189,34.45208647,29.9872916,456.726687,-6.909767087,-5.402765104,-94.38418213,-0.820508553,0.049766299,-0.014315837,0.569283836,-0.52665753,0.913852111,-94.78499931,-0.003769494,0.00262862,7.242292755
2.730040043,105.3558819,90.63710305,1414.189667,28.61081511,-80.59892072,34.42940451,29.96940547,456.4163666,-6.895990149,-5.42020621,-94.2886752,-0.827189754,0.049593983,-0.014913412,0.559531176,-0.47963112,0.924577087,-94.69003484,-0.003643389,0.003983458,7.207568175
2.733367558,105.4704082,90.7367965,1415.707878,28.61081601,-80.59891955,34.40654062,29.95124286,456.1031037,-6.879882392,-5.444145676,-94.19205937,-0.833791751,0.049412445,-0.015513386,0.549644485,-0.425002938,0.933292834,-94.59420643,-0.003568341,0.005004645,7.172843956
2.736730266,105.5860686,90.83748278,1417.241088,28.61081692,-80.59891837,34.3834932,29.93278372,455.7868581,-6.862466335,-5.473510354,-94.09431382,-0.840312033,0.04922197,-0.016114884,0.539623198,-0.36430559,0.938915168,-94.49750459,-0.003126655,0.00579479,7.13812069
2.740128879,105.7028853,90.93918087,1418.789588,28.61081783,-80.59891717,34.36025693,29.9140211,455.4675732,-6.845332021,-5.505146417,-93.99550675,-0.846748326,0.049022994,-0.016717326,0.529466287,-0.301380028,0.940866623,-94.39991757,-0.002908951,0.005907131,7.103398881
2.743565699,105.820935,91.04195723,1420.354394,28.61081876,-80.59891596,34.33681231,29.89494403,455.1450434,-6.828956281,-5.536089079,-93.89577809,-0.853101183,0.048815572,-0.017320572,0.519167997,-0.239413,0.939893392,-94.30142815,-0.002672985,0.00576254,7.068682849
2.747042643,105.940281,91.14586659,1421.936341,28.61081969,-80.59891474,34.31314503,29.87555417,454.8190995,-6.813949066,-5.564744907,-93.7951203,-0.859370076,0.048600295,-0.017924246,0.508723702,-0.180285838,0.936245608,-94.20197355,-0.002566729,0.005270281,7.033979054
2.750559512,106.0609138,91.25090041,1423.535301,28.61082063,-80.5989135,34.2892524,29.85587559,454.4897703,-6.800477507,-5.587505159,-93.69370503,-0.865550484,0.048377526,-0.018527872,0.498135216,-0.127491821,0.931781872,-94.10150158,-0.002775038,0.004305206,6.999272029
2.754115996,106.1828202,91.35704691,1425.151095,28.61082159,-80.59891225,34.26519193,29.83593444,454.157091,-6.784155001,-5.602607823,-93.59199042,-0.871637773,0.048147172,-0.019130882,0.487404814,-0.080405722,0.931681118,-94.0000008,-0.002943687,0.003333492,6.964561625
2.757711317,106.305971,91.4642804,1426.783332,28.61082255,-80.59891099,34.24099299,29.81576754,453.8211419,-6.74708769,-5.609854171,-93.49135511,-0.877626633,0.047909371,-0.019732198,0.47653628,-0.029485448,0.951706201,-93.89739358,-0.002961233,0.001954996,6.929844345
2.761345883,106.4303778,91.57261076,1428.432158,28.61082353,-80.59890972,34.21663055,29.79540694,453.481896,-6.71558759,-5.607447817,-93.38993228,-0.88351382,0.047664103,-0.020331162,0.465529921,0.010864178,0.970305833,-93.7938187,-0.002951931,3.98E-04,6.895126991
2.765020031,106.5560497,91.68204579,1430.097688,28.61082451,-80.59890843,34.1920751,29.77489132,453.1393334,-6.691525083,-5.594566659,-93.28761695,-0.889295942,0.047411057,-0.020927345,0.454386362,0.038808551,0.987160546,-93.68926922,-0.002795215,-0.001369414,6.86040933
2.768734153,106.6829972,91.792595,1431.78006,28.61082551,-80.59890713,34.16729219,29.75425371,452.7934298,-6.676477779,-5.571989189,-93.18422558,-0.894969646,0.047150175,-0.021520634,0.443106146,0.053979421,1.001406064,-93.58374104,-0.002630035,-0.00319031,6.82569131
2.772488735,106.8112341,91.90427083,1433.479455,28.61082651,-80.59890582,34.14224338,29.73352364,452.444152,-6.670437708,-5.540203584,-93.0797466,-0.900531709,0.046880783,-0.022110916,0.431689634,0.056638527,1.013739502,-93.47725364,-0.002371212,-0.004747452,6.790973529
2.776284407,106.9407787,92.01709,1435.196115,28.61082753,-80.59890449,34.11688482,29.71271899,452.0914552,-6.674480241,-5.501842927,-92.97428756,-0.905979062,0.046602186,-0.022698214,0.420136842,0.048107908,1.022566973,-93.37017271,-0.001695475,-0.006148316,6.75625656
2.780122025,107.071657,92.13107598,1436.930386,28.61082855,-80.59890315,34.09117509,29.69184948,451.7352745,-6.689078286,-5.459726916,-92.8672153,-0.911308827,0.046313964,-0.023283677,0.408447192,0.030051187,1.026438382,-93.26209082,-0.001208299,-0.007370664,6.721541222
2.784003315,107.2039241,92.24627793,1438.683003,28.61082959,-80.59890179,34.06508481,29.67089842,451.3754653,-6.710251185,-5.417408464,-92.75860006,-0.916519186,0.046015109,-0.023868592,0.39661755,0.007616486,1.026763049,-93.15298905,-7.25E-04,-0.007398859,6.686830585
2.787930601,107.3376555,92.36276264,1440.454969,28.61083063,-80.59890042,34.03858385,29.64982958,451.0118287,-6.734717948,-5.37999668,-92.64832744,-0.921608854,0.04570469,-0.024453594,0.384642982,-0.013255334,1.022743285,-93.04282448,5.11E-05,-0.007073688,6.652128571
2.791904935,107.4728827,92.48055876,1442.24671,28.61083169,-80.59889904,34.01166035,29.62860628,450.644285,-6.761397158,-5.350765714,-92.53620821,-0.926574558,0.04538263,-0.025039626,0.372522513,-0.029718858,1.012661269,-92.93153743,7.61E-04,-0.006366823,6.617429672
2.795926508,107.6096081,92.59966929,1444.058262,28.61083276,-80.59889764,33.98433176,29.60718844,450.2728326,-6.786128159,-5.330910402,-92.42247454,-0.931411855,0.045048865,-0.025627929,0.360257916,-0.038296089,0.998314064,-92.81910279,0.001193436,-0.004991365,6.582729542
2.799995208,107.7478238,92.72008801,1445.889524,28.61083385,-80.59889622,33.95663144,29.58553375,449.8974976,-6.803332489,-5.322208307,-92.30745831,-0.936116008,0.044703713,-0.026218553,0.347851959,-0.033804526,0.981653845,-92.70551929,0.001441734,-0.003222742,6.548026584
2.804111082,107.8875274,92.8418132,1447.740464,28.61083494,-80.59889479,33.92864982,29.56360356,449.5182866,-6.811092887,-5.323276998,-92.19141325,-0.94068254,0.044347103,-0.026811637,0.335307067,-0.015901281,0.964050131,-92.59079488,0.001273586,-0.001560539,6.513321294
2.808271659,108.0286316,92.96476865,1449.609923,28.61083605,-80.59889334,33.90050072,29.54137002,449.1354374,-6.783676219,-5.334270105,-92.07629149,-0.94510443,0.043979037,-0.027406452,0.322633455,0.035421235,0.96070101,-92.47481794,0.001369479,2.77E-04,6.478602845
2.812477977,108.1711683,93.0889816,1451.498317,28.61083716,-80.59889188,33.87222034,29.51879128,448.7488689,-6.745933179,-5.354904898,-91.96030028,-0.949378669,0.043600018,-0.028002103,0.309830702,0.101403879,0.953799162,-92.3577795,0.001503963,0.001810778,6.443886728
2.816731276,108.3151766,93.21448508,1453.406149,28.61083829,-80.59889041,33.84382962,29.49584192,448.3584815,-6.699876547,-5.381348239,-91.84350854,-0.953502356,0.043210378,-0.028596997,0.296897849,0.177778745,0.944139591,-92.23965693,0.00160888,0.002780315,6.409173361
2.821035866,108.4607989,93.34140238,1455.335299,28.61083943,-80.59888892,33.81530739,29.4725015,447.9638956,-6.650397926,-5.409707213,-91.72575095,-0.957475205,0.042810859,-0.029189675,0.283824637,0.257905968,0.93127927,-92.1204229,0.001348451,0.002836428,6.374469193
2.825395204,108.6081487,93.4698313,1457.287255,28.61084059,-80.59888741,33.78662165,29.44877552,447.5648117,-6.602678378,-5.433608017,-91.60691446,-0.961295461,0.042401895,-0.02977952,0.270603577,0.33349154,0.917489559,-91.99996321,0.001145859,0.001936064,6.33978419
2.829808605,108.7571988,93.59974743,1459.261647,28.61084176,-80.59888588,33.75775887,29.42470773,447.1613105,-6.558877712,-5.449494808,-91.48696775,-0.964957477,0.041983864,-0.030365117,0.257239931,0.400754029,0.905075757,-91.87818769,5.81E-04,8.68E-04,6.305093602
2.834275581,108.9079289,93.73113247,1461.258195,28.61084294,-80.59888434,33.72867877,29.40034464,446.7534561,-6.522602513,-5.455431862,-91.36577264,-0.968455991,0.041556741,-0.030944756,0.243738493,0.455661608,0.89455091,-91.75512325,1.67E-04,-6.24E-04,6.270398335
2.838795818,109.0603242,93.86397336,1463.276695,28.61084413,-80.59888278,33.69932879,29.37573637,446.3412975,-6.499005992,-5.45087055,-91.24296935,-0.971785989,0.041120813,-0.031517718,0.230103682,0.493466056,0.884839402,-91.63079218,-1.93E-04,-0.002783918,6.235698978
2.843369284,109.214379,93.99826552,1465.317069,28.61084534,-80.5988812,33.66964228,29.35093348,445.9248587,-6.489344616,-5.435262915,-91.11850875,-0.974942812,0.04067581,-0.032083273,0.216339215,0.512909716,0.877275346,-91.50521092,-6.43E-04,-0.004867137,6.200997072
2.847996217,109.3700966,94.13401252,1467.37936,28.61084656,-80.5988796,33.63954594,29.32596969,445.5041393,-6.495504294,-5.410137969,-90.99222635,-0.977922044,0.040220885,-0.032641875,0.202448175,0.513131691,0.871106225,-91.37846734,-8.17E-04,-0.006966631,6.166293571
2.852677363,109.5274968,94.27123284,1469.463835,28.6108478,-80.59887799,33.60898901,29.30086157,445.0790924,-6.515438223,-5.380054118,-90.86440703,-0.980719574,0.039755778,-0.033194631,0.188432248,0.498167456,0.864468672,-91.25097756,-7.64E-04,-0.008255829,6.131590153
2.857413712,109.6866073,94.40995208,1471.570867,28.61084904,-80.59887636,33.57796841,29.27561164,444.6496476,-6.538421551,-5.347437116,-90.73522685,-0.98333139,0.039280001,-0.033742716,0.174292536,0.479079452,0.86036041,-91.12221296,-9.79E-04,-0.008974897,6.096888265
2.862207248,109.847489,94.55022485,1473.701271,28.61085031,-80.59887471,33.54646135,29.25020815,444.2156467,-6.561104303,-5.315167854,-90.60475436,-0.985753912,0.038793136,-0.034286849,0.160027276,0.460437852,0.857549095,-90.9921602,0,0,6.062189332
2.867064528,110.0103558,94.69223905,1475.857884,28.61085158,-80.59887304,33.51442416,29.22460011,443.7765199,-6.584980392,-5.284801761,-90.47274145,-0.987985319,0.03829352,-0.034828699,0.145621348,0.441519995,0.854027697,-90.86079319,-7.80E-04,-0.009060736,6.027514435
2.871984569,110.1751681,94.8359617,1478.04019,28.61085288,-80.59887135,33.48189027,29.19875789,443.3323802,-6.605859315,-5.260777346,-90.33906082,-0.990019706,0.037780785,-0.035369872,0.13108229,0.427769373,0.846632382,-90.72794107,-4.40E-04,-0.008272575,5.99283295
2.876966529,110.3418914,94.98136367,1480.247735,28.61085418,-80.59886965,33.44893646,29.17264064,442.8833249,-6.616133628,-5.245676762,-90.20418834,-0.991851529,0.037254853,-0.035911361,0.116417328,0.427193372,0.834427746,-90.59363763,-6.60E-05,-0.006396467,5.958145855
2.882009939,110.5105042,95.12842662,1482.480233,28.61085551,-80.59886792,33.41564479,29.14620708,442.4294166,-6.610522885,-5.240172196,-90.06853387,-0.993475687,0.036715895,-0.036452807,0.101632644,0.444865987,0.816880537,-90.45791293,2.88E-04,-0.004682621,5.923453942
2.887114926,110.6810049,95.27714926,1484.737658,28.61085684,-80.59886617,33.38209869,29.11941901,441.9706638,-6.58888973,-5.24304581,-89.93220939,-0.994887446,0.036164438,-0.036993598,0.086732787,0.480163303,0.793643509,-90.32078861,6.09E-04,-0.002716861,5.888759602
2.892282162,110.8534108,95.42754603,1487.020226,28.6108582,-80.59886441,33.34835998,29.09225658,441.5070259,-6.552211187,-5.25143349,-89.79533126,-0.996082335,0.035601222,-0.037532144,0.071720801,0.531065368,0.765888412,-90.18227057,6.57E-04,-0.001555211,5.854064485
2.897512985,111.0277614,95.57965045,1489.328446,28.61085956,-80.59886262,33.3144688,29.06470746,441.0384046,-6.505298205,-5.261358273,-89.65776766,-0.997056017,0.035026313,-0.038067319,0.056598011,0.591630807,0.735546519,-90.04235138,4.51E-04,-5.21E-04,5.819371256
2.902811119,111.2041756,95.73356514,1491.66387,28.61086095,-80.59886081,33.28038151,29.03675666,440.5644936,-6.451680462,-5.271548652,-89.51929359,-0.997804368,0.034439966,-0.038597471,0.041358999,0.657895854,0.70255387,-89.90100623,5.58E-04,-1.13E-04,5.784684493
2.908183946,111.3828922,95.88949841,1494.029658,28.61086235,-80.59885898,33.24568931,29.00839121,440.084687,-6.442353994,-5.278952332,-89.37613716,-0.998322934,0.033842863,-0.039122818,0.025988186,0.678243598,0.66508667,-89.75835784,-4.96E-06,-1.66E-04,5.750018205
2.913633661,111.5639755,96.04750751,1496.42667,28.61086377,-80.59885713,33.21034647,28.97964334,439.5988197,-6.471928006,-5.278297441,-89.22887027,-0.998605957,0.033234626,-0.039644153,0.010485404,0.657594444,0.63307377,-89.61419727,-9.70E-04,-1.02E-04,5.71536112
2.919158755,111.7473665,96.20754238,1498.854136,28.61086521,-80.59885525,33.17440666,28.95055454,439.1070519,-6.49699174,-5.270716513,-89.08066921,-0.998647459,0.032615305,-0.040163266,-0.005138685,0.640248844,0.610079162,-89.46828972,-0.001445766,7.19E-04,5.680696421
2.924757533,111.9330006,96.36954783,1501.311205,28.61086667,-80.59885335,33.13796501,28.9211837,438.6095529,-6.509310091,-5.256855089,-88.93227736,-0.998441937,0.031985742,-0.040680888,-0.020872856,0.635622035,0.595019949,-89.32075647,-0.002233484,0.002310067,5.646023365
2.930428971,112.120836,96.53348849,1503.797325,28.61086814,-80.59885142,33.10112707,28.8915819,438.1064263,-6.504923858,-5.234261025,-88.78547096,-0.997984365,0.031345899,-0.041196947,-0.03670768,0.648769778,0.58917688,-89.17288458,-0.002988033,0.003996442,5.6113435
2.936173035,112.3108642,96.69935794,1506.312375,28.61086963,-80.59884948,33.06398879,28.86179592,437.5976946,-6.483102866,-5.203182974,-88.63959298,-0.997270013,0.030694415,-0.041710739,-0.052636371,0.681213328,0.590493157,-89.0239768,-0.003357242,0.005836402,5.576660084
2.941990915,112.5031177,96.86718514,1508.856769,28.61087114,-80.59884751,33.02663195,28.83182497,437.083276,-6.445535746,-5.168413427,-88.49364858,-0.996294147,0.030029595,-0.042221286,-0.068655366,0.73129986,0.592270489,-88.87349258,-0.003173824,0.007491623,5.541976748
2.947885432,112.697683,97.03704576,1511.43163,28.61087267,-80.59884551,32.98909363,28.80163324,436.5629505,-6.394931093,-5.135446706,-88.34704173,-0.995051751,0.029349623,-0.042725069,-0.084765444,0.795531652,0.587484518,-88.72141641,-0.00243278,0.00825869,5.507297817
2.953860516,112.8946828,97.20904684,1514.038557,28.61087422,-80.5988435,32.95138684,28.77115469,436.0364058,-6.343165063,-5.110299342,-88.19836054,-0.993537152,0.028654153,-0.043219292,-0.100970098,0.860011248,0.570610222,-88.56769438,-0.001388139,0.007826155,5.472628694
2.959915605,113.0940918,97.3831654,1516.677183,28.61087578,-80.59884145,32.91364053,28.74032669,435.5037219,-6.270694715,-5.093690018,-88.04890403,-0.991745701,0.027942493,-0.043700247,-0.117260264,0.942357013,0.537044044,-88.41210516,-4.93E-04,0.006628074,5.437957285
2.966050518,113.2958978,97.55938899,1519.347307,28.61087737,-80.59883939,32.87573423,28.70907776,434.9649652,-6.201362803,-5.0900528,-87.89654711,-0.989672915,0.027215175,-0.044163984,-0.133627835,1.016206594,0.486093332,-88.25474248,3.61E-04,0.004241678,5.403281067
2.972264525,113.5000689,97.73768881,1522.048489,28.61087897,-80.59883729,32.83746857,28.67732322,434.4202576,-6.162457725,-5.100085357,-87.73913293,-0.987314686,0.026473961,-0.044608376,-0.150063099,1.052918329,0.425126572,-88.0957027,0.001037304,8.77E-04,5.368600411
2.9785576,113.7065955,97.91805583,1524.780596,28.61088059,-80.59883518,32.79862893,28.6450378,433.8696564,-6.15879015,-5.120209762,-87.57653906,-0.984666834,0.025722223,-0.045033211,-0.16655811,1.047999717,0.36277068,-87.9350188,6.01E-04,-0.0024277,5.333915827
2.984930697,113.9154982,98.1005089,1527.543915,28.61088223,-80.59883304,32.75901521,28.61222392,433.3131298,-6.189730931,-5.140503199,-87.40948818,-0.981724907,0.024961523,-0.045441016,-0.183107189,1.005495346,0.312662981,-87.77270297,-5.86E-04,-0.004884635,5.299231011
2.991387198,114.1268762,98.28513622,1530.339784,28.61088389,-80.59883087,32.71848879,28.57891136,432.7504264,-6.244871747,-5.155689617,-87.23916356,-0.978483221,0.024192529,-0.045836416,-0.199710618,0.938846006,0.279683709,-87.60874136,-0.00199967,-0.006333377,5.264550978
2.997936206,114.3410142,98.47218912,1533.172005,28.61088558,-80.59882868,32.67700922,28.54513038,432.1807859,-6.307376704,-5.160885253,-87.06717632,-0.974932569,0.023414339,-0.046225027,-0.216382764,0.867975413,0.263990707,-87.44305494,-0.00305531,-0.005615473,5.22989043
3.004580613,114.5579928,98.66174098,1536.041673,28.61088728,-80.59882646,32.63455245,28.51095887,431.6039685,-6.358671492,-5.153015626,-86.89650298,-0.971066375,0.022626638,-0.046610364,-0.233121437,0.813676245,0.260688606,-87.27690689,-0.003698596,-0.00393999,5.195239346
3.011326438,114.7779931,98.85395445,1538.951225,28.61088901,-80.5988242,32.59104013,28.47647863,431.0194803,-6.426881807,-5.129640826,-86.7282963,-0.966875837,0.021826542,-0.04699909,-0.249931596,0.753840573,0.282927938,-87.11352984,-0.00386999,-5.05E-04,5.160595259
3.01816886,115.0008434,99.04868367,1541.898418,28.61089076,-80.59882192,32.54683846,28.44178494,430.4277539,-6.46534285,-5.092296443,-86.56137389,-0.962359109,0.021011103,-0.047393389,-0.266790829,0.731760016,0.306654819,-86.94811143,-0.002256816,0.004040896,5.125942779
3.025102124,115.2263449,99.24575706,1544.880612,28.61089253,-80.59881961,32.50240105,28.40692735,429.8292968,-6.444592407,-5.049177101,-86.39760677,-0.957516239,0.020178339,-0.047791651,-0.283674893,0.768805953,0.305284611,-86.78069575,2.70E-04,0.008680669,5.09127075
3.03212488,115.4544452,99.44512879,1547.897073,28.61089433,-80.59881727,32.45808192,28.37188853,429.2242425,-6.367071632,-5.008090126,-86.23644859,-0.952345229,0.019328544,-0.048188653,-0.300570834,0.855610565,0.267273742,-86.6114434,0.003089454,0.011934371,5.05659037
3.039241462,115.6852787,99.64691405,1550.949504,28.61089614,-80.59881491,32.41405832,28.33660931,428.6122475,-6.250360129,-4.971227773,-86.07641025,-0.946840258,0.018461032,-0.04857527,-0.317479384,0.971895182,0.196070325,-86.44041581,0.005156134,0.013566852,5.021915089
3.046466863,115.9193243,99.85152829,1554.044158,28.61089798,-80.59881251,32.37019011,28.30087659,427.9920854,-6.124564841,-4.947414707,-85.91440874,-0.940986374,0.017574285,-0.048940871,-0.334425746,1.083445899,0.100013117,-86.26754302,0.006559916,0.011687279,4.98727142
3.053801502,116.1565866,100.0589718,1557.181021,28.61089985,-80.59881008,32.32627099,28.26453061,427.363801,-6.024582871,-4.947754042,-85.74653958,-0.934779046,0.016672371,-0.049279369,-0.351399646,1.15198925,-0.006695322,-86.09249557,0.006527944,0.008225362,4.952633553
3.061238382,116.3968293,100.2690341,1560.356909,28.61090174,-80.59880762,32.2822501,28.22747053,426.7280649,-5.944854158,-4.966856864,-85.57348322,-0.928220753,0.015760479,-0.049585185,-0.368373657,1.183938879,-0.118538633,-85.91516878,0.00517396,0.003841742,4.917976394
3.068773562,116.6399141,100.4815909,1563.569959,28.61090365,-80.59880513,32.23767924,28.18967641,426.0853056,-5.905089881,-4.999309009,-85.39418322,-0.921312327,0.014844903,-0.049856688,-0.385327829,1.167803367,-0.213614056,-85.73575864,0.002028126,-6.52E-04,4.883304069
3.076406275,116.8858014,100.6966077,1566.819666,28.61090558,-80.59880261,32.19205069,28.15118317,425.4356769,-5.936311525,-5.031878162,-85.2072198,-0.914052309,0.013930128,-0.050097488,-0.402249387,1.093302003,-0.254901711,-85.55448331,-0.001999347,-0.004286359,4.848626238
3.084139505,117.1345684,100.9141563,1570.107118,28.61090754,-80.59880006,32.14496184,28.11213954,424.7789509,-6.028205512,-5.050292602,-85.01523838,-0.906435847,0.013017131,-0.050316406,-0.419133474,0.984866803,-0.234158408,-85.37218915,-0.006208715,-0.005536505,4.813950531
3.091987214,117.386642,101.1346172,1573.438049,28.61090952,-80.59879748,32.09620783,28.07266634,424.1139578,-6.152672735,-5.04340547,-84.83006541,-0.89844677,0.012098745,-0.050524617,-0.435998034,0.878257454,-0.162799004,-85.19761428,-0.008548672,-0.004728585,4.779296242
3.099962279,117.6424113,101.3583395,1576.817696,28.61091153,-80.59879486,32.04596704,28.0328412,423.4396373,-6.266147298,-5.015294393,-84.64501916,-0.890068615,0.01116628,-0.050733833,-0.452856769,0.802808438,-0.079276585,-85.02085781,-0.007567987,-0.00193869,4.744678426
3.108054392,117.9015233,101.5850222,1580.241454,28.61091357,-80.5987922,31.99461719,27.99283457,422.7568897,-6.323118431,-4.971275896,-84.4631271,-0.88130944,0.01021604,-0.050948226,-0.46967391,0.783312961,-0.028687677,-84.84162215,-0.004374208,0.002206149,4.710035652
3.116269189,118.1641386,101.8148124,1583.711474,28.61091564,-80.59878951,31.94262056,27.95265703,422.0652579,-6.353888787,-4.917032336,-84.28202761,-0.872161221,0.009240843,-0.05117036,-0.48644733,0.79440012,0.004132507,-84.66036971,6.99E-04,0.006102322,4.675404802
3.124595987,118.4299017,102.0474003,1587.223012,28.61091773,-80.59878679,31.8907829,27.91232133,421.3656459,-6.291593498,-4.864695894,-84.10596873,-0.862634878,0.008239443,-0.051394877,-0.503141874,0.858971602,-0.048463691,-84.47676136,0.006786022,0.00917019,4.640743097
3.133034854,118.6988069,102.2827771,1590.775874,28.61091985,-80.59878404,31.8396369,27.87168577,420.6580728,-6.148501654,-4.825276029,-83.93351985,-0.852730532,0.007214743,-0.051606819,-0.519745441,0.950765926,-0.186841595,-84.29106863,0.011955193,0.010426053,4.606075279
3.141606737,118.9715152,102.5215131,1594.378631,28.61092199,-80.59878124,31.78911352,27.83040036,419.9408593,-5.973090266,-4.811422646,-83.75999026,-0.842423064,0.006173407,-0.051789936,-0.536286372,1.024696449,-0.375090365,-84.10334636,0.013916454,0.007879778,4.571438028
3.150321295,119.2483232,102.7638593,1598.035059,28.61092417,-80.59877841,31.73870352,27.78825509,419.2133192,-5.825676724,-4.823906125,-83.58000541,-0.83169917,0.005126849,-0.051931879,-0.552768746,1.047384717,-0.554630248,-83.91317688,0.011218889,0.004681672,4.536833404
3.15916383,119.5287493,103.0093877,1601.73871,28.61092638,-80.59877553,31.68794465,27.74518942,418.4768051,-5.756048167,-4.851312856,-83.39004407,-0.820576032,0.004084096,-0.052027015,-0.569149792,1.010646142,-0.667276341,-83.72036857,0.006004904,7.72E-04,4.502194263
3.16812448,119.8124624,103.257806,1605.485197,28.61092861,-80.59877263,31.63615373,27.7012438,417.7322183,-5.743058035,-4.888335899,-83.19432168,-0.809066467,0.00305395,-0.052078007,-0.585397307,0.935067429,-0.72373319,-83.52709478,-5.73E-04,-0.002004089,4.467530227
3.177203561,120.0994473,103.5091051,1609.274403,28.61093087,-80.59876969,31.58254401,27.65658049,416.9796276,-5.831207095,-4.915472551,-82.99520422,-0.797171257,0.002036464,-0.052097037,-0.601497913,0.833082168,-0.671244904,-83.33801158,-0.00697419,-0.002733524,4.432862588
3.186416384,120.3901556,103.763692,1613.112452,28.61093316,-80.59876671,31.52675881,27.61141153,416.2178347,-5.981744086,-4.915689761,-82.79075052,-0.784871396,0.001018352,-0.052103266,-0.617463443,0.745508922,-0.540832329,-83.14689024,-0.010032266,-0.001311641,4.398212579
3.195789671,120.6853949,104.0222877,1617.010156,28.61093549,-80.59876369,31.46905409,27.56581717,415.4446637,-6.119337761,-4.886652268,-82.58694324,-0.772131391,-1.87E-05,-0.052111242,-0.633322614,0.702647519,-0.410522028,-82.95340028,-0.007226548,0.001634637,4.363623121
3.205305878,120.9845819,104.2843914,1620.959886,28.61093785,-80.59876062,31.4105551,27.52003043,414.6615555,-6.176684639,-4.838792851,-82.38796766,-0.758975881,-0.001082213,-0.052126138,-0.64902797,0.707429075,-0.356769494,-82.75696239,-0.001146962,0.003990979,4.328999954
3.214935461,121.286774,104.549177,1624.949096,28.61094023,-80.59875753,31.35305424,27.47425413,413.8708825,-6.073081844,-4.781747204,-82.19985403,-0.745449358,-0.002164009,-0.052133888,-0.664516839,0.753442409,-0.467654901,-82.55771954,0.005724294,0.005541368,4.294331359
3.224706063,121.5928352,104.8173918,1628.988951,28.61094264,-80.59875439,31.29662849,27.42820269,413.0704379,-5.869476819,-4.728766153,-82.0175194,-0.731517282,-0.00325486,-0.052108381,-0.679820997,0.799198652,-0.686132634,-82.35639611,0.007280852,0.004563838,4.259668435
3.234647435,121.9036871,105.0898333,1633.091398,28.61094509,-80.59875121,31.24051808,27.38140596,412.2579445,-5.69463539,-4.703571279,-81.82859454,-0.717139599,-0.004344635,-0.052031789,-0.694970943,0.79632757,-0.881055436,-82.15266851,0.003641992,0.001752011,4.225090051
3.244647435,122.2158117,105.3634112,1637.2099,28.61094755,-80.59874801,31.18433544,27.33409024,411.4427323,-5.61172585,-4.714704474,-81.62674179,-0.702483605,-0.005410143,-0.051902146,-0.709784251,0.736470902,-0.981126209,-81.94595708,-0.00295748,-7.15E-04,4.190465223
3.254647435,122.527371,105.636514,1641.32026,28.61095001,-80.59874482,31.12727741,27.2864057,410.6296485,-5.643336735,-4.748745981,-81.41605508,-0.687645434,-0.006444088,-0.051729702,-0.724172817,0.646638075,-0.956666907,-81.74129012,-0.010158228,-0.001481049,4.156128095
3.264647435,122.8383501,105.909138,1645.4225,28.61095246,-80.59874163,31.06823147,27.23835279,409.8187706,-5.800274942,-4.789077973,-81.19821977,-0.672636399,-0.007460206,-0.051538772,-0.738138452,0.560405724,-0.795928377,-81.54006251,-0.014120425,-0.001052038,4.122263712
3.274647435,123.1487303,106.1812807,1649.516643,28.61095491,-80.59873845,31.0076509,27.19020316,409.0100381,-5.998075165,-4.81558841,-80.9787155,-0.657467115,-0.008477364,-0.051356889,-0.751683176,0.50701113,-0.590068993,-81.33949791,-0.010866731,7.78E-04,4.088987108
3.284647435,123.4585023,106.4529431,1653.602708,28.61095735,-80.59873528,30.94683012,27.14238045,408.203314,-6.095415154,-4.806093615,-80.77021364,-0.642148565,-0.009507701,-0.051196824,-0.764809591,0.495404277,-0.49125018,-81.13934484,-0.002423602,0.002814321,4.056282116
3.294647435,123.7676707,106.7241307,1657.680715,28.61095979,-80.59873211,30.88711944,27.09525852,407.3984599,-6.046894091,-4.752926408,-80.57680845,-0.626692101,-0.01055012,-0.051049712,-0.777521468,0.511954176,-0.552144842,-80.93954742,0.007104659,0.004170841,4.024025721
3.304647435,124.0762512,106.9948511,1661.750683,28.61096222,-80.59872895,30.8294402,27.0489456,406.59539,-5.883464942,-4.670763252,-80.39506392,-0.611109058,-0.011595434,-0.050892227,-0.789823554,0.529049121,-0.740320324,-80.74013577,0.013200981,0.003411327,3.99217772
3.314647435,124.3842707,107.2651117,1665.812629,28.61096465,-80.59872579,30.77488766,27.00323686,405.7940289,-5.606930567,-4.595182646,-80.22225756,-0.595409957,-0.012618557,-0.050693678,-0.801721838,0.496767112,-1.040973972,-80.54088141,0.013181773,0.002024379,3.960770652
3.324647435,124.6917553,107.5349164,1669.86657,28.61096708,-80.59872264,30.72217736,26.95767409,404.9945068,-5.330670133,-4.553679068,-80.04736652,-0.579604838,-0.013593131,-0.050427078,-0.813222336,0.408749354,-1.325430607,-80.34182648,0.003564631,0.001221676,3.929860931
3.334647435,124.9987136,107.8042637,1673.912525,28.6109695,-80.5987195,30.66927021,26.91167867,404.1970131,-5.24536285,-4.569540281,-79.85370481,-0.563703198,-0.014507827,-0.050091794,-0.824329448,0.307652471,-1.393938303,-80.14344008,-0.010707791,0.001921147,3.899360151
3.344647435,125.3051339,108.0731475,1677.950517,28.61097192,-80.59871636,30.6143732,26.86495993,403.4016986,-5.367079338,-4.633849203,-79.64230738,-0.547714002,-0.015370108,-0.049711221,-0.835046062,0.233480424,-1.234053152,-79.94746915,-0.023067811,0.004437538,3.869202665
3.354647435,125.6109916,108.3415604,1681.980567,28.61097433,-80.59871323,30.55665914,26.8175415,402.6086221,-5.6248476,-4.711084114,-79.41958298,-0.531645837,-0.016208837,-0.049321571,-0.845374095,0.216941982,-0.932898133,-79.75202833,-0.028470047,0.007702019,3.839387952
3.364647435,125.9162556,108.6094973,1686.002697,28.61097674,-80.5987101,30.49575543,26.76985173,401.8177729,-5.950855855,-4.764639334,-79.19392455,-0.515506478,-0.01706469,-0.04896146,-0.855315522,0.276158397,-0.581275444,-79.55738818,-0.022952641,0.009202742,3.810078401
3.374647435,126.2209029,108.8769587,1690.016929,28.61097915,-80.59870698,30.43377942,26.72253687,401.0289334,-6.190772516,-4.762401918,-78.97982438,-0.499304237,-0.017969555,-0.048652793,-0.864872985,0.370531082,-0.347203103,-79.36347366,-0.007270843,0.007040492,3.781349449
3.384647435,126.5249364,109.1439512,1694.023282,28.61098155,-80.59870386,30.37337236,26.67615579,400.2418518,-6.162212471,-4.692035298,-78.79206636,-0.4830482,-0.018928,-0.048384429,-0.874050979,0.40416808,-0.403120726,-79.16976646,0.011186444,0.001661033,3.752984914
3.394647435,126.8283822,109.4104859,1698.021771,28.61098395,-80.59870076,30.31641274,26.63095067,399.4563567,-5.888242902,-4.579281877,-78.62712559,-0.466747194,-0.019913995,-0.048121824,-0.882856036,0.334665442,-0.705978508,-78.97629833,0.024124596,-0.004454017,3.724908825
3.404647435,127.1312776,109.6765733,1702.012414,28.61098634,-80.59869765,30.26303968,26.58664117,398.672448,-5.499544446,-4.467567261,-78.47195559,-0.450408996,-0.020885275,-0.047822284,-0.891296006,0.174343537,-1.104277204,-78.78326051,0.025580923,-0.008351687,3.697151308
3.414647435,127.4336454,109.9422197,1705.995226,28.61098873,-80.59869456,30.21047467,26.54263106,397.8903812,-5.261485545,-4.405245407,-78.30242928,-0.434040234,-0.021813315,-0.047465513,-0.899377718,0.034377606,-1.336624677,-78.59117063,0.016517872,-0.00817013,3.669909607
3.424647435,127.7354845,110.2074247,1709.970228,28.61099111,-80.59869146,30.15712528,26.49825959,397.1103675,-5.274972386,-4.409516825,-78.1066178,-0.417647752,-0.022699184,-0.047057741,-0.907105656,-0.015703378,-1.312018035,-78.39764843,0.005796513,-0.00608659,3.643112076
3.434647435,128.0367822,110.4721823,1713.937441,28.61099349,-80.59868838,30.10210619,26.45313238,396.332507,-5.40855758,-4.470830402,-77.89468595,-0.40123825,-0.023555739,-0.046618599,-0.914483297,-0.026921147,-1.149147344,-78.20167296,-0.001491717,-0.004545583,3.616644844
3.444647435,128.3375204,110.7364844,1717.896886,28.61099587,-80.5986853,30.04528465,26.4071489,395.5568117,-5.59693537,-4.557668939,-77.67714727,-0.384817939,-0.024403121,-0.046172798,-0.921513817,-0.006672777,-0.925991659,-78.00628009,-0.003425535,-0.004142048,3.590500538
3.454647435,128.6376838,111.0003238,1721.848584,28.61099824,-80.59868222,29.98749358,26.36072869,394.7831818,-5.756220938,-4.630435129,-77.46345523,-0.368392497,-0.025258811,-0.045746175,-0.928200543,0.018860973,-0.738035986,-77.81141852,9.94E-04,-0.005142895,3.564780736
3.464647435,128.9372769,111.2636998,1725.792555,28.61100061,-80.59867915,29.9314882,26.31455979,394.0113515,-5.715230235,-4.640985648,-77.27014494,-0.351968477,-0.026118936,-0.045339826,-0.934548175,-0.04678401,-0.742828668,-77.61651835,0.010083872,-0.007228266,3.53938709
3.474647435,129.2363212,111.5266179,1729.728817,28.61100298,-80.59867609,29.87771282,26.26922343,393.2412412,-5.484326348,-4.582360096,-77.09682986,-0.335552237,-0.026955323,-0.04493277,-0.940563211,-0.210514989,-0.927917408,-77.42151953,0.014488732,-0.006592688,3.514158115
3.484647435,129.5348365,111.7890877,1733.657386,28.61100534,-80.59867303,29.82549324,26.22488782,392.4728887,-5.283225866,-4.483429578,-76.92439651,-0.319149645,-0.02774953,-0.044504356,-0.946251991,-0.335992003,-1.11576508,-77.22705855,0.012698482,-0.002653266,3.48925162
3.494647435,129.8328325,112.0511185,1737.578281,28.61100769,-80.59866998,29.77367328,26.18136196,391.7063955,-5.179633218,-4.386180563,-76.74448043,-0.302766622,-0.028492403,-0.044038984,-0.951620262,-0.393786368,-1.232168511,-77.03316915,0.006763279,0.002658229,3.46468657
3.504647435,130.1303069,112.3127159,1741.491521,28.61101005,-80.59866693,29.72100263,26.13810264,390.9419021,-5.205978108,-4.329672235,-76.5517513,-0.286409066,-0.02918985,-0.043533086,-0.956672708,-0.372529304,-1.231163437,-76.83986176,-0.001956409,0.007910062,3.440409573
3.514647435,130.4272477,112.5738795,1745.397126,28.61101239,-80.59866389,29.66691374,26.09453197,390.1795174,-5.332212743,-4.333099324,-76.34495068,-0.270082645,-0.029863362,-0.042997142,-0.961412913,-0.297333598,-1.121302809,-76.64472591,-0.00811926,0.010473693,3.416396713
3.524647435,130.7236403,112.8346041,1749.295118,28.61101474,-80.59866085,29.61141736,26.05024753,389.4192636,-5.4848754,-4.38826151,-76.13165691,-0.253792371,-0.030533929,-0.042447601,-0.965844352,-0.218716449,-0.956187424,-76.44872628,-0.010956499,0.009430555,3.392656823
3.534647435,131.0194733,113.094882,1753.185518,28.61101708,-80.59865782,29.55515203,26.00524033,388.6610835,-5.602912558,-4.466727425,-75.92024847,-0.237542675,-0.031217219,-0.041902024,-0.969970712,-0.172863134,-0.794262629,-76.25331256,-0.008891247,0.00589218,3.36925348
3.544647435,131.3147439,113.3547073,1757.068346,28.61101942,-80.5986548,29.49907458,25.95980552,387.9048742,-5.634789821,-4.530843384,-75.71736306,-0.221337842,-0.031918321,-0.041373696,-0.973796179,-0.189950126,-0.692335613,-76.05841872,-0.003607354,9.20E-04,3.346158133
3.554647435,131.6094586,113.6140786,1760.943622,28.61102175,-80.59865178,29.44410207,25.91451814,387.1505178,-5.564658545,-4.546187051,-75.52652744,-0.205182095,-0.032629202,-0.040864932,-0.97732579,-0.275412433,-0.683732116,-75.86399836,0.003382744,-0.0033618,3.323328417
3.564647435,131.9036314,113.8730001,1764.811363,28.61102408,-80.59864876,29.39069606,25.8699547,386.3979325,-5.421760603,-4.500724301,-75.34620297,-0.189079601,-0.033333071,-0.040367629,-0.980565278,-0.405319749,-0.760557054,-75.67007056,0.008999354,-0.005666445,3.300749217
3.574647435,132.1972774,114.1314811,1768.671586,28.6110264,-80.59864576,29.33870925,25.8264242,385.6471033,-5.261576071,-4.407524191,-75.17108143,-0.173034386,-0.034009696,-0.039865569,-0.983520807,-0.53900042,-0.883659002,-75.47668885,0.01085237,-0.004256111,3.278435264
3.584647435,132.4904082,114.3895319,1772.524311,28.61102872,-80.59864275,29.28747932,25.78385565,384.8980829,-5.146617622,-4.301726131,-74.99374912,-0.157050455,-0.034646961,-0.039344142,-0.986198145,-0.631639681,-0.995220801,-75.2838993,0.009088364,-3.74E-04,3.256427468
3.594647435,132.7830267,114.6471601,1776.369554,28.61103104,-80.59863976,29.23615711,25.74184105,384.1509743,-5.113171378,-4.219653789,-74.80878485,-0.141132068,-0.035244131,-0.038792391,-0.988602418,-0.657702686,-1.051065423,-75.09172377,0.004359151,0.004782059,3.234691242
3.604647435,133.0751286,114.9043686,1780.207337,28.61103335,-80.59863676,29.18396846,25.69979668,383.4059197,-5.161814417,-4.192580096,-74.61002369,-0.125283291,-0.03580997,-0.038209709,-0.990737988,-0.620261089,-1.025640135,-74.8962017,-0.001595778,0.008633341,3.213197921
3.614647435,133.3666989,115.161154,1784.03768,28.61103566,-80.59863378,29.12977731,25.6571623,382.6630409,-5.316470285,-4.226667875,-74.39720203,-0.109507939,-0.036368935,-0.03760541,-0.992608254,-0.491565395,-0.913396515,-74.69937964,-0.006179632,0.01007313,3.191947524
3.624647435,133.6577191,115.4175089,1787.860605,28.61103797,-80.59863079,29.07412723,25.61368228,381.9223035,-5.510099834,-4.305134428,-74.17927202,-0.093809294,-0.0369505,-0.036997544,-0.994216103,-0.32913493,-0.756199503,-74.50355436,-0.007318894,0.005318092,3.171015514
3.634647435,133.9481807,115.6734254,1791.676133,28.61104027,-80.59862782,29.01828319,25.56954446,381.1835864,-5.599715195,-4.386801477,-73.97020503,-0.078190432,-0.037570922,-0.036401886,-0.995564958,-0.265807925,-0.627773758,-74.30832602,-0.00404428,-0.003649488,3.15036809
3.644647435,134.2380888,115.9288994,1795.484283,28.61104257,-80.59862485,28.9636234,25.52528489,380.4467363,-5.54566923,-4.430539864,-73.77587779,-0.06265401,-0.038223536,-0.035826369,-0.996659374,-0.33879005,-0.56795669,-74.11360821,0.001463332,-0.013924609,3.129949955
3.654647435,134.5274601,116.1839328,1799.285073,28.61104486,-80.59862188,28.91103874,25.48153108,379.7116327,-5.373289439,-4.411127907,-73.59597395,-0.047202457,-0.038883992,-0.035266962,-0.99750499,-0.524587079,-0.58671772,-73.91940368,0.006969863,-0.020368532,3.109739522
3.664647435,134.8163191,116.4385331,1803.078521,28.61104715,-80.59861893,28.86115739,25.43872109,378.9781905,-5.119368578,-4.334430367,-73.42707542,-0.031837904,-0.039517713,-0.034712302,-0.998108087,-0.790545249,-0.663336267,-73.72561054,0.010166096,-0.021524244,3.089744081
3.674647435,135.1046893,116.6927108,1806.864643,28.61104944,-80.59861597,28.81304862,25.39696382,378.2464713,-4.874898116,-4.227442431,-73.26002314,-0.016562288,-0.040088016,-0.034147989,-0.998475116,-1.047738641,-0.755635576,-73.53229325,0.010351684,-0.014455425,3.070000146
3.684647435,135.3925807,116.9464752,1810.643457,28.61105172,-80.59861302,28.76512045,25.35599949,377.5166224,-4.773063546,-4.128475534,-73.08146488,-0.001378371,-0.040582978,-0.033561215,-0.998611419,-1.160526529,-0.819224958,-73.33968233,0.00765034,-0.002222207,3.050487149
3.694647435,135.6799874,117.1998314,1814.414982,28.611054,-80.59861008,28.71589238,25.31523151,376.7888643,-4.836135893,-4.075773158,-72.88334721,0.013710577,-0.041015122,-0.032946103,-0.998521073,-1.102824294,-0.826752412,-73.14425949,0.002849309,0.009740359,3.031169712
3.704647435,135.9668913,117.4527783,1818.179241,28.61105627,-80.59860714,28.66453612,25.27402638,376.0633119,-5.022041813,-4.089063896,-72.66660882,0.028701326,-0.041413689,-0.03230781,-0.998207066,-0.91352524,-0.771784294,-72.94482302,-0.001864697,0.017471043,3.012039931
3.714647435,136.2532713,117.7053093,1821.936256,28.61105854,-80.59860421,28.61120549,25.23202849,375.3399687,-5.243759648,-4.156717685,-72.44410055,0.043591027,-0.041815365,-0.031658878,-0.997671796,-0.67975929,-0.673715845,-72.74618241,-0.004783867,0.018037069,2.993116702
3.724647435,136.5391116,117.957416,1825.686048,28.61106081,-80.59860128,28.55676238,25.1892122,374.6187584,-5.407335887,-4.244100772,-72.22580664,0.058377377,-0.042246643,-0.031012307,-0.996918021,-0.499795881,-0.564403788,-72.54826303,-0.005110962,0.011763843,2.974449542
3.734647435,136.8244071,118.2090919,1829.428638,28.61106307,-80.59859835,28.50247864,25.14594752,373.899546,-5.45849567,-4.313213411,-72.01860856,0.073058469,-0.042718306,-0.030380182,-0.995949121,-0.434561159,-0.472053372,-72.35100059,-0.003313822,0.001445295,2.956004006
3.744647435,137.1091656,118.4603354,1833.164045,28.61106533,-80.59859544,28.44950591,25.10283988,373.1821908,-5.379819792,-4.329457028,-71.82614881,0.087632787,-0.043220695,-0.029766765,-0.994769524,-0.509002865,-0.419789073,-72.15432769,2.50E-04,-0.008830669,2.937748226
3.754647435,137.393404,118.7111512,1836.892287,28.61106759,-80.59859253,28.39831558,25.06047167,372.466607,-5.204758159,-4.282198051,-71.64647125,0.102099083,-0.043729937,-0.029168444,-0.993384453,-0.693662248,-0.412324917,-71.9582684,0.003901455,-0.01554119,2.919673779
3.764647435,137.6771315,118.9615486,1840.613383,28.61106984,-80.59858962,28.34717072,25.01921069,371.7528927,-5.106242228,-4.184896868,-71.46532653,0.116455874,-0.044235634,-0.028574315,-0.991798743,-0.816182114,-0.461615727,-71.76350553,0.006435295,-0.017486716,2.901804303
3.774647435,137.9603473,119.2115391,1844.327352,28.61107209,-80.59858672,28.29599312,24.97905325,371.0410455,-5.118759806,-4.067853584,-71.27793896,0.130701307,-0.044737047,-0.0279681,-0.990016944,-0.839424463,-0.550159959,-71.57015026,0.005988806,-0.019272894,2.884238032
3.784647435,138.2430519,119.4611321,1848.034211,28.61107433,-80.59858382,28.24496902,24.93959838,370.3311183,-5.113855005,-3.971487243,-71.09131699,0.144833428,-0.045232726,-0.027335622,-0.988043543,-0.880552712,-0.612152077,-71.37751377,0.002065477,-0.020071037,2.866909276
3.794647435,138.5252477,119.7103317,1851.73398,28.61107657,-80.59858093,28.19424866,24.90029967,369.6231797,-5.089381872,-3.927826561,-70.89365282,0.158850863,-0.045718257,-0.02667531,-0.985882687,-0.928612927,-0.612638052,-71.17585259,-0.003369368,-0.020114646,2.849778212
3.804647435,138.8069381,119.9591369,1855.426681,28.61107881,-80.59857804,28.14402161,24.86064825,368.9172413,-5.054736994,-3.939908818,-70.69364428,0.172752477,-0.046191057,-0.025991452,-0.983538211,-0.968897009,-0.551587849,-70.97479538,-0.008342933,-0.019319615,2.832830537
3.814647435,139.0881342,120.2075422,1859.112332,28.61108104,-80.59857516,28.09545092,24.82030363,368.2132293,-4.942434363,-3.996417303,-70.4974352,0.186537782,-0.046636692,-0.025295865,-0.981014166,-1.063769288,-0.418157273,-70.7741543,-0.011658396,-0.01763965,2.816053705
3.824647435,139.3688512,120.4555403,1862.790952,28.61108328,-80.59857229,28.04805106,24.77919327,367.5111806,-4.783348648,-4.074397355,-70.30402979,0.200206842,-0.047035435,-0.024606166,-0.978314584,-1.185232935,-0.242373532,-70.57389192,-0.010971093,-0.012374363,2.799416417
3.834647435,139.6490958,120.7031243,1866.462562,28.6110855,-80.59856942,28.0007883,24.73756177,366.811156,-4.714226697,-4.142872879,-70.10470227,0.213759341,-0.047379689,-0.023936938,-0.975443044,-1.213766507,-0.106753028,-70.37451232,-0.006321874,-0.004558809,2.782950221
3.844647435,139.928864,120.950291,1870.127182,28.61108772,-80.59856655,27.95265469,24.69580187,366.1132044,-4.755534462,-4.176861975,-69.89935979,0.227193973,-0.047680228,-0.023292274,-0.972402676,-1.144322954,-0.051888452,-70.17599031,2.02E-04,0.00234242,2.766648673
3.854647435,140.2081439,121.1970414,1873.784833,28.61108994,-80.59856369,27.90300357,24.65435247,365.4173411,-4.880996014,-4.168128169,-69.69073863,0.240508895,-0.047958537,-0.022669813,-0.969196332,-1.012585236,-0.081232229,-69.97831476,0.006124104,0.005773165,2.750509163
3.864647435,140.4869165,121.4433804,1877.435536,28.61109216,-80.59856083,27.85122248,24.61358251,364.7235792,-5.074592652,-4.1161087,-69.48048572,0.253701877,-0.048243799,-0.02205752,-0.965826775,-0.842576816,-0.191465433,-69.78169633,0.0095695,0.004650819,2.734545081
3.874647435,140.7651633,121.6893159,1881.079311,28.61109437,-80.59855798,27.7980059,24.5736584,364.0318457,-5.26800891,-4.034734046,-69.27337074,0.266770591,-0.048562532,-0.021436215,-0.962297054,-0.696887845,-0.337270015,-69.58614436,0.008256904,-0.001874221,2.718804291
3.884647435,141.0428761,121.9348562,1884.71618,28.61109658,-80.59855514,27.7446325,24.53450361,363.3421057,-5.352771167,-3.95069257,-69.07339883,0.279713308,-0.048925996,-0.020791906,-0.958610666,-0.660010935,-0.434637685,-69.38854396,0.002111595,-0.01134773,2.703247075
3.894647435,141.3200598,122.1800078,1888.34616,28.61109878,-80.5985523,27.69237862,24.49587254,362.6542929,-5.300662564,-3.883515828,-68.87627005,0.292529323,-0.049324004,-0.020118022,-0.954771702,-0.741303027,-0.441328639,-69.18363241,-0.00611372,-0.019968522,2.687847165
3.904647435,141.5967304,122.4247742,1891.969272,28.61110098,-80.59854947,27.64220764,24.45740756,361.9683424,-5.136210252,-3.848901171,-68.68717069,0.305218845,-0.049733869,-0.019418222,-0.950784377,-0.903334849,-0.348775791,-68.97959448,-0.013613134,-0.025077957,2.672598112
3.914647435,141.8729158,122.6691554,1895.585533,28.61110318,-80.59854664,27.5953863,24.41878827,361.2841666,-4.850953701,-3.848968293,-68.50639899,0.317782962,-0.05011889,-0.018705841,-0.946653145,-1.141233959,-0.145689389,-68.77608139,-0.018312572,-0.025070495,2.657496966
3.924647435,142.1486472,122.9131487,1899.194961,28.61110538,-80.59854381,27.55118781,24.37978834,360.6018309,-4.528007622,-3.877554484,-68.32754827,0.330223336,-0.050437499,-0.018000213,-0.942382406,-1.379531655,0.115485314,-68.57314117,-0.01659549,-0.01785151,2.642536731
3.934647435,142.4239428,123.1567495,1902.797576,28.61110757,-80.59854099,27.50792758,24.34030774,359.9214737,-4.340586107,-3.924039594,-68.13721388,0.342541004,-0.050666756,-0.017319816,-0.93797578,-1.480330572,0.314353479,-68.37125488,-0.008752107,-0.005224547,2.627735172
3.944647435,142.6988025,123.3999534,1906.393398,28.61110975,-80.59853818,27.46372428,24.30040439,359.2432408,-4.343205435,-3.971565706,-67.93171382,0.354735603,-0.050812565,-0.016672865,-0.933435992,-1.416031312,0.389447637,-68.1703579,0.002591307,0.00805609,2.613074223
3.954647435,142.9732092,123.6427568,1909.982448,28.61111194,-80.59853536,27.41713183,24.26026753,358.5672308,-4.520826962,-4.006036572,-67.71326901,0.366805546,-0.050905117,-0.016056643,-0.928765064,-1.218394736,0.327448506,-67.97044429,0.013017344,0.017251629,2.598547255
3.964647435,143.2471341,123.8851589,1913.56475,28.61111412,-80.59853256,27.3673333,24.22017823,357.8934798,-4.81773495,-4.016612451,-67.48761945,0.378748568,-0.050989455,-0.015459847,-0.923964605,-0.949927541,0.150679812,-67.77165675,0.019281689,0.019765058,2.584161078
3.974647435,143.5205466,124.1271617,1917.140325,28.61111629,-80.59852976,27.31484773,24.18045956,357.2219173,-5.131468287,-3.994988255,-67.2640611,0.390562291,-0.051110131,-0.014863358,-0.919036415,-0.703306626,-0.076310147,-67.57399906,0.019236566,0.014385935,2.569959077
3.984647435,143.7934267,124.3687702,1920.709195,28.61111847,-80.59852696,27.26111198,24.14136904,356.5524865,-5.33985061,-3.943860959,-67.04856065,0.402244816,-0.051296284,-0.014249207,-0.91398291,-0.56914523,-0.257518555,-67.37349098,0.012387494,0.003381105,2.555932801
3.994647435,144.0657708,124.6099916,1924.271381,28.61112064,-80.59852417,27.20794624,24.10303915,355.885052,-5.375571934,-3.871347587,-66.84056103,0.413795302,-0.051550579,-0.01360478,-0.908807403,-0.585071362,-0.326129886,-67.16469337,0.001128016,-0.009517503,2.542049062
4.004647435,144.3375929,124.8508334,1927.826903,28.6111228,-80.59852139,27.15693348,24.06540502,355.2194771,-5.232200768,-3.795516729,-66.64853697,0.425214143,-0.051851863,-0.012927345,-0.903513808,-0.733345466,-0.252949208,-66.95675898,-0.01103912,-0.01936283,2.528296084
4.014647435,144.6089202,125.0913014,1931.375777,28.61112497,-80.59851861,27.10907947,24.02824405,354.555682,-4.951558578,-3.734583076,-66.46794526,0.43650281,-0.052161922,-0.012224873,-0.898106332,-0.959702669,-0.050134699,-66.74975092,-0.020141023,-0.023769174,2.514672642
4.024647435,144.8797852,125.3313988,1934.918022,28.61112712,-80.59851583,27.06436675,23.99123945,353.8936763,-4.619462422,-3.702982541,-66.29091221,0.447663515,-0.052438427,-0.011515675,-0.892588919,-1.1859399,0.226078086,-66.54381256,-0.023236714,-0.021583599,2.50118869
4.034647435,145.150215,125.5711257,1938.453657,28.61112928,-80.59851306,27.02181059,23.95409906,353.2335503,-4.340331335,-3.702680565,-66.10864541,0.458698411,-0.052646036,-0.010820856,-0.88696509,-1.338764324,0.488528276,-66.33905613,-0.018617278,-0.013714056,2.487872573
4.044647435,145.4202236,125.8104796,1941.9827,28.61113143,-80.5985103,26.97985923,23.91660109,352.5754392,-4.196782571,-3.728552939,-65.91433265,0.469608555,-0.052770485,-0.010153866,-0.881237755,-1.372949412,0.657203842,-66.13544763,-0.008409177,-0.002951967,2.474699403
4.054647435,145.6898087,126.0494561,1945.505173,28.61113358,-80.59850754,26.93693911,23.87862338,351.9194747,-4.221113032,-3.77339975,-65.7055448,0.480393825,-0.052822424,-0.009520295,-0.875409007,-1.282747553,0.690779802,-65.93293821,0.003508264,0.007299731,2.461653386
4.064647435,145.9589566,126.2880505,1949.021097,28.61113573,-80.59850478,26.89229461,23.84020544,351.2657104,-4.365386398,-3.821865806,-65.4872078,0.49105327,-0.052826893,-0.00891781,-0.869480579,-1.118615138,0.613116226,-65.73135045,0.014223693,0.013489561,2.448727093
4.074647435,146.2276469,126.5262594,1952.530494,28.61113787,-80.59850203,26.8453962,23.80154126,350.6141672,-4.572915841,-3.858299039,-65.26527409,0.501585499,-0.052816211,-0.008337701,-0.863454062,-0.934051113,0.461685136,-65.53066784,0.021036497,0.015151618,2.435909976
4.084647435,146.4958574,126.7640816,1956.033388,28.61114001,-80.59849928,26.79640666,23.76292544,349.9648724,-4.803153797,-3.869275528,-65.04388479,0.51198898,-0.052823529,-0.007764977,-0.857331129,-0.768954594,0.266861224,-65.33059024,0.022274886,0.011942318,2.423226109
4.094647435,146.7635706,127.0015191,1959.529799,28.61114214,-80.59849654,26.7461373,23.72466152,349.3177909,-4.98138023,-3.848265297,-64.81678702,0.522262401,-0.052873517,-0.007182419,-0.851113852,-0.668912659,0.096064918,-65.11821943,0.017615263,0.005363593,2.41068821
4.104647435,147.0307799,127.2385767,1963.01975,28.61114428,-80.5984938,26.69582631,23.68697655,348.6727931,-5.051136378,-3.800079228,-64.60175836,0.532405147,-0.052974953,-0.006577188,-0.844804803,-0.656154235,0.010316351,-64.90694199,0.0082718,-0.002610011,2.398281134
4.114647435,147.2974912,127.4752609,1966.503261,28.6111464,-80.59849107,26.64670825,23.64997253,348.0297585,-4.990726744,-3.735203266,-64.39977547,0.542417574,-0.053119049,-0.00594541,-0.838406938,-0.724406254,0.041447309,-64.69670545,-0.002921875,-0.009382965,2.385996112
4.124647435,147.5637212,127.7115784,1969.980352,28.61114853,-80.59848834,26.59967788,23.613624,347.3886023,-4.817794409,-3.666254083,-64.20855631,0.552301024,-0.053282024,-0.005293961,-0.831923421,-0.845318036,0.183587184,-64.48754142,-0.011864349,-0.013432217,2.373831068
4.134647435,147.8294928,127.9475352,1973.45104,28.61115065,-80.59848562,26.55501719,23.57781266,346.7493371,-4.584142259,-3.604314082,-64.02316542,0.562057311,-0.053433289,-0.0046341,-0.825357491,-0.978659743,0.394233555,-64.27952983,-0.015684512,-0.013474884,2.361787365
4.144647435,148.0948284,128.1831356,1976.915345,28.61115277,-80.5984829,26.51238377,23.54228242,346.1120743,-4.354559016,-3.561858993,-63.82757831,0.571688254,-0.053545909,-0.003978267,-0.818712128,-1.080960844,0.614521228,-64.06295859,-0.014472388,-0.009880569,2.349878258
4.154647435,148.3597445,128.4183808,1980.373288,28.61115489,-80.59848018,26.47096743,23.50673289,345.4768931,-4.18659748,-3.548759241,-63.62367546,0.581195341,-0.053603043,-0.003339476,-0.811989863,-1.121290552,0.788930376,-63.84523213,-0.008555163,-0.003922857,2.338101805
4.164647435,148.6242489,128.6532694,1983.82489,28.611157,-80.59847747,26.42987922,23.47090845,344.8438742,-4.1073181,-3.564347034,-63.41160154,0.590579421,-0.053599811,-0.002725862,-0.805192882,-1.094305368,0.885252866,-63.62880374,8.19E-04,0.002283428,2.326444958
4.174647435,148.8883397,128.8877974,1987.270173,28.61115911,-80.59847477,26.38808485,23.43462631,344.2131044,-4.127395977,-3.603572123,-63.19073201,0.599840695,-0.053544916,-0.002140843,-0.798322929,-1.007144953,0.886382097,-63.41363992,0.010848663,0.007727219,2.314896587
4.184647435,149.1520055,129.1219602,1990.70916,28.61116121,-80.59847207,26.34479902,23.39785952,343.5846491,-4.24470329,-3.653723708,-62.96227203,0.60897866,-0.053459938,-0.001580504,-0.791381405,-0.880240616,0.787421363,-63.19984214,0.019249844,0.010389985,2.303460001
4.194647435,149.4152298,129.3557534,1994.141874,28.61116332,-80.59846937,26.29977824,23.36074838,342.9586229,-4.415961623,-3.697987046,-62.72430746,0.617992396,-0.053373326,-0.001035252,-0.784369565,-0.749016484,0.625172232,-62.98065342,0.023000948,0.009705355,2.292138044
4.204647435,149.677996,129.589175,1997.56834,28.61116541,-80.59846668,26.25322906,23.32358423,342.3349888,-4.584354604,-3.719494919,-62.48184555,0.626881111,-0.053309158,-4.94E-04,-0.777288854,-0.6493854,0.453900552,-62.75511331,0.021851638,0.005986799,2.280940689
4.214647435,149.9402895,129.8222261,2000.988582,28.61116751,-80.59846399,26.2053249,23.28670588,341.7136882,-4.735582083,-3.708259787,-62.24493149,0.635643993,-0.053288929,6.00E-05,-0.770140897,-0.596633483,0.290976839,-62.53133443,0.015742438,2.81E-04,2.269870807
4.224647435,150.2021015,130.0549112,2004.402621,28.6111696,-80.59846131,26.1571416,23.25044959,341.0945868,-4.825566325,-3.661231829,-62.01767276,0.644280712,-0.053321347,6.40E-04,-0.762927774,-0.602361177,0.185257474,-62.30959223,0.004849966,-0.005790016,2.258939973
4.234647435,150.4634355,130.2872378,2007.810481,28.61117169,-80.59845863,26.1099052,23.21498793,340.477555,-4.790351917,-3.58731614,-61.80473317,0.652791798,-0.053397123,0.001252482,-0.755652067,-0.664476033,0.206976409,-62.08991048,-0.007717571,-0.010245152,2.248124886
4.244647435,150.724306,130.5192137,2011.212179,28.61117378,-80.59845596,26.064555,23.18032142,339.862501,-4.641435484,-3.50506291,-61.60312341,0.661178677,-0.053495101,0.001893036,-0.748316409,-0.752954107,0.350543714,-61.87150703,-0.018512152,-0.011912978,2.23741816
4.254647435,150.9847346,130.7508464,2014.607737,28.61117586,-80.59845329,26.02148989,23.14631315,339.2493853,-4.420649652,-3.430393659,-61.40843269,0.669443332,-0.053587951,0.002548634,-0.740923384,-0.837269549,0.575595894,-61.65446471,-0.024228967,-0.010912231,2.226818695
4.264647435,151.2447414,130.9821412,2017.997174,28.61117794,-80.59845063,25.98010308,23.11267799,338.6382582,-4.213504871,-3.37681024,-61.21298285,0.677587792,-0.053650859,0.003205611,-0.733475353,-0.888526632,0.794506608,-61.43911636,-0.024412596,-0.007680867,2.216334795
4.274647435,151.5043403,131.2131001,2021.380509,28.61118002,-80.59844797,25.93979234,23.07909151,338.029177,-4.073799121,-3.35530097,-61.01150221,0.685613703,-0.053669385,0.003851055,-0.725974253,-0.890892487,0.94914737,-61.22550707,-0.019581944,-0.003005843,2.205982886
4.284647435,151.7635383,131.4437222,2024.757764,28.61118209,-80.59844531,25.89979093,23.04526334,337.4222125,-4.001976749,-3.366650232,-60.80348178,0.693522137,-0.053640778,0.004475274,-0.718421662,-0.847694235,1.033928258,-61.01332604,-0.011825802,9.61E-04,2.195741983
4.294647435,152.0223346,131.6740039,2028.12896,28.61118416,-80.59844266,25.85934643,23.01100186,336.8174391,-4.010116191,-3.402244423,-60.58842453,0.701313544,-0.053571957,0.005075425,-0.710818963,-0.772223262,1.032754989,-60.80255401,-0.003504656,0.003847155,2.185604218
4.304647435,152.2807218,131.9039406,2031.494121,28.61118623,-80.59844002,25.81793159,22.97626937,336.2150119,-4.087982083,-3.450572471,-60.36099925,0.708987834,-0.05347955,0.005653966,-0.703167279,-0.681992751,0.95372324,-60.58624907,0.003334627,0.004754157,2.175566777
4.314647435,152.5386907,132.1335279,2034.853268,28.6111883,-80.59843737,25.77571812,22.94115469,335.614916,-4.182047977,-3.495213001,-60.12567509,0.716544777,-0.053380114,0.00621634,-0.695467831,-0.599123267,0.851446883,-60.36322501,0.006535911,0.003979827,2.165627507
4.324647435,152.7962335,132.3627631,2038.206427,28.61119036,-80.59843474,25.73273201,22.90587868,335.0171191,-4.260858943,-3.523834608,-59.89400661,0.723984348,-0.053286092,0.006766951,-0.687721939,-0.537811119,0.76087554,-60.14146809,0.007389969,0.001499217,2.155776013
4.334647435,153.0533434,132.5916459,2041.553618,28.61119242,-80.5984321,25.68917203,22.87072057,334.4215704,-4.332590923,-3.52694192,-59.66622203,0.731306414,-0.053209182,0.007314287,-0.679931036,-0.507654296,0.677022763,-59.9212203,0.005394916,-0.001556303,2.146023168
4.344647435,153.3100163,132.8201788,2044.894865,28.61119447,-80.59842947,25.64542732,22.83594554,333.8282041,-4.372842813,-3.500697908,-59.44458637,0.738511106,-0.053153734,0.007866645,-0.672096825,-0.510410071,0.628132521,-59.70243228,9.95E-04,-0.004468147,2.136369126
4.354647435,153.5662529,133.0483668,2048.230189,28.61119652,-80.59842685,25.60196512,22.80177438,333.2369513,-4.36767367,-3.449877894,-59.22990675,0.745598919,-0.053117586,0.008429093,-0.664221141,-0.537375352,0.630597624,-59.48507089,-0.004652628,-0.006568934,2.126812223
4.364647435,153.8220575,133.2762166,2051.559611,28.61119857,-80.59842423,25.55907401,22.76828784,332.6477662,-4.323586744,-3.383249343,-59.02111343,0.752570679,-0.053092339,0.009004208,-0.656305951,-0.576722878,0.67846107,-59.26920525,-0.009846755,-0.007134979,2.117351901
4.374647435,154.0774372,133.5037348,2054.883152,28.61120062,-80.59842161,25.51702927,22.73545337,332.060613,-4.250266449,-3.314389266,-58.81648923,0.759427572,-0.05306597,0.009589117,-0.648353156,-0.612629289,0.760335014,-59.0548552,-0.01362421,-0.006195748,2.10799169
4.384647435,154.3324012,133.7309273,2058.20083,28.61120266,-80.598419,25.47591493,22.70311893,331.4754801,-4.158046229,-3.255192033,-58.61427171,0.766170823,-0.053026501,0.010180058,-0.640364605,-0.632254887,0.862542704,-58.84194716,-0.014649007,-0.004230664,2.098727435
4.394647435,154.5869584,133.957798,2061.512668,28.6112047,-80.59841639,25.43565147,22.67102715,330.8923773,-4.066061192,-3.216593308,-58.41209709,0.772801609,-0.052964047,0.010772798,-0.63234202,-0.626453579,0.961898746,-58.63049309,-0.013605258,-0.001338516,2.089557836
4.404647435,154.8411164,134.1843478,2064.818685,28.61120674,-80.59841379,25.39606954,22.6389014,330.3113249,-3.990435316,-3.206421752,-58.20804428,0.779320989,-0.052874693,0.01136114,-0.624286783,-0.590597369,1.038315784,-58.42049494,-0.010779337,0.001712719,2.080480764
4.414647435,155.0948832,134.4105752,2068.118902,28.61120877,-80.59841119,25.35741113,22.60653393,329.7324736,-3.908628469,-3.222705463,-58.00330279,0.785730175,-0.052755995,0.011933135,-0.616200047,-0.523416064,1.111754889,-58.21113621,-0.00663738,0.003669165,2.071490573
4.424647435,155.3482662,134.6364772,2071.413342,28.61121081,-80.59840859,25.31923468,22.5738112,329.1560101,-3.831885281,-3.253628774,-57.76632491,0.792030237,-0.052607592,0.012478721,-0.60808291,-0.438649173,1.168175495,-57.97120571,-2.77E-04,0.003760328,2.062569752
4.434647435,155.6012674,134.8620501,2074.70203,28.61121283,-80.598406,25.28094414,22.54072037,328.5819677,-3.813946315,-3.29180527,-57.52570317,0.798221861,-0.052435846,0.012992577,-0.599936276,-0.360466864,1.158909899,-57.73314199,0.00664684,0.002595354,2.053734154
4.444647435,155.853883,135.0872907,2077.98499,28.61121486,-80.59840341,25.24203931,22.50737838,328.0103625,-3.852864721,-3.324525398,-57.28245989,0.804305277,-0.052252105,0.013476391,-0.591761038,-0.30530244,1.090185056,-57.4969176,0.012077962,-5.36E-04,2.044987724
4.454647435,156.1061052,135.3121975,2081.262245,28.61121688,-80.59840083,25.20212206,22.47399766,327.4411938,-3.93258824,-3.339978681,-57.03877111,0.810280403,-0.052068649,0.013938655,-0.583558256,-0.283713017,0.983553047,-57.26250298,0.015079186,-0.004077264,2.036331009
4.464647435,156.3579177,135.5367714,2084.533822,28.6112189,-80.59839825,25.16002205,22.44082905,326.87451,-4.097985559,-3.331556615,-56.79216938,0.816146608,-0.051901462,0.014400309,-0.575329108,-0.318298069,0.802127522,-57.03068066,0.014474268,-0.007235654,2.027771589
4.474647435,156.6092998,135.7610155,2087.799744,28.61122092,-80.59839567,25.11619196,22.40807753,326.3102391,-4.311331799,-3.299358521,-56.54597252,0.821902892,-0.051767697,0.014890189,-0.567074972,-0.399862929,0.587705648,-56.80154108,0.007246135,-0.007648582,2.019346067
4.484647435,156.8602392,135.9849349,2091.060034,28.61122293,-80.5983931,25.07167953,22.37590354,325.7482658,-4.43660207,-3.247975671,-56.31019262,0.827548969,-0.051673145,0.015427405,-0.558797445,-0.476420615,0.472298282,-56.57402703,-0.004804952,-0.005604919,2.011020221
4.494647435,157.110735,136.2085358,2094.314716,28.61122494,-80.59839054,25.02766253,22.34436685,325.188472,-4.445894328,-3.185911789,-56.08643441,0.833085454,-0.051612865,0.01601768,-0.550498112,-0.522528107,0.479733283,-56.34803418,-0.018429764,-0.001020839,2.002781756
4.504647435,157.3607975,136.4318243,2097.563811,28.61122695,-80.59838797,24.98527311,22.31342584,324.6307504,-4.340954039,-3.122608052,-55.87390294,0.838513727,-0.05157375,0.016654858,-0.542178471,-0.522289163,0.602463326,-56.12354092,-0.029941428,0.0044127,1.994626345
4.514647435,157.6104523,136.6548059,2100.807338,28.61122896,-80.59838542,24.94625633,22.28295884,324.0749574,-4.082956927,-3.067905656,-55.67458342,0.843836167,-0.05153336,0.017314893,-0.533839892,-0.444039837,0.867475663,-55.89984022,-0.037493928,0.009791593,1.986545696
4.524647435,157.8597342,136.8774844,2104.045316,28.61123096,-80.59838286,24.91062944,22.25278316,323.5210858,-3.723025594,-3.028817754,-55.4838951,0.849056101,-0.051462042,0.01795813,-0.525483493,-0.296014645,1.21723188,-55.676997,-0.036285153,0.012165048,1.978507376
4.534647435,158.1086734,137.0998617,2107.277766,28.61123296,-80.59838031,24.87750369,22.22268139,322.9692075,-3.417610826,-3.010244675,-55.28916526,0.85417645,-0.051338062,0.018549982,-0.517110136,-0.140552253,1.4999572,-55.45596275,-0.026109198,0.010994575,1.970542441
4.544647435,158.3572881,137.3219376,2110.504707,28.61123496,-80.59837777,24.84549396,22.19244571,322.4194393,-3.231060589,-3.013726592,-55.08449565,0.859199144,-0.051152591,0.019069047,-0.508720566,-0.01184183,1.653619347,-55.23666684,-0.01037258,0.006344335,1.962654525
4.554647435,158.6055819,137.5437097,2113.726162,28.61123695,-80.59837522,24.81309552,22.16191827,321.8719069,-3.195560757,-3.036155335,-54.86705302,0.864124933,-0.050909868,0.019510733,-0.500315517,0.063200516,1.651304243,-55.01901994,0.007082096,-4.97E-04,1.954843292
4.564647435,158.8535443,137.7651746,2116.942153,28.61123894,-80.59837268,24.77901592,22.13100371,321.3267129,-3.305282085,-3.071358414,-54.63769244,0.868953472,-0.050625128,0.019886899,-0.491895792,0.072773818,1.504757474,-54.80297415,0.022448801,-0.007871736,1.94710786
4.574647435,159.1011537,137.9863285,2120.152704,28.61124093,-80.59837015,24.7424167,22.09972159,320.7839103,-3.524554033,-3.11119479,-54.40022616,0.87368361,-0.05032226,0.020221397,-0.483462217,0.020552921,1.254940037,-54.58856403,0.032159145,-0.014131167,1.939446655
4.584647435,159.3483833,138.2071681,2123.357839,28.61124292,-80.59836761,24.7030759,22.06817794,320.243492,-3.798784918,-3.144020281,-54.1603889,0.878313815,-0.050026653,0.0205463,-0.475015816,-0.079044062,0.961590423,-54.37584438,0.034677502,-0.01794756,1.931860504
4.594647435,159.5952074,138.4276919,2126.557582,28.6112449,-80.59836508,24.66143476,22.03658622,319.7053878,-4.061700257,-3.160969141,-53.92448586,0.882842614,-0.04976184,0.020894535,-0.46655771,-0.197824559,0.69186978,-54.16476245,0.029317733,-0.018242338,1.924351337
4.604647435,159.8416074,138.6479005,2129.751955,28.61124688,-80.59836256,24.61842335,22.00518037,319.1694871,-4.250463559,-3.154188819,-53.69817886,0.887269224,-0.049540448,0.021291639,-0.458089221,-0.303642842,0.507024709,-53.95517109,0.017856456,-0.014860891,1.916917369
4.614647435,160.087574,138.8677969,2132.940979,28.61124886,-80.59836004,24.57493023,21.97419445,318.6356809,-4.345954471,-3.123579387,-53.48308205,0.891593522,-0.049367978,0.021753566,-0.449611585,-0.379058444,0.424113025,-53.74719134,0.003173135,-0.008657517,1.909558096
4.624647435,160.3331089,139.0873864,2136.124675,28.61125083,-80.59835753,24.53229726,21.94381534,318.1038305,-4.329141602,-3.070698816,-53.28052967,0.895816255,-0.049238729,0.022284126,-0.441126061,-0.404750777,0.456848358,-53.54075986,-0.012913377,-2.10E-04,1.902283209
4.634647435,160.5782268,139.3066756,2139.303061,28.61125281,-80.59835501,24.49169157,21.91413865,317.5738178,-4.178423841,-3.003592692,-53.09146085,0.899939227,-0.049137081,0.022869235,-0.432633718,-0.354328425,0.614131043,-53.33555385,-0.026122758,0.008325574,1.895082113
4.644647435,160.8229521,139.5256715,2142.476157,28.61125477,-80.59835251,24.45384016,21.88515589,317.0455661,-3.930363319,-2.931618437,-52.9123902,0.903964871,-0.049041384,0.023484552,-0.424135509,-0.23722917,0.854920896,-53.13168557,-0.034075257,0.015074471,1.887951209
4.654647435,161.0673134,139.7443806,2145.643979,28.61125674,-80.59835,24.41893405,21.85674867,316.5190507,-3.638035331,-2.866531194,-52.73827946,0.907895988,-0.0489287,0.024098587,-0.415632187,-0.075192334,1.123858488,-52.92928972,-0.035398706,0.018653158,1.88088923
4.664647435,161.3113414,139.9628077,2148.806544,28.61125871,-80.5983475,24.3871037,21.82870204,315.9942649,-3.327448193,-2.81861043,-52.56590637,0.911735449,-0.048778211,0.024676359,-0.407124349,0.122090799,1.388531315,-52.72805765,-0.029786757,0.017996106,1.873893273
4.674647435,161.5550626,140.180955,2151.96387,28.61126067,-80.59834501,24.35737141,21.80076035,315.4712953,-3.056450613,-2.794720196,-52.38971464,0.915485756,-0.048574458,0.025187528,-0.39861252,0.318523754,1.595829416,-52.52795848,-0.017692597,0.012581644,1.866945266
4.684647435,161.7984911,140.3988223,2155.115976,28.61126263,-80.59834251,24.3283098,21.77264256,314.950271,-2.914215184,-2.798838617,-52.20196107,0.919148521,-0.048312991,0.025614151,-0.390097124,0.451071332,1.674974618,-52.32935966,-0.001728122,0.003300393,1.860057204
4.694647435,162.041626,140.6164065,2158.262882,28.61126458,-80.59834002,24.29843603,21.74412094,314.431323,-2.923139682,-2.828717379,-52.00065167,0.922724157,-0.048000948,0.025956614,-0.381578686,0.494309958,1.613969862,-52.13218699,0.014489051,-0.007958872,1.853232344
4.704647435,162.2844529,140.8337029,2161.40461,28.61126654,-80.59833754,24.26647342,21.71506373,313.9145553,-3.071808564,-2.877601858,-51.78729696,0.926212007,-0.047655213,0.026232089,-0.373057873,0.443993688,1.431508075,-51.93644559,0.027660543,-0.01859713,1.846471069
4.714647435,162.5269437,141.0507059,2164.541181,28.61126849,-80.59833505,24.23109563,21.68544897,313.4000575,-3.357649691,-2.934502309,-51.56362038,0.929610386,-0.047301295,0.026475786,-0.364535527,0.289028784,1.14480921,-51.74261238,0.03509664,-0.025926101,1.839776789
4.724647435,162.7690632,141.2674105,2167.672618,28.61127044,-80.59833257,24.19230301,21.65541178,312.8877032,-3.716362978,-2.985788256,-51.33676015,0.932917172,-0.046968014,0.026731263,-0.356012633,0.064273855,0.817324715,-51.55111131,0.033570449,-0.028047148,1.83316687
4.734647435,163.0107809,141.4838135,2170.798942,28.61127238,-80.59833009,24.15090501,21.62518967,312.3773001,-4.02881847,-3.017526029,-51.1357352,0.936130696,-0.046675162,0.027038881,-0.347490501,-0.149445775,0.549170847,-51.37972687,0.024374937,-0.023473432,1.826626372
4.744647435,163.252077,141.6999146,2173.92017,28.61127433,-80.59832762,24.10823962,21.59508592,311.8687053,-4.228606088,-3.021565394,-50.94726327,0.939250196,-0.046433754,0.027424456,-0.338970316,-0.301279937,0.390438214,-51.20929007,0.00983752,-0.013669538,1.820147189
4.754647435,163.4929466,141.9157167,2177.036321,28.61127627,-80.59832516,24.0658556,21.5654131,311.3617604,-4.278590569,-2.993902571,-50.77432877,0.942275967,-0.046243738,0.027897058,-0.330453133,-0.357525248,0.366327773,-51.03959474,-0.006928356,-7.88E-04,1.813726256
4.764647435,163.7333998,142.1312252,2180.14741,28.61127821,-80.59832269,24.02516551,21.53643367,310.8563208,-4.175642947,-2.936517736,-50.61696115,0.945209348,-0.04609493,0.028448339,-0.321939804,-0.306764678,0.472185322,-50.87060863,-0.022524884,0.012724739,1.807362534
4.774647435,163.9734593,142.3464482,2183.253452,28.61128014,-80.59832023,23.98725895,21.50831503,310.3522729,-3.943724032,-2.856809362,-50.47286415,0.948052671,-0.045968718,0.029052823,-0.313430922,-0.157314553,0.680375992,-50.70243264,-0.034084761,0.024034418,1.801056759
4.784647435,164.213156,142.5613945,2186.35446,28.61128208,-80.59831778,23.9526387,21.481086,309.8495584,-3.629745587,-2.766341948,-50.33765073,0.950808851,-0.045840877,0.029676044,-0.304926999,0.06339667,0.945680173,-50.53521991,-0.039245234,0.030742953,1.794807219
4.794647435,164.4525228,142.7760725,2189.450448,28.61128401,-80.59831533,23.92119111,21.45461809,309.3481812,-3.296269593,-2.681406744,-50.20518073,0.953480904,-0.045688368,0.03028095,-0.29642841,0.314290257,1.211204076,-50.36913453,-0.037505252,0.032260333,1.788613128
4.804647435,164.6915882,142.9904886,2192.541429,28.61128593,-80.59831288,23.89219602,21.42863867,308.8482085,-3.004950269,-2.616861001,-50.06914838,0.95607167,-0.045491683,0.030832546,-0.287935448,0.550160672,1.424811517,-50.20422833,-0.029205223,0.027865709,1.782474095
4.814647435,164.9303707,143.2046458,2195.627417,28.61128786,-80.59831043,23.86437447,21.40278649,308.3497636,-2.818184587,-2.585252908,-49.92311261,0.958583116,-0.045242001,0.031307982,-0.279448351,0.72051882,1.539460475,-50.04052142,-0.016257088,0.018457342,1.7763896
4.824647435,165.1688753,143.4185435,2198.708429,28.61128978,-80.59830799,23.83640432,21.37670755,307.8529771,-2.767819302,-2.590681061,-49.76371986,0.961016048,-0.044941881,0.031701979,-0.270967466,0.793828407,1.536618353,-49.87794008,-0.002092652,0.006456939,1.770362177
4.834647435,165.4070943,143.6321782,2201.784483,28.6112917,-80.59830555,23.80709656,21.35011115,307.3579634,-2.8457214,-2.629434723,-49.59172459,0.963370397,-0.04460145,0.032022897,-0.26249328,0.768706089,1.429071188,-49.71637609,0.010534435,-0.005754523,1.764388318
4.844647435,165.6450097,143.8455434,2204.855595,28.61129362,-80.59830311,23.77557265,21.32281513,306.8648008,-3.030598644,-2.692768899,-49.40969914,0.965645261,-0.044237727,0.032292716,-0.254026444,0.654460876,1.241634249,-49.55586673,0.019521903,-0.015718091,1.758466544
4.854647435,165.8825969,144.058632,2207.921785,28.61129554,-80.59830067,23.7414455,21.29478256,306.373513,-3.280903166,-2.767183659,-49.22239904,0.967839226,-0.043870918,0.032542831,-0.245567791,0.478408486,1.013465934,-49.39645949,0.023368757,-0.021514622,1.752596123
4.864647435,166.1198304,144.271437,2210.983071,28.61129745,-80.59829824,23.70490407,21.26613049,305.8840641,-3.540230969,-2.837536533,-49.03582379,0.969950881,-0.04352093,0.032805241,-0.237118186,0.283475311,0.790765714,-49.23810714,0.021644415,-0.021725751,1.746776135
4.874647435,166.3566888,144.4839534,2214.039472,28.61129936,-80.59829582,23.66656185,21.23712516,305.3963728,-3.757624449,-2.888174079,-48.85533359,0.971979153,-0.043202878,0.033108199,-0.228678561,0.11054149,0.614557482,-49.08069896,0.014509077,-0.017197809,1.741004612
4.884647435,166.5931587,144.6961794,2217.091004,28.61130127,-80.5982934,23.62736368,21.20810507,304.9103267,-3.894983394,-2.907485275,-48.68478613,0.973923592,-0.042924598,0.033471247,-0.22024984,-0.006831291,0.513086333,-48.92411943,0.004295918,-0.008012166,1.735281962
4.894647435,166.8292369,144.9081167,2220.137684,28.61130318,-80.59829098,23.58839834,21.17944965,304.4258001,-3.926656936,-2.890095928,-48.52650797,0.975784584,-0.042686461,0.033899775,-0.211832758,-0.042476807,0.500454226,-48.76823768,-0.007289422,0.003470285,1.729607929
4.904647435,167.0649309,145.1197707,2223.179525,28.61130508,-80.59828856,23.55069622,21.15148905,303.9426754,-3.849994755,-2.835942321,-48.38067146,0.97756335,-0.042480627,0.03438568,-0.203427918,0.010783228,0.573669223,-48.61301458,-0.018062922,0.014914562,1.723982047
4.914647435,167.3002586,145.3311496,2226.216541,28.61130698,-80.59828615,23.51526759,21.12445976,303.4608436,-3.667872881,-2.7521906,-48.24651019,0.979261781,-0.042292336,0.034910361,-0.195035867,0.15670286,0.7195158,-48.45834636,-0.025751195,0.02412192,1.71840252
4.924647435,167.5352451,145.5422632,2229.248746,28.61130888,-80.59828374,23.48248199,21.0984289,302.9802573,-3.412439412,-2.652752516,-48.12056327,0.980882312,-0.042102677,0.035446009,-0.186657,0.372916546,0.906274146,-48.30434813,-0.029070712,0.029602542,1.712861801
4.934647435,167.7699167,145.7531213,2232.276151,28.61131078,-80.59828134,23.45219951,21.07330354,302.5009227,-3.146920584,-2.554939245,-47.99659617,0.982427559,-0.041894129,0.035960079,-0.178291466,0.606594645,1.088633049,-48.15133423,-0.027294015,0.029635363,1.707365289
4.944647435,168.0042956,145.9637316,2235.298769,28.61131267,-80.59827894,23.42383172,21.04885065,302.022896,-2.919601956,-2.473758902,-47.86936807,0.983899847,-0.041651592,0.036425376,-0.169939481,0.814784577,1.232433272,-47.99934575,-0.021273766,0.024098528,1.701914332
4.954647435,168.2383968,146.1740993,2238.316613,28.61131456,-80.59827654,23.39651741,21.02470858,301.5462685,-2.769045261,-2.423471522,-47.73433814,0.985300829,-0.04136746,0.036824449,-0.16160127,0.961762047,1.310691607,-47.84835384,-0.0119075,0.014364146,1.696508795
4.964647435,168.4722273,146.3842256,2241.329699,28.61131645,-80.59827415,23.36955633,21.00049697,301.0711233,-2.698089831,-2.411224563,-47.59035084,0.986631468,-0.041041487,0.037149369,-0.153277094,1.042523946,1.317891168,-47.69812881,-0.001605301,0.002346639,1.691146716
4.974647435,168.7057858,146.5941078,2244.338041,28.61131834,-80.59827175,23.34196603,20.97585996,300.597564,-2.711036087,-2.436743662,-47.43692713,0.987892089,-0.040678147,0.037402815,-0.14496737,1.048831941,1.256195847,-47.54862159,0.008181199,-0.010481968,1.685819231
4.984647435,168.9390616,146.8037403,2247.341656,28.61132023,-80.59826936,23.3129024,20.95050765,300.1256755,-2.820638706,-2.495718408,-47.27353749,0.989082239,-0.040288981,0.037599517,-0.136672594,0.964201066,1.13020726,-47.40005177,0.016395448,-0.021919959,1.680532848
4.994647435,169.1720371,147.0131151,2250.34056,28.61132211,-80.59826698,23.28184112,20.92431235,299.6555018,-3.00057733,-2.576691418,-47.10345532,0.99020087,-0.03989165,0.037763141,-0.128393294,0.80916902,0.963962518,-47.25245314,0.020476598,-0.029859314,1.675289382
5.004647435,169.4046913,147.2222239,2253.334772,28.61132399,-80.59826459,23.24863098,20.89731876,299.1870413,-3.213052993,-2.661401373,-46.93140169,0.991246782,-0.039502499,0.037922272,-0.120130223,0.61585041,0.790258919,-47.10583245,0.020472984,-0.032973478,1.670089042
5.014647435,169.637002,147.4310595,2256.324307,28.61132587,-80.59826221,23.21318754,20.86972116,298.7202724,-3.438423711,-2.733812817,-46.76047468,0.992218841,-0.039135171,0.038106754,-0.111884245,0.401660848,0.633058728,-46.96037039,0.016739932,-0.030826074,1.664933382
5.024647435,169.8689497,147.6396173,2259.309182,28.61132774,-80.59825984,23.17615657,20.84181974,298.2551093,-3.638326582,-2.78086533,-46.59480502,0.993116134,-0.038799906,0.038344309,-0.103656289,0.204532718,0.516250607,-46.81600302,0.009949004,-0.022541429,1.659831489
5.034647435,170.100523,147.8478961,2262.289414,28.61132962,-80.59825747,23.13850518,20.81399673,297.7914362,-3.751546179,-2.792850968,-46.4397624,0.993938446,-0.038501182,0.038650618,-0.095447132,0.086758079,0.462419127,-46.67230752,0.001046292,-0.01006088,1.654774966
5.044647435,170.3317212,148.0558988,2265.265016,28.61133149,-80.5982551,23.10128957,20.78663531,297.3291309,-3.760677426,-2.765168302,-46.29693459,0.994686346,-0.038235622,0.039028825,-0.087257445,0.068814652,0.476015305,-46.52917017,-0.008024819,0.004294647,1.649760724
5.054647435,170.5625535,148.2636314,2268.236001,28.61133336,-80.59825273,23.06551074,20.76005205,296.8680802,-3.666698569,-2.701624908,-46.1659505,0.995361071,-0.03799471,0.039469973,-0.079087686,0.153745696,0.547914202,-46.38657773,-0.015542566,0.018334666,1.644787546
5.064647435,170.7930404,148.4711031,2271.202381,28.61133522,-80.59825037,23.03233972,20.73445556,296.4081764,-3.458723298,-2.611421593,-46.04695415,0.995964655,-0.037766485,0.039948804,-0.070937937,0.355647378,0.664941702,-46.24430391,-0.020697201,0.02933386,1.639852335
5.070549982,170.9289356,148.5934459,2272.951144,28.61133632,-80.59824898,23.01413013,20.71984881,296.1372961,-3.171417808,-2.50626494,-45.93048092,0.996284005,-0.037634075,0.040231982,-0.066206083,0.641153649,0.803135495,-46.09655332,-0.022423156,0.034009894,1.623315861
5.079403801,171.1325842,148.7768011,2275.571295,28.61133797,-80.59824689,22.98863611,20.69860057,295.7318303,-2.999781658,-2.443441896,-45.85369205,0.996717417,-0.037428133,0.040639785,-0.059177142,0.813326054,0.881021737,-46.00100515,-0.021527462,0.033405649,1.600460437
5.089403801,171.362336,148.9836705,2278.526328,28.61133983,-80.59824454,22.96204398,20.67539443,295.2751428,-2.765906463,-2.358903499,-45.73692831,0.997149016,-0.037172623,0.041054757,-0.051249816,1.050718325,0.978805764,-45.85868735,-0.018077181,0.028080978,1.590860078
5.099403801,171.5918302,149.1903109,2281.476802,28.61134169,-80.59824219,22.93698013,20.6527329,294.819878,-2.566831856,-2.287285474,-45.59920531,0.997522277,-0.036882293,0.04140031,-0.043301484,1.255776421,1.048841297,-45.69935211,-0.012044332,0.016947241,1.591887299
5.109403801,171.8210755,149.3967256,2284.422731,28.61134355,-80.59823984,22.91187565,20.63021141,294.3661823,-2.463218598,-2.252087952,-45.45193798,0.997837691,-0.03655223,0.041666857,-0.035323496,1.364839367,1.06461254,-45.54142978,-0.004109474,0.002112181,1.59641917
5.119403801,172.0500622,149.6029142,2287.364132,28.6113454,-80.59823749,22.88514499,20.60742483,293.9142024,-2.577891754,-2.258983859,-45.2852155,0.998093908,-0.036187044,0.0418684,-0.027314561,1.252303603,1.015511673,-45.38611846,0.003410252,-0.012443352,1.601865859
5.129403801,172.2787708,149.8088721,2290.301021,28.61134725,-80.59823515,22.85618564,20.58403219,293.4640012,-2.777896539,-2.30391641,-45.10974003,0.998288775,-0.035794526,0.042032404,-0.019275638,1.049559342,0.924237979,-45.23226276,0.009421465,-0.022483159,1.60747905
5.139403801,172.5071778,150.014592,2293.233418,28.6113491,-80.59823281,22.82482346,20.5598099,293.0155946,-3.016867973,-2.378330444,-44.93023804,0.998419757,-0.035387133,0.042191421,-0.011208206,0.80330926,0.806318289,-45.07980461,0.013164185,-0.026290855,1.613057174
5.149403801,172.73526,150.2200653,2296.161339,28.61135095,-80.59823047,22.79130263,20.5347001,292.5689513,-3.251468121,-2.467101432,-44.75159394,0.998484363,-0.034978666,0.042376576,-0.003113799,0.55830781,0.681216659,-44.92869942,0.014027416,-0.023740329,1.618542451
5.159403801,172.963,150.4252834,2299.084802,28.6113528,-80.59822814,22.75666019,20.50881622,292.1239672,-3.442524434,-2.55289201,-44.57829304,0.998480513,-0.034581472,0.04261133,0.00500624,0.35606271,0.56782004,-44.77882583,0.012235827,-0.015425335,1.623919602
5.169403801,173.1903938,150.6302398,2302.003823,28.61135464,-80.59822581,22.72217771,20.48241318,291.6805108,-3.469467194,-2.619766748,-44.42034555,0.998406944,-0.034204991,0.042902705,0.013151092,0.320084409,0.480162437,-44.62885243,0.008199772,-0.003691108,1.62920403
5.179403801,173.4174465,150.8349312,2304.918417,28.61135648,-80.59822349,22.68856834,20.45586089,291.238485,-3.415563043,-2.654388413,-44.27252999,0.998263079,-0.033854675,0.04324508,0.021320141,0.368878971,0.426358611,-44.47978088,0.002784018,0.007834693,1.634396089
5.189403801,173.6441699,151.0393579,2307.828598,28.61135832,-80.59822116,22.65638885,20.42955822,290.7978037,-3.297236855,-2.649401245,-44.13403172,0.998048836,-0.03353068,0.043625818,0.029512747,0.487316024,0.410799787,-44.33167739,-0.003232884,0.017436583,1.639484613
5.199403801,173.8705802,151.2435244,2310.734378,28.61136015,-80.59821884,22.62596798,20.40387379,290.3584011,-3.133380342,-2.604849628,-44.00331519,0.997764612,-0.033228412,0.044025303,0.037728307,0.657133068,0.431155149,-44.18458264,-0.008678928,0.023962633,1.644467918
5.209403801,174.0966944,151.4474384,2313.63577,28.61136199,-80.59821653,22.59706829,20.37907927,289.9202631,-2.950551652,-2.527529244,-43.87773263,0.997411048,-0.032939484,0.04442194,0.045966104,0.85122778,0.479715917,-44.0385611,-0.012804168,0.02607461,1.649347097
5.219403801,174.322525,151.6511094,2316.532787,28.61136382,-80.59821421,22.56918379,20.35531037,289.4834075,-2.834918268,-2.429194657,-43.74977524,0.996988622,-0.032653162,0.044800706,0.054225044,0.981935471,0.550646369,-43.89434101,-0.01529313,0.024172649,1.654113726
5.229403801,174.5480805,151.854548,2319.425442,28.61136565,-80.5982119,22.54200426,20.33255192,289.0478508,-2.747466698,-2.324944784,-43.62101776,0.996497614,-0.032358569,0.045151892,0.06250388,1.086347554,0.627000437,-43.75127257,-0.01553686,0.020002372,1.658770059
5.239403801,174.7733662,152.0577634,2322.313749,28.61136748,-80.5982096,22.51514912,20.31064647,288.6136263,-2.694660602,-2.229475987,-43.48976031,0.995938213,-0.03204551,0.045467906,0.070801349,1.155624592,0.695364971,-43.60931105,-0.013875192,0.013972605,1.663325918
5.249403801,174.9983831,152.2607628,2325.197719,28.6113693,-80.59820729,22.48819734,20.28931647,288.1807797,-2.683430634,-2.156340556,-43.35436873,0.995310294,-0.031706185,0.045746905,0.079116093,1.179929714,0.744172037,-43.46844679,-0.010357604,0.006729484,1.667785927
5.259403801,175.2231293,152.4635504,2328.077369,28.61137113,-80.59820499,22.46099747,20.2682101,287.7493421,-2.713243972,-2.115430598,-43.21412879,0.994613324,-0.031336186,0.045994119,0.08744667,1.157141761,0.765132992,-43.32866558,-0.005726274,-2.16E-04,1.672152895
5.269403801,175.4476022,152.6661265,2330.952711,28.61137295,-80.59820269,22.4335282,20.24695787,287.3193348,-2.729473413,-2.111701892,-43.07287217,0.993846659,-0.03093508,0.046214249,0.095791867,1.139487842,0.745861388,-43.18943025,-5.12E-04,-0.005924168,1.676436342
5.279403801,175.6717982,152.868488,2333.82376,28.61137477,-80.59820039,22.40557419,20.22522326,286.8907904,-2.76836355,-2.144533092,-42.92799719,0.993009387,-0.030508339,0.046413833,0.104150632,1.089844188,0.693492542,-43.05121496,0.004337008,-0.010871274,1.680638497
5.289403801,175.8957117,153.0706286,2336.690532,28.61137659,-80.5981981,22.37703216,20.20278172,286.4637239,-2.823878595,-2.205997137,-42.78064933,0.992100362,-0.03006477,0.046602527,0.112521936,1.014833364,0.616549968,-42.91403791,0.007760184,-0.013785005,1.684755771
5.299403801,176.1193368,153.2725409,2339.55304,28.6113784,-80.59819581,22.34790441,20.17953182,286.0381318,-2.884408194,-2.28387615,-42.63272642,0.99111846,-0.029613417,0.046789755,0.120904763,0.928292397,0.526279065,-42.77787473,0.00959332,-0.014658095,1.688788182
5.309403801,176.3426677,153.4742166,2342.411299,28.61138021,-80.59819352,22.31815875,20.15550316,285.6140032,-2.939522865,-2.36585986,-42.48600289,0.99006248,-0.029165321,0.04698571,0.129298153,0.843579536,0.433362549,-42.64269104,0.009527126,-0.013539246,1.692736959
5.319403801,176.5656981,153.6756489,2345.265325,28.61138203,-80.59819123,22.28786613,20.1308635,285.1913086,-3.006578444,-2.43719278,-42.34032833,0.988931255,-0.028728657,0.047202656,0.137700929,0.748492463,0.357193833,-42.50876377,0.00787689,-0.009572591,1.696599633
5.329403801,176.7884242,153.8768327,2348.11513,28.61138384,-80.59818895,22.25734012,20.10587742,284.7699933,-3.046668673,-2.486514443,-42.1994866,0.987723935,-0.028309856,0.047447313,0.146112054,0.685618393,0.299170672,-42.37572463,0.005028276,-0.003546336,1.70037763
5.339403801,177.0108453,154.0777663,2350.960729,28.61138564,-80.59818667,22.22693232,20.08087566,284.3499951,-3.052685089,-2.505262877,-42.06460593,0.986439944,-0.027912164,0.047722911,0.154530486,0.665716466,0.264251064,-42.24350001,0.001357114,0.003528154,1.704075602
5.349403801,177.2329644,154.2784513,2353.802134,28.61138745,-80.5981844,22.19697525,20.05620456,283.9312525,-3.023281939,-2.489293865,-41.93605865,0.985079124,-0.027535309,0.048026116,0.162955267,0.692709149,0.25401496,-42.1120584,-0.002351745,0.010955243,1.707696165
5.359403801,177.454789,154.4788926,2356.639358,28.61138925,-80.59818213,22.16826044,20.03216504,283.5136741,-2.964246561,-2.439847993,-41.81327111,0.983641714,-0.027175245,0.04834758,0.171385517,0.761566911,0.266787861,-41.98140179,-0.006022765,0.017050863,1.711241187
5.369403801,177.6763362,154.6790975,2359.472411,28.61139105,-80.59817986,22.14149812,20.00896942,283.0971813,-2.772695702,-2.364377158,-41.70330721,0.982128534,-0.026826661,0.048665699,0.179820806,0.967186334,0.258555508,-41.85022882,-0.008909798,0.020149409,1.714727264
5.379403801,177.8976248,154.8790751,2362.301305,28.61139285,-80.59817759,22.11646296,19.98670558,282.6817776,-2.583747764,-2.273292635,-41.59516254,0.980540631,-0.026482327,0.048955824,0.188260684,1.176032499,0.260185853,-41.71990424,-0.011568728,0.017881636,1.718157112
5.389403801,178.1186698,155.0788346,2365.126051,28.61139465,-80.59817533,22.09269701,19.96532267,282.2674968,-2.430971589,-2.180542082,-41.48498905,0.97887879,-0.026135482,0.049199625,0.196704467,1.350084061,0.270679,-41.59053629,-0.013577744,0.011110683,1.721520594
5.399403801,178.339481,155.278384,2367.946659,28.61139644,-80.59817306,22.06960068,19.94465844,281.8543941,-2.332395979,-2.098704043,-41.37022666,0.977143514,-0.025779996,0.049385256,0.205151264,1.466760772,0.286818496,-41.4621108,-0.014830853,0.001074802,1.724815089
5.409403801,178.5600598,155.4777293,2370.763143,28.61139823,-80.5981708,22.04590382,19.92445894,281.4425832,-2.297857956,-2.038415787,-41.24916862,0.975334858,-0.025409842,0.049511481,0.213599784,1.512107021,0.305361846,-41.334604,-0.015585241,-0.010632494,1.728040593
5.419403801,178.7803928,155.6768737,2373.575515,28.61140002,-80.59816855,22.02037497,19.90440993,281.0321761,-2.454781556,-2.00702022,-41.11168158,0.973452093,-0.025019231,0.049595794,0.222048009,1.366910498,0.375889304,-41.20940072,-0.014691488,-0.021164264,1.731182691
5.429403801,179.0004604,155.8758169,2376.383791,28.61140181,-80.59816629,21.99281295,19.88419726,280.6232028,-2.65391988,-2.007782419,-40.96927735,0.971494148,-0.024603131,0.049663287,0.230493742,1.168975976,0.439867076,-41.08523068,-0.011851057,-0.027163221,1.73424094
5.439403801,179.2202427,156.0745561,2379.187984,28.6114036,-80.59816404,21.96334384,19.86353164,280.2156632,-2.856037355,-2.039721554,-40.82539358,0.969459785,-0.024159655,0.04974086,0.238934894,0.955505455,0.482461821,-40.96198743,-0.007081546,-0.028318542,1.737228439
5.449403801,179.4397223,156.2730854,2381.988109,28.61140539,-80.59816179,21.93238375,19.84221035,279.8095268,-3.030499523,-2.097050579,-40.68304371,0.967347685,-0.023691634,0.049853971,0.24736965,0.757354753,0.494797607,-40.83960312,-0.001023942,-0.024312307,1.740150616
5.459403801,179.6588889,156.4713978,2384.784179,28.61140717,-80.59815955,21.90100025,19.82016291,279.4047021,-3.150544028,-2.168408252,-40.54520722,0.965156783,-0.023206011,0.050019075,0.255796711,0.603960287,0.473046373,-40.71797158,0.005103322,-0.01553064,1.743010192
5.469403801,179.8777449,156.6694863,2387.576207,28.61140895,-80.5981573,21.87038344,19.79743972,279.0010612,-3.111191003,-2.240433664,-40.42197475,0.962886604,-0.022711245,0.050237346,0.264215436,0.593200521,0.374922165,-40.59732309,0.010216043,-0.004751467,1.745818458
5.479403801,180.096301,156.8673449,2390.364204,28.61141073,-80.59815507,21.84110185,19.77420943,278.5985345,-3.002930572,-2.301458067,-40.30730326,0.960537027,-0.022219211,0.050499173,0.272625678,0.649021688,0.249917501,-40.47850429,0.013156216,0.005515294,1.74857799
5.489403801,180.3145726,157.0649697,2393.148181,28.61141251,-80.59815283,21.81351048,19.75073216,278.1970657,-2.847739982,-2.340250143,-40.19894378,0.958108307,-0.021740449,0.050787671,0.281027467,0.756501081,0.116801162,-40.36032133,0.013164071,0.013634112,1.75128252
5.499403801,180.5325773,157.2623597,2395.928149,28.61141428,-80.5981506,21.78772836,19.72730192,277.7966155,-2.668929218,-2.350311765,-40.09543429,0.95560091,-0.021281893,0.05108446,0.289420732,0.897963288,-0.007904525,-40.24282046,0.010686055,0.018839095,1.753930388
5.509403801,180.7503315,157.4595169,2398.704117,28.61141605,-80.59814837,21.76320663,19.70421705,277.3971974,-2.489468526,-2.33042394,-39.9949253,0.953015467,-0.020848141,0.051369791,0.297805337,1.054099467,-0.111347691,-40.12603712,0.005715299,0.020641351,1.756521647
5.519403801,180.967843,157.656446,2401.476096,28.61141783,-80.59814614,21.73915287,19.68171948,276.9988492,-2.4233903,-2.282470264,-39.88841929,0.95035248,-0.020436388,0.051633874,0.30618044,1.129430784,-0.130247776,-40.01094733,-2.18E-04,0.019390961,1.75904825
5.529403801,181.1851151,157.8531538,2404.244098,28.61141959,-80.59814391,21.71525812,19.65996205,276.6015797,-2.392159146,-2.21445792,-39.7810971,0.947612343,-0.020040236,0.051872498,0.314544879,1.187044898,-0.112809135,-39.89661808,-0.005484466,0.016864404,1.761509802
5.539403801,181.4021477,158.049648,2407.008132,28.61142136,-80.59814169,21.69122012,19.63900457,276.2054038,-2.391603792,-2.135877549,-39.67257319,0.944795421,-0.019651702,0.052083694,0.32289737,1.226051589,-0.068653682,-39.78299749,-0.009656752,0.01348231,1.763914064
5.549403801,181.6189381,158.2459364,2409.768209,28.61142313,-80.59813947,21.66677422,19.61879479,275.8103412,-2.420185674,-2.056799142,-39.56226359,0.94190201,-0.019261159,0.052268768,0.331236452,1.242559529,-0.006299089,-39.67009489,-0.01203018,0.009169656,1.766264557
5.559403801,181.8354817,158.4420259,2412.524342,28.61142489,-80.59813725,21.64188474,19.59919338,275.4163996,-2.472154538,-1.987400056,-39.44993973,0.938932316,-0.01885973,0.052430749,0.339560648,1.235510295,0.063136466,-39.55791425,-0.012614916,0.005023547,1.768563159
5.569403801,182.0517745,158.6379216,2415.276541,28.61142665,-80.59813503,21.61661535,19.57999005,275.0235841,-2.506366878,-1.936121108,-39.33817112,0.935886492,-0.018440072,0.052572851,0.347868557,1.23164863,0.10736373,-39.44608551,-0.011409734,7.72E-04,1.770814037
5.579403801,182.2678125,158.8336262,2418.024818,28.61142841,-80.59813282,21.59091227,19.56092369,274.6319113,-2.548363833,-1.908944617,-39.22465184,0.932764528,-0.017996929,0.052700787,0.356158775,1.206329638,0.137773665,-39.33493774,-0.008656504,-0.003148663,1.773018691
5.589403801,182.4835914,159.0291397,2420.769183,28.61143017,-80.59813061,21.56480372,19.54173769,274.2413906,-2.591621941,-1.908516795,-39.1097641,0.929566255,-0.017529192,0.052820846,0.364430053,1.162257694,0.148654495,-39.22447766,-0.004941634,-0.005958102,1.775175719
5.599403801,182.6991075,159.2244597,2423.509649,28.61143193,-80.5981284,21.53838147,19.52220408,273.8520241,-2.628694514,-1.932770483,-38.99428956,0.926291428,-0.017038153,0.052939456,0.37268124,1.105765174,0.137214775,-39.11468663,-7.68E-04,-0.007776036,1.777285073
5.609403801,182.9143586,159.419582,2426.246227,28.61143368,-80.5981262,21.51184409,19.50215677,273.4638007,-2.653255452,-1.977012428,-38.87910594,0.92293972,-0.016528636,0.053062299,0.380911367,1.044043481,0.103038873,-39.00554547,0.003329356,-0.008194757,1.77934724
5.619403801,183.1293448,159.6145009,2428.978929,28.61143543,-80.59812399,21.48542115,19.48152917,273.0766996,-2.650915204,-2.033380276,-38.76589324,0.919510764,-0.016008725,0.053193611,0.389119666,0.992260805,0.042010547,-38.89691657,0.006492686,-0.00710001,1.781363726
5.629403801,183.3440679,159.8092107,2431.707765,28.61143719,-80.59812179,21.45926771,19.4603455,272.6906993,-2.631237506,-2.091466495,-38.65468514,0.916004374,-0.015485581,0.053334505,0.397305442,0.95032324,-0.031838881,-38.78889272,0.008337374,-0.004995899,1.783335408
5.639403801,183.5585315,160.0037063,2434.432747,28.61143893,-80.5981196,21.43351768,19.43870235,272.3057752,-2.597234342,-2.143439888,-38.54578432,0.912420388,-0.014965895,0.053486233,0.405467977,0.921485451,-0.111033604,-38.68146825,0.009204198,-0.002273017,1.785262386
5.649403801,183.77274,160.1979838,2437.153884,28.61144068,-80.5981174,21.40826572,19.41676644,271.9219009,-2.551086794,-2.182189438,-38.43949951,0.908758778,-0.014457111,0.053646668,0.413606709,0.90954848,-0.189493321,-38.57462808,0.008729395,0.001248132,1.78714514
5.659403801,183.9866987,160.3920413,2439.871188,28.61144243,-80.59811521,21.38358113,19.39474564,271.53905,-2.498693797,-2.201640857,-38.33574282,0.905019679,-0.013964859,0.053811671,0.421721079,0.915294002,-0.259133909,-38.46836307,0.0067441,0.004449231,1.788984298
5.669403801,184.2004135,160.5858792,2442.584668,28.61144417,-80.59811302,21.35946842,19.37286826,271.1572005,-2.438588579,-2.198747966,-38.23475297,0.901203348,-0.013492331,0.05397649,0.429810448,0.942326559,-0.319588673,-38.36257844,0.003544727,0.007312594,1.790781143
5.679403801,184.4138897,160.7794999,2445.294335,28.61144591,-80.59811084,21.33582725,19.35134596,270.7763399,-2.385308419,-2.173294081,-38.13537327,0.897310219,-0.013039716,0.054135121,0.437874098,0.981832943,-0.360224386,-38.25736321,-2.21E-04,0.009404285,1.792536474
5.689403801,184.6271312,160.9729078,2448.000199,28.61144765,-80.59810865,21.31250357,19.33034265,270.3964639,-2.345387913,-2.128694724,-38.03679904,0.893340792,-0.012604809,0.054282219,0.445911189,1.02769036,-0.378491279,-38.15273075,-0.004427825,0.010380197,1.794250509
5.699403801,184.8401402,161.1661088,2450.702268,28.61144939,-80.59810647,21.28931095,19.30996151,270.0175754,-2.322791687,-2.070374033,-37.93830218,0.889295627,-0.012182706,0.054413645,0.453920726,1.073894891,-0.374830034,-38.04869031,-0.008390776,0.010152542,1.795923739
5.709403801,185.0529157,161.3591092,2453.400553,28.61145112,-80.59810429,21.26561595,19.29022958,269.6397161,-2.31879379,-2.005642283,-37.83925432,0.885175251,-0.011766303,0.054528183,0.461901511,1.114479593,-0.352734634,-37.94525117,-0.011601304,0.008812075,1.797556723
5.719403801,185.2654487,161.5519154,2456.095066,28.61145286,-80.59810211,21.24079363,19.27109974,269.2629313,-2.425300484,-1.941733835,-37.73223577,0.880979995,-0.011344013,0.054633658,0.469851813,1.091277871,-0.241016146,-37.84342813,-0.012785033,0.007244079,1.799144174
5.729403801,185.477728,161.7445329,2458.785816,28.61145459,-80.59809994,21.214898,19.25245324,268.8872186,-2.538260857,-1.886205551,-37.62475461,0.876710191,-0.010903045,0.054738972,0.477769829,1.061338461,-0.128050598,-37.74228216,-0.010881865,0.00619178,1.800685456
5.739403801,185.6897437,161.9369655,2461.472814,28.61145632,-80.59809776,21.18814196,19.23411273,268.5125665,-2.637247355,-1.846078816,-37.51797437,0.872366076,-0.010432991,0.054853514,0.485653863,1.030084153,-0.035533409,-37.64172081,-0.005862731,0.005549237,1.802185875
5.749403801,185.901489,162.1292155,2464.15607,28.61145805,-80.5980956,21.16084825,19.21588308,268.1389562,-2.708786805,-1.825266343,-37.41271995,0.867947791,-0.009928324,0.054984917,0.493502503,1.000476706,0.02217621,-37.5417007,0.001282199,0.005661876,1.80364799
5.759403801,186.1129618,162.3212829,2466.835596,28.61145978,-80.59809343,21.13388752,19.19757644,267.7663267,-2.743660225,-1.823629408,-37.30974566,0.863455552,-0.009387559,0.055135801,0.501314699,0.975835359,0.036606128,-37.44217972,0.009851386,0.006376616,1.805073179
5.769403801,186.3241709,162.5131662,2469.5114,28.6114615,-80.59809127,21.10816831,19.17903187,267.3946125,-2.638578908,-1.840243947,-37.21686085,0.858889681,-0.008818922,0.055298017,0.50909024,1.00634164,-0.081971509,-37.34198556,0.017554079,0.006823885,1.806467991
5.779403801,186.5351299,162.7048624,2472.183491,28.61146323,-80.5980891,21.08386581,19.16014808,267.0237996,-2.502469825,-1.870004527,-37.12622894,0.854250543,-0.008234006,0.055460102,0.516829168,1.036453997,-0.237450031,-37.2422546,0.022166641,0.006516407,1.807834381
5.789403801,186.745853,162.8963678,2474.851879,28.61146495,-80.59808695,21.06098433,19.14086817,266.6538851,-2.357984888,-1.907715595,-37.03639432,0.849538495,-0.007644841,0.055610958,0.524531527,1.057993554,-0.406203163,-37.14309659,0.023637004,0.005275009,1.809168451
5.799403801,186.9563539,163.0876784,2477.516572,28.61146667,-80.59808479,21.03937431,19.12118645,266.2848763,-2.220608069,-1.948432949,-36.94637788,0.844753888,-0.007064763,0.055739065,0.532197439,1.067499116,-0.570636955,-37.04452927,0.02188375,0.003569501,1.810468858
5.809403801,187.1666434,163.2787904,2480.17758,28.61146839,-80.59808264,21.01861975,19.10115077,265.9167989,-2.106617135,-1.987102513,-36.85508557,0.83989697,-0.0065054,0.055837072,0.539826807,1.062503641,-0.712097289,-36.94655258,0.016504146,0.001317104,1.81173538
5.819403801,187.3767275,163.4697006,2482.834911,28.6114701,-80.59808048,20.99821172,19.08085517,265.5496841,-2.051297937,-2.018431377,-36.75998606,0.834967907,-0.005974492,0.055903011,0.547419174,1.034281235,-0.794624949,-36.84938665,0.009245043,-4.31E-04,1.812967055
5.829403801,187.5866075,163.6604071,2485.488577,28.61147182,-80.59807833,20.97774977,19.06043234,265.1835528,-2.036877414,-2.038310163,-36.66263145,0.829966835,-0.005476293,0.055938719,0.554973803,0.99709046,-0.831294771,-36.75278061,8.53E-04,-0.00146294,1.814163995
5.839403801,187.796281,163.8509093,2488.138586,28.61147353,-80.59807618,20.95686174,19.04003162,264.818422,-2.061726344,-2.043668124,-36.56334807,0.824893974,-0.005009793,0.05594844,0.562489649,0.957088185,-0.821908777,-36.65670696,-0.007341013,-0.001685833,1.815327593
5.849403801,188.0057422,164.0412082,2490.784948,28.61147524,-80.59807404,20.93524414,19.01978604,264.4543037,-2.120986135,-2.03452954,-36.46257633,0.819749604,-0.004569837,0.055938658,0.56996541,0.918656884,-0.771177417,-36.5611641,-0.01458086,-0.001453762,1.816458729
5.859403801,188.2149821,164.2313059,2493.427675,28.61147695,-80.5980719,20.91248209,18.99981405,264.091218,-2.205868817,-2.012867711,-36.36098462,0.814533945,-0.004149273,0.055919153,0.577399588,0.885356286,-0.688738191,-36.46615527,-0.019707941,-4.11E-04,1.817558045
5.869403801,188.423987,164.4212057,2496.066776,28.61147866,-80.59806975,20.88827139,18.98021335,263.7291754,-2.349071968,-1.979821983,-36.25618554,0.809247321,-0.003735417,0.055902325,0.584790347,0.847108081,-0.545151107,-36.37216027,-0.02208476,0.001361167,1.818624101
5.879403801,188.6327431,164.6109116,2498.702262,28.61148037,-80.59806762,20.86274587,18.96103389,263.3681547,-2.490473974,-1.939438747,-36.15271492,0.803890161,-0.003313275,0.055900367,0.592135778,0.822603015,-0.399839595,-36.27872837,-0.020376688,0.003533196,1.819656939
5.889403801,188.8412385,164.8004278,2501.334143,28.61148207,-80.59806548,20.83620306,18.9422767,263.0081242,-2.609589623,-1.896604849,-36.05193339,0.798462939,-0.002869894,0.055923045,0.59943416,0.81342894,-0.27584307,-36.18578745,-0.015097564,0.005895046,1.820658613
5.899403801,189.0494651,164.9897585,2503.962428,28.61148377,-80.59806335,20.80905886,18.9239105,262.6490412,-2.692093024,-1.855275817,-35.95494677,0.792966207,-0.002395252,0.055976068,0.606684051,0.818689907,-0.189884457,-36.09350775,-0.006948185,0.007955896,1.821630258
5.909403801,189.2574208,165.1789071,2506.587126,28.61148548,-80.59806122,20.78224828,18.905872,262.2908222,-2.728768732,-1.818895026,-35.86254293,0.787400562,-0.001884191,0.056060084,0.613884412,0.835381697,-0.153222808,-36.00215554,0.003018052,0.00968947,1.822572623
5.919403801,189.4651145,165.3678767,2509.208247,28.61148718,-80.59805909,20.75673951,18.8880782,261.933388,-2.622190972,-1.790254778,-35.78214175,0.781766739,-0.001340789,0.056164695,0.621035019,0.882062977,-0.262035274,-35.91094358,0.012525129,0.010398127,1.823489902
5.929403801,189.6725608,165.5566692,2511.825797,28.61148887,-80.59805696,20.73280514,18.87042879,261.5767171,-2.475146603,-1.770409765,-35.7050233,0.776065563,-7.73E-04,0.056274803,0.628135966,0.925814768,-0.416950505,-35.82008388,0.019290303,0.009739894,1.824383494
5.939403801,189.8797762,165.7452854,2514.439784,28.61149057,-80.59805484,20.71053229,18.85281399,261.2208042,-2.310251714,-1.761420196,-35.629225,0.770297756,-1.91E-04,0.056374973,0.635187526,0.956929329,-0.595017087,-35.72970444,0.022494359,0.007643887,1.825250922
5.949403801,190.0867768,165.9337252,2517.050215,28.61149226,-80.59805272,20.68982986,18.83513159,260.8656588,-2.145714525,-1.763253113,-35.55319958,0.764463939,3.91E-04,0.056451261,0.642189994,0.970399903,-0.776422183,-35.63984632,0.021956304,0.00483078,1.826091303
5.959403801,190.2935756,166.1219875,2519.6571,28.61149396,-80.5980506,20.66995928,18.81729995,260.5113412,-1.99885771,-1.774655935,-35.47550274,0.758564611,9.62E-04,0.056493974,0.649143464,0.964107165,-0.941719262,-35.55052451,0.017785348,0.001853697,1.826904474
5.969403801,190.5001757,166.3100705,2522.260445,28.61149565,-80.59804849,20.65001818,18.79926264,260.1579242,-1.984842418,-1.792796465,-35.38720373,0.752600128,0.00151574,0.056502542,0.656047417,0.923614239,-0.974453286,-35.46273091,0.011457536,-9.47E-04,1.827687273
5.979403801,190.7065747,166.497972,2524.860261,28.61149734,-80.59804637,20.62970024,18.78098617,259.8054329,-2.008407479,-1.815368973,-35.29576534,0.746570805,0.002052967,0.056481228,0.662900965,0.871915369,-0.967012147,-35.3754854,0.005262304,-0.0028584,1.828439122
5.989403801,190.9127676,166.6856894,2527.456557,28.61149903,-80.59804426,20.6087662,18.76246371,259.4538845,-2.059227499,-1.840158083,-35.20219181,0.740476866,0.002574295,0.056437758,0.669703041,0.814834766,-0.929067538,-35.28872038,-1.38E-04,-0.003842188,1.829163064
5.999403801,191.1187474,166.8732205,2530.049342,28.61150071,-80.59804215,20.58706009,18.74372191,259.1032863,-2.130354827,-1.863847277,-35.10735142,0.734318536,0.003083559,0.056382213,0.676452382,0.758331463,-0.867394648,-35.2024292,-0.004000011,-0.003861368,1.829860662
6.009403801,191.3245069,167.0605633,2532.638626,28.6115024,-80.59804004,20.56478578,18.724816,258.7536146,-2.211879337,-1.883416486,-35.01234974,0.728096086,0.003585257,0.056324304,0.683147721,0.707816849,-0.792364234,-35.11659802,-0.005661942,-0.002823127,1.830532817
6.019403801,191.5300423,167.2477165,2535.224417,28.61150408,-80.59803793,20.54225972,18.70582177,258.4048353,-2.240706161,-1.896599438,-34.92230032,0.721809845,0.004080505,0.056269651,0.689788101,0.670677224,-0.767953825,-35.03063448,-0.005803464,-0.001224844,1.831181616
6.029403801,191.7353514,167.4346798,2537.806725,28.61150576,-80.59803583,20.51952561,18.68683908,258.056933,-2.263903533,-1.90058577,-34.83380385,0.715460264,0.004570746,0.056221614,0.696372636,0.644864038,-0.747842744,-34.94504625,-0.005281582,0.001142141,1.831807907
6.039403801,191.9404323,167.6214537,2540.385559,28.61150744,-80.59803373,20.49664134,18.66796653,257.7098913,-2.282065975,-1.894424833,-34.74690558,0.709047895,0.005057916,0.05618193,0.702900484,0.63113388,-0.732223152,-34.85985711,-0.004228133,0.003374989,1.832410856
6.049403801,192.145284,167.8080398,2542.960926,28.61150912,-80.59803163,20.47369088,18.64929524,257.3636921,-2.293201994,-1.878460072,-34.66174898,0.702573407,0.00554557,0.056151128,0.709370781,0.628884501,-0.723892081,-34.7750588,-0.002439558,0.005573659,1.832990259
6.059403801,192.3499057,167.9944405,2545.532835,28.6115108,-80.59802954,20.45060653,18.63089144,257.0183307,-2.295114852,-1.854775657,-34.57837173,0.69603748,0.006036754,0.056129371,0.715782703,0.635453408,-0.725812994,-34.69064616,-1.43E-04,0.007077075,1.833546215
6.069403801,192.5542954,168.1806587,2548.101295,28.61151247,-80.59802744,20.42731383,18.61280529,256.6738035,-2.321015678,-1.825018466,-34.49413187,0.689440855,0.006535985,0.056116782,0.722135372,0.649347589,-0.705244549,-34.60699232,0.002667749,0.008272534,1.834078136
6.079403801,192.7584518,168.3666977,2550.666314,28.61151414,-80.59802535,20.40396165,18.59505124,256.3300924,-2.334885227,-1.792023515,-34.4116092,0.682784343,0.007047693,0.056112042,0.728427971,0.667186161,-0.698754892,-34.52373806,0.006087177,0.008515412,1.83458608
6.089403801,192.962375,168.5525608,2553.2279,28.61151582,-80.59802326,20.3807087,18.5776145,255.9871807,-2.332847323,-1.759156193,-34.33086953,0.676068724,0.007574047,0.056112763,0.734659834,0.684344454,-0.710313219,-34.44085565,0.009729616,0.008100636,1.835071016
6.099403801,193.1660668,168.7382509,2555.78606,28.61151749,-80.59802118,20.35770139,18.5604555,255.6450544,-2.315345631,-1.728914406,-34.25169201,0.669294793,0.008116196,0.056115533,0.740830382,0.697202543,-0.739179148,-34.3583454,0.013172723,0.006835269,1.835533565
6.109403801,193.3695301,168.9237706,2558.340804,28.61151915,-80.59801909,20.33502157,18.54351769,255.3037058,-2.284010897,-1.70378332,-34.17375616,0.662463272,0.008672863,0.056116741,0.746939158,0.702330085,-0.78310701,-34.27621142,0.016087322,0.00526985,1.835974158
6.119403801,193.5727684,169.1091218,2560.892137,28.61152082,-80.59801701,20.3127034,18.52673339,254.9631324,-2.251070325,-1.684847412,-34.09601256,0.655574893,0.009242232,0.056112322,0.752985756,0.699204275,-0.829139983,-34.19455719,0.018130269,0.003217956,1.836393
6.129403801,193.7757856,169.2943055,2563.440069,28.61152249,-80.59801493,20.29080229,18.51002437,254.623331,-2.211574625,-1.673350758,-34.01871352,0.648630342,0.009821912,0.056098898,0.758969777,0.685748519,-0.881323051,-34.11329731,0.019400885,0.001069653,1.836790348
6.139403801,193.9785859,169.4793223,2565.984606,28.61152415,-80.59801285,20.26933151,18.4933136,254.2843018,-2.168467458,-1.66978023,-33.94156022,0.641630237,0.010407537,0.056073272,0.764890914,0.661589459,-0.935864055,-34.03243137,0.019685157,-0.001149045,1.837166675
6.149403801,194.1811736,169.6641716,2568.525757,28.61152581,-80.59801078,20.24826056,18.4765349,253.9460484,-2.126363969,-1.673481403,-33.86419258,0.634575154,0.010994783,0.0560333,0.77074883,0.628126409,-0.987433391,-33.95196512,0.018979632,-0.002910522,1.837522328
6.159403801,194.3835529,169.8488525,2571.06353,28.61152747,-80.5980087,20.22771966,18.45962938,253.6085617,-2.089123691,-1.683302808,-33.7863484,0.627465678,0.011579347,0.055976847,0.776543196,0.587503833,-1.031710974,-33.87190128,0.017382981,-0.004336894,1.837857618
6.169403801,194.5857301,170.0333636,2573.597931,28.61152913,-80.59800663,20.20782544,18.44255468,253.2718328,-2.019386997,-1.698507107,-33.71096188,0.620302322,0.012154106,0.055901189,0.782273842,0.533164248,-1.104884029,-33.79181511,0.014736253,-0.00527222,1.838173454
6.179403801,194.787711,170.217703,2576.128969,28.61153079,-80.59800456,20.1884001,18.42529115,252.935875,-1.962513141,-1.716958403,-33.63457048,0.613085531,0.012712055,0.055805424,0.787940537,0.476069132,-1.161958932,-33.71211867,0.010740377,-0.005116137,1.838470245
6.189403801,194.989499,170.4018688,2578.656651,28.61153245,-80.5980025,20.16922947,18.40784513,252.6007034,-1.925898926,-1.735808327,-33.55672757,0.605815806,0.013248652,0.055689594,0.793542911,0.421927167,-1.196042038,-33.6328343,0.006071721,-0.004157184,1.838747749
6.199403801,195.1910956,170.5858594,2581.180986,28.6115341,-80.59800043,20.15008293,18.39024247,252.266333,-1.912054793,-1.753156713,-33.4773275,0.598493621,0.013761457,0.055556125,0.799080424,0.374643842,-1.205255191,-33.55395611,0.001002645,-0.002485133,1.839005977
6.209403801,195.3924997,170.7696733,2583.701981,28.61153575,-80.59799837,20.13064171,18.37252866,251.9327842,-1.920772596,-1.766719332,-33.39654576,0.591119527,0.01425059,0.055408011,0.804552408,0.337853535,-1.190901754,-33.47547671,-0.003565793,-1.32E-04,1.839245076
6.219403801,195.5937065,170.9533098,2586.219644,28.61153741,-80.59799631,20.11060745,18.35476005,251.6000747,-1.97134713,-1.775096971,-33.31299106,0.583694138,0.014720255,0.055250243,0.809957948,0.319947823,-1.13567998,-33.39761094,-0.007485861,0.002341458,1.839465014
6.229403801,195.7947095,171.1367685,2588.733985,28.61153906,-80.59799425,20.0898788,18.3369955,251.2682052,-2.037212217,-1.777807198,-33.22887827,0.576218087,0.015177189,0.055089616,0.815295961,0.315156845,-1.066520677,-33.32014995,-0.009460587,0.004564003,1.83966598
6.239403801,195.9955017,171.3200499,2591.245011,28.6115407,-80.59799219,20.06844301,18.31930055,250.9371684,-2.108621127,-1.774076232,-33.14513155,0.568692084,0.015628596,0.054931635,0.8205654,0.321587815,-0.994206898,-33.24306708,-0.009582398,0.006410862,1.839848411
6.249403801,196.1960761,171.503155,2593.752731,28.61154235,-80.59799013,20.04635351,18.30173754,250.6069508,-2.177866882,-1.763994325,-33.06243171,0.561116859,0.016081309,0.054781297,0.825765264,0.336433578,-0.927067553,-33.16634633,-0.008060467,0.007698602,1.840012653
6.259403801,196.3964276,171.6860853,2596.257153,28.611544,-80.59798808,20.02391925,18.28436528,250.2775193,-2.237974592,-1.747507105,-32.98139187,0.553493248,0.016542734,0.054641726,0.830894605,0.35672387,-0.872542161,-33.08996735,-0.0049465,0.008255623,1.840158983
6.269403801,196.5965546,171.868843,2598.758284,28.61154564,-80.59798603,20.0015175,18.26722597,249.9488361,-2.244700847,-1.726116332,-32.90538102,0.545822114,0.017015848,0.054511893,0.83595283,0.363121752,-0.87169655,-33.01349039,-9.76E-04,0.00790841,1.840287927
6.279403801,196.7964585,172.0514307,2601.256132,28.61154728,-80.59798398,19.97930409,18.25033944,249.6208826,-2.233294148,-1.701531734,-32.83153106,0.538104308,0.017501725,0.054389612,0.840939482,0.365100062,-0.890627066,-32.93729999,0.002720929,0.007102565,1.840399754
6.289403801,196.9961418,172.2338507,2603.750704,28.61154892,-80.59798194,19.95742198,18.23371502,249.2936419,-2.206929432,-1.675474033,-32.75946107,0.530340668,0.018000134,0.054272044,0.845854193,0.361239638,-0.925369105,-32.86142477,0.006165122,0.005819253,1.840494442
6.299403801,197.1956085,172.4161058,2606.242007,28.61155056,-80.5979799,19.93598526,18.21734094,248.9671013,-2.167493728,-1.64952102,-32.68889255,0.522532078,0.018509523,0.054154327,0.850696734,0.350020918,-0.973045428,-32.78587063,0.008854951,0.004431794,1.840572091
6.309403801,197.3948639,172.5981982,2608.730048,28.6115522,-80.59797785,19.91525842,18.20117981,248.6412385,-2.118582156,-1.626115172,-32.61933431,0.514679339,0.019025872,0.054031519,0.855467001,0.330122134,-1.028620262,-32.71064921,0.010333423,0.002668474,1.840632868
6.319403801,197.5939168,172.7801299,2611.214834,28.61155383,-80.59797581,19.89546782,18.18518299,248.3160357,-2.025295691,-1.606939976,-32.55333809,0.506783212,0.019541696,0.053896837,0.860165117,0.283370734,-1.121418779,-32.63534925,0.010209493,0.001453737,1.840677099
6.329403801,197.7927761,172.9619023,2613.696371,28.61155547,-80.59797378,19.87653116,18.16929441,247.9915005,-1.934259291,-1.593206294,-32.48709737,0.498844407,0.020049009,0.05374439,0.864791209,0.229414279,-1.207815178,-32.56040099,0.008122943,9.56E-04,1.840704956
6.339403801,197.9914497,173.143516,2616.174666,28.6115571,-80.59797174,19.85828446,18.15344481,247.6676493,-1.855931402,-1.585776742,-32.41962944,0.490863606,0.020540417,0.053569439,0.869345343,0.173294168,-1.277384909,-32.48583998,0.004254545,0.001121262,1.840716488
6.349403801,198.1899434,173.3249711,2618.649727,28.61155873,-80.59796971,19.84051098,18.13756645,247.3445028,-1.797058411,-1.58519285,-32.35026815,0.482841475,0.021010525,0.053369447,0.873827426,0.119143066,-1.323509747,-32.41166814,-8.32E-04,0.002232503,1.840711824
6.359403801,198.38826,173.506267,2621.121559,28.61156036,-80.59796768,19.82273595,18.12159803,247.0221026,-1.761842233,-1.591457229,-32.27861651,0.474778609,0.021455941,0.053145123,0.878237161,0.070615666,-1.342486134,-32.33788262,-0.006622601,0.003968622,1.840691134
6.369403801,198.5863965,173.6874026,2623.590171,28.61156199,-80.59796565,19.80446582,18.1054943,246.7004897,-1.798806426,-1.60291378,-32.20095115,0.466675673,0.021879625,0.052900925,0.882573844,0.05726005,-1.294740109,-32.26494477,-0.011883247,0.006192645,1.840654625
6.379403801,198.7843471,173.8683763,2626.055571,28.61156362,-80.59796362,19.78553664,18.08922469,246.3796775,-1.857980604,-1.61826956,-32.12139417,0.458533382,0.022287636,0.05264285,0.886836585,0.055564273,-1.224841137,-32.19241414,-0.015749152,0.008063844,1.840602581
6.389403801,198.9821047,174.0491865,2628.517768,28.61156525,-80.59796159,19.76587284,18.07277286,246.0596701,-1.928985109,-1.635958043,-32.04098069,0.450352491,0.022687193,0.052377037,0.89102445,0.061806141,-1.143343202,-32.12025424,-0.017853564,0.009319936,1.840535274
6.399403801,199.179662,174.2298312,2630.976768,28.61156687,-80.59795957,19.74547205,18.05614125,245.7404632,-2.003891588,-1.654529228,-31.96053639,0.442133689,0.023084846,0.052110715,0.895136506,0.072829952,-1.058465308,-32.0484521,-0.01808586,0.009758121,1.840452925
6.409403801,199.377011,174.4103088,2633.432579,28.61156849,-80.59795755,19.72412413,18.03936219,245.4220618,-2.075281501,-1.671307701,-31.88119005,0.433877716,0.023488539,0.051851186,0.899171769,0.086268056,-0.978584982,-31.97726178,-0.016426746,0.009890262,1.840355739
6.419403801,199.5741408,174.5906181,2635.885211,28.61157012,-80.59795553,19.70167105,18.02248792,245.1044681,-2.193801371,-1.683497247,-31.79929711,0.425585476,0.023910267,0.051605539,0.903129099,0.135312072,-0.866305117,-31.90726297,-0.012530718,0.008676568,1.840244127
6.429403801,199.7710416,174.7707584,2638.334671,28.61157174,-80.59795351,19.67838852,18.00557989,244.7876502,-2.29227787,-1.690235276,-31.71996068,0.417257841,0.02436008,0.051379995,0.907007485,0.179182458,-0.776857985,-31.83758351,-0.006457162,0.005940388,1.840118482
6.439403801,199.967707,174.9507298,2640.780967,28.61157335,-80.5979515,19.65463677,17.98871291,244.4715684,-2.358147259,-1.689972313,-31.644288,0.408895717,0.024845705,0.051178118,0.910806118,0.209309969,-0.721075119,-31.76812975,0.001305986,0.001866616,1.839978925
6.449403801,200.1641341,175.1305331,2643.224105,28.61157497,-80.59794948,19.63081304,17.97196626,244.1561799,-2.385534788,-1.682028467,-31.57278743,0.400499975,0.025370739,0.051000834,0.914524472,0.220207971,-0.703382314,-31.69885903,0.009968607,-0.003030131,1.839825599
6.459403801,200.3603257,175.3101698,2645.664093,28.61157659,-80.59794747,19.60772752,17.95541314,243.8414105,-2.372682904,-1.666102581,-31.50561597,0.392071476,0.025934037,0.050845377,0.918162366,0.208742245,-0.724315309,-31.62975109,0.018565588,-0.008548525,1.839658671
6.469403801,200.5562939,175.4896422,2648.100935,28.6115782,-80.59794547,19.5861877,17.9391155,243.5271871,-2.235511155,-1.643492056,-31.44912627,0.383610923,0.026523895,0.050703869,0.921720272,0.113784599,-0.842585193,-31.55983559,0.025649289,-0.013365494,1.839477709
6.479403801,200.7520552,175.6689531,2650.534638,28.61157981,-80.59794346,19.56635513,17.92312286,243.2134873,-2.069894394,-1.615158452,-31.39591436,0.375118962,0.027124784,0.050566572,0.925198915,-0.002518609,-0.983784343,-31.49013814,0.029773777,-0.016205106,1.839282493
6.489403801,200.9476267,175.8481058,2652.965207,28.61158142,-80.59794146,19.54822761,17.90745745,242.9003047,-1.896567848,-1.583043074,-31.34414944,0.366596234,0.027719036,0.050422309,0.928599185,-0.127247138,-1.129996983,-31.42078316,0.030741951,-0.016947391,1.839073445
6.499403801,201.1430249,176.0271034,2655.392646,28.61158303,-80.59793946,19.53164389,17.89211916,242.587649,-1.731701393,-1.549932321,-31.29220255,0.358043333,0.028289941,0.050261802,0.931921886,-0.25007278,-1.266671825,-31.35181057,0.028273111,-0.014992505,1.838850896
6.509403801,201.3382629,176.2059492,2657.816961,28.61158464,-80.59793746,19.51604737,17.87708169,242.2755653,-1.589894087,-1.518037763,-31.23855108,0.349460975,0.028824661,0.050076379,0.935167644,-0.36045871,-1.38163252,-31.28322931,0.023221406,-0.010922301,1.838615084
6.519403801,201.5333468,176.3846458,2660.238159,28.61158625,-80.59793546,19.50075373,17.86228417,241.9641136,-1.537833003,-1.490414265,-31.17741795,0.340849996,0.029317519,0.049860538,0.938336661,-0.408419692,-1.428557145,-31.21554217,0.015980854,-0.005501034,1.838366745
6.529403801,201.7282777,176.5631953,2662.656246,28.61158786,-80.59793346,19.4853808,17.84763524,241.6533328,-1.527159566,-1.470658992,-31.11226117,0.332211286,0.029768772,0.049612481,0.941428746,-0.429614461,-1.439004144,-31.14823507,0.008015816,5.22E-05,1.838106396
6.539403801,201.923053,176.7415987,2665.071228,28.61158946,-80.59793147,19.46957506,17.83302968,241.3432601,-1.553352282,-1.461017904,-31.04326323,0.323545692,0.030181456,0.049333701,0.944443461,-0.427148571,-1.415476875,-31.08127471,1.31E-04,0.005303925,1.837833907
6.549403801,202.1176668,176.9198557,2667.483114,28.61159106,-80.59792947,19.4530447,17.81836329,241.0339268,-1.612481994,-1.461927502,-30.97076236,0.31485412,0.030562878,0.049027951,0.9473801,-0.402779291,-1.36150935,-31.01466609,-0.006680976,0.009958557,1.837549284
6.559403801,202.3121115,177.0979654,2669.891909,28.61159266,-80.59792748,19.43581597,17.80353753,240.7253373,-1.697004354,-1.473092298,-30.89550441,0.306137428,0.030921221,0.048700744,0.95023786,-0.361137959,-1.283433409,-30.94841507,-0.012226032,0.013177987,1.837252591
6.569403801,202.5063813,177.2759257,2672.297623,28.61159426,-80.59792549,19.418032,17.78847909,240.417484,-1.74897987,-1.493167482,-30.82231005,0.297396392,0.031262682,0.048358031,0.953016018,-0.347632739,-1.217777106,-30.88202466,-0.015900882,0.01554213,1.836943317
6.579403801,202.70047,177.4537341,2674.700262,28.61159586,-80.5979235,19.39961371,17.77314274,240.110374,-1.809280588,-1.519270737,-30.7482157,0.288631781,0.03159335,0.048005822,0.955713867,-0.327889578,-1.142343345,-30.81593725,-0.018247242,0.017232091,1.836621229
6.589403801,202.8943713,177.6313875,2677.099833,28.61159746,-80.59792152,19.38054286,17.75750666,239.804007,-1.87477325,-1.54854949,-30.67376377,0.279844417,0.031920466,0.047649938,0.958330668,-0.302675827,-1.062011397,-30.75017209,-0.019008053,0.017930457,1.836286837
6.599403801,203.0880789,177.8088832,2679.496344,28.61159906,-80.59791953,19.3608679,17.74158019,239.4983748,-1.938687783,-1.578452971,-30.59975055,0.271035119,0.032251272,0.047296341,0.960865691,-0.276389053,-0.983309746,-30.68471067,-0.018261528,0.017564072,1.83594046
6.609403801,203.2815859,177.9862183,2681.889803,28.61160065,-80.59791755,19.34036654,17.72540349,239.193487,-1.994531016,-1.606163111,-30.52694761,0.262204679,0.03259264,0.046951236,0.963318228,-0.253495356,-0.912526824,-30.61952775,-0.015901292,0.016237206,1.835582358
6.619403801,203.4748827,178.1633907,2684.280216,28.61160225,-80.59791557,19.31883683,17.70904539,238.8893489,-2.105253773,-1.628050379,-30.45081588,0.253354044,0.032955612,0.046620782,0.965687402,-0.178510541,-0.820894824,-30.55534479,-0.011902013,0.013468728,1.835213781
6.629403801,203.6679602,178.3403989,2686.667592,28.61160384,-80.59791359,19.29655369,17.69259543,238.5859266,-2.196047949,-1.641910092,-30.37739142,0.244484227,0.033350562,0.04630911,0.967972453,-0.115011662,-0.750699901,-30.4914353,-0.006309013,0.00873946,1.834835493
6.639403801,203.8608124,178.5172426,2689.051937,28.61160543,-80.59791161,19.27386448,17.67615607,238.2831801,-2.254832803,-1.646292091,-30.30772428,0.235596169,0.033784536,0.046019195,0.970172811,-0.074560527,-0.70869359,-30.42769945,4.01E-04,0.0023769,1.834447001
6.649403801,204.0534373,178.6939224,2691.433258,28.61160702,-80.59790964,19.25114427,17.65983883,237.9810663,-2.276900052,-1.639716481,-30.2422811,0.2266908,0.03426071,0.04575108,0.97228819,-0.062456561,-0.69733345,-30.36409616,0.007598857,-0.004918752,1.834048092
6.659403801,204.2458374,178.8704401,2693.81156,28.6116086,-80.59790767,19.22905153,17.64374914,237.679521,-2.261108887,-1.62203887,-30.18115594,0.217768969,0.034776812,0.045502079,0.974318639,-0.08140595,-0.715732448,-30.30060886,0.01449594,-0.012632434,1.833638726
6.669403801,204.4380226,179.0467985,2696.18685,28.61161019,-80.5979057,19.20822995,17.62797994,237.378482,-2.150081048,-1.594470142,-30.12865951,0.208831347,0.035322868,0.045267238,0.976264637,-0.185366119,-0.785541053,-30.23656515,0.020330105,-0.019346451,1.833217843
6.679403801,204.6300069,179.2230011,2698.559132,28.61161178,-80.59790373,19.18886073,17.61260595,237.077924,-2.01142249,-1.558133465,-30.07953984,0.199878558,0.035884485,0.045038934,0.978126965,-0.315202787,-0.872793639,-30.17268957,0.024220214,-0.023846957,1.832784927
6.689403801,204.8218049,179.3990521,2700.92841,28.61161336,-80.59790177,19.17099206,17.59766942,236.7778353,-1.861626996,-1.515962321,-30.03225007,0.190911207,0.036446326,0.044809214,0.979906481,-0.457097482,-0.966298656,-30.10908783,0.025938353,-0.025681214,1.832340743
6.699403801,205.0134315,179.5749559,2703.29469,28.61161494,-80.59789981,19.15454731,17.58317536,236.4782179,-1.713344077,-1.471306218,-29.98545303,0.181929903,0.036992696,0.044569712,0.981604091,-0.600170233,-1.05693106,-30.04580462,0.025339937,-0.024915141,1.831885792
6.709403801,205.2048994,179.750717,2705.657976,28.61161652,-80.59789785,19.13915869,17.5690922,236.1791017,-1.578864955,-1.428053,-29.93774058,0.17293529,0.037510567,0.044313502,0.983220553,-0.733438947,-1.135950012,-29.9828642,0.022683282,-0.021358706,1.831420374
6.719403801,205.3962166,179.926339,2708.018274,28.6116181,-80.59789589,19.12435116,17.55535452,235.880529,-1.504718938,-1.38963475,-29.88496223,0.163928125,0.037991931,0.044035218,0.984756357,-0.813051581,-1.184132355,-29.92061177,0.018502994,-0.016096874,1.830945464
6.729403801,205.5873874,180.1018249,2710.375589,28.61161968,-80.59789393,19.1098171,17.54186286,235.5825326,-1.461774256,-1.359654428,-29.82902651,0.154909201,0.038432333,0.043731611,0.986211763,-0.865860067,-1.210194372,-29.85870028,0.013171522,-0.009651877,1.830461647
6.739403801,205.7784128,180.2771767,2712.729926,28.61162126,-80.59789197,19.09524048,17.52850349,235.2851477,-1.450337791,-1.340532701,-29.76964963,0.145879337,0.038830757,0.043401751,0.987586796,-0.890993663,-1.212978231,-29.79710323,0.007555353,-0.002708565,1.829968597
6.749403801,205.969291,180.452395,2715.081294,28.61162283,-80.59789001,19.08031999,17.51515056,234.9884087,-1.470127837,-1.333427226,-29.70674884,0.136839456,0.039189878,0.043045472,0.988881289,-0.887841992,-1.192900653,-29.7358194,0.001811495,0.004158658,1.829466187
6.759403801,206.1600174,180.6274793,2717.429697,28.61162441,-80.59788806,19.06485566,17.50167545,234.6923418,-1.518047823,-1.339293791,-29.64054278,0.127790488,0.039515339,0.042664849,0.990094864,-0.858648675,-1.151427207,-29.67485284,-0.003529344,0.010051279,1.828954401
6.769403801,206.3505858,180.8024277,2719.775143,28.61162598,-80.59788611,19.04871316,17.48796249,234.3969658,-1.577571087,-1.357697331,-29.57247699,0.118733309,0.039813956,0.042264235,0.99122701,-0.818538199,-1.094784,-29.61409987,-0.008076169,0.01502649,1.82843304
6.779403801,206.5409889,180.9772374,2722.117638,28.61162755,-80.59788416,19.031763,17.4739248,234.1022958,-1.653075433,-1.386385668,-29.50246862,0.109668789,0.040094366,0.041849591,0.992277083,-0.762285258,-1.024964692,-29.55365877,-0.011295489,0.018529522,1.827902033
6.789403801,206.7312182,181.1519049,2724.457191,28.61162912,-80.59788221,19.01395237,17.45950775,233.8083377,-1.737825185,-1.422016606,-29.43141929,0.100597877,0.040366342,0.041426018,0.993244436,-0.695514654,-0.947962601,-29.4935287,-0.012995407,0.020291538,1.827361632
6.799403801,206.9212652,181.3264262,2726.793808,28.61163069,-80.59788026,18.99530432,17.44468678,233.5150877,-1.823999344,-1.461808158,-29.36025926,0.091521502,0.040640053,0.040999442,0.994128385,-0.625483482,-0.868968774,-29.43369402,-0.013633037,0.020236126,1.826812029
6.809403801,207.1111217,181.5007973,2729.127495,28.61163226,-80.59787832,18.97589186,17.42947418,233.2225352,-1.903895014,-1.502293352,-29.28993276,0.08244056,0.040925322,0.040576166,0.994928262,-0.559564048,-0.793344307,-29.37412732,-0.012738947,0.018178987,1.826253383
6.819403801,207.3007809,181.6750146,2731.458261,28.61163383,-80.59787637,18.95584668,17.4139205,232.9306613,-1.976180962,-1.539451143,-29.22089852,0.073355958,0.041230582,0.040161095,0.995643525,-0.499076778,-0.725418876,-29.31485632,-0.010489505,0.014468615,1.825685963
6.829403801,207.4902373,181.8490749,2733.786111,28.61163539,-80.59787443,18.93538678,17.39810581,232.6394383,-2.029281022,-1.570049069,-29.15432461,0.064268553,0.041562496,0.039758743,0.996273735,-0.45584453,-0.670103021,-29.25578313,-0.00741033,0.00922851,1.825109974
6.839403801,207.6794881,182.0229762,2736.111051,28.61163696,-80.59787249,18.91476507,17.38214442,232.3488333,-2.05846625,-1.590871821,-29.09081892,0.05517915,0.041925168,0.039372553,0.996818611,-0.435127588,-0.630521142,-29.19686642,-0.003251867,0.00295535,1.82452543
6.849403801,207.8685329,182.1967177,2738.433089,28.61163852,-80.59787056,18.89424417,17.36616619,232.0588116,-2.061498218,-1.599281521,-29.03074171,0.046088551,0.042319618,0.039003499,0.997278107,-0.439866744,-0.608517088,-29.13807929,0.001156404,-0.003826107,1.823932381
6.859403801,208.0573744,182.3702999,2740.752229,28.61164008,-80.59786862,18.87415377,17.35030433,231.7693331,-2.038586244,-1.594260018,-28.97414074,0.036997499,0.042743377,0.038650911,0.997652392,-0.470699038,-0.603752792,-29.07941292,0.005517683,-0.010650661,1.823330904
6.869403801,208.2460184,182.5437246,2743.068477,28.61164164,-80.59786669,18.85479676,17.33468811,231.4803602,-1.975366925,-1.575961227,-28.92210665,0.027906659,0.043190042,0.038312614,0.997941873,-0.542741736,-0.615722187,-29.02068743,0.009550028,-0.016564102,1.822720616
6.879403801,208.4344732,182.7169948,2745.381838,28.6116432,-80.59786476,18.83631314,17.31942874,231.1918696,-1.893779486,-1.545439298,-28.87284598,0.018816661,0.04365064,0.037984979,0.998147132,-0.634594001,-0.639726899,-28.96211419,0.012791503,-0.020944439,1.822101337
6.889403801,208.6227478,182.8901147,2747.692316,28.61164475,-80.59786283,18.81876483,17.30461252,230.9038462,-1.802070135,-1.504951459,-28.82551582,0.009728122,0.044115138,0.037663742,0.998268832,-0.738230824,-0.671908685,-28.90374114,0.01521319,-0.023418696,1.821473475
6.899403801,208.8108516,183.0630888,2749.999917,28.61164631,-80.5978609,18.80214364,17.29029416,230.6162835,-1.70781884,-1.457367626,-28.77925776,6.42E-04,0.044574325,0.03734415,0.998307634,-0.846017269,-0.708365761,-28.84560132,0.016678611,-0.023974767,1.820837285
6.909403801,208.9987933,183.2359223,2752.304644,28.61164786,-80.59785898,18.78630151,17.27649137,230.3291895,-1.61759538,-1.406038919,-28.73324292,-0.008441886,0.04501859,0.037020489,0.998264266,-0.95113394,-0.745245568,-28.78771895,0.017014754,-0.022714307,1.820192955
6.919403801,209.1865795,183.4086202,2754.606502,28.61164942,-80.59785706,18.77101655,17.26317901,230.0425823,-1.553689725,-1.354986107,-28.68530871,-0.017521912,0.045440134,0.036687039,0.998139388,-1.030699247,-0.778685054,-28.73026598,0.016262494,-0.019628933,1.819541102
6.929403801,209.3742149,183.5811873,2756.905497,28.61165097,-80.59785513,18.75611428,17.25029208,229.75648,-1.506162822,-1.308600624,-28.63582735,-0.026597588,0.045832967,0.036339021,0.997933556,-1.0939772,-0.805049219,-28.67310028,0.014468077,-0.015131325,1.818882106
6.939403801,209.5617024,183.7536272,2759.201633,28.61165252,-80.59785321,18.74139822,17.23772857,229.4709057,-1.477564712,-1.270597653,-28.58424216,-0.03566806,0.046194245,0.03597249,0.997647163,-1.137557831,-0.821377297,-28.61621599,0.011695146,-0.009778862,1.818215772
6.949403801,209.7490429,183.9259425,2761.494917,28.61165407,-80.59785129,18.72666665,17.22536518,229.185885,-1.469067631,-1.244076764,-28.53018236,-0.044732479,0.046523156,0.035585396,0.997280442,-1.159406932,-0.82549971,-28.55961341,0.008587474,-0.003889876,1.817542027
6.959403801,209.9362349,184.0981347,2763.785353,28.61165562,-80.59784938,18.71165931,17.21306652,228.9014486,-1.480348791,-1.230751415,-28.47353017,-0.053789927,0.046822104,0.0351767,0.996833454,-1.159050667,-0.816732093,-28.50329195,0.005038769,0.001762754,1.81686087
6.969403801,210.1232743,184.2702036,2766.072948,28.61165716,-80.59784746,18.69613739,17.20069307,228.617624,-1.524199738,-1.231412091,-28.41337562,-0.062839499,0.047095729,0.03474747,0.996306079,-1.123151687,-0.796762304,-28.4475513,0.001535912,0.006758597,1.816172838
6.979403801,210.3101555,184.4421479,2768.357708,28.61165871,-80.59784555,18.6799952,17.18812005,228.3344279,-1.581976949,-1.245346624,-28.35125364,-0.071880217,0.047351189,0.034299212,0.995698078,-1.070066871,-0.765941544,-28.39217168,-0.001607616,0.010561964,1.815478263
6.989403801,210.496872,184.613965,2770.639639,28.61166026,-80.59784363,18.66318809,17.17523584,228.0518702,-1.647171503,-1.271254912,-28.28779136,-0.08091113,0.047596377,0.033834604,0.995009142,-1.006275351,-0.725591105,-28.33706637,-0.004584531,0.012890136,1.814776907
6.999403801,210.6834171,184.7856513,2772.918747,28.6116618,-80.59784172,18.6457277,17.16196117,227.7699534,-1.714057351,-1.306845327,-28.22369696,-0.08993133,0.047839604,0.033357615,0.994238904,-0.937751873,-0.677726629,-28.28222437,-0.006890751,0.013426147,1.814068653
7.009403801,210.8697847,184.9572027,2775.19504,28.61166334,-80.59783981,18.6277225,17.14825041,227.4886691,-1.776988904,-1.348824925,-28.15973518,-0.098939967,0.048088749,0.032873096,0.993386991,-0.870719041,-0.624996439,-28.2276271,-0.008474933,0.012338327,1.813353495
7.019403801,211.0559703,185.1286148,2777.468523,28.61166488,-80.5978379,18.60933694,17.13409967,227.2080009,-1.821656691,-1.393320789,-28.09737546,-0.107936258,0.048350087,0.032386019,0.992453112,-0.820187715,-0.56852457,-28.17314955,-0.009262981,0.00966082,1.812631138
7.029403801,211.2419706,185.2998833,2779.739202,28.61166642,-80.597836,18.59070934,17.11954353,226.9279316,-1.853209261,-1.436279044,-28.03653642,-0.116919481,0.048628576,0.031901501,0.991437033,-0.78210858,-0.512689843,-28.11885688,-0.009160129,0.005874008,1.811901446
7.039403801,211.4277842,185.4710046,2782.007083,28.61166796,-80.5978341,18.57200075,17.10465534,226.6484392,-1.869633019,-1.473642832,-27.97768987,-0.125888913,0.048927659,0.031423312,0.99033865,-0.759692315,-0.460530408,-28.06472983,-0.008286348,0.001046866,1.81116469
7.049403801,211.6134109,185.6419757,2784.272172,28.6116695,-80.59783219,18.55337428,17.08953373,226.3694997,-1.869434007,-1.502380749,-27.92117879,-0.134843934,0.049247896,0.03095504,0.989157997,-0.755520859,-0.413929099,-28.01074807,-0.006803931,-0.004211831,1.810421054
7.059403801,211.7988524,185.8127949,2786.534475,28.61167104,-80.59783029,18.53496837,17.07430217,226.0910894,-1.85316387,-1.519849035,-27.86714194,-0.143783922,0.049588774,0.030499202,0.987895205,-0.770087659,-0.374774187,-27.95690016,-0.004700163,-0.009622184,1.809670675
7.069403801,211.9841114,185.9834618,2788.793996,28.61167257,-80.5978284,18.51689535,17.05909373,225.8131861,-1.825985617,-1.524276174,-27.81529116,-0.15270827,0.049947442,0.03005668,0.986550573,-0.799294685,-0.34534714,-27.90322431,-0.002341271,-0.014737938,1.808913806
7.079403801,212.1691918,186.1539773,2791.05074,28.61167411,-80.5978265,18.49926271,17.04404002,225.5357682,-1.786813224,-1.515321176,-27.76571857,-0.16161637,0.050320296,0.029627538,0.985124472,-0.844641576,-0.324920872,-27.84968644,1.96E-04,-0.019227388,1.808150618
7.089403801,212.3540984,186.3243435,2793.304713,28.61167564,-80.59782461,18.48214573,17.02926579,225.2588174,-1.738407463,-1.49333488,-27.71816457,-0.170507605,0.050702211,0.029210389,0.983617403,-0.903670139,-0.313202317,-27.79629546,0.002715944,-0.022949091,1.807381119
7.099403801,212.5388365,186.4945639,2795.555918,28.61167717,-80.59782271,18.46557714,17.01487162,224.9823207,-1.684515262,-1.459874872,-27.67219588,-0.179381347,0.051086467,0.028802173,0.98203001,-0.972493473,-0.309213955,-27.7430693,0.00496152,-0.025353502,1.806605328
7.109403801,212.7234117,186.6646425,2797.804361,28.6116787,-80.59782082,18.44953849,17.00092711,224.7062722,-1.629552917,-1.417845941,-27.62721349,-0.188236973,0.051466212,0.028399704,0.980362957,-1.045970859,-0.311164947,-27.69003027,0.006670374,-0.026222926,1.805823296
7.119403801,212.9078289,186.834584,2800.050045,28.61168023,-80.59781893,18.43397527,16.98747249,224.4306711,-1.579004424,-1.370302628,-27.58251175,-0.197073802,0.051835633,0.027999347,0.978616891,-1.117799439,-0.317888049,-27.63721061,0.008062856,-0.025895897,1.805035119
7.129403801,213.0920925,187.0043936,2802.292976,28.61168175,-80.59781705,18.41880802,16.97451254,224.1555217,-1.534954192,-1.320500025,-27.53764061,-0.205891128,0.052189,0.027596837,0.976792489,-1.184732429,-0.327138207,-27.58461246,0.008778931,-0.024157874,1.8042409
7.139403801,213.276206,187.1740758,2804.533157,28.61168328,-80.59781516,18.4039303,16.96201429,223.8808341,-1.500295533,-1.272118285,-27.49204527,-0.214688218,0.052521519,0.027188029,0.974890389,-1.24244699,-0.336805998,-27.53224676,0.008930022,-0.021321547,1.803440669
7.149403801,213.4601717,187.3436352,2806.770594,28.6116848,-80.59781328,18.38921904,16.94991189,223.6066223,-1.477229473,-1.228671831,-27.44523888,-0.223464321,0.05282942,0.026769143,0.972911179,-1.287222573,-0.344945597,-27.48012098,0.008531544,-0.017348958,1.802634476
7.159403801,213.6439908,187.5130751,2809.005291,28.61168633,-80.59781139,18.37461431,16.93811234,223.3328977,-1.4671795,-1.193296989,-27.39683086,-0.232218608,0.053111362,0.026336659,0.970855335,-1.31612043,-0.34988237,-27.42823953,0.007538359,-0.012844682,1.801822385
7.169403801,213.8276642,187.682398,2811.237254,28.61168785,-80.59780951,18.36006829,16.92649707,223.0596727,-1.45539278,-1.168669878,-27.34780477,-0.240950341,0.053365373,0.025888485,0.968723313,-1.340903228,-0.34323499,-27.37645981,0.00592986,-0.007777806,1.801003868
7.179403801,214.0111919,187.8516052,2813.466486,28.61168937,-80.59780763,18.34545096,16.91494132,222.786967,-1.456063296,-1.156437665,-27.29685831,-0.249658793,0.053591402,0.025424311,0.966515418,-1.347475874,-0.330301812,-27.32491814,0.004382357,-0.002507869,1.800178651
7.189403801,214.1945726,188.0206966,2815.692995,28.61169089,-80.59780575,18.3306447,16.90331929,222.5147993,-1.469439259,-1.156878426,-27.24395115,-0.25834318,0.053791764,0.024944421,0.964231831,-1.335187312,-0.311891684,-27.27362264,0.002743709,0.002635468,1.799347172
7.199403801,214.3778038,188.189671,2817.916784,28.61169241,-80.59780387,18.31555485,16.891515,222.2431852,-1.493466856,-1.169494074,-27.1893149,-0.267002707,0.053969927,0.024449725,0.961872659,-1.305941724,-0.288369847,-27.22257085,0.001159811,0.007167113,1.798509714
7.209403801,214.5608822,188.358526,2820.13786,28.61169393,-80.597802,18.30004011,16.87942744,221.9721428,-1.52555481,-1.193151964,-27.13328611,-0.275636562,0.054131114,0.023942119,0.9594379,-1.262496287,-0.260242875,-27.17175962,-3.94E-04,0.010729606,1.79766647
7.219403801,214.7438028,188.5272584,2822.356229,28.61169545,-80.59780013,18.28398487,16.86698159,221.701685,-1.578396979,-1.225660411,-27.07505635,-0.284243896,0.054282382,0.023424022,0.956927451,-1.195266216,-0.236843419,-27.12134769,-0.001881597,0.013104921,1.796818246
7.229403801,214.9265602,188.6958643,2824.571896,28.61169696,-80.59779825,18.26740512,16.85413192,221.4318117,-1.632386945,-1.264308943,-27.01648786,-0.292823885,0.054430954,0.022898447,0.954341189,-1.12290218,-0.211005054,-27.0711719,-0.003214348,0.013807572,1.79596554
7.239403801,215.1091494,188.8643396,2826.784867,28.61169848,-80.59779638,18.25036016,16.84086635,221.1625162,-1.682537249,-1.30587572,-26.95827501,-0.301375693,0.054584673,0.022368594,0.951678964,-1.051619704,-0.182893679,-27.02120428,-0.004297209,0.012983331,1.795108013
7.249403801,215.2915661,189.0326803,2828.995148,28.61169999,-80.59779451,18.2329466,16.82720644,220.8937857,-1.724752787,-1.346876482,-26.90104885,-0.30989853,0.054750065,0.021837492,0.948940702,-0.987081115,-0.15296512,-26.97142099,-0.005412035,0.010535027,1.794245479
7.259403801,215.4738077,189.2008826,2831.202745,28.61170151,-80.59779265,18.21536734,16.81320608,220.6255969,-1.755879346,-1.384084962,-26.84532555,-0.318391711,0.054931421,0.021308504,0.946126421,-0.933986545,-0.121638727,-26.9217975,-0.006127967,0.006827272,1.793377864
7.269403801,215.6558737,189.3689435,2833.407662,28.61170302,-80.59779078,18.19784988,16.79894486,220.3579221,-1.75704949,-1.414564759,-26.79283436,-0.326854585,0.055131087,0.020784177,0.94323627,-0.909365247,-0.079332424,-26.87212219,-0.006521411,0.002367181,1.792504393
7.279403801,215.8377654,189.5368609,2835.609905,28.61170453,-80.59778892,18.18051934,16.78452048,220.090741,-1.744364494,-1.436087318,-26.74244529,-0.335286602,0.055349045,0.020267163,0.940270503,-0.901396863,-0.036324629,-26.82255951,-0.006648885,-0.002521288,1.791624629
7.289403801,216.0194851,189.7046338,2837.809478,28.61170604,-80.59778706,18.16348282,16.77004559,219.8240336,-1.720016515,-1.446972184,-26.69409404,-0.343687275,0.055583691,0.019760068,0.937229454,-0.909416406,0.00545932,-26.77311662,-0.006250066,-0.007430362,1.79073909
7.299403801,216.2010363,189.8722621,2840.006387,28.61170754,-80.5977852,18.1468222,16.7556418,219.5577813,-1.686046192,-1.445988511,-26.64769067,-0.352056129,0.055832216,0.019264627,0.934113548,-0.932666821,0.0444629,-26.72379479,-0.005291901,-0.011948445,1.78984811
7.309403801,216.3824231,190.0397472,2842.200635,28.61170905,-80.59778334,18.13064295,16.74142743,219.2919642,-1.644997061,-1.432774824,-26.60303943,-0.36039266,0.056090519,0.018780762,0.930923341,-0.969494377,0.079418231,-26.67460101,-0.003963129,-0.016123306,1.788951897
7.319403801,216.563651,190.2070916,2844.392228,28.61171056,-80.59778148,18.1150203,16.72750298,219.0265665,-1.590119076,-1.408458187,-26.56058487,-0.368696437,0.056351845,0.018307772,0.927659546,-1.024164161,0.116364442,-26.6254474,-0.002407664,-0.01902351,1.788050169
7.329403801,216.7447254,190.3742985,2846.581168,28.61171206,-80.59777963,18.09993777,16.7139492,218.7615813,-1.534677196,-1.375085364,-26.5190728,-0.376967011,0.056610197,0.017844999,0.924322841,-1.085113864,0.148543623,-26.57645158,-5.69E-04,-0.020741284,1.787142769
7.339403801,216.9256514,190.541372,2848.767461,28.61171356,-80.59777777,18.08534141,16.70082416,218.497007,-1.482763917,-1.334622409,-26.4779923,-0.385203911,0.056858791,0.017390528,0.920913999,-1.147994081,0.174765174,-26.52763557,0.001626227,-0.021260952,1.786230064
7.349403801,217.1064335,190.7083165,2850.95111,28.61171506,-80.59777592,18.07114861,16.6881534,218.2328471,-1.437834938,-1.289987381,-26.43680375,-0.393406625,0.05709161,0.016942003,0.917433782,-1.208257167,0.194696938,-26.47901503,0.003704739,-0.020364332,1.785312289
7.359403801,217.287075,190.8751366,2853.132119,28.61171656,-80.59777407,18.05714779,16.67593397,217.9691184,-1.402641401,-1.244204125,-26.39501571,-0.40157458,0.057303513,0.016496334,0.913882944,-1.261826655,0.208304595,-26.43060165,0.005911659,-0.018188186,1.784389606
7.369403801,217.4675763,191.0418366,2855.310493,28.61171806,-80.59777222,18.04310449,16.66412882,217.705842,-1.400307011,-1.200409922,-26.35045582,-0.409707031,0.057492958,0.016049411,0.910262119,-1.290705813,0.200374419,-26.38261348,0.00768864,-0.015128433,1.783463126
7.379403801,217.6479366,191.2084204,2857.486237,28.61171956,-80.59777037,18.02891347,16.65267482,217.4430309,-1.410083542,-1.1616639,-26.30458918,-0.417803203,0.057659125,0.01559697,0.906571918,-1.307476845,0.1873613,-26.33485543,0.008740633,-0.01155772,1.782533541
7.389403801,217.8281538,191.374891,2859.659356,28.61172106,-80.59776853,18.0144878,16.64148262,217.1806981,-1.429590874,-1.130729286,-26.25740201,-0.425862262,0.057803343,0.015135212,0.902812845,-1.311748399,0.17242322,-26.28731682,0.009080961,-0.007678832,1.781600294
7.399403801,218.0082253,191.5412505,2861.829853,28.61172255,-80.59776668,17.99976373,16.6304493,216.9188557,-1.45667815,-1.109452055,-26.20894561,-0.433883353,0.057928102,0.01466082,0.898985334,-1.303568382,0.157948624,-26.23999594,0.008595305,-0.00388473,1.780663066
7.409403801,218.1881475,191.7075001,2863.997734,28.61172405,-80.59776484,17.98457046,16.61946652,216.6575246,-1.488678734,-1.098998342,-26.15937311,-0.441865642,0.058036941,0.014171593,0.895089735,-1.283723553,0.146309025,-26.19288856,0.007392999,-3.79E-04,1.779721697
7.419403801,218.3679146,191.8736397,2866.163005,28.61172554,-80.597763,17.96874592,16.60842571,216.3967246,-1.551160125,-1.099353579,-26.10663276,-0.449808203,0.058135574,0.013664968,0.891126312,-1.236546846,0.116743843,-26.14628603,0.0054052,0.002605442,1.778777507
7.429403801,218.5475205,192.0396681,2868.325671,28.61172704,-80.59776116,17.95233732,16.59722856,216.1364572,-1.612839442,-1.110349463,-26.05334753,-0.457710109,0.058231441,0.013139703,0.887095205,-1.182060559,0.093164347,-26.09990609,0.002468688,0.004440493,1.777831324
7.439403801,218.7269597,192.2055835,2870.485736,28.61172853,-80.59775932,17.93543446,16.5857931,215.8767186,-1.667375176,-1.130378532,-26.00020186,-0.465570499,0.058331079,0.012595155,0.882996579,-1.125262695,0.079642037,-26.05371055,-0.001274213,0.005178151,1.776882277
7.449403801,218.9062279,192.371383,2872.643207,28.61173002,-80.59775748,17.91816221,16.57405897,215.6175003,-1.71104334,-1.157639449,-25.94766874,-0.473388575,0.058440432,0.01203159,0.878830595,-1.069493678,0.078278239,-26.00767901,-0.005633635,0.004834969,1.775929867
7.459403801,219.0853229,192.5370635,2874.798088,28.61173151,-80.59775565,17.90088553,16.56198484,215.3587728,-1.740830162,-1.189927727,-25.89618589,-0.481163691,0.058563359,0.011450756,0.874597459,-1.017881759,0.090547005,-25.96179075,-0.010438786,0.003528974,1.774973811
7.469403801,219.264247,192.7026215,2876.950384,28.611733,-80.59775382,17.88400361,16.54956018,215.1005015,-1.710312818,-1.225071525,-25.8496787,-0.488895497,0.058700193,0.010858066,0.870297411,-0.996775193,0.154774482,-25.91552321,-0.014737452,0.001628157,1.774011687
7.479403801,219.4430047,192.8680536,2879.100099,28.61173449,-80.59775199,17.86763437,16.53680612,214.8426721,-1.664196892,-1.259451387,-25.80481137,-0.496583752,0.058848636,0.010258998,0.86593081,-0.983201026,0.232196467,-25.86935368,-0.017963945,-7.17E-04,1.773042034
7.489403801,219.6216017,193.0333567,2881.247239,28.61173597,-80.59775016,17.85185467,16.52376699,214.585272,-1.608467085,-1.290600355,-25.76127084,-0.50422829,0.059005476,0.009659573,0.861498043,-0.975586852,0.316522242,-25.82332153,-0.019930691,-0.002962258,1.772066265
7.499403801,219.8000439,193.1985282,2883.391806,28.61173746,-80.59774833,17.83670359,16.5105076,214.3282908,-1.546829567,-1.316236858,-25.71890114,-0.511828992,0.059166969,0.009066243,0.856999507,-0.973745741,0.40341099,-25.77743424,-0.020473169,-0.00521953,1.77108526
7.509403801,219.9783376,193.3635664,2885.533806,28.61173894,-80.5977465,17.82210087,16.49711324,214.0717263,-1.48334441,-1.334208487,-25.67749472,-0.519385706,0.059329046,0.008484199,0.85243567,-0.977501174,0.488241283,-25.73169776,-0.019620809,-0.007496413,1.770099561
7.519403801,220.1564873,193.5284703,2887.673242,28.61174042,-80.59774468,17.80791626,16.4836758,213.8155809,-1.438442845,-1.343157134,-25.63542329,-0.526898217,0.05948788,0.007917284,0.847807041,-0.978672719,0.552221605,-25.68628753,-0.017590603,-0.00948162,1.769110363
7.529403801,220.3344971,193.6932401,2889.810119,28.61174191,-80.59774285,17.79408558,16.47029024,213.5598516,-1.399495213,-1.342675318,-25.59370832,-0.53436625,0.059639875,0.007368053,0.843114172,-0.984299765,0.606180112,-25.64104072,-0.014609723,-0.011240162,1.768118423
7.539403801,220.5123699,193.8578766,2891.94444,28.61174339,-80.59774103,17.78052361,16.45704572,213.3045377,-1.368114886,-1.332962049,-25.55216261,-0.541789429,0.059782419,0.006837581,0.838357635,-0.993928829,0.648814612,-25.59595056,-0.011050419,-0.01256569,1.767123336
7.549403801,220.6901081,194.0223817,2894.076211,28.61174487,-80.59773921,17.76713318,16.44402012,213.0496408,-1.34596597,-1.314717163,-25.51056899,-0.549167287,0.059913382,0.006325327,0.833538043,-1.006724091,0.679027346,-25.5510208,-0.007228445,-0.013633703,1.766124871
7.559403801,220.8677133,194.1867579,2896.205435,28.61174634,-80.59773739,17.75394275,16.43127694,212.7951532,-1.33390215,-1.289319695,-25.46873767,-0.556499361,0.060030286,0.005830505,0.828656039,-1.02160493,0.696740935,-25.50625637,-0.003290798,-0.01430668,1.765122912
7.569403801,221.0451878,194.3510083,2898.332115,28.61174782,-80.59773557,17.74099451,16.4188594,212.5410676,-1.30495654,-1.258569844,-25.42877713,-0.563785209,0.060129504,0.005351804,0.823712352,-1.047724971,0.727753044,-25.46138771,7.73E-04,-0.014307776,1.764115905
7.579403801,221.2225335,194.5151363,2900.456257,28.6117493,-80.59773375,17.72815978,16.40679,212.2873927,-1.286881562,-1.224510159,-25.38819533,-0.571024355,0.060207892,0.004887479,0.818707706,-1.072106011,0.747420032,-25.41668553,0.00500429,-0.013586494,1.763102908
7.589403801,221.3997509,194.6791453,2902.577865,28.61175077,-80.59773194,17.71530643,16.39506742,212.0341391,-1.282162343,-1.18939745,-25.34659965,-0.578216244,0.060263298,0.004434736,0.813642823,-1.092169125,0.754104509,-25.372174,0.00914979,-0.012287227,1.762084863
7.599403801,221.5768392,194.8430387,2904.696942,28.61175225,-80.59773013,17.70230839,16.38366549,211.7813185,-1.290604044,-1.1556475,-25.30391209,-0.585360232,0.060295078,0.00398991,0.808518387,-1.106211855,0.748641549,-25.32794856,0.012947926,-0.01026041,1.761062375
7.609403801,221.7537962,195.0068195,2906.813493,28.61175372,-80.59772831,17.68904287,16.37253777,211.5289442,-1.310927805,-1.125502368,-25.25999429,-0.592455605,0.060303709,0.003548639,0.803335064,-1.11299666,0.732775712,-25.28392527,0.016144421,-0.007909582,1.760035808
7.619403801,221.9306188,195.1704902,2908.927522,28.61175519,-80.5977265,17.67541146,16.36162021,211.2770286,-1.343638394,-1.10104758,-25.21466673,-0.599501602,0.060291273,0.003106687,0.798093441,-1.110809235,0.706459084,-25.24012889,0.018449521,-0.005215139,1.759005535
7.629403801,222.107303,195.3340524,2911.039035,28.61175666,-80.59772469,17.66135907,16.35083762,211.025581,-1.383512222,-1.083673554,-25.16829282,-0.606497451,0.060260574,0.002660109,0.792794065,-1.10029075,0.674874989,-25.19653392,0.019796437,-0.00249669,1.757971816
7.639403801,222.2838445,195.4975071,2913.148035,28.61175813,-80.59772288,17.6468606,16.34010696,210.7746084,-1.427425496,-1.07425386,-25.12109926,-0.613442363,0.060215294,0.002205142,0.78743744,-1.081690384,0.641073998,-25.15313425,0.020188091,2.97E-04,1.756934665
7.649403801,222.4602388,195.6608544,2915.254528,28.6117596,-80.59772108,17.63192471,16.32934903,210.5241144,-1.472140561,-1.073155992,-25.07336063,-0.620335575,0.06016027,0.001739358,0.782023971,-1.055597,0.608120015,-25.10992194,0.019469885,0.002604069,1.75589411
7.659403801,222.6364817,195.8240937,2917.358519,28.61176107,-80.59771927,17.61659946,16.31849081,210.2740985,-1.5144567,-1.079645832,-25.02542983,-0.627176343,0.060099865,0.001260323,0.776554088,-1.023532606,0.578809307,-25.06688479,0.017935488,0.004655244,1.754850182
7.669403801,222.8125697,195.9872237,2919.460012,28.61176254,-80.59771747,17.60096351,16.30746852,210.024557,-1.549348726,-1.093089572,-24.97779246,-0.633963981,0.0600387,7.67E-04,0.771028169,-0.987087802,0.557833685,-25.02398693,0.015513025,0.006173645,1.753802798
7.679403801,222.9885002,196.1502424,2921.559012,28.611764,-80.59771566,17.5851058,16.2962336,209.7754838,-1.576336918,-1.11212182,-24.93061188,-0.640697821,0.059981045,2.58E-04,0.765446608,-0.947393814,0.54534605,-24.98123505,0.012372003,0.007164439,1.752751912
7.689403801,223.1642715,196.3131475,2923.655523,28.61176547,-80.59771386,17.5691329,16.28475245,209.5268702,-1.593334894,-1.135424135,-24.88417547,-0.647377335,0.05993033,-2.66E-04,0.75980976,-0.905798519,0.543167366,-24.93861647,0.008628824,0.007628477,1.751697641
7.699403801,223.3398829,196.4759366,2925.749551,28.61176693,-80.59771206,17.55315747,16.27301168,209.2787054,-1.599322086,-1.161045017,-24.83872165,-0.654002051,0.059889391,-8.03E-04,0.754117983,-0.864009552,0.551962213,-24.89611968,0.004738977,0.007521321,1.750640064
7.709403801,223.5153351,196.6386069,2927.841099,28.61176839,-80.59771027,17.53733328,16.26101935,209.0309736,-1.59388042,-1.186951829,-24.79444174,-0.660571575,0.059860335,-0.001350481,0.748371639,-0.82367917,0.571871335,-24.85373546,9.21E-04,0.006699372,1.749579246
7.719403801,223.6906306,196.8011562,2929.930172,28.61176986,-80.59770847,17.52181534,16.24880174,208.7836577,-1.568745197,-1.211099974,-24.75215839,-0.667085617,0.059843545,-0.001905155,0.742571142,-0.7874596,0.610916299,-24.81136349,-0.002867404,0.005389738,1.748514751
7.729403801,223.8657727,196.9635824,2932.016773,28.61177132,-80.59770668,17.50668962,16.23640159,208.5367449,-1.533423416,-1.231701304,-24.71122841,-0.673543983,0.059837927,-0.002463035,0.736716946,-0.755196579,0.659532213,-24.76909325,-0.005812558,0.00373466,1.747446314
7.739403801,224.0407659,197.1258838,2934.100908,28.61177278,-80.59770488,17.49201773,16.22387466,208.2902238,-1.490706323,-1.247352597,-24.67151501,-0.679946528,0.059841706,-0.0030198,0.730809531,-0.727613383,0.714846098,-24.72693512,-0.008102542,0.001686458,1.746374282
7.749403801,224.2156147,197.2880596,2936.182579,28.61177423,-80.59770309,17.47783248,16.21128669,208.0440845,-1.443205758,-1.256901055,-24.63287166,-0.686293148,0.059852246,-0.003571069,0.724849413,-0.705381958,0.774215869,-24.68489488,-0.009436462,-5.78E-04,1.745298885
7.759403801,224.3903238,197.4501096,2938.261791,28.61177569,-80.5977013,17.46403864,16.19870732,207.7983279,-1.393863301,-1.259607017,-24.59508726,-0.692583723,0.059866707,-0.004113163,0.718837148,-0.688897603,0.83471795,-24.64297969,-0.009715101,-0.002940771,1.744220275
7.769403801,224.5648963,197.6120341,2940.338547,28.61177715,-80.59769951,17.4505013,16.18620885,207.5529581,-1.366095144,-1.255058771,-24.55624331,-0.698818035,0.059883047,-0.004644159,0.71277332,-0.677580234,0.872968334,-24.6014082,-0.009313768,-0.00538584,1.743139775
7.779403801,224.7393346,197.7738342,2942.412851,28.6117786,-80.59769773,17.43719047,16.17385541,207.3079714,-1.341815948,-1.243577559,-24.51777485,-0.704995822,0.059898704,-0.005163629,0.706658598,-0.672654522,0.907289445,-24.55997965,-0.00847876,-0.007642189,1.742058237
7.789403801,224.9136408,197.9355118,2944.484708,28.61178006,-80.59769594,17.42406706,16.16170093,207.0633658,-1.320963116,-1.226200903,-24.47959343,-0.711116806,0.059911454,-0.00567122,0.700493642,-0.673192971,0.937990576,-24.51868658,-0.007301157,-0.009517484,1.740974977
7.799403801,225.0878164,198.0970691,2946.55412,28.61178151,-80.59769416,17.41108161,16.14979113,206.8191408,-1.304584488,-1.203875439,-24.44152881,-0.717180694,0.059919288,-0.006166947,0.694279122,-0.678369952,0.964214542,-24.47753443,-0.005827156,-0.011268943,1.739889574
7.809403801,225.2618621,198.2585086,2948.621092,28.61178296,-80.59769237,17.39799205,16.13815714,206.5753132,-1.293444968,-1.1776185,-24.40343157,-0.723187128,0.059919956,-0.006652561,0.688015785,-0.687342954,0.985345376,-24.43652822,-0.004070452,-0.012537772,1.738801783
7.819403801,225.435775,198.4198332,2950.685627,28.61178441,-80.59769059,17.38453039,16.12681308,206.3319027,-1.326884842,-1.148934769,-24.36193654,-0.729135569,0.059913309,-0.00713226,0.68170437,-0.700581811,0.962065972,-24.39607019,-0.002571723,-0.013180417,1.737713824
7.829403801,225.6095514,198.5810458,2952.747731,28.61178586,-80.59768881,17.37067475,16.11575488,206.0889102,-1.365816506,-1.119881126,-24.32013989,-0.73502538,0.059900456,-0.007611434,0.675345609,-0.715663623,0.933759158,-24.35579422,-0.001869094,-0.013246041,1.736627147
7.839403801,225.7831872,198.7421492,2954.807407,28.61178731,-80.59768703,17.3564346,16.10496155,205.846335,-1.405160923,-1.092091633,-24.27836121,-0.740855913,0.059882575,-0.008095718,0.668940246,-0.730652182,0.905652647,-24.315672,-0.002156818,-0.012554338,1.735540292
7.849403801,225.9566789,198.9031458,2956.864659,28.61178876,-80.59768526,17.34184521,16.09439944,205.6041748,-1.442243979,-1.067132285,-24.23672229,-0.746626553,0.059861075,-0.008589808,0.662488986,-0.743560481,0.880447565,-24.27569724,-0.003343219,-0.0113765,1.734452345
7.859403801,226.1300237,199.0640378,2958.919492,28.61179021,-80.59768348,17.32713401,16.08402312,205.3624127,-1.4746626,-1.046028483,-24.19535802,-0.752336796,0.059836024,-0.009097296,0.655992557,-0.752834293,0.860483768,-24.23586111,-0.005237917,-0.009553499,1.733362762
7.869403801,226.3032221,199.2248267,2960.971909,28.61179165,-80.59768171,17.31256672,16.07377904,205.1210291,-1.465015604,-1.030096066,-24.15723474,-0.757986297,0.059806261,-0.009619221,0.649451658,-0.751784728,0.882673266,-24.19576546,-0.007338789,-0.007319587,1.732269002
7.879403801,226.4762757,199.3855136,2963.021914,28.6117931,-80.59767993,17.29819797,16.06360956,204.8800221,-1.447531032,-1.019693803,-24.11951336,-0.763574835,0.05976975,-0.010154834,0.64286696,-0.742991708,0.912433316,-24.15577519,-0.00913319,-0.004892879,1.731169438
7.889403801,226.6491868,199.546099,2965.06951,28.61179454,-80.59767816,17.28406858,16.05345694,204.6393912,-1.425478445,-1.015118876,-24.08189219,-0.769102217,0.059724825,-0.010702711,0.636239088,-0.726301852,0.946002154,-24.11591906,-0.010516482,-0.002274438,1.730065313
7.899403801,226.821958,199.7065826,2967.114703,28.61179598,-80.59767639,17.27020683,16.04326488,204.3991368,-1.399940604,-1.016327452,-24.04427572,-0.774568271,0.059670243,-0.011260795,0.629568622,-0.701773139,0.981839489,-24.07620103,-0.011374987,2.05E-04,1.728957425
7.909403801,226.9945913,199.866964,2969.157494,28.61179743,-80.59767462,17.25645422,16.03298271,204.1592744,-1.372085138,-1.022928952,-24.00658875,-0.779972826,0.059604966,-0.011827048,0.622856131,-0.669946745,1.018403105,-24.03662479,-0.011775896,0.002597035,1.727846284
7.919403801,227.1670867,200.0272418,2971.19789,28.61179887,-80.59767286,17.24261409,16.02256692,203.9198222,-1.379775889,-1.034259883,-23.9657398,-0.7853156,0.059530419,-0.012400045,0.616102083,-0.639769181,1.018332195,-23.99758018,-0.011846595,0.004683199,1.726734526
7.929403801,227.3394434,200.1874147,2973.235892,28.61180031,-80.59767109,17.2287043,16.01198604,203.6807797,-1.387930522,-1.049371392,-23.92470471,-0.790596241,0.059448693,-0.012979437,0.60930696,-0.60585271,1.016225028,-23.95869897,-0.012228687,0.006319412,1.725623879
7.939403801,227.5116607,200.3474809,2975.271507,28.61180175,-80.59766933,17.21475168,16.00121859,203.4421448,-1.393595994,-1.067197518,-23.88382009,-0.795814414,0.059362167,-0.013564329,0.602471212,-0.568644927,1.015110219,-23.91995144,-0.012847437,0.007699337,1.724513087
7.949403801,227.6837384,200.5074385,2977.304737,28.61180319,-80.59766756,17.20078767,15.99025738,203.2039136,-1.396361872,-1.086369116,-23.84323399,-0.800969786,0.059272986,-0.01415405,0.595595314,-0.529386537,1.015660736,-23.88133192,-0.013764742,0.008675545,1.723401355
7.959403801,227.8556764,200.6672854,2979.335586,28.61180462,-80.5976658,17.18680331,15.97910817,202.9660849,-1.395851092,-1.105707801,-23.80307573,-0.806062074,0.059183064,-0.014747163,0.588679725,-0.489078088,1.018542602,-23.84283494,-0.014876217,0.009214203,1.722288198
7.969403801,228.0274743,200.8270201,2981.36406,28.61180606,-80.59766404,17.17278238,15.96778758,202.7286571,-1.400763226,-1.123856566,-23.76272746,-0.811090979,0.059094275,-0.015342801,0.581724926,-0.451612202,1.015831349,-23.80454874,-0.016085952,0.009397416,1.721173886
7.979403801,228.199132,200.9866407,2983.390161,28.6118075,-80.59766228,17.1587604,15.95632457,202.4916231,-1.402734061,-1.139784045,-23.72296664,-0.816056198,0.059009007,-0.015939839,0.574731364,-0.415646662,1.016017482,-23.76638094,-0.017551686,0.009204006,1.720058627
7.989403801,228.3706496,201.1461462,2985.413893,28.61180893,-80.59766053,17.14477147,15.94476039,202.2549752,-1.40108265,-1.152133181,-23.68395719,-0.820957489,0.058928732,-0.016536752,0.567699518,-0.382170186,1.020339782,-23.72831903,-0.019225433,0.008517993,1.718941989
7.999403801,228.5420277,201.3055357,2987.435261,28.61181036,-80.59765877,17.13084697,15.93314429,202.0187054,-1.396167033,-1.159836119,-23.64574875,-0.825794612,0.058854008,-0.017132806,0.560629942,-0.352174932,1.028978728,-23.69035905,-0.020942971,0.00754919,1.717823715
8.009403801,228.7132675,201.4648091,2989.454269,28.6118118,-80.59765702,17.11721454,15.92152734,201.7827888,-1.388301127,-1.162475665,-23.60834476,-0.830567419,0.05878432,-0.01772633,0.55352321,-0.325967247,1.041970669,-23.65249911,-0.022612202,0.006473412,1.716703651
8.019403801,228.8843738,201.6239665,2991.470918,28.61181323,-80.59765526,17.10412132,15.90995934,201.5471992,-1.336291861,-1.160112017,-23.57520937,-0.835275941,0.058717013,-0.018313538,0.54637993,-0.287502698,1.097615071,-23.61428838,-0.023690794,0.005180527,1.715578896
8.029403801,229.0553517,201.7830086,2993.485214,28.61181466,-80.59765351,17.09154359,15.89848978,201.3119335,-1.282896996,-1.152649891,-23.54273913,-0.83992027,0.058648472,-0.018890436,0.539200749,-0.251827192,1.155735959,-23.57617123,-0.023744927,0.00342494,1.71444755
8.039403801,229.2262062,201.9419367,2995.497158,28.61181609,-80.59765176,17.07942683,15.88716008,201.0769919,-1.233573709,-1.140636766,-23.51039671,-0.844500523,0.05857489,-0.019452847,0.531986311,-0.22061685,1.211047003,-23.53818606,-0.022756918,0.00156825,1.713311263
8.049403801,229.3969415,202.1007524,2997.506755,28.61181752,-80.59765001,17.06769078,15.87600463,200.8423781,-1.191148612,-1.124747231,-23.47784914,-0.849016764,0.058492649,-0.019997805,0.524737298,-0.194660365,1.260699385,-23.50034119,-0.020798297,-6.13E-04,1.712171118
8.059403801,229.5675609,202.2594575,2999.514007,28.61181894,-80.59764827,17.05623723,15.8650471,200.6080982,-1.157798812,-1.105987736,-23.44479582,-0.853468978,0.058399167,-0.020523326,0.517454379,-0.174309982,1.30236655,-23.46264298,-0.017930348,-0.002839518,1.711027799
8.069403801,229.7380668,202.418054,3001.518918,28.61182037,-80.59764652,17.04495724,15.85430193,200.3741599,-1.134730437,-1.0852357,-23.41103712,-0.857857136,0.058291509,-0.021028122,0.510138268,-0.159731739,1.334730252,-23.42509317,-0.014618892,-0.005085601,1.709881725
8.079403801,229.9084603,202.5765442,3003.521491,28.61182179,-80.59764477,17.03373278,15.84377002,200.1405721,-1.123276574,-1.063745199,-23.37647379,-0.8621811,0.058167547,-0.021512687,0.502789709,-0.150882966,1.356196866,-23.38783435,-0.01066797,-0.007195523,1.708733164
8.089403801,230.0787413,202.7349301,3005.52173,28.61182322,-80.59764303,17.02244837,15.83343837,199.9073459,-1.123527858,-1.042875323,-23.340889,-0.866440699,0.058025708,-0.021977863,0.495409433,-0.147075353,1.366239686,-23.35077645,-0.006625377,-0.008952819,1.707582302
8.099403801,230.2489087,202.8932136,3007.519639,28.61182464,-80.59764129,17.01099413,15.82328425,199.6744924,-1.135230847,-1.023811931,-23.30416729,-0.87063564,0.057865652,-0.022426108,0.487998175,-0.147640096,1.364694035,-23.31387925,-0.002472321,-0.010422573,1.70642927
8.109403801,230.4189598,203.0513963,3009.515222,28.61182606,-80.59763954,16.99914223,15.81327462,199.4420337,-1.157094424,-1.007577854,-23.26635545,-0.874765575,0.057687464,-0.022860833,0.480556685,-0.151489438,1.352402971,-23.27714402,0.001311104,-0.011323248,1.705274159
8.119403801,230.5888894,203.2094794,3011.508481,28.61182749,-80.5976378,16.98666468,15.80336919,199.2099919,-1.215545353,-0.994998207,-23.22514358,-0.878829975,0.057493332,-0.023287753,0.473085693,-0.172476103,1.306741742,-23.24085937,0.004538483,-0.011648381,1.704118982
8.129403801,230.758691,203.3674639,3013.499423,28.61182891,-80.59763606,16.97353299,15.79352282,198.9783719,-1.280339107,-0.986792785,-23.18313839,-0.882828227,0.057286324,-0.023713679,0.465585932,-0.194858671,1.253799826,-23.20476137,0.006601403,-0.011050181,1.702965099
8.139403801,230.9283579,203.5253499,3015.48805,28.61183033,-80.59763432,16.95975845,15.78368774,198.7471747,-1.34580152,-0.983258343,-23.14085009,-0.886759729,0.057069676,-0.02414518,0.458058125,-0.215354559,1.198432822,-23.16882178,0.007507662,-0.009636271,1.701811404
8.149403801,231.0978841,203.6831375,3017.474368,28.61183175,-80.59763259,16.94539067,15.7738194,198.5163978,-1.40825127,-0.98444206,-23.09862546,-0.890623866,0.056847487,-0.024588473,0.45050294,-0.231734143,1.143774486,-23.13302564,0.00712676,-0.007313176,1.700657175
8.159403801,231.267264,203.8408261,3019.458379,28.61183316,-80.59763085,16.93050661,15.76387989,198.2860354,-1.464007209,-0.989830368,-23.05684729,-0.894420113,0.056623627,-0.025048233,0.442921001,-0.242046465,1.093167989,-23.09735235,0.005558516,-0.004451835,1.699501968
8.169403801,231.4364929,203.9984148,3021.44009,28.61183458,-80.59762912,16.91521083,15.75383959,198.0560787,-1.510992651,-0.998536338,-23.0157785,-0.898148001,0.056401227,-0.025528643,0.435312944,-0.245446177,1.048729149,-23.06178998,0.002957638,-0.001080405,1.698345567
8.179403801,231.6055673,204.1559025,3023.419502,28.611836,-80.59762739,16.89963274,15.74367704,197.826516,-1.546011995,-1.009819825,-22.9757575,-0.901807128,0.056182869,-0.026033051,0.427679401,-0.240139793,1.013274396,-23.02630951,-3.77E-04,0.00274331,1.697187847
8.189403801,231.7744851,204.3132879,3025.396621,28.61183741,-80.59762566,16.88391798,15.73337912,197.5973335,-1.567147129,-1.022926618,-22.93701189,-0.905397174,0.055971196,-0.026563101,0.420020932,-0.224982289,0.988484166,-22.99089223,-0.00447993,0.006968373,1.69602868
8.199403801,231.9432457,204.4705696,3027.37145,28.61183883,-80.59762393,16.86821585,15.72294501,197.3685162,-1.573349642,-1.036666446,-22.8997283,-0.908917953,0.055767703,-0.027118693,0.412338082,-0.199673432,0.975562616,-22.95552375,-0.008924623,0.011017853,1.694867988
8.209403801,232.1118507,204.6277463,3029.343993,28.61184024,-80.5976222,16.8529156,15.7123826,197.1400281,-1.564638774,-1.049989505,-22.8639897,-0.912369398,0.055573177,-0.027697798,0.404631358,-0.164467974,0.974728349,-22.92019747,-0.013516995,0.014941675,1.693705736
8.219403801,232.2803067,204.7848169,3031.314252,28.61184165,-80.59762047,16.83842637,15.7017101,196.9118304,-1.491307484,-1.062120907,-22.83405358,-0.915751746,0.055386132,-0.028293839,0.396901214,-0.086064262,1.023066406,-22.88431843,-0.01768782,0.018186487,1.692538263
8.229403801,232.4486222,204.9417803,3033.28223,28.61184306,-80.59761875,16.82482424,15.69095716,196.6839119,-1.405361199,-1.071816172,-22.80565389,-0.919065393,0.055204276,-0.028897867,0.389148049,0.001283582,1.080870118,-22.84848786,-0.020743026,0.02008514,1.691363084
8.239403801,232.6168063,205.0986359,3035.247931,28.61184448,-80.59761703,16.81213156,15.68015928,196.4562654,-1.314725674,-1.078183351,-22.77816525,-0.922310784,0.055024767,-0.02950062,0.381372268,0.091596104,1.142372446,-22.81276815,-0.022650219,0.020518726,1.690182342
8.249403801,232.7848678,205.2553834,3037.211356,28.61184589,-80.59761531,16.80032567,15.66935456,196.2288881,-1.224137457,-1.080735514,-22.75117985,-0.925488405,0.05484384,-0.030093013,0.373574324,0.181073167,1.204168406,-22.77717887,-0.023185386,0.019586872,1.688997469
8.259403801,232.9528156,205.4120231,3039.17251,28.61184729,-80.59761359,16.7893754,15.65857995,196.0017787,-1.138224187,-1.079548811,-22.72423584,-0.928598724,0.054658205,-0.030666259,0.365754658,0.266194094,1.262739164,-22.74173487,-0.02229363,0.017194295,1.68780937
8.269403801,233.120658,205.5685552,3041.131393,28.6118487,-80.59761187,16.77921589,15.64787104,195.7749393,-1.05332078,-1.074736177,-22.69758022,-0.931642166,0.05446486,-0.031212391,0.357913733,0.349312618,1.320489867,-22.70636426,-0.020306603,0.013559582,1.68661804
8.279403801,233.2884021,205.7249808,3043.088009,28.61185011,-80.59761015,16.76969764,15.63726025,195.5483808,-0.981124563,-1.066476885,-22.67010504,-0.934619102,0.054260762,-0.031724735,0.350052062,0.421598306,1.369268286,-22.67114907,-0.017277236,0.008629038,1.685423452
8.289403801,233.4560535,205.8813008,3045.042362,28.61185151,-80.59760843,16.76064221,15.62677032,195.3221176,-0.925474263,-1.055374235,-22.64134983,-0.937529831,0.05404297,-0.032198157,0.342170209,0.479947392,1.406410395,-22.63609286,-0.013183365,0.002923627,1.6842262
8.299403801,233.6236158,206.0375167,3046.994453,28.61185292,-80.59760671,16.75185113,15.61641687,195.0961672,-0.888894453,-1.042353668,-22.61098577,-0.940374519,0.053809489,-0.032629582,0.334268774,0.522347411,1.430080311,-22.6012242,-0.008469563,-0.003523062,1.683026678
8.309403801,233.7910908,206.1936297,3048.944286,28.61185432,-80.597605,16.74314362,15.60620373,194.8705468,-0.872740975,-1.028322115,-22.57875742,-0.943153204,0.053558825,-0.033018153,0.326348415,0.54761584,1.439380844,-22.56651745,-0.003291795,-0.010216378,1.681825148
8.319403801,233.9584784,206.3496412,3050.891865,28.61185573,-80.59760328,16.73434552,15.59612562,194.6452736,-0.871960024,-1.01438606,-22.54500999,-0.945865807,0.053290401,-0.033364657,0.318409812,0.559746342,1.437365147,-22.53192034,0.002033666,-0.016856855,1.680621392
8.329403801,234.1257768,206.5055526,3052.837193,28.61185713,-80.59760157,16.72526494,15.58616913,194.4203669,-0.890863969,-1.001417893,-22.50930436,-0.948512131,0.05300434,-0.033671784,0.310453681,0.555355718,1.421336491,-22.49748079,0.007198979,-0.023238709,1.679415269
8.339403801,234.2929822,206.6613649,3054.780273,28.61185853,-80.59759986,16.71573066,15.57631182,194.1958443,-0.928104818,-0.990262215,-22.47173418,-0.951091861,0.052701373,-0.033944208,0.302480788,0.53548833,1.392266787,-22.46320726,0.012026752,-0.028913834,1.67820709
8.349403801,234.4600894,206.817079,3056.721111,28.61185993,-80.59759814,16.70560368,15.56652429,193.9717205,-0.981029624,-0.981713561,-22.43253384,-0.953604561,0.052383011,-0.034188593,0.294491939,0.502339474,1.351894286,-22.42910592,0.01624716,-0.033683311,1.676997067
8.359403801,234.6270919,206.9726955,3058.659709,28.61186133,-80.59759643,16.69476164,15.55677227,193.7480081,-1.046028318,-0.976401506,-22.39204814,-0.956049751,0.052051424,-0.034412081,0.286487925,0.458965101,1.302535263,-22.39518046,0.019664956,-0.037154916,1.675785345
8.369403801,234.7939819,207.1282145,3060.596072,28.61186273,-80.59759472,16.68311942,15.54702241,193.5247158,-1.123554656,-0.974569362,-22.35029898,-0.958426873,0.051709956,-0.034622787,0.278469519,0.404947122,1.244393699,-22.36147417,0.022060298,-0.039446865,1.67457234
8.379403801,234.9607515,207.2836359,3062.530205,28.61186413,-80.59759302,16.67065937,15.53724213,193.3018458,-1.205190669,-0.975994365,-22.30811037,-0.960735359,0.051361569,-0.03482951,0.270437542,0.347139143,1.182946659,-22.32794145,0.023329265,-0.040277024,1.673358342
8.389403801,235.1273925,207.4389591,3064.462111,28.61186552,-80.59759131,16.65740953,15.52740273,193.0793953,-1.286296543,-0.980534156,-22.26594793,-0.96297463,0.051009767,-0.035041193,0.262392798,0.289576755,1.121134553,-22.29456539,0.023513505,-0.039530676,1.672143204
8.399403801,235.2938973,207.5941836,3066.391794,28.61186692,-80.5975896,16.64343827,15.51748036,192.8573577,-1.362570834,-0.987736049,-22.22425045,-0.965144146,0.050657715,-0.035266475,0.254336095,0.236025092,1.061748128,-22.26132325,0.02255413,-0.037286039,1.670926853
8.409403801,235.4602587,207.7493084,3068.319259,28.61186831,-80.5975879,16.62870688,15.50745685,192.6357347,-1.429823181,-0.997108286,-22.18342899,-0.967243439,0.050308387,-0.035512922,0.246268205,0.190298603,1.007291946,-22.22818685,0.020620252,-0.033556849,1.669709241
8.419403801,235.6264688,207.9043324,3070.24451,28.61186971,-80.5975862,16.61318672,15.49732414,192.4145257,-1.515270584,-1.00777495,-22.14132037,-0.969271963,0.04996594,-0.035789012,0.238189868,0.128514772,0.945197302,-22.19549074,0.01768431,-0.028582248,1.668492623
8.429403801,235.7925204,208.0592545,3072.167551,28.6118711,-80.59758449,16.59706349,15.48708406,192.1937121,-1.585574832,-1.018720014,-22.10078662,-0.971229287,0.049633201,-0.036102075,0.230101841,0.07969025,0.893012501,-22.16286952,0.013610099,-0.022025875,1.667278575
8.439403801,235.9584087,208.2140738,3074.088386,28.61187249,-80.5975828,16.58055355,15.47674716,191.9732719,-1.635468884,-1.029090895,-22.06230447,-0.973115074,0.049312688,-0.036457743,0.22200483,0.048859007,0.853406449,-22.13025927,0.008841003,-0.014359353,1.666065776
8.449403801,236.124131,208.3687892,3076.007018,28.61187388,-80.5975811,16.56389178,15.46633336,191.7531815,-1.662553914,-1.037884113,-22.02612361,-0.974929157,0.049005501,-0.036859176,0.21389951,0.038518819,0.827585932,-22.09762495,0.003511799,-0.005829484,1.664853344
8.459403801,236.2896869,208.5234003,3077.92345,28.61187527,-80.5975794,16.54733346,15.45586928,191.533415,-1.665777529,-1.044415914,-21.99236316,-0.97667151,0.048712591,-0.037306619,0.205786446,0.050084738,0.815672653,-22.06494565,-0.00201281,0.003074222,1.663640711
8.469403801,236.4550788,208.6779066,3079.837687,28.61187666,-80.59757771,16.53112692,15.44539,191.3139466,-1.641918287,-1.047781291,-21.96134593,-0.978342272,0.048433716,-0.037797691,0.197666153,0.086785393,0.818775563,-22.03217037,-0.007443031,0.011777113,1.662427255
8.479403801,236.6203113,208.8323081,3081.74973,28.61187805,-80.59757601,16.51547735,15.43493597,191.0947533,-1.596024331,-1.047349318,-21.93271667,-0.979941719,0.048167823,-0.038327813,0.189539093,0.14432237,0.834242714,-21.99935237,-0.012525103,0.019762736,1.661212574
8.489403801,236.7853908,208.9866055,3083.659583,28.61187944,-80.59757432,16.50055878,15.42454941,190.8758145,-1.531030146,-1.042734818,-21.90627975,-0.981470248,0.047912836,-0.038890646,0.181405705,0.220234417,0.860245817,-21.96651805,-0.017070364,0.026908321,1.659996678
8.499403801,236.9503254,209.1407995,3085.567247,28.61188083,-80.59757263,16.48650632,15.4142704,190.6571128,-1.450464951,-1.033946443,-21.88176049,-0.982928369,0.04766614,-0.039478125,0.173266381,0.311492706,0.894493986,-21.93369985,-0.020702021,0.0326802,1.658779585
8.509403801,237.1151235,209.2948914,3087.472726,28.61188221,-80.59757095,16.47322179,15.40413794,190.4386503,-1.358574922,-1.021198035,-21.8587999,-0.984316636,0.047424792,-0.04008166,0.165121502,0.41427676,0.934430218,-21.90093421,-0.023536137,0.036913733,1.65756133
8.519403801,237.2797918,209.4488829,3089.376021,28.6118836,-80.59756926,16.46053553,15.39418618,190.2204362,-1.299052997,-1.004675516,-21.83370715,-0.98563553,0.047185965,-0.040694424,0.156971495,0.487220979,0.964737668,-21.86868941,-0.025429679,0.039694765,1.656344934
8.529403801,237.4443363,209.6027758,3091.277136,28.61188498,-80.59756757,16.4484707,15.38444033,190.0024643,-1.237790755,-0.985241605,-21.80921563,-0.986885503,0.046946913,-0.041310369,0.148816817,0.56241209,0.996680169,-21.83655272,-0.026530315,0.041413432,1.655132531
8.539403801,237.6087633,209.7565724,3093.176071,28.61188636,-80.59756589,16.43702436,15.37491699,189.7847317,-1.175260448,-0.963651698,-21.78520333,-0.988067073,0.046704282,-0.041922738,0.140657932,0.639498463,1.029155212,-21.80451392,-0.026872251,0.04195651,1.65392243
8.549403801,237.7730788,209.9102749,3095.072831,28.61188775,-80.5975642,16.426163,15.36562227,189.5672394,-1.114614433,-0.940907333,-21.76128894,-0.989180745,0.046454652,-0.04252535,0.132495333,0.71552506,1.060053469,-21.77259008,-0.02628272,0.041302987,1.652713498
8.559403801,237.9372887,210.0638856,3096.967417,28.61188913,-80.59756252,16.41594041,15.35654957,189.349982,-1.058674089,-0.918173136,-21.73709543,-0.990227013,0.046195053,-0.043112131,0.124329502,0.787795916,1.087385644,-21.74079392,-0.024908827,0.039557711,1.651504985
8.569403801,238.1013999,210.2174066,3098.859831,28.61189051,-80.59756084,16.40640363,15.34768099,189.1329561,-0.986294061,-0.896666009,-21.71433292,-0.991206423,0.045922094,-0.043676388,0.116160928,0.8767966,1.11532187,-21.70889967,-0.022779734,0.036624319,1.650294553
8.579403801,238.2654187,210.3708398,3100.750077,28.61189189,-80.59755916,16.3974337,15.33898866,188.9161741,-0.923087461,-0.877516893,-21.69063102,-0.992119478,0.04563352,-0.044211659,0.107990054,0.957603549,1.135735401,-21.67714698,-0.019869686,0.032407641,1.64908057
8.589403801,238.42935,210.5241868,3102.638156,28.61189327,-80.59755748,16.38888594,15.3304366,188.6996523,-0.873259256,-0.861591169,-21.66548006,-0.992966611,0.045327804,-0.044712441,0.099817319,1.025722067,1.147137977,-21.64555188,-0.016512635,0.026987094,1.647863881
8.599403801,238.5931973,210.6774489,3104.524071,28.61189465,-80.5975558,16.38059808,15.32198289,188.4834093,-0.838950901,-0.849564266,-21.63857072,-0.993748148,0.045004065,-0.045174954,0.091643196,1.078583964,1.148960824,-21.61411313,-0.012851668,0.020652355,1.646645084
8.609403801,238.756962,210.8306267,3106.407825,28.61189602,-80.59755413,16.37233943,15.31358107,188.2674706,-0.821450442,-0.841963467,-21.60969712,-0.994464291,0.044661554,-0.045597922,0.083468248,1.114456761,1.141125817,-21.58282907,-0.009075724,0.013735452,1.64542457
8.619403801,238.9206433,210.9837205,3108.289421,28.6118974,-80.59755245,16.36387219,15.30517938,188.051863,-0.833599772,-0.839313186,-21.57764035,-0.99511508,0.044300624,-0.045982443,0.075293069,1.120259601,1.121697863,-21.55181455,-0.0051795,0.006849414,1.644203609
8.629403801,239.0842383,211.1367301,3110.168863,28.61189878,-80.59755077,16.35504545,15.29672634,187.8366052,-0.862324307,-0.841892937,-21.5435598,-0.99570045,0.043922341,-0.04633118,0.067118282,1.10854185,1.093886947,-21.52096425,-0.001651432,2.98E-04,1.642983099
8.639403801,239.2477426,211.2896547,3112.046155,28.61190015,-80.5975491,16.34573001,15.2881707,187.6217136,-0.905144267,-0.849623617,-21.5077157,-0.996220235,0.043527976,-0.046648636,0.058944571,1.081492594,1.058991143,-21.49027437,0.001623974,-0.005593875,1.641762602
8.649403801,239.4111509,211.442493,3113.921299,28.61190153,-80.59754742,16.33582453,15.27946562,187.407201,-0.959626305,-0.86233693,-21.47038815,-0.996674134,0.04311995,-0.046941224,0.050772644,1.041378971,1.018252067,-21.45974762,0.004434554,-0.010412506,1.640541817
8.659403801,239.5744574,211.5952433,3115.7943,28.6119029,-80.59754575,16.32540066,15.27057189,187.1930639,-1.022553982,-0.879348178,-21.43198093,-0.997061855,0.042701071,-0.047214889,0.042603169,0.99133309,0.973408496,-21.42938196,0.00654583,-0.013959801,1.639320554
8.669403801,239.7376576,211.7479037,3117.665161,28.61190427,-80.59754408,16.31458028,15.26145947,186.9792932,-1.061722988,-0.899916673,-21.39544832,-0.997383177,0.042274162,-0.047474227,0.034436775,0.963532888,0.928635825,-21.39886806,0.008069826,-0.016470281,1.638096314
8.679403801,239.9007475,211.9004717,3119.533887,28.61190564,-80.59754241,16.30333897,15.25211099,186.7658916,-1.102837384,-0.922829088,-21.35863386,-0.997637877,0.041842007,-0.047724041,0.026274098,0.932321018,0.882275001,-21.36846912,0.008914424,-0.018216475,1.636867317
8.689403801,240.063723,212.0529451,3121.40048,28.61190702,-80.59754074,16.29167211,15.24251939,186.5528587,-1.145539818,-0.947020899,-21.3216875,-0.99782569,0.041407982,-0.047969691,0.018115757,0.898115273,0.835664227,-21.33819397,0.009214033,-0.018879413,1.635634848
8.699403801,240.2265796,212.2053213,3123.264945,28.61190839,-80.59753907,16.27959846,15.23269173,186.3401908,-1.187481393,-0.971176296,-21.28495033,-0.997946397,0.040975136,-0.048215958,0.00996236,0.863423487,0.790472814,-21.30802803,0.008719755,-0.018484878,1.634399789
8.709403801,240.3893137,212.3575982,3125.127285,28.61190976,-80.5975374,16.26716421,15.22264595,186.1278809,-1.226681177,-0.994066458,-21.24871269,-0.997999831,0.040546171,-0.048467036,0.001814504,0.830457818,0.748099964,-21.27795554,0.007717748,-0.017312173,1.633162726
8.719403801,240.5519219,212.5097736,3126.987504,28.61191112,-80.59753574,16.25443555,15.21241182,185.9159191,-1.259153233,-1.014552094,-21.21342138,-0.997985858,0.040123361,-0.048726882,-0.006327206,0.803501608,0.709715329,-21.24793446,0.006203066,-0.015192684,1.631923861
8.729403801,240.7144017,212.6618459,3128.845605,28.61191249,-80.59753407,16.24147808,15.20202848,185.7042948,-1.285520453,-1.031612284,-21.17910865,-0.997904383,0.039709017,-0.048998796,-0.014462197,0.782272679,0.676124874,-21.21797197,0.004265451,-0.012368114,1.630683324
8.739403801,240.876751,212.8138139,3130.701591,28.61191386,-80.59753241,16.22836727,15.19154522,185.4929958,-1.304730347,-1.044195338,-21.14595018,-0.997755394,0.03930464,-0.049285048,-0.022589904,0.768201304,0.648152263,-21.18805418,0.001938982,-0.009023608,1.629441395
8.749403801,241.0389688,212.9656767,3132.555466,28.61191522,-80.59753075,16.21518478,15.18101611,185.282009,-1.316072577,-1.051580943,-21.11406139,-0.997538919,0.038911292,-0.04958757,-0.030709754,0.762372034,0.626187866,-21.15816947,-5.33E-04,-0.005113413,1.628198269
8.759403801,241.2010541,213.1174342,3134.407232,28.61191659,-80.59752909,16.20181618,15.17050109,185.0713376,-1.319015793,-1.053226499,-21.08352899,-0.997255063,0.038529004,-0.04990763,-0.038821163,0.765697525,0.610377185,-21.12830874,-0.003180839,-0.00104485,1.626954076
8.769403801,241.363004,213.269087,3136.256894,28.61191795,-80.59752743,16.18811715,15.1600594,184.8609872,-1.354897703,-1.048781296,-21.05084797,-0.996903856,0.038157143,-0.050248619,-0.046923451,0.737164177,0.603725888,-21.09895719,-0.00562536,0.003588245,1.625712343
8.779403801,241.5248157,213.4206359,3138.104453,28.61191932,-80.59752577,16.17419369,15.14974693,184.6509425,-1.383042223,-1.038595201,-21.01948305,-0.996485352,0.037794388,-0.050614007,-0.055015903,0.717976835,0.60369784,-21.06965143,-0.007831285,0.008955555,1.624475616
8.789403801,241.6864875,213.5720825,3139.949914,28.61192068,-80.59752411,16.1601646,15.13961497,184.441187,-1.399630974,-1.023040646,-20.9897364,-0.995999708,0.037438997,-0.051005541,-0.063097845,0.712324597,0.609009609,-21.04034967,-0.009609914,0.014916898,1.62324205
8.799403801,241.848019,213.7234289,3141.793278,28.61192204,-80.59752246,16.14614916,15.12970755,184.2317051,-1.40423206,-1.002647033,-20.96160716,-0.995447173,0.037088535,-0.051423663,-0.071168623,0.720859878,0.618370931,-21.01104761,-0.010965528,0.02100194,1.622010364
8.809403801,242.0094111,213.8746775,3143.634549,28.6119234,-80.59752081,16.1323202,15.12005985,184.0224768,-1.396932479,-0.978236909,-20.93502832,-0.994828091,0.036740226,-0.051867226,-0.079227625,0.743558894,0.630217608,-20.98174741,-0.01166488,0.027086738,1.620779723
8.819403801,242.1706666,214.0258311,3145.473728,28.61192476,-80.59751915,16.11884856,15.11069716,183.8134834,-1.366686721,-0.950881835,-20.91086982,-0.994142889,0.036391845,-0.05233295,-0.087274347,0.791250395,0.641004597,-20.95231542,-0.011876371,0.032651802,1.619548573
8.829403801,242.3317895,214.1768925,3147.310819,28.61192612,-80.5975175,16.10581975,15.10163651,183.6047139,-1.326273985,-0.921348869,-20.88798314,-0.993392077,0.036040759,-0.052816385,-0.095308316,0.850963696,0.650917752,-20.92290355,-0.01166512,0.037398456,1.61831583
8.839403801,242.4927847,214.3278648,3149.145823,28.61192747,-80.59751585,16.09329706,15.0928821,183.3961603,-1.278422972,-0.890701415,-20.86604793,-0.992576249,0.035683675,-0.053311998,-0.103329072,0.919588216,0.658784667,-20.89354041,-0.010831952,0.041116304,1.617081797
8.849403801,242.6536573,214.4787511,3150.978743,28.61192883,-80.59751421,16.08132016,15.0844247,183.187818,-1.225437364,-0.860347609,-20.84474239,-0.991695998,0.035318058,-0.053813849,-0.111336215,0.994257585,0.663180317,-20.8642475,-0.009500426,0.043621609,1.61584669
8.859403801,242.8144135,214.6295542,3152.80958,28.61193019,-80.59751256,16.07005135,15.07624446,182.9796723,-1.169708931,-0.831423714,-20.82374923,-0.990751943,0.03494185,-0.054315287,-0.119329397,1.071993904,0.663174317,-20.83504368,-0.007876726,0.044787538,1.614610671
8.869403801,242.9750613,214.7802768,3154.638337,28.61193154,-80.59751091,16.05965013,15.06830991,182.77171,-1.083030337,-0.805158309,-20.80545945,-0.989744817,0.034553408,-0.054807259,-0.127308376,1.179586517,0.650751845,-20.80561163,-0.005969999,0.044385329,1.613371192
8.879403801,243.1356092,214.9309211,3156.465015,28.6119329,-80.59750927,16.05006613,15.06058206,182.5639375,-0.998086049,-0.782362335,-20.78689047,-0.98867535,0.034151432,-0.055280796,-0.135272933,1.284125047,0.631875798,-20.77630472,-0.004059896,0.042099794,1.612126405
8.889403801,243.296065,215.081489,3158.289616,28.61193425,-80.59750763,16.04121189,15.05301101,182.356366,-0.920189136,-0.764057604,-20.76741989,-0.987544246,0.033735136,-0.05572712,-0.143222873,1.379582827,0.607109006,-20.74715477,-0.002143978,0.037945225,1.610877796
8.899403801,243.4564355,215.2319817,3160.112143,28.6119356,-80.59750598,16.03297096,15.04554023,182.1490109,-0.852589523,-0.75114204,-20.74660471,-0.986352097,0.033304945,-0.056138889,-0.151158016,1.462002727,0.576937965,-20.71816645,-4.16E-04,0.032207617,1.609626412
8.909403801,243.6167259,215.3823999,3161.932597,28.61193696,-80.59750434,16.02517096,15.03811071,181.9418935,-0.797951284,-0.744025617,-20.7240953,-0.985099403,0.032861503,-0.056510518,-0.159078125,1.528225558,0.542416953,-20.68933872,8.99E-04,0.025129332,1.608372958
8.919403801,243.7769397,215.5327438,3163.750982,28.61193831,-80.5975027,16.01761943,15.03066079,181.7350377,-0.764896003,-0.742957287,-20.69901283,-0.983786538,0.0324058,-0.056838565,-0.1669829,1.569582177,0.506800177,-20.66072963,0.001895565,0.017143837,1.607118486
8.929403801,243.9370786,215.6830129,3165.567299,28.61193966,-80.59750106,16.01015598,15.02312977,181.5284646,-0.748059282,-0.748045216,-20.67180008,-0.982413772,0.031939147,-0.05712146,-0.174871984,1.59100521,0.46942834,-20.63227623,0.002530248,0.008816785,1.605863739
8.939403801,244.0971426,215.8332059,3167.381552,28.61194101,-80.59749942,16.00262221,15.01545886,181.3221951,-0.747270334,-0.759138989,-20.64246834,-0.980981267,0.031462875,-0.057359632,-0.182744941,1.592614642,0.431346285,-20.60397348,0.002779891,3.24E-04,1.604608626
8.949403801,244.2571303,215.9833214,3169.193744,28.61194236,-80.59749778,15.99486832,15.00759435,181.1162487,-0.761986857,-0.775949186,-20.61109914,-0.979489071,0.030979069,-0.057555198,-0.190601303,1.575049294,0.393569485,-20.57582202,0.002708801,-0.007795033,1.603353075
8.959403801,244.4170391,216.133357,3171.003878,28.61194371,-80.59749614,15.98684102,14.99948986,180.9106349,-0.791069033,-0.797759738,-20.57788561,-0.977937155,0.030490056,-0.057711532,-0.198440564,1.5397777,0.357262175,-20.54782313,0.002247693,-0.015308608,1.602097051
8.969403801,244.5768661,216.2833103,3172.811958,28.61194506,-80.5974945,15.97851884,14.99110862,180.7053594,-0.815639622,-0.823771662,-20.54467499,-0.976325463,0.029998316,-0.057832488,-0.206262197,1.504824686,0.316686376,-20.51981361,0.001463225,-0.02198095,1.600839017
8.979403801,244.7366081,216.4331782,3174.617986,28.61194641,-80.59749287,15.96979885,14.98242746,180.5004336,-0.850504286,-0.85283892,-20.51023082,-0.974653878,0.029507053,-0.057922663,-0.214065686,1.456990925,0.278854253,-20.49194177,1.74E-04,-0.027754256,1.599577848
8.989403801,244.8962605,216.5829578,3176.421968,28.61194775,-80.59749123,15.96059627,14.97343647,180.2958658,-0.894934574,-0.883556317,-20.47478311,-0.972922237,0.02901878,-0.057988109,-0.221850425,1.397864657,0.245387143,-20.46421468,-0.001541966,-0.032297048,1.598314365
8.999403801,245.0558182,216.7326459,3178.223905,28.6119491,-80.5974896,15.95085211,14.96413703,180.0916603,-0.946559023,-0.91465471,-20.43870521,-0.97113038,0.028535471,-0.058035459,-0.229615763,1.33059606,0.216939789,-20.43662617,-0.003303331,-0.035500417,1.597049145
9.009403801,245.2152753,216.8822395,3180.023802,28.61195045,-80.59748796,15.9404279,14.95454478,179.8878272,-1.002840004,-0.944990135,-20.40236957,-0.969278099,0.028059418,-0.058072125,-0.237361041,1.258466371,0.193765889,-20.40916696,-0.005355129,-0.037250861,1.595782581
9.019403801,245.3746241,217.0317359,3181.821663,28.61195179,-80.59748633,15.92919773,14.94468694,179.6843735,-1.082897274,-0.973045366,-20.36424104,-0.967365147,0.027591443,-0.058107688,-0.245085456,1.165650994,0.186245234,-20.38205994,-0.007240033,-0.037283113,1.594516859
9.029403801,245.5338566,217.1811325,3183.617491,28.61195313,-80.5974847,15.91719365,14.93460013,179.4812913,-1.162552785,-0.997950216,-20.32661881,-0.965391311,0.027132233,-0.058151314,-0.252788216,1.075038747,0.184555774,-20.35507545,-0.008747877,-0.035320039,1.59325358
9.039403801,245.6929656,217.3304273,3185.41129,28.61195448,-80.59748307,15.90448144,14.92433279,179.2785684,-1.237198949,-1.018596251,-20.29002201,-0.9633564,0.026682292,-0.058212092,-0.260468529,0.991786406,0.187235665,-20.32816999,-0.009985263,-0.031625179,1.591991828
9.049403801,245.8519442,217.4796188,3187.203063,28.61195582,-80.59748144,15.8911574,14.91394359,179.076189,-1.303638957,-1.033850233,-20.25482918,-0.961260319,0.026241529,-0.058297786,-0.268125624,0.919738624,0.193239443,-20.30130944,-0.010735976,-0.026204295,1.590730954
9.059403801,246.0107873,217.628706,3188.992815,28.61195716,-80.59747981,15.87739949,14.90349662,178.8741303,-1.359189094,-1.042863878,-20.2213354,-0.959103109,0.025808794,-0.058414396,-0.275758754,0.862032584,0.201306894,-20.2744603,-0.010980708,-0.019454086,1.589470524
9.069403801,246.1694915,217.7776887,3190.780547,28.6119585,-80.59747819,15.86341249,14.8930595,178.6723668,-1.389647601,-1.045369448,-20.19076838,-0.95688489,0.025383595,-0.058565896,-0.283367283,0.831161138,0.203369026,-20.24744076,-0.010692869,-0.011806528,1.588209169
9.079403801,246.3280552,217.9265674,3192.566263,28.61195984,-80.59747656,15.84933969,14.88270196,178.4708784,-1.405376562,-1.040890094,-20.16225957,-0.954605913,0.024964731,-0.058754115,-0.290950627,0.818448259,0.204163316,-20.22037849,-0.010076781,-0.00365351,1.586945894
9.089403801,246.4864784,218.0753433,3194.349965,28.61196118,-80.59747494,15.83532441,14.87249204,178.2696451,-1.406752594,-1.029482965,-20.13575962,-0.952266506,0.02455102,-0.058979292,-0.298508277,0.823507701,0.202961648,-20.19327228,-0.008975834,0.004618317,1.585681153
9.099403801,246.6447624,218.224018,3196.131657,28.61196251,-80.59747332,15.82150435,14.86249465,178.0686477,-1.393986857,-1.011370483,-20.11122342,-0.949867111,0.024140706,-0.059239803,-0.306039773,0.845916725,0.198850881,-20.16611664,-0.007727004,0.012662828,1.584415271
9.109403801,246.8029096,218.372594,3197.911339,28.61196385,-80.5974717,15.80801937,14.8527653,177.8678677,-1.367909525,-0.987204522,-20.0885298,-0.947408256,0.023731956,-0.059532312,-0.313544725,0.88438727,0.19095621,-20.13892186,-0.006081764,0.020115239,1.583148476
9.119403801,246.9609243,218.5210743,3199.689015,28.61196518,-80.59747008,15.79499518,14.84335009,177.6672883,-1.327134451,-0.957891952,-20.06773161,-0.944890543,0.023322883,-0.05985202,-0.321022803,0.939173868,0.176971326,-20.11167144,-0.00431022,0.026612771,1.581880678
9.129403801,247.1188114,218.6694622,3201.464685,28.61196652,-80.59746846,15.7825204,14.8342843,177.4668968,-1.27622607,-0.924525521,-20.04835555,-0.942314634,0.022911816,-0.060192847,-0.328473745,1.005492785,0.158058762,-20.08442337,-0.002524946,0.031998544,1.580611802
9.139403801,247.2765768,218.8177613,3203.238353,28.61196785,-80.59746685,15.77065942,14.82558889,177.2666838,-1.217668438,-0.888316649,-20.03009134,-0.939681222,0.022497075,-0.060548118,-0.335897317,1.080180318,0.134307856,-20.05720703,-7.53E-04,0.035953929,1.579342058
9.149403801,247.4342268,218.9659753,3205.01002,28.61196918,-80.59746523,15.75945214,14.81727258,177.066643,-1.153881605,-0.850587909,-20.01261727,-0.936991042,0.02207691,-0.060910572,-0.343293314,1.160052976,0.105874654,-20.03004893,8.92E-04,0.038558727,1.578071603
9.159403801,247.5917682,219.114108,3206.779687,28.61197052,-80.59746362,15.74896074,14.80932827,176.8667676,-1.087377021,-0.812788025,-19.99558165,-0.934244861,0.021650051,-0.061272012,-0.350661597,1.241774917,0.073069682,-20.00297364,0.002379486,0.039545009,1.576800537
9.169403801,247.7492085,219.262163,3208.547356,28.61197185,-80.59746201,15.73922889,14.80173647,176.6670539,-1.010721419,-0.776375749,-19.97950386,-0.931443453,0.021215821,-0.061623839,-0.358002075,1.329542322,0.029877717,-19.97589337,0.003380859,0.038886058,1.575528013
9.179403801,247.9065552,219.4101438,3210.313028,28.61197318,-80.59746039,15.7302145,14.7944636,176.4675071,-0.936353205,-0.742578916,-19.96314657,-0.928587596,0.020773571,-0.061957516,-0.365314661,1.412464272,-0.016481307,-19.94893669,0.003950891,0.036532482,1.574253394
9.189403801,248.063815,219.5580532,3212.076706,28.61197451,-80.59745878,15.72184761,14.78746315,176.268137,-0.867679357,-0.712807868,-19.94603401,-0.925678021,0.020323277,-0.062265049,-0.372599288,1.486648306,-0.064419339,-19.92212244,0.003962228,0.032553029,1.572977211
9.199403801,248.220994,219.7058937,3213.838392,28.61197584,-80.59745717,15.71403409,14.78067792,176.0689566,-0.807300978,-0.688242889,-19.92777104,-0.922715403,0.019864869,-0.062539699,-0.379855838,1.549069554,-0.112496227,-19.89545676,0.003400451,0.027234015,1.571699839
9.209403801,248.3780966,219.8536672,3215.598086,28.61197717,-80.59745556,15.70649077,14.77404138,175.869998,-0.757293927,-0.669962854,-19.90801807,-0.919700314,0.019398521,-0.062776573,-0.38708414,1.597273931,-0.159412403,-19.86894138,0.002316818,0.02076177,1.570421534
9.219403801,248.5351236,220.0013748,3217.355792,28.6119785,-80.59745395,15.69889749,14.76748256,175.6712974,-0.754761624,-0.6585184,-19.88326585,-0.916633146,0.018923937,-0.062974598,-0.394283858,1.604649483,-0.178306713,-19.842905,9.91E-04,0.013776421,1.569145696
9.229403801,248.692074,220.1490169,3219.111513,28.61197982,-80.59745235,15.69114151,14.76092589,175.4728723,-0.76571793,-0.654526782,-19.85656,-0.913514176,0.018440946,-0.06313482,-0.401454575,1.595621988,-0.192441443,-19.81702957,-3.52E-04,0.006793332,1.567874882
9.239403801,248.8489456,220.2965931,3220.865251,28.61198115,-80.59745074,15.68312482,14.75429791,175.2747387,-0.787096472,-0.658034172,-19.82818693,-0.910343603,0.017949575,-0.063259744,-0.408595818,1.572516765,-0.203405026,-19.79129465,-0.001565754,1.76E-04,1.566607481
9.249403801,249.0057353,220.4441024,3222.617009,28.61198248,-80.59744913,15.67476304,14.74752802,175.0769104,-0.817659762,-0.668764253,-19.79830672,-0.907121573,0.017449633,-0.063353082,-0.415707048,1.536610358,-0.211357936,-19.76570055,-0.002570493,-0.005917051,1.56534234
9.259403801,249.1624392,220.591543,3224.36679,28.6119838,-80.59744753,15.66592975,14.74055223,174.8794047,-0.855759379,-0.686298804,-19.76713996,-0.903848166,0.016941195,-0.063419676,-0.422787694,1.48956932,-0.21678056,-19.74024675,-0.003210321,-0.011158016,1.56407867
9.269403801,249.3190519,220.7389126,3226.114598,28.61198513,-80.59744592,15.65650811,14.73331457,174.6822362,-0.912165346,-0.709830781,-19.73381913,-0.900523394,0.016424318,-0.063465696,-0.429837136,1.425334464,-0.210466402,-19.71506146,-0.003470933,-0.015471072,1.562817101
9.279403801,249.4755674,220.8862082,3227.860436,28.61198645,-80.59744432,15.64647874,14.72577014,174.4854097,-0.972458448,-0.73847305,-19.69978717,-0.897147194,0.015899447,-0.063498601,-0.436854722,1.354494266,-0.202409714,-19.69002306,-0.003175179,-0.018522265,1.561558155
9.289403801,249.6319795,221.0334268,3229.604307,28.61198778,-80.59744272,15.63584957,14.71788874,174.2889256,-1.033250196,-0.770885207,-19.66550865,-0.893719489,0.01536717,-0.063526049,-0.443839798,1.280535242,-0.194271387,-19.66511094,-0.002356681,-0.020074068,1.560300972
9.299403801,249.7882825,221.1805648,3231.346216,28.6119891,-80.59744112,15.62465134,14.70965454,174.0927809,-1.092093182,-0.805618043,-19.63135978,-0.890240213,0.014828149,-0.063555584,-0.450791723,1.206352823,-0.187100243,-19.64030756,-9.69E-04,-0.020217809,1.559044941
9.309403801,249.9444713,221.3276187,3233.086164,28.61199042,-80.59743952,15.61308698,14.70106481,173.8969559,-1.146699065,-0.84123698,-19.59768834,-0.886709333,0.014283577,-0.06359375,-0.457709923,1.134662394,-0.181992023,-19.61559091,9.68E-04,-0.019037833,1.557789646
9.319403801,250.1005438,221.474585,3234.824156,28.61199174,-80.59743792,15.60140056,14.69213335,173.7014262,-1.163814912,-0.876430083,-19.56755743,-0.883126892,0.013735907,-0.063644778,-0.464593972,1.086068752,-0.205518911,-19.5905619,0.003039406,-0.016690588,1.556531874
9.329403801,250.2564991,221.6214604,3236.560194,28.61199307,-80.59743632,15.58966209,14.6828899,173.5061816,-1.172379314,-0.909362152,-19.53853704,-0.879493003,0.013187965,-0.063711297,-0.471443535,1.04436189,-0.233801111,-19.56554338,0.004955721,-0.013595417,1.555269203
9.339403801,250.4123371,221.7682419,3238.29428,28.61199439,-80.59743472,15.57793925,14.67337819,173.3112107,-1.174196964,-0.938567773,-19.51058218,-0.875807823,0.012642144,-0.063795308,-0.47825829,1.009652559,-0.264795161,-19.54054631,0.006610022,-0.009798137,1.554003021
9.349403801,250.5680582,221.9149272,3240.026419,28.6119957,-80.59743313,15.56629952,14.66365231,173.1165017,-1.169240676,-0.962860034,-19.48378583,-0.87207155,0.01210055,-0.063898325,-0.48503793,0.982920234,-0.298165543,-19.51556042,0.008145517,-0.005516804,1.55273434
9.359403801,250.7236635,222.0615144,3241.756611,28.61199702,-80.59743153,15.5547797,14.65377556,172.9220447,-1.157627263,-0.981246827,-19.45821219,-0.868284437,0.011565561,-0.064020441,-0.491782225,0.964908073,-0.333618906,-19.49057769,0.009363905,-9.40E-04,1.55146386
9.369403801,250.8791543,222.2080024,3243.48486,28.61199834,-80.59742994,15.54340424,14.64381816,172.7278305,-1.145636219,-0.992889089,-19.4333635,-0.864446793,0.011038813,-0.064161295,-0.498490938,0.953013472,-0.36565514,-19.46566181,0.010198331,0.003876551,1.550192596
9.379403801,251.0345322,222.3543908,3245.211169,28.61199966,-80.59742835,15.5322243,14.63385268,172.5338472,-1.128571435,-0.997361654,-19.40968254,-0.860558963,0.010521237,-0.064320317,-0.505163806,0.950145471,-0.398358487,-19.4407488,0.010895992,0.008682225,1.548921287
9.389403801,251.1897996,222.5006797,3246.935538,28.61200097,-80.59742676,15.52128279,14.62395233,172.3400838,-1.106679132,-0.994493797,-19.38715769,-0.856621371,0.010013903,-0.064495329,-0.511800645,0.956289669,-0.431805087,-19.41583617,0.011318739,0.013340064,1.547649894
9.399403801,251.3449588,222.6468703,3248.657971,28.61200229,-80.59742517,15.51061134,14.61418793,172.1465306,-1.08108041,-0.984385585,-19.36567514,-0.85263448,0.009517414,-0.064683752,-0.518401268,0.970729235,-0.465390018,-19.3909314,0.011352443,0.017676238,1.546378383
9.409403801,251.500013,222.7929642,3250.378469,28.6120036,-80.59742358,15.50030254,14.60462509,171.9531727,-1.052908304,-0.967384647,-19.34510131,-0.84859881,0.009032145,-0.064882114,-0.524965514,0.992546919,-0.498577177,-19.36604412,0.011062636,0.02153711,1.545106738
9.419403801,251.6549664,222.9389636,3252.097035,28.61200491,-80.59742199,15.49044798,14.59532137,171.759996,-1.008149893,-0.944210858,-19.3266365,-0.844514961,0.008558187,-0.065085799,-0.531493253,1.027333716,-0.544515503,-19.34101515,0.010299483,0.024753957,1.543833483
9.429403801,251.8098234,223.0848716,3253.81367,28.61200623,-80.59742041,15.48103537,14.58632454,171.5669968,-0.962965366,-0.915708339,-19.30875613,-0.840383586,0.008095389,-0.065289328,-0.537984383,1.066525142,-0.589465666,-19.3160281,0.009114133,0.027087906,1.542557504
9.439403801,251.9645885,223.2306913,3255.528375,28.61200754,-80.59741882,15.47203474,14.5776694,171.374174,-0.920027272,-0.883061147,-19.29110693,-0.836205361,0.007643024,-0.065487385,-0.544438776,1.107789299,-0.631598551,-19.29111039,0.007324302,0.028447634,1.541279549
9.449403801,252.1192654,223.3764262,3257.241154,28.61200885,-80.59741724,15.46340275,14.56937774,171.1815291,-0.880786483,-0.847605955,-19.27342965,-0.831980936,0.007200519,-0.065675006,-0.550856304,1.149264616,-0.670149537,-19.26627628,0.005182513,0.028899302,1.54000017
9.459403801,252.2738572,223.5220801,3258.952007,28.61201016,-80.59741565,15.45497853,14.56145925,170.9890756,-0.846566066,-0.810571809,-19.2554813,-0.827710988,0.006766489,-0.065847443,-0.557236799,1.189303096,-0.704319777,-19.24153717,0.00257365,0.028409136,1.538719746
9.469403801,252.428365,223.6676566,3260.660936,28.61201147,-80.59741407,15.44657697,14.55390833,170.7968307,-0.840158912,-0.773246637,-19.23503387,-0.823396154,0.006338156,-0.066001742,-0.56357996,1.218058925,-0.713314714,-19.21712309,-5.75E-05,0.027019194,1.537440611
9.479403801,252.5827886,223.8131594,3262.367944,28.61201278,-80.59741249,15.43813658,14.54670367,170.6048018,-0.84111555,-0.737316646,-19.21381225,-0.819037038,0.005912529,-0.066135898,-0.569885441,1.242478067,-0.716394235,-19.19282991,-0.002472052,0.024951216,1.536164549
9.489403801,252.7371274,223.9585917,3264.073033,28.61201408,-80.59741091,15.42960149,14.53981175,170.4129967,-0.847885564,-0.704163616,-19.1918369,-0.814634198,0.00548637,-0.066249007,-0.576152837,1.261959641,-0.715356397,-19.16864844,-0.004567353,0.022284739,1.534890626
9.499403801,252.8913802,224.1039565,3265.776205,28.61201539,-80.59740933,15.42092331,14.5331878,170.2214233,-0.85990763,-0.674981943,-19.16905709,-0.810188157,0.005056533,-0.066340943,-0.582381715,1.275661539,-0.710991961,-19.14458068,-0.006158825,0.019224799,1.533618158
9.509403801,253.045545,224.2492562,3267.477462,28.6120167,-80.59740775,15.4119923,14.52677792,170.0300963,-0.876395239,-0.650746763,-19.14546405,-0.805699423,0.004620302,-0.066411429,-0.588571673,1.282997655,-0.704196169,-19.12062651,-0.007370234,0.015746438,1.532346672
9.519403801,253.1996188,224.3944926,3269.176808,28.612018,-80.59740617,15.40269656,14.52052273,169.8390307,-0.910901301,-0.63219845,-19.11975292,-0.801168416,0.004174384,-0.06646242,-0.594722195,1.279126189,-0.682035984,-19.09693773,-0.008070784,0.012074309,1.53107721
9.529403801,253.3535977,224.539667,3270.874244,28.61201931,-80.59740459,15.39302071,14.51435655,169.648233,-0.948480226,-0.619940559,-19.09326298,-0.796595549,0.003715257,-0.066496225,-0.600832739,1.268560515,-0.658679804,-19.07337221,-0.007853262,0.008346525,1.529810611
9.539403801,253.5074779,224.6847798,3272.569773,28.61202061,-80.59740302,15.38296631,14.50821162,169.4577082,-0.986675569,-0.6144286,-19.06619422,-0.791981153,0.003240304,-0.066515995,-0.606902773,1.251593254,-0.6364725,-19.04991418,-0.006941331,0.004641606,1.52854602
9.549403801,253.6612558,224.8298311,3274.263399,28.61202192,-80.59740144,15.37255068,14.50202266,169.2674595,-1.023917225,-0.615637424,-19.03870689,-0.787325511,0.002747575,-0.066525397,-0.612931776,1.228647287,-0.616784176,-19.02655458,-0.005200833,0.001278949,1.527282819
9.559403801,253.8149284,224.9748199,3275.955123,28.61202322,-80.59739987,15.3619581,14.49572589,169.077475,-1.058665733,-0.623208915,-19.01098682,-0.782628932,0.0022355,-0.066527287,-0.618919282,1.200404888,-0.600892083,-19.00328233,-0.002769728,-0.001835002,1.526020577
9.569403801,253.9684951,225.119745,3277.644949,28.61202453,-80.59739829,15.35140713,14.48926301,168.8877387,-1.057908124,-0.637096772,-18.98603262,-0.777891705,0.001705364,-0.066522794,-0.624865029,1.174531724,-0.620879852,-18.97971233,-4.53E-05,-0.004684877,1.524755888
9.579403801,254.1219568,225.2646045,3279.332879,28.61202583,-80.59739672,15.34093409,14.48258584,168.6982507,-1.051762087,-0.656277069,-18.96120414,-0.773114095,0.001159054,-0.066513045,-0.630768791,1.143828904,-0.647106599,-18.95618828,0.002394512,-0.007151469,1.523486128
9.589403801,254.2753142,225.4093959,3281.018915,28.61202713,-80.59739515,15.33057157,14.47565553,168.5090103,-1.042310009,-0.679821746,-18.93639899,-0.768296336,5.99E-04,-0.066499352,-0.636630362,1.108574898,-0.677112539,-18.93273236,0.004759434,-0.00925846,1.522212734
9.599403801,254.4285687,225.5541166,3282.70306,28.61202843,-80.59739358,15.32034997,14.46844438,168.3200161,-1.029659694,-0.706700165,-18.9117024,-0.763438659,2.77E-05,-0.066482504,-0.642449602,1.069681324,-0.710384286,-18.90934287,0.006785811,-0.010810699,1.520936769
9.609403801,254.5817213,225.6987638,3284.385316,28.61202973,-80.59739201,15.31015437,14.46093612,168.1312788,-1.014233695,-0.735839287,-18.88717083,-0.758541268,-5.52E-04,-0.066463746,-0.648226358,1.028071847,-0.746115525,-18.88601946,0.008414595,-0.01192627,1.519658976
9.619403801,254.7347714,225.8433343,3286.065686,28.61203103,-80.59739044,15.29984461,14.45312763,167.9428102,-1.025628453,-0.765876436,-18.86023504,-0.753604292,-0.001136328,-0.0664461,-0.653960393,0.980347827,-0.754608137,-18.86309707,0.009959807,-0.012338447,1.518382757
9.629403801,254.8877179,225.9878253,3287.744173,28.61203233,-80.59738888,15.28945031,14.44502583,167.7546061,-1.03578877,-0.795725269,-18.83354012,-0.748627899,-0.001725318,-0.066432525,-0.659651432,0.933019377,-0.763351084,-18.84025054,0.011598029,-0.012072874,1.517110726
9.639403801,255.0405602,226.1322339,3289.420779,28.61203363,-80.59738731,15.27900733,14.43664854,167.5666604,-1.042472226,-0.8243292,-18.80738292,-0.743612269,-0.002316734,-0.066425587,-0.665299231,0.887514865,-0.774500645,-18.81744896,0.013413926,-0.011164919,1.515841688
9.649403801,255.193298,226.2765575,3291.095507,28.61203493,-80.59738575,15.26855239,14.42802425,167.3789662,-1.045499939,-0.850639596,-18.78186857,-0.738557584,-0.002908442,-0.066427607,-0.670903576,0.844883019,-0.788220791,-18.79468343,0.015240021,-0.009680282,1.514574755
9.659403801,255.3459317,226.4207937,3292.768359,28.61203623,-80.59738418,15.25822349,14.41919103,167.1915067,-1.044877911,-0.873572625,-18.75708524,-0.733464046,-0.003498194,-0.066440464,-0.676464279,0.806184526,-0.80453367,-18.77194549,0.017092268,-0.007606109,1.513309304
9.669403801,255.4984634,226.5649408,3294.439338,28.61203752,-80.59738262,15.24817176,14.41019498,167.0042631,-1.019523342,-0.892280937,-18.73502354,-0.72833197,-0.004083196,-0.066463627,-0.681981272,0.774016009,-0.844629478,-18.74897865,0.018674377,-0.005040836,1.51204278
9.679403801,255.6508961,226.7089973,3296.108445,28.61203882,-80.59738106,15.23841638,14.40108827,166.8172282,-0.990550455,-0.906072571,-18.71381213,-0.723161649,-0.004659895,-0.06649636,-0.687454543,0.74656523,-0.887510765,-18.72602166,0.019683251,-0.002267008,1.510773221
9.689403801,255.8032327,226.8529624,3297.775683,28.61204011,-80.5973795,15.22896294,14.39192858,166.6303958,-0.960446723,-0.914284026,-18.6932661,-0.717953444,-0.005225447,-0.066537195,-0.69288408,0.724289703,-0.930761499,-18.7030922,0.020114667,8.64E-04,1.509501476
9.699403801,255.9554763,226.9968358,3299.441054,28.61204141,-80.59737794,15.21980638,14.38277475,166.4437608,-0.93034899,-0.916644427,-18.67328947,-0.712707759,-0.005777844,-0.066584518,-0.69826984,0.707416233,-0.973364114,-18.68019407,0.019964591,0.004079052,1.508228181
9.709403801,256.1076297,227.1406181,3301.104559,28.6120427,-80.59737638,15.21089455,14.37368441,166.2573225,-0.901223318,-0.913151141,-18.65378096,-0.707425051,-0.006315522,-0.066635981,-0.703611795,0.695946176,-1.014509581,-18.65733158,0.019337917,0.007260409,1.506953787
9.719403801,256.2596948,227.2843099,3302.766201,28.61204399,-80.59737482,15.20215943,14.36471134,166.0710822,-0.881877661,-0.904038562,-18.63388829,-0.702105784,-0.00683765,-0.066689676,-0.708909868,0.689595252,-1.045506189,-18.63459584,0.018207797,0.010254645,1.505679393
9.729403801,256.4116734,227.4279128,3304.425981,28.61204528,-80.59737326,15.19357187,14.35590465,165.8850383,-0.865628256,-0.889758975,-18.61418322,-0.696750446,-0.007344307,-0.06674397,-0.71416393,0.688284912,-1.073233535,-18.61191108,0.016864116,0.013096473,1.504405842
9.739403801,256.5635666,227.5714287,3306.083902,28.61204657,-80.59737171,15.18509978,14.34730728,165.6991896,-0.852395717,-0.870871162,-18.59462198,-0.691359549,-0.007835707,-0.066796913,-0.719373858,0.691544824,-1.097948255,-18.58927748,0.01528892,0.015700905,1.503132901
9.749403801,256.7153756,227.7148598,3307.739966,28.61204786,-80.59737015,15.17670679,14.33895392,165.5135364,-0.84261433,-0.848036301,-18.5751047,-0.685933657,-0.008312699,-0.066846099,-0.72453952,0.698799653,-1.119350666,-18.56670171,0.013522159,0.017857158,1.501860401
9.759403801,256.8671004,227.8582087,3309.394174,28.61204915,-80.5973686,15.1682143,14.33087228,165.3280927,-0.836642246,-0.822167576,-18.55551809,-0.680473326,-0.008776501,-0.066889512,-0.729660756,0.709212133,-1.13716972,-18.54419167,0.011506819,0.019633253,1.500588217
9.769403801,257.0187389,228.0014782,3311.046529,28.61205044,-80.59736704,15.15942248,14.32307935,165.1428756,-0.86363528,-0.793914304,-18.53306835,-0.674979121,-0.009231164,-0.066927091,-0.734737189,0.724142894,-1.12226268,-18.52206608,0.009681815,0.02081808,1.499319209
9.779403801,257.1702878,228.1446713,3312.697032,28.61205173,-80.59736549,15.15030891,14.31558122,164.9578859,-0.895031816,-0.764564395,-18.51034784,-0.669451616,-0.009681308,-0.066959081,-0.739768401,0.74133818,-1.103426024,-18.50004017,0.008617048,0.021428472,1.498055647
9.789403801,257.321744,228.2877908,3314.345687,28.61205302,-80.59736394,15.14086525,14.30837287,164.7731243,-0.927788561,-0.735172034,-18.48756877,-0.663891401,-0.010131325,-0.066985388,-0.744754001,0.759513279,-1.083802534,-18.4780946,0.008132989,0.021360266,1.496796037
9.799403801,257.473104,228.4308397,3315.992495,28.6120543,-80.59736239,15.13109395,14.30144076,164.5885908,-0.960881276,-0.706710977,-18.46475485,-0.65829905,-0.010585739,-0.067006384,-0.749693569,0.777505335,-1.064432887,-18.45622857,0.008281521,0.020624088,1.495539274
9.809403801,257.6243657,228.5738205,3317.637459,28.61205559,-80.59736084,15.12129858,14.2947606,164.4042583,-0.993138746,-0.680053875,-18.44195015,-0.652675143,-0.011048221,-0.067021855,-0.754586751,0.794183815,-1.046465769,-18.43443801,0.009083321,0.019334756,1.494284573
9.819403801,257.7755311,228.7167356,3319.280581,28.61205687,-80.59735929,15.11183618,14.28829898,164.2200956,-0.963251066,-0.656528804,-18.42475726,-0.647020299,-0.01151868,-0.06702836,-0.759433507,0.799420153,-1.090674438,-18.41200477,0.009848186,0.01743603,1.493025137
9.829403801,257.9266036,228.8595871,3320.921862,28.61205816,-80.59735774,15.10271038,14.28201985,164.0361048,-0.929298692,-0.636388599,-18.40772941,-0.641335095,-0.011995877,-0.067022329,-0.764233866,0.799181269,-1.138754901,-18.38960672,0.009883482,0.015242362,1.491755635
9.839403801,258.0775864,229.0023765,3322.561304,28.61205944,-80.5973562,15.09390866,14.27588132,163.8522901,-0.89609752,-0.620149906,-18.39035554,-0.635620077,-0.012478271,-0.067000367,-0.768987881,0.793566095,-1.185505347,-18.36729658,0.009143543,0.012756541,1.490478876
9.849403801,258.2284828,229.145105,3324.198908,28.61206073,-80.59735465,15.08541009,14.26983838,163.6686571,-0.864612373,-0.608280458,-18.37248598,-0.629875757,-0.01296459,-0.066959792,-0.773695571,0.782319747,-1.229547364,-18.34508081,0.007767216,0.010143449,1.489196964
9.859403801,258.3792953,229.2877734,3325.834678,28.61206201,-80.59735311,15.07712154,14.26384287,163.4852184,-0.835567956,-0.601148173,-18.35400443,-0.62410258,-0.01345271,-0.066898462,-0.778356981,0.765318297,-1.269772097,-18.32296369,0.005765846,0.007421959,1.487911393
9.869403801,258.5300255,229.4303819,3327.468613,28.61206329,-80.59735156,15.06893204,14.25784719,163.3019888,-0.823278293,-0.598732078,-18.33354239,-0.618300975,-0.013941736,-0.066815256,-0.782972065,0.745828974,-1.291810333,-18.30109311,0.003267416,0.00484739,1.486624622
9.879403801,258.6806742,229.5729302,3329.100718,28.61206457,-80.59735002,15.06080636,14.2518028,163.1189756,-0.815199021,-0.6012194,-18.31226061,-0.612471308,-0.014430848,-0.066710342,-0.787540715,0.721588747,-1.307762174,-18.27933179,5.80E-04,0.002243517,1.485338511
9.889403801,258.8312418,229.7154176,3330.730994,28.61206585,-80.59734848,15.05271196,14.24566447,162.9361858,-0.810468456,-0.608406274,-18.29025787,-0.606613907,-0.014919261,-0.066584603,-0.792062797,0.692866824,-1.318319565,-18.25767015,-0.002063193,-6.76E-05,1.48405291
9.899403801,258.9817284,229.857843,3332.359443,28.61206714,-80.59734693,15.0446166,14.23939141,162.753626,-0.808947189,-0.61991506,-18.26758396,-0.600729083,-0.015405692,-0.066438856,-0.796538205,0.660254501,-1.323549027,-18.23610693,-0.004766181,-0.002103897,1.482767691
9.909403801,259.1321337,230.0002049,3333.986067,28.61206842,-80.59734539,15.03640414,14.23294845,162.5713099,-0.810644755,-0.635296056,-18.24428082,-0.594817109,-0.015889429,-0.066275051,-0.80096676,0.624456131,-1.32340756,-18.21464179,-0.007426798,-0.003810397,1.481482766
9.919403801,259.2824557,230.1425013,3335.61087,28.6120697,-80.59734385,15.02794986,14.22630654,162.3892516,-0.832943745,-0.653797397,-18.21878306,-0.588878271,-0.016371317,-0.066096019,-0.805348172,0.59145446,-1.301298774,-18.19346326,-0.009696393,-0.005249391,1.480199905
9.929403801,259.4326919,230.2847303,3337.233853,28.61207097,-80.59734231,15.01923895,14.2194425,162.2074539,-0.858133505,-0.674998032,-18.19282406,-0.582912786,-0.016851962,-0.065905743,-0.809682116,0.55730146,-1.274564945,-18.1723901,-0.01130004,-0.006359333,1.478920526
9.939403801,259.5828396,230.4268894,3338.85502,28.61207225,-80.59734078,15.01026825,14.21234297,162.0259176,-0.884103415,-0.698014293,-18.16669799,-0.576920876,-0.017332022,-0.06570816,-0.813968268,0.522418763,-1.245577593,-18.15140198,-0.012203161,-0.007114831,1.4776437
9.949403801,259.7328964,230.5689763,3340.474372,28.61207353,-80.59733924,15.00104392,14.20500278,161.8446416,-0.909920945,-0.721969846,-18.14058574,-0.570902775,-0.017812335,-0.06550725,-0.818206296,0.487467597,-1.215603398,-18.13049176,-0.012331863,-0.007543956,1.476368732
9.959403801,259.8828598,230.7109886,3342.091913,28.61207481,-80.5973377,14.99162668,14.1974245,161.6636191,-0.934677013,-0.746023581,-18.11465747,-0.564858729,-0.01829347,-0.065306591,-0.822395899,0.453006653,-1.18591245,-18.10964893,-0.011772651,-0.007618864,1.475095125
9.969403801,260.0327285,230.852924,3343.707645,28.61207608,-80.59733617,14.98209136,14.18961834,161.4828412,-0.948048862,-0.76945824,-18.08993955,-0.558789001,-0.018775436,-0.065109054,-0.826536839,0.416044466,-1.166576093,-18.08874741,-0.010661292,-0.007407562,1.473821522
9.979403801,260.1825013,230.9947803,3345.321571,28.61207736,-80.59733463,14.972462,14.18160282,161.3023033,-0.958658498,-0.79145743,-18.06569828,-0.552693838,-0.019257802,-0.064917508,-0.830628904,0.380122306,-1.149807783,-18.0678813,-0.009122815,-0.006852954,1.472546867
9.989403801,260.3321775,231.1365555,3346.933692,28.61207863,-80.5973331,14.96276517,14.17340451,161.1219995,-0.966798707,-0.811195465,-18.04197729,-0.546573501,-0.019740456,-0.064734801,-0.834671868,0.346055972,-1.135766565,-18.04704856,-0.00709989,-0.005930503,1.471271471
9.999403801,260.4817565,231.2782479,3348.544012,28.61207991,-80.59733157,14.95303014,14.16505633,160.9419235,-0.972101642,-0.827915007,-18.01887541,-0.540428296,-0.020223242,-0.064562848,-0.838665557,0.314318825,-1.125247747,-18.02623968,-0.004687044,-0.004739195,1.469995571
10.0094038,260.6312383,231.4198562,3350.152531,28.61208118,-80.59733004,14.94335243,14.15659565,160.7620621,-0.974395723,-0.841093209,-17.99645078,-0.534258532,-0.020705558,-0.064403166,-0.842609835,0.285191773,-1.118768325,-18.00544774,-0.002011645,-0.003329454,1.46871934
10.0194038,260.7806241,231.5613796,3351.759254,28.61208246,-80.59732851,14.93383716,14.14806408,160.5824012,-0.960107368,-0.850335668,-17.97599048,-0.528064553,-0.021185974,-0.064256011,-0.846504665,0.253121422,-1.128981318,-17.9845056,7.48E-04,-0.001731958,1.467441474
10.0294038,260.9299157,231.7028174,3353.36418,28.61208373,-80.59732698,14.92450583,14.13950571,160.4029343,-0.94261824,-0.855265202,-17.95628038,-0.521846708,-0.02166275,-0.064121283,-0.850350045,0.223622387,-1.143797349,-17.96356683,0.003241543,1.99E-04,1.466160919
10.0394038,261.0791149,231.8441697,3354.967313,28.612085,-80.59732545,14.91537326,14.13096624,160.2236553,-0.923397528,-0.855650203,-17.93719749,-0.515605386,-0.02213455,-0.063998411,-0.854145978,0.197404595,-1.162077146,-17.94264368,0.005656024,0.002272647,1.464878439
10.0494038,261.2282238,231.985437,3356.568654,28.61208627,-80.59732392,14.90644748,14.12249103,160.0445589,-0.903009414,-0.85147232,-17.91868581,-0.509341003,-0.022599976,-0.063886159,-0.857892501,0.174616068,-1.18342664,-17.92173939,0.00771289,0.004585002,1.463594607
10.0594038,261.3772442,232.1266199,3358.168205,28.61208754,-80.59732239,14.89761027,14.11412286,159.8656518,-0.882127647,-0.842893722,-17.90066319,-0.50305402,-0.023058453,-0.063783012,-0.861589628,0.155314295,-1.207258284,-17.90085938,0.009421426,0.006791301,1.462309837
10.0694038,261.5261758,232.2677199,3359.765967,28.61208881,-80.59732087,14.8887187,14.10590107,159.6869434,-0.886358389,-0.830089657,-17.88071995,-0.496744914,-0.023510636,-0.063687901,-0.865237304,0.151781938,-1.211142603,-17.88029423,0.010940407,0.008886018,1.461027073
10.0794038,261.6750183,232.4087385,3361.361944,28.61209008,-80.59731934,14.87977351,14.09785907,159.50843,-0.891913955,-0.813697506,-17.86102365,-0.490414186,-0.023957998,-0.06359992,-0.868835422,0.152321519,-1.216108876,-17.85977764,0.012406053,0.010684258,1.45974866
10.0894038,261.8237712,232.5496778,3362.956137,28.61209134,-80.59731782,14.87078065,14.09002386,159.3301082,-0.897017607,-0.794253129,-17.84169939,-0.48406238,-0.024402469,-0.063517799,-0.872383873,0.15545185,-1.22357708,-17.83929397,0.013903946,0.012027706,1.458473474
10.0994038,261.9724338,232.6905398,3364.548547,28.61209261,-80.5973163,14.86174773,14.08241645,159.1519746,-0.901421193,-0.77242544,-17.82271858,-0.477690033,-0.024845457,-0.063440056,-0.875882581,0.160288987,-1.233503186,-17.8188461,0.015348732,0.012924758,1.457200665
10.1094038,262.1210062,232.8313269,3366.139177,28.61209388,-80.59731477,14.85275201,14.07505009,158.9740201,-0.905032772,-0.748841305,-17.80403927,-0.471297699,-0.025288132,-0.063364738,-0.879331507,0.166088082,-1.245671907,-17.79843752,0.016582349,0.013408614,1.455929616
10.1194038,262.2694893,232.9720416,3367.728028,28.61209514,-80.59731325,14.8438825,14.06793113,158.7962351,-0.893379639,-0.724314205,-17.78694452,-0.464885951,-0.025731007,-0.06328919,-0.882730676,0.164009672,-1.271761383,-17.77790419,0.017563927,0.013530877,1.454658345
10.1294038,262.4178843,233.1126864,3369.315102,28.61209641,-80.59731173,14.83514189,14.06105838,158.6186187,-0.88049992,-0.699513854,-17.77006315,-0.458455349,-0.026174158,-0.063210644,-0.886080143,0.16078078,-1.299315904,-17.75741174,0.017994823,0.013308134,1.453385287
10.1394038,262.5661926,233.2532636,3370.900401,28.61209767,-80.59731021,14.8265276,14.05442449,158.4411711,-0.867686814,-0.675154755,-17.75320697,-0.452006433,-0.026617645,-0.063126702,-0.889379955,0.156457504,-1.326732973,-17.73697755,0.018000559,0.012861811,1.452110954
10.1494038,262.7144153,233.3937756,3372.483926,28.61209893,-80.5973087,14.81803531,14.04801527,158.2638934,-0.855223385,-0.651856989,-17.7362897,-0.445539757,-0.027061737,-0.06303479,-0.89263016,0.150673338,-1.353306981,-17.71660675,0.017595679,0.012115186,1.45083574
10.1594038,262.8625534,233.5342246,3374.065679,28.6121002,-80.59730718,14.80959568,14.04181037,158.0867933,-0.843345658,-0.630326347,-17.71922072,-0.439055856,-0.027506593,-0.062932577,-0.895830806,0.142993559,-1.378295955,-17.69630412,0.016690413,0.011145951,1.449559935
10.1694038,263.0106071,233.6746124,3375.645663,28.61210146,-80.59730566,14.80112772,14.03578384,157.9098802,-0.845220964,-0.611079228,-17.70070749,-0.432555255,-0.027953151,-0.062818397,-0.898981881,0.141098997,-1.390762646,-17.6762194,0.015540335,0.009875116,1.448285131
10.1794038,263.1585759,233.8149407,3377.223878,28.61210272,-80.59730415,14.79262508,14.0299039,157.7331571,-0.848453981,-0.594759274,-17.68185561,-0.426038463,-0.028402243,-0.062690786,-0.90208337,0.137235436,-1.400293059,-17.65621637,0.014131778,0.008352764,1.447012602
10.1894038,263.3064595,233.9552109,3378.800326,28.61210398,-80.59730263,14.7840847,14.02413471,157.556627,-0.852105376,-0.581836681,-17.66270827,-0.419505958,-0.028854662,-0.062548834,-0.90513524,0.130520101,-1.407209498,-17.63628665,0.012572562,0.006502323,1.445741799
10.1994038,263.4542574,234.0954237,3380.375011,28.61210524,-80.59730112,14.77550529,14.01843856,157.380293,-0.855994724,-0.572610842,-17.64325367,-0.412958205,-0.029311295,-0.062392054,-0.908137435,0.120679154,-1.411326464,-17.61642996,0.01096798,0.004534407,1.4444723
10.2094038,263.6019694,234.2355797,3381.947933,28.6121065,-80.5972996,14.76686529,14.01277618,157.2041601,-0.859857888,-0.567270715,-17.62349953,-0.406395652,-0.029773093,-0.06222023,-0.911089886,0.107476932,-1.412592946,-17.59664505,0.009364446,0.00229422,1.443203801
10.2194038,263.7495945,234.3756792,3383.519095,28.61210776,-80.59729809,14.75814094,14.00710798,157.0282336,-0.868291407,-0.565886117,-17.60300796,-0.399818692,-0.0302404,-0.062033672,-0.913992536,0.094015821,-1.407387776,-17.57698686,0.007762151,-1.60E-05,1.441936611
10.2294038,263.8971319,234.5157217,3385.088498,28.61210902,-80.59729658,14.74933981,14.00139604,156.8525158,-0.876423751,-0.568386453,-17.58224615,-0.393227718,-0.03071396,-0.061833032,-0.916845293,0.077303057,-1.399379658,-17.55740078,0.006314651,-0.002356008,1.440671005
10.2394038,264.044581,234.6557068,3386.656146,28.61211028,-80.59729507,14.7404734,13.99560429,156.6770081,-0.883591329,-0.574616613,-17.56129462,-0.386623086,-0.03119431,-0.061619434,-0.919648057,0.057090364,-1.389058505,-17.53788025,0.005015842,-0.004791334,1.439406618
10.2494038,264.1919412,234.7956335,3388.222039,28.61211154,-80.59729356,14.73155564,13.98970071,156.5017116,-0.889457545,-0.584260861,-17.54021851,-0.380005123,-0.031681494,-0.061394206,-0.922400749,0.033455061,-1.376787439,-17.51842167,0.00403509,-0.00715955,1.438143179
10.2594038,264.3392124,234.9355004,3389.786181,28.6121128,-80.59729205,14.72270243,13.98365698,156.3266172,-0.893809626,-0.59689167,-17.5190808,-0.373374136,-0.032175208,-0.061158761,-0.9251033,0.00663572,-1.362923278,-17.49902178,0.003232947,-0.009403863,1.43688049
10.2694038,264.4863959,235.0753061,3391.348572,28.61211406,-80.59729054,14.71404638,13.97745022,156.1517137,-0.875746572,-0.612210604,-17.49988337,-0.366730384,-0.032673605,-0.060914378,-0.927755733,-0.03813414,-1.362216245,-17.47943262,0.002625897,-0.011364991,1.435616144
10.2794038,264.633494,235.2150488,3392.909215,28.61211531,-80.59728904,14.70559714,13.97106408,155.977001,-0.855340949,-0.629425166,-17.48080814,-0.360074112,-0.033174094,-0.060661991,-0.930358123,-0.08615181,-1.360652161,-17.45988662,0.001985731,-0.012821744,1.434348191
10.2894038,264.7805086,235.3547267,3394.468113,28.61211657,-80.59728753,14.69735617,13.96448903,155.8024791,-0.834487772,-0.647948793,-17.46172576,-0.353405526,-0.033673763,-0.060402854,-0.932910557,-0.135511658,-1.357246058,-17.4404012,0.001335643,-0.013647746,1.433077625
10.2994038,264.9274418,235.4943379,3396.025266,28.61211782,-80.59728602,14.68931908,13.95772143,155.6281483,-0.813805567,-0.667119293,-17.44263189,-0.346724855,-0.034170268,-0.060138228,-0.935413097,-0.185149466,-1.352035646,-17.42097742,7.49E-04,-0.013860173,1.43180521
10.3094038,265.0742956,235.6338805,3397.580676,28.61211908,-80.59728452,14.68147987,13.95076343,155.4540083,-0.793754265,-0.68637056,-17.42352861,-0.340032292,-0.03466087,-0.059869655,-0.937865816,-0.234206918,-1.345152711,-17.40161518,2.07E-04,-0.013587075,1.430531502
10.3194038,265.221072,235.7733526,3399.134347,28.61212033,-80.59728302,14.67382714,13.9436241,155.280059,-0.774302259,-0.705060114,-17.40446909,-0.333328041,-0.035142912,-0.059598535,-0.940268795,-0.282146679,-1.337154753,-17.38230734,-1.78E-04,-0.012622268,1.429256843
10.3294038,265.3677727,235.9127524,3400.686278,28.61212159,-80.59728151,14.66634111,13.93631761,155.1063005,-0.756567887,-0.722596617,-17.38539034,-0.326612303,-0.035614095,-0.059326553,-0.942622087,-0.327604736,-1.32785029,-17.36305926,-5.12E-04,-0.011128496,1.427981476
10.3394038,265.5143993,236.0520784,3402.236473,28.61212284,-80.59728001,14.65899797,13.92886369,154.9327332,-0.741037881,-0.738372082,-17.366291,-0.319885339,-0.036072766,-0.059054781,-0.944925742,-0.369700613,-1.317542869,-17.34386912,-6.51E-04,-0.009119999,1.426705647
10.3494038,265.6609531,236.1913293,3403.784933,28.61212409,-80.59727851,14.65177026,13.9212855,154.7593573,-0.728053011,-0.752025791,-17.34716232,-0.313147393,-0.036517056,-0.058784366,-0.947179821,-0.407862295,-1.306460827,-17.32473529,-7.16E-04,-0.006778051,1.42542954
10.3594038,265.8074347,236.3305038,3405.331661,28.61212534,-80.59727701,14.64455013,13.91361038,154.5861808,-0.718009791,-0.763173252,-17.32799145,-0.306398745,-0.03694592,-0.058516446,-0.949384345,-0.441459911,-1.29484796,-17.30565633,-6.46E-04,-0.004019324,1.424153285
10.3694038,265.9538437,236.4696013,3406.876658,28.61212659,-80.59727551,14.63721632,13.90586805,154.4132124,-0.727176417,-0.77137354,-17.30724582,-0.299639729,-0.037360147,-0.058252385,-0.951539233,-0.456966799,-1.273666308,-17.28680178,-3.32E-04,-0.001171914,1.422878745
10.3794038,266.1001786,236.6086211,3408.419926,28.61212785,-80.59727401,14.62974383,13.89808891,154.2404518,-0.739959028,-0.776589424,-17.2864343,-0.292870718,-0.037761204,-0.057993371,-0.95364438,-0.46679366,-1.25278296,-17.26800741,3.34E-04,0.001500295,1.421607438
10.3894038,266.246438,236.747563,3409.961467,28.61212909,-80.59727251,14.62211383,13.89030336,154.0678976,-0.754854513,-0.778751471,-17.26571394,-0.286092102,-0.038150613,-0.057740362,-0.955699686,-0.472205502,-1.233382246,-17.24925874,0.001309272,0.003909855,1.420338598
10.3994038,266.3926203,236.8864272,3411.501285,28.61213034,-80.59727101,14.61431165,13.88254236,153.8955483,-0.771403591,-0.777835418,-17.24513753,-0.279304284,-0.038529938,-0.057494113,-0.957705063,-0.473680851,-1.215952748,-17.23055267,0.002565517,0.006157141,1.419071631
10.4094038,266.5387234,237.0252141,3413.039379,28.61213159,-80.59726952,14.60625048,13.87483662,153.7234091,-0.789163034,-0.773863327,-17.22475245,-0.272507717,-0.038901641,-0.057255186,-0.959660383,-0.471733805,-1.200903992,-17.21188649,0.004029373,0.007968635,1.417806104
10.4194038,266.6847441,237.1639242,3414.575753,28.61213284,-80.59726802,14.59783635,13.86721462,153.5514857,-0.823775003,-0.766828797,-17.20307887,-0.265702909,-0.039269231,-0.057023735,-0.961565487,-0.453198112,-1.180103974,-17.19344411,0.005770046,0.009265206,1.416543508
10.4294038,266.830679,237.3025587,3416.11041,28.61213409,-80.59726653,14.58907801,13.8597012,153.3797744,-0.858883051,-0.757169056,-17.18165925,-0.258890387,-0.039636762,-0.056800024,-0.963420184,-0.432232496,-1.162394142,-17.1750521,0.00774744,0.009774006,1.415285103
10.4394038,266.9765246,237.4411187,3417.64335,28.61213533,-80.59726503,14.57999605,13.85231827,153.2082704,-0.892428062,-0.745159472,-17.16067726,-0.252070692,-0.040008068,-0.056583978,-0.965224313,-0.411005425,-1.148709617,-17.15669185,0.009982692,0.009464732,1.414029888
10.4494038,267.1222779,237.5796056,3419.174576,28.61213658,-80.59726354,14.57061978,13.84508493,153.0369683,-0.923478003,-0.731101283,-17.14020357,-0.245244371,-0.040386904,-0.05637531,-0.966977725,-0.390755473,-1.139275921,-17.13835638,0.012377579,0.008476123,1.412777099
10.4594038,267.2679365,237.7180209,3420.70409,28.61213782,-80.59726205,14.56109521,13.83801559,152.8658522,-0.951136921,-0.715315201,-17.12030155,-0.238411972,-0.040776064,-0.056173108,-0.968680353,-0.372708249,-1.134213854,-17.12003826,0.014798443,0.006689575,1.411526176
10.4694038,267.4134999,237.8563665,3422.231893,28.61213907,-80.59726056,14.55159129,13.83112035,152.6949042,-0.9521962,-0.698372435,-17.1031047,-0.231574022,-0.041176744,-0.055975715,-0.970332246,-0.377995766,-1.143803491,-17.1014451,0.01708789,0.004465843,1.410274177
10.4794038,267.5589685,237.9946439,3423.757988,28.61214031,-80.59725907,14.54214774,13.82440535,152.524119,-0.947974586,-0.68058176,-17.08657707,-0.224731014,-0.0415889,-0.055781159,-0.971933535,-0.388331399,-1.156993886,-17.08284307,0.018966842,0.002039526,1.409018705
10.4894038,267.7043432,238.1328552,3425.282376,28.61214155,-80.59725758,14.53279981,13.81787236,152.3534923,-0.940132604,-0.662392082,-17.07052154,-0.217883427,-0.042012404,-0.055587486,-0.973484361,-0.402571404,-1.172374024,-17.06425485,0.020461578,-4.85E-04,1.4077607
10.4994038,267.849625,238.271002,3426.805059,28.61214279,-80.59725609,14.5235799,13.8115188,152.1830203,-0.928892335,-0.64424812,-17.0548767,-0.211031717,-0.042446585,-0.055392679,-0.974984899,-0.420800269,-1.189227331,-17.04568512,0.02152877,-0.003013955,1.406500902
10.5094038,267.9948152,238.4090861,3428.326037,28.61214404,-80.5972546,14.51449206,13.80533804,152.0127024,-0.914605919,-0.626575641,-17.03956905,-0.204176326,-0.042890431,-0.055194597,-0.976435351,-0.442924079,-1.206792668,-17.02713964,0.022129087,-0.005458109,1.405239854
10.5194038,268.1399152,238.5471093,3429.845313,28.61214528,-80.59725311,14.50553174,13.79931938,151.8425389,-0.902767191,-0.609764477,-17.02403915,-0.19731768,-0.043343019,-0.054991364,-0.977835909,-0.464063689,-1.222256213,-17.00868734,0.022255436,-0.007805506,1.403978525
10.5294038,268.2849263,238.685073,3431.362888,28.61214652,-80.59725163,14.49672008,13.79344771,151.6725286,-0.888935051,-0.594231749,-17.00866536,-0.190456214,-0.043803561,-0.054781004,-0.979186765,-0.488385518,-1.236967645,-16.99027383,0.021971202,-0.010099614,1.402717684
10.5394038,268.4298502,238.8229787,3432.878764,28.61214776,-80.59725014,14.488075,13.78770506,151.5026706,-0.873105382,-0.580389397,-16.99340714,-0.183592305,-0.044270755,-0.054562138,-0.980488112,-0.516008555,-1.250356666,-16.97190015,0.021272169,-0.012242897,1.401457288
10.5494038,268.5746884,238.9608275,3434.392942,28.612149,-80.59724866,14.47961003,13.78207116,151.3329646,-0.85568536,-0.568464284,-16.97820047,-0.176726316,-0.044742912,-0.054333355,-0.981740173,-0.54655339,-1.261885034,-16.95357089,0.020250829,-0.014166451,1.400197294
10.5594038,268.7194432,239.0986204,3435.905424,28.61215024,-80.59724718,14.47137918,13.77652311,151.1634071,-0.837169593,-0.558679579,-16.9629717,-0.169858597,-0.045218167,-0.054093308,-0.982943177,-0.579519617,-1.27100294,-16.93529136,0.018885915,-0.015753047,1.398937669
10.5694038,268.864117,239.2363581,3437.416211,28.61215148,-80.5972457,14.4634384,13.77103629,150.9939941,-0.808593354,-0.551329633,-16.94855194,-0.162989459,-0.04569381,-0.053840766,-0.984097396,-0.623337809,-1.280342938,-16.91695517,0.017174624,-0.016971453,1.397677314
10.5794038,269.0087129,239.3740412,3438.925304,28.61215271,-80.59724421,14.45578246,13.7655853,150.824728,-0.779677725,-0.546477151,-16.93399481,-0.156119191,-0.046167142,-0.053574902,-0.985203087,-0.668738774,-1.28616167,-16.89867721,0.015094999,-0.017594396,1.396415316
10.5894038,269.1532336,239.5116699,3440.432706,28.61215395,-80.59724273,14.44839904,13.76014434,150.655612,-0.751703884,-0.544180431,-16.91916104,-0.149248065,-0.046635539,-0.053295188,-0.986260495,-0.714311626,-1.287903001,-16.88046996,0.012837774,-0.017790298,1.395152157
10.5994038,269.2976817,239.6492441,3441.938417,28.61215519,-80.59724125,14.44126898,13.75468805,150.4866498,-0.725303436,-0.544448071,-16.90397776,-0.142376331,-0.047096272,-0.053001344,-0.987269861,-0.759227295,-1.285337481,-16.86233775,0.010399433,-0.017403294,1.393888213
10.6094038,269.4420595,239.7867635,3443.44244,28.61215643,-80.59723977,14.43429366,13.74919242,150.3178532,-0.701115653,-0.547239443,-16.8883749,-0.135504224,-0.047547103,-0.052693721,-0.988231375,-0.802619842,-1.278328362,-16.84428446,0.007872463,-0.016479404,1.392623758
10.6194038,269.5863677,239.9242277,3444.944775,28.61215766,-80.5972383,14.42735851,13.74363539,150.1492353,-0.695020226,-0.552261358,-16.87080744,-0.128632027,-0.04798738,-0.05237284,-0.989145135,-0.828831596,-1.262867631,-16.82647893,0.005418731,-0.01526774,1.391360759
10.6294038,269.7306067,240.0616359,3446.445425,28.6121589,-80.59723682,14.42043554,13.73799598,149.9808006,-0.692468163,-0.559489887,-16.8526996,-0.121759989,-0.048416275,-0.052039618,-0.990011236,-0.851632392,-1.243501257,-16.80876116,0.003077185,-0.013870314,1.390100834
10.6394038,269.8747764,240.1989873,3447.944391,28.61216013,-80.59723534,14.41349874,13.73225623,149.8125533,-0.692568121,-0.568685742,-16.83415939,-0.114888377,-0.048833684,-0.051695353,-0.990829714,-0.871660792,-1.220842482,-16.79112049,9.69E-04,-0.012347573,1.388843302
10.6494038,270.0188765,240.3362807,3449.441677,28.61216137,-80.59723387,14.4065232,13.72640088,149.6444971,-0.695216087,-0.579534252,-16.81522767,-0.108017469,-0.049239667,-0.05134125,-0.991600604,-0.88882172,-1.195369143,-16.77355525,-8.89E-04,-0.010789253,1.387587626
10.6594038,270.1629063,240.4735149,3450.937282,28.6121626,-80.59723239,14.3993931,13.72041848,149.4766444,-0.700277784,-0.5917536,-16.79594614,-0.101147564,-0.049635149,-0.050978764,-0.992323883,-0.903085148,-1.167532216,-16.75606379,-0.00248376,-0.00925137,1.386333411
10.6694038,270.3068634,240.6106886,3452.43121,28.61216384,-80.59723091,14.39198138,13.71430169,149.309008,-0.726797634,-0.60485896,-16.77448681,-0.094278978,-0.050022392,-0.050609892,-0.992999433,-0.89557156,-1.13402899,-16.73885978,-0.00366011,-0.007995312,1.385082606
10.6794038,270.450745,240.7478005,3453.923463,28.61216507,-80.59722944,14.38427918,13.70804621,149.1415888,-0.755653123,-0.618574166,-16.75277749,-0.087412063,-0.050404282,-0.05023654,-0.993627108,-0.884939182,-1.099785953,-16.72173893,-0.004425088,-0.007242123,1.383836878
10.6894038,270.594548,240.8848491,3455.414043,28.6121663,-80.59722797,14.37628757,13.70165195,148.9743862,-0.784778076,-0.632512163,-16.73106942,-0.080547164,-0.050783629,-0.04986065,-0.994206766,-0.873223911,-1.065738163,-16.70467941,-0.004722812,-0.007044516,1.382595067
10.6994038,270.7382698,241.021833,3456.902951,28.61216753,-80.5972265,14.36801488,13.69512274,148.8073983,-0.813424651,-0.646262012,-16.70948306,-0.07368465,-0.051163419,-0.049483963,-0.994738264,-0.861193943,-1.032515061,-16.68767197,-0.004594924,-0.007352636,1.381356274
10.7094038,270.8819075,241.1587511,3458.390191,28.61216876,-80.59722502,14.35950441,13.68846536,148.6406197,-0.840826213,-0.659462954,-16.68813449,-0.066824883,-0.051546292,-0.049108084,-0.995221488,-0.849680721,-1.000652223,-16.67070636,-0.004121301,-0.008252985,1.380119829
10.7194038,271.0254593,241.295602,3459.875764,28.61217,-80.59722355,14.35081038,13.68169114,148.4740432,-0.860661,-0.67179293,-16.6676761,-0.059968206,-0.05193448,-0.048734703,-0.995656343,-0.845064396,-0.971365711,-16.65370182,-0.003285282,-0.009586272,1.378884575
10.7294038,271.1689232,241.4323846,3461.359673,28.61217123,-80.59722208,14.34195967,13.6748149,148.3076643,-0.877711092,-0.682793715,-16.64768452,-0.053114964,-0.052329684,-0.048365031,-0.996042784,-0.842688791,-0.944278712,-16.63671234,-0.00212636,-0.011321581,1.377649583
10.7394038,271.312298,241.569098,3462.841918,28.61217245,-80.59722061,14.33298216,13.66785452,148.1414775,-0.891940158,-0.692156672,-16.62819314,-0.046265488,-0.052733416,-0.048000354,-0.996380779,-0.842694785,-0.919642929,-16.61973428,-7.33E-04,-0.013361845,1.376414872
10.7494038,271.4555826,241.7057415,3464.322503,28.61217368,-80.59721915,14.32391063,13.6608316,147.9754769,-0.903015774,-0.699547193,-16.60926614,-0.039420087,-0.053146762,-0.047641925,-0.996670319,-0.845525622,-0.897763002,-16.60275981,9.08E-04,-0.015707585,1.375180469
10.7594038,271.5987763,241.8423145,3465.801429,28.61217491,-80.59721768,14.31486205,13.65376943,147.8096481,-0.910730343,-0.704630987,-16.59095473,-0.032579092,-0.053570205,-0.047290184,-0.996911468,-0.851503373,-0.878910576,-16.58578221,0.002743054,-0.018181897,1.373946395
10.7694038,271.7418803,241.9788168,3467.278696,28.61217614,-80.59721621,14.30596747,13.64669169,147.6439755,-0.89772626,-0.707409428,-16.57495795,-0.025742807,-0.054002937,-0.04694517,-0.997104379,-0.878157224,-0.86417059,-16.56857328,0.004518638,-0.020676033,1.372710604
10.7794038,271.8848963,242.1152483,3468.754309,28.61217737,-80.59721475,14.29725527,13.63962352,147.4784531,-0.880746686,-0.70771516,-16.55965668,-0.018911499,-0.054443464,-0.046606975,-0.997249244,-0.908814272,-0.851925215,-16.55134692,0.006359782,-0.022916862,1.371471372
10.7894038,272.0278261,242.2516094,3470.228266,28.61217859,-80.59721328,14.28874607,13.6325902,147.3130759,-0.861373182,-0.705492963,-16.54489975,-0.012085412,-0.054889697,-0.046275563,-0.997346297,-0.941942247,-0.84200061,-16.53412143,0.00810413,-0.024803709,1.370229622
10.7994038,272.1706719,242.3879003,3471.70057,28.61217982,-80.59721182,14.28045458,13.62561677,147.1478393,-0.840223316,-0.70073809,-16.53062384,-0.005264807,-0.055339493,-0.045950414,-0.9973958,-0.97695374,-0.834280722,-16.51690258,0.009884922,-0.026266619,1.368986076
10.8094038,272.3134361,242.524122,3473.171223,28.61218104,-80.59721036,14.27241999,13.6187256,146.9827367,-0.817916604,-0.693584229,-16.51675223,0.001550038,-0.055790723,-0.04563067,-0.997398032,-1.013255242,-0.828527598,-16.49969717,0.011395672,-0.027332186,1.367741275
10.8194038,272.4561213,242.6602752,3474.640226,28.61218227,-80.5972089,14.26468005,13.61193692,146.8177618,-0.788713471,-0.684319051,-16.50382931,0.008358878,-0.056240527,-0.045315495,-0.997353317,-1.056632714,-0.8243766,-16.48243532,0.012770496,-0.027955907,1.366494862
10.8294038,272.5987306,242.7963611,3476.107579,28.61218349,-80.59720744,14.25722872,13.6052687,146.6529131,-0.759392669,-0.673132978,-16.49115871,0.01516147,-0.056686012,-0.045004021,-0.997261984,-1.10025164,-0.821407158,-16.46520081,0.013950024,-0.027933679,1.365246495
10.8394038,272.7412668,242.932381,3477.573284,28.61218471,-80.59720598,14.25005255,13.59873594,146.4881899,-0.731091874,-0.660280735,-16.47859493,0.02195756,-0.057124391,-0.044695167,-0.997124371,-1.14292879,-0.819355961,-16.44800676,0.014967772,-0.027411748,1.363996736
10.8494038,272.8837325,243.0683363,3479.037343,28.61218594,-80.59720452,14.24313116,13.59235039,146.3235928,-0.704497321,-0.646078031,-16.46603016,0.028746872,-0.057553157,-0.044387654,-0.996940814,-1.183921549,-0.817937004,-16.43086094,0.01571657,-0.026284164,1.362746023
10.8594038,273.02613,243.2042286,3480.499757,28.61218716,-80.59720306,14.23638755,13.58612026,146.1591286,-0.680213342,-0.630901914,-16.45335817,0.035529123,-0.057969941,-0.044080046,-0.996711652,-1.222559493,-0.816830943,-16.41377038,0.016228965,-0.024741263,1.361494674
10.8694038,273.1684606,243.3400593,3481.960526,28.61218838,-80.5972016,14.22973094,13.58004919,145.994806,-0.669459145,-0.615081693,-16.43938965,0.042303989,-0.058373468,-0.043770931,-0.996437161,-1.24751667,-0.816511446,-16.39686081,0.016463408,-0.022750884,1.360244222
10.8794038,273.3107248,243.4758301,3483.419653,28.6121896,-80.59720014,14.2231294,13.5741364,145.8306283,-0.662393881,-0.599141315,-16.42506941,0.049071128,-0.058762989,-0.043458918,-0.996117592,-1.26861395,-0.816165079,-16.38002242,0.016471275,-0.020616665,1.35899594
10.8894038,273.4529232,243.6115425,3484.877139,28.61219082,-80.59719869,14.21655129,13.56837675,145.666599,-0.658456717,-0.583502895,-16.41041058,0.055830186,-0.059137982,-0.043142631,-0.995753184,-1.286352823,-0.815424639,-16.36325137,0.016151478,-0.018311972,1.357749398
10.8994038,273.5950558,243.7471981,3486.332986,28.61219204,-80.59719723,14.20996497,13.5627613,145.5027223,-0.657698172,-0.568572971,-16.39536619,0.062580792,-0.059498306,-0.042820665,-0.995344155,-1.300610252,-0.813977022,-16.34655098,0.015651464,-0.015958255,1.356504252
10.9094038,273.7371221,243.8827982,3487.787194,28.61219326,-80.59719577,14.20326127,13.55727739,145.3390104,-0.660062872,-0.554755416,-16.37990188,0.069322548,-0.059844471,-0.042491648,-0.994890689,-1.311362482,-0.811503304,-16.32992385,0.014775048,-0.013564894,1.355260244
10.9194038,273.8791203,244.018344,3489.239767,28.61219448,-80.59719432,14.19632011,13.5519098,145.1754772,-0.68179355,-0.542283323,-16.3623251,0.076055035,-0.060178251,-0.042154593,-0.99439288,-1.302378017,-0.810057891,-16.31355921,0.013754463,-0.01140797,1.354019193
10.9294038,274.0210477,244.1538367,3490.690704,28.6121957,-80.59719287,14.18912184,13.54663985,145.012126,-0.706730069,-0.531542044,-16.34427216,0.082777786,-0.060502207,-0.041808336,-0.993850786,-1.289773081,-0.807614956,-16.29728444,0.012436536,-0.009664302,1.35278267
10.9394038,274.1629018,244.2892771,3492.14001,28.61219692,-80.59719141,14.18165567,13.54144661,144.8489598,-0.733104012,-0.52279536,-16.32590877,0.089490333,-0.060819045,-0.041451843,-0.993264451,-1.275295783,-0.803724384,-16.28108416,0.010919572,-0.008434547,1.351549695
10.9494038,274.3046799,244.4246658,3493.587684,28.61219813,-80.59718996,14.17391854,13.53630704,144.6859805,-0.760177155,-0.516241118,-16.30730088,0.096192189,-0.061131719,-0.041084008,-0.99263391,-1.259663984,-0.798092381,-16.26495408,0.009070833,-0.007730891,1.350319498
10.9594038,274.4463798,244.5600033,3495.03373,28.61219935,-80.59718851,14.16607559,13.53119565,144.5231734,-0.787160492,-0.512068715,-16.28852009,0.102882942,-0.06144239,-0.040704483,-0.991959212,-1.243637916,-0.790382861,-16.24888865,0.007053471,-0.007622282,1.3490915
10.9694038,274.5880017,244.6952897,3496.478148,28.61220057,-80.59718706,14.15832409,13.52608658,144.3605202,-0.779931153,-0.510625074,-16.27302199,0.10956229,-0.061750645,-0.040313269,-0.991240537,-1.260722046,-0.773352799,-16.23246071,0.004986117,-0.00763277,1.347861103
10.9794038,274.7295466,244.830525,3497.920941,28.61220178,-80.59718561,14.15066888,13.52095668,144.1980223,-0.770354975,-0.511566194,-16.25757975,0.116229958,-0.062055858,-0.039910598,-0.990478072,-1.279304596,-0.752866451,-16.21606049,0.002959925,-0.007467072,1.346624431
10.9894038,274.8710154,244.9657087,3499.362109,28.612203,-80.59718416,14.14310997,13.5157837,144.0356813,-0.760684586,-0.514792097,-16.24197125,0.122885727,-0.062356963,-0.039497203,-0.989672005,-1.297058969,-0.729480119,-16.19971539,0.001018144,-0.0071744,1.345383046
10.9994038,275.0124091,245.1008404,3500.801655,28.61220422,-80.59718271,14.13564495,13.51054804,143.873499,-0.751149174,-0.520121225,-16.22618773,0.129529383,-0.06265322,-0.039074006,-0.988822499,-1.313673497,-0.703479028,-16.18342667,-6.85E-04,-0.006648575,1.344138197
11.0094038,275.1537284,245.2359194,3502.23958,28.61220543,-80.59718126,14.1282108,13.50523215,143.7114825,-0.741911093,-0.527330232,-16.21026757,0.136160697,-0.062944152,-0.038641773,-0.98792971,-1.328942708,-0.675191616,-16.16722956,-0.002237989,-0.006011127,1.342890823
11.0194038,275.2949732,245.3709448,3503.675885,28.61220664,-80.59717981,14.12073387,13.49982123,143.5496405,-0.745467347,-0.536111309,-16.19294701,0.142779429,-0.063230289,-0.038201605,-0.98699372,-1.330752169,-0.64833025,-16.15126733,-0.003608576,-0.005405033,1.341643169
11.0294038,275.436143,245.5059155,3505.110573,28.61220786,-80.59717837,14.11321247,13.49430278,143.3879739,-0.749917188,-0.546279291,-16.17544131,0.14938533,-0.063512236,-0.037754463,-0.986014614,-1.330733265,-0.620289597,-16.13536762,-0.004761471,-0.004954264,1.340397087
11.0394038,275.5772373,245.6408304,3506.543645,28.61220907,-80.59717692,14.10564811,13.48866679,143.226483,-0.754326841,-0.557578853,-16.15787342,0.155978147,-0.063790889,-0.037301434,-0.984992458,-1.329842185,-0.591128307,-16.1195181,-0.005796667,-0.00469364,1.339152311
11.0494038,275.7182558,245.7756884,3507.975103,28.61221028,-80.59717548,14.09804334,13.48290704,143.0651678,-0.758501428,-0.569709638,-16.14029513,0.162557677,-0.064066646,-0.03684409,-0.983927324,-1.32835218,-0.561124955,-16.10371509,-0.006544945,-0.004554319,1.337908609
11.0594038,275.859198,245.9104881,3509.404949,28.6122115,-80.59717403,14.09038316,13.47702125,142.9040296,-0.762392757,-0.582276823,-16.12274999,0.169123687,-0.064340502,-0.036383893,-0.982819256,-1.326427447,-0.530697608,-16.08795533,-0.007026916,-0.004614223,1.336665809
11.0694038,276.0000632,246.0452284,3510.833185,28.61221271,-80.59717259,14.08265092,13.4710107,142.7430694,-0.76970846,-0.594859817,-16.10489914,0.175675936,-0.064613367,-0.035922035,-0.981668318,-1.320716555,-0.501519422,-16.07228271,-0.007276094,-0.004907187,1.33542427
11.0794038,276.1408508,246.179908,3512.259811,28.61221392,-80.59717115,14.07485399,13.46487982,142.5822855,-0.77660903,-0.607185244,-16.08716505,0.182214184,-0.064886563,-0.035460035,-0.980474534,-1.315027433,-0.472694795,-16.05664776,-0.007322228,-0.005446381,1.334184312
11.0894038,276.2815601,246.3145256,3513.684831,28.61221513,-80.59716971,14.06700212,13.45863681,142.4216758,-0.782617699,-0.618849822,-16.0696369,0.188738176,-0.065161058,-0.03499884,-0.979237979,-1.310016846,-0.444457924,-16.04104138,-0.007140778,-0.006304846,1.332945651
11.0994038,276.4221907,246.4490804,3515.108245,28.61221634,-80.59716827,14.05910635,13.45229212,142.2612374,-0.787575086,-0.629592403,-16.05235663,0.195247671,-0.065437677,-0.034539522,-0.977958731,-1.3059876,-0.416978632,-16.02545911,-0.00683924,-0.007333944,1.331708065
11.1094038,276.5627425,246.5835712,3516.530056,28.61221755,-80.59716683,14.05129446,13.44585812,142.1009556,-0.791370773,-0.639128536,-16.0353626,0.201742453,-0.065716735,-0.034083187,-0.976636898,-1.303211272,-0.390457116,-16.00989663,-0.00637852,-0.008580979,1.330471387
11.1194038,276.7032173,246.7179973,3517.950265,28.61221876,-80.59716539,14.04371291,13.43934965,141.9408133,-0.769857373,-0.647408554,-16.02114534,0.208222396,-0.065996642,-0.033631332,-0.975272685,-1.324084415,-0.355388431,-15.99404313,-0.005616533,-0.009758806,1.329232427
11.1294038,276.8436175,246.852358,3519.368873,28.61221997,-80.59716395,14.03636531,13.43278489,141.7808081,-0.746428197,-0.653970891,-16.00733916,0.214687381,-0.066275381,-0.03318517,-0.973866339,-1.34690189,-0.320817,-15.97819363,-0.004504012,-0.010588778,1.327988468
11.1394038,276.9839454,246.9866528,3520.785881,28.61222117,-80.59716251,14.02924724,13.42618332,141.620938,-0.723172957,-0.658646204,-15.9937373,0.221137276,-0.06655114,-0.032745717,-0.972418104,-1.369796893,-0.287733037,-15.96237116,-0.003131901,-0.011088173,1.326740753
11.1494038,277.1242032,247.1208816,3522.201292,28.61222238,-80.59716108,14.02234981,13.41956509,141.4612019,-0.700578821,-0.661326721,-15.98029208,0.227571952,-0.066821904,-0.032313741,-0.970928248,-1.39239016,-0.256470892,-15.94657866,-0.001497247,-0.011313319,1.325490278
11.1594038,277.264393,247.2550442,3523.615106,28.61222359,-80.59715964,14.01561625,13.41295089,141.3016033,-0.679163083,-0.661984924,-15.96694413,0.233991268,-0.067085977,-0.031889994,-0.969397022,-1.414247859,-0.227320145,-15.93081981,3.69E-04,-0.011142262,1.324237799
11.1694038,277.4045159,247.3891407,3525.027325,28.61222479,-80.5971582,14.00897892,13.40636169,141.1421473,-0.668198992,-0.660499896,-15.95272767,0.240395034,-0.067342383,-0.031474702,-0.967824661,-1.42715263,-0.204655988,-15.91520096,0.002419542,-0.01079959,1.322985004
11.1794038,277.5445728,247.5231715,3526.437949,28.612226,-80.59715677,14.0024184,13.39981641,140.982834,-0.659560652,-0.657023195,-15.9384707,0.246783025,-0.067590308,-0.031067581,-0.966211413,-1.43850403,-0.18490662,-15.89962464,0.004464076,-0.010243344,1.321733286
11.1894038,277.6845644,247.6571372,3527.846982,28.6122272,-80.59715533,13.99591483,13.3933324,140.8236636,-0.652858665,-0.651736923,-15.92419403,0.253155,-0.067829173,-0.030668261,-0.964557519,-1.44864556,-0.167772801,-15.88408698,0.006464422,-0.009614638,1.320482496
11.1994038,277.8244912,247.7910384,3529.254423,28.61222841,-80.5971539,13.98944723,13.38692488,140.6646368,-0.648202022,-0.64482556,-15.90986746,0.259510726,-0.068058442,-0.030276476,-0.962863213,-1.457471507,-0.153177058,-15.86859043,0.008452665,-0.008814558,1.319232497
11.2094038,277.9643533,247.924876,3530.660275,28.61222961,-80.59715247,13.98297245,13.3806079,140.5057568,-0.645691026,-0.636448141,-15.89546455,0.265849929,-0.068278068,-0.029891621,-0.961128718,-1.464893819,-0.141070273,-15.85313728,0.010388218,-0.007967981,1.317983188
11.2194038,278.1041505,248.0586509,3532.064539,28.61223082,-80.59715104,13.97644462,13.37439288,140.3470271,-0.6497878,-0.626763097,-15.88050366,0.272172299,-0.068488324,-0.029512663,-0.959354258,-1.467061546,-0.13363329,-15.83778158,0.012150075,-0.007128843,1.316735064
11.2294038,278.243882,248.1923642,3533.467216,28.61223202,-80.5971496,13.96984485,13.36828847,140.1884487,-0.656093798,-0.616091924,-15.86541969,0.278477513,-0.068689781,-0.029138516,-0.957540044,-1.467760516,-0.128451598,-15.82247609,0.013675686,-0.006295065,1.315488559
11.2394038,278.3835471,248.3260171,3534.868308,28.61223322,-80.59714817,13.96315748,13.36230033,140.0300224,-0.664115131,-0.604699008,-15.85024387,0.284765221,-0.06888321,-0.02876785,-0.955686289,-1.467360454,-0.12505189,-15.80721848,0.014902454,-0.005557864,1.314243386
11.2494038,278.5231448,248.4596107,3536.267817,28.61223442,-80.59714674,13.95636914,13.35643167,139.8717492,-0.673583856,-0.592875686,-15.83498178,0.291035097,-0.069069338,-0.028399602,-0.953793196,-1.466003864,-0.123035902,-15.79200936,0.015908406,-0.004895917,1.312999317
11.2594038,278.662674,248.5931461,3537.665744,28.61223562,-80.59714531,13.94943944,13.35068336,139.7136329,-0.684257161,-0.580846747,-15.81964197,0.297286773,-0.069249105,-0.028032213,-0.951860983,-1.463829934,-0.122077896,-15.77684891,0.016609116,-0.004329859,1.311756181
11.2694038,278.802133,248.7266247,3539.06209,28.61223682,-80.59714389,13.94232612,13.34505322,139.5556776,-0.702052139,-0.568857372,-15.80359035,0.303519868,-0.06942384,-0.02766402,-0.949889847,-1.455843614,-0.125315291,-15.76181333,0.016916269,-0.003866002,1.310514644
11.2794038,278.9415199,248.8600476,3540.456858,28.61223802,-80.59714246,13.935027,13.33953634,139.3978836,-0.720638221,-0.557249384,-15.7874626,0.309733973,-0.06959541,-0.027293362,-0.947879959,-1.44723352,-0.128966227,-15.74683158,0.016814074,-0.00361344,1.309275297
11.2894038,279.0808329,248.9934158,3541.850048,28.61223922,-80.59714103,13.92754577,13.33412539,139.2402507,-0.739112473,-0.546251904,-15.77133687,0.315928689,-0.069765506,-0.026918564,-0.945831501,-1.438649175,-0.132271602,-15.73189556,0.016257618,-0.003647352,1.308037729
11.2994038,279.2200702,249.1267304,3543.241663,28.61224042,-80.5971396,13.9198903,13.32881088,139.0827785,-0.756995687,-0.536099156,-15.75524506,0.322103641,-0.069935564,-0.026538154,-0.943744662,-1.430350809,-0.134692102,-15.71700182,0.015313418,-0.003822383,1.306801611
11.3094038,279.3592306,249.2599923,3544.631704,28.61224162,-80.59713818,13.91219687,13.32358025,138.9254534,-0.773870575,-0.526985254,-15.73921477,0.328258479,-0.070106622,-0.026150826,-0.941619651,-1.422541598,-0.135753754,-15.70214689,0.013986583,-0.004204074,1.305566692
11.3194038,279.4983146,249.3932022,3546.020173,28.61224282,-80.59713675,13.90462539,13.31841924,138.76826,-0.763549433,-0.519357326,-15.72590132,0.334392956,-0.070278094,-0.025756077,-0.939456739,-1.435591474,-0.118766116,-15.68699091,0.012480154,-0.004552852,1.304329453
11.3294038,279.6373235,249.5263609,3547.40707,28.61224401,-80.59713533,13.89718677,13.31331407,138.6111979,-0.75062378,-0.513070974,-15.71277695,0.340506887,-0.070448637,-0.025353808,-0.937256226,-1.449629497,-0.098561556,-15.67185047,0.010993421,-0.004612405,1.303086868
11.3394038,279.7762588,249.6594687,3548.792397,28.61224521,-80.59713391,13.88988686,13.30825046,138.4542675,-0.737005867,-0.508191271,-15.69963435,0.346600093,-0.070617087,-0.02494402,-0.935018395,-1.462977407,-0.076286518,-15.65675037,0.009580398,-0.004484895,1.301840232
11.3494038,279.9151217,249.792526,3550.176156,28.61224641,-80.59713248,13.88272896,13.30321347,138.2974694,-0.722920137,-0.504770814,-15.68644194,0.352672421,-0.070781998,-0.024526827,-0.932743538,-1.475324496,-0.052080497,-15.64169342,0.008272544,-0.004059024,1.300590594
11.3594038,280.0539138,249.925533,3551.558347,28.6122476,-80.59713106,13.87569207,13.29818819,138.1408068,-0.70865156,-0.502866044,-15.67316071,0.358723713,-0.070942294,-0.024102455,-0.930431922,-1.486311145,-0.026139766,-15.62668307,0.007091404,-0.003401799,1.299338753
11.3694038,280.1926359,250.0584897,3552.938972,28.6122488,-80.59712964,13.86874972,13.29315983,137.9842837,-0.698923397,-0.502442388,-15.65930181,0.36475381,-0.071097419,-0.023671418,-0.928083767,-1.49234102,-0.001723535,-15.61177731,0.006004188,-0.00262239,1.298085901
11.3794038,280.3312891,250.1913961,3554.318033,28.61225,-80.59712822,13.86189949,13.2881144,137.8279013,-0.689582197,-0.503460903,-15.64529695,0.370762582,-0.071246472,-0.023234322,-0.925699311,-1.496570316,0.023767505,-15.5969236,0.005083786,-0.001744111,1.296833007
11.3894038,280.4698742,250.3242519,3555.695531,28.61225119,-80.5971268,13.85513733,13.2830385,137.671661,-0.680541565,-0.505854442,-15.63115887,0.376749899,-0.071388682,-0.0227919,-0.923278776,-1.499054291,0.050257836,-15.58211999,0.004390375,-7.21E-04,1.295580183
11.3994038,280.6083921,250.4570567,3557.071467,28.61225238,-80.59712538,13.84845791,13.27791983,137.5155642,-0.671985493,-0.509523827,-15.61687575,0.382715607,-0.071523606,-0.022344679,-0.920822379,-1.499682656,0.07746219,-15.56736776,0.003840361,3.51E-04,1.294327503
11.4094038,280.7468436,250.5898101,3558.445843,28.61225358,-80.59712396,13.84185925,13.27274722,137.3596121,-0.66401274,-0.514391332,-15.6024437,0.388659575,-0.071650948,-0.021893655,-0.918330302,-1.498410307,0.105176715,-15.55266746,0.003466449,0.001449349,1.293075026
11.4194038,280.8852295,250.7225115,3559.81866,28.61225477,-80.59712255,13.83533902,13.26751124,137.2038054,-0.655815958,-0.520285765,-15.58796192,0.394581662,-0.071770433,-0.021439666,-0.91580274,-1.495915265,0.133770588,-15.53800797,0.003307924,0.002518023,1.291822678
11.4294038,281.0235506,250.8551601,3561.189919,28.61225596,-80.59712113,13.82888917,13.26220378,137.0481456,-0.648358387,-0.52705542,-15.57334418,0.400481728,-0.071881924,-0.020983644,-0.913239871,-1.491609923,0.162378395,-15.5233997,0.003266205,0.003588068,1.290570391
11.4394038,281.1618075,250.9877553,3562.559623,28.61225716,-80.59711971,13.82250053,13.25681912,136.8926339,-0.641775482,-0.534531957,-15.55859203,0.406359644,-0.071985549,-0.020526893,-0.910641844,-1.485533733,0.190703103,-15.5088429,0.003469966,0.004548692,1.289318241
11.4494038,281.3000008,251.1202962,3563.927772,28.61225835,-80.5971183,13.81616334,13.25135374,136.7372714,-0.636127475,-0.542456114,-15.54372385,0.412215266,-0.072081342,-0.020070321,-0.908008831,-1.477870632,0.218437948,-15.4943361,0.003916885,0.005393828,1.288066288
11.4594038,281.4381307,251.2527821,3565.294369,28.61225954,-80.59711688,13.80980525,13.24580622,136.5820656,-0.631462757,-0.550662797,-15.52875018,0.418048439,-0.072169639,-0.019614835,-0.905340988,-1.46874623,0.24536611,-15.47987845,0.00445919,0.006154404,1.286814578
11.4694038,281.5761966,251.3852121,3566.659414,28.61226073,-80.59711547,13.80334286,13.24017746,136.4270246,-0.640852887,-0.558832459,-15.5123479,0.423858961,-0.072251631,-0.019161021,-0.902638432,-1.449888538,0.261252084,-15.46562298,0.005154278,0.006736038,1.285564825
11.4794038,281.7141972,251.5175854,3568.02291,28.61226192,-80.59711405,13.79677019,13.23446941,136.2721487,-0.651704173,-0.566887727,-15.49583688,0.429646583,-0.072329071,-0.018709083,-0.899901267,-1.429950695,0.275393027,-15.45142195,0.005719604,0.006958316,1.284318515
11.4894038,281.8521316,251.6499012,3569.384858,28.61226311,-80.59711264,13.79008543,13.22868574,136.1174372,-0.662856241,-0.574662533,-15.479358,0.43541108,-0.072403412,-0.018259425,-0.897129606,-1.40990929,0.288572495,-15.43726081,0.006211589,0.00690417,1.283074976
11.4994038,281.9899986,251.7821589,3570.745259,28.6122643,-80.59711123,13.78328945,13.2228323,135.9628891,-0.674073686,-0.581967532,-15.46295674,0.441152213,-0.072476362,-0.017812399,-0.894323555,-1.390133763,0.300869027,-15.42313518,0.006636553,0.006496721,1.281833657
11.5094038,282.1277969,251.9143576,3572.104116,28.61226549,-80.59710982,13.77635269,13.21691692,135.8085062,-0.68507753,-0.588594137,-15.446685,0.44686973,-0.072549508,-0.017367992,-0.89148324,-1.371037911,0.312406021,-15.40903986,0.006981257,0.005811075,1.280594137
11.5194038,282.265525,252.046497,3573.46143,28.61226668,-80.5971084,13.7692432,13.21094862,135.6542904,-0.702432456,-0.594344057,-15.42989235,0.452563352,-0.072624847,-0.016926006,-0.888608775,-1.348872967,0.317846698,-15.395056,0.007081715,0.004782052,1.279356976
11.5294038,282.4031812,252.1785765,3574.817203,28.61226787,-80.59710699,13.76197143,13.20493764,135.5002393,-0.71928387,-0.599136373,-15.41329583,0.458232791,-0.072704371,-0.016486016,-0.885700285,-1.328058271,0.322617456,-15.38109883,0.006988891,0.003433963,1.278122696
11.5394038,282.540764,252.3105957,3576.171435,28.61226905,-80.59710559,13.75455243,13.19889526,135.3463494,-0.734810935,-0.602866293,-15.39699233,0.463877778,-0.07278988,-0.016047809,-0.882757899,-1.309222513,0.327418684,-15.36715658,0.006574689,0.001792032,1.276890745
11.5494038,282.6782718,252.4425543,3577.52413,28.61227024,-80.59710418,13.74700393,13.19283394,135.1926174,-0.748695311,-0.605395329,-15.3810292,0.469498054,-0.072882821,-0.015611001,-0.879781773,-1.292697878,0.332538302,-15.35322305,0.006018941,-1.31E-04,1.275660681
11.5594038,282.8157036,252.5744523,3578.875288,28.61227143,-80.59710277,13.73931393,13.1867669,135.0390425,-0.760675403,-0.606645457,-15.36544139,0.475093336,-0.072984668,-0.015174821,-0.876772083,-1.278709542,0.338265706,-15.33929311,0.005176967,-0.002230101,1.274432166
11.5694038,282.9530576,252.7062897,3580.224911,28.61227261,-80.59710136,13.731468,13.18070778,134.8856242,-0.77718988,-0.606543571,-15.34958499,0.480663343,-0.073097154,-0.014738654,-0.873728979,-1.26376094,0.339288797,-15.3254517,0.004056485,-0.004551297,1.273205808
11.5794038,283.0903325,252.8380665,3581.573001,28.6122738,-80.59709996,13.7234928,13.1746701,134.7323579,-0.791536541,-0.605067477,-15.33414548,0.486207793,-0.073221618,-0.01430148,-0.870652654,-1.251714146,0.341270927,-15.31160998,0.002615413,-0.007065295,1.271982172
11.5894038,283.2275271,252.9697832,3582.919559,28.61227498,-80.59709855,13.7154184,13.16866723,134.5792386,-0.802998332,-0.602249077,-15.3191934,0.491726423,-0.073359181,-0.01386248,-0.867543305,-1.242901114,0.344989702,-15.2977572,8.56E-04,-0.009668497,1.270760752
11.5994038,283.3646406,253.1014401,3584.264586,28.61227617,-80.59709715,13.70727652,13.16271246,134.4262611,-0.811352429,-0.598093649,-15.30475155,0.497219004,-0.073510376,-0.013420903,-0.86440116,-1.237381462,0.350792221,-15.28388892,-0.001107443,-0.01235587,1.269541138
11.6094038,283.5016725,253.2330377,3585.608085,28.61227735,-80.59709574,13.69909699,13.1568182,134.2734205,-0.816494154,-0.592649154,-15.29082628,0.502685314,-0.073675372,-0.01297584,-0.861226475,-1.235089162,0.358937618,-15.2700027,-0.003307978,-0.014981273,1.268323018
11.6194038,283.6386226,253.3645767,3586.950055,28.61227853,-80.59709434,13.69090983,13.15099563,134.1207121,-0.818882474,-0.586020064,-15.27736199,0.508125146,-0.073854136,-0.012526419,-0.858019517,-1.235606897,0.369217474,-15.25610473,-0.00567032,-0.017512332,1.267106215
11.6294038,283.7754908,253.4960578,3588.290499,28.61227971,-80.59709294,13.68274755,13.14525484,133.9681309,-0.818015101,-0.578330796,-15.26439881,0.513538321,-0.07404637,-0.012072059,-0.854780553,-1.238977435,0.382255144,-15.24218823,-0.008166784,-0.019940494,1.265890604
11.6394038,283.9122777,253.6274821,3589.629418,28.6122809,-80.59709153,13.67464169,13.13960487,133.815672,-0.813919911,-0.569674247,-15.25192646,0.518924694,-0.074251166,-0.011612193,-0.851509885,-1.244988996,0.398182225,-15.22825362,-0.010708014,-0.022192481,1.264676015
11.6494038,284.0489839,253.7588503,3590.966813,28.61228208,-80.59709013,13.66662181,13.13405297,133.6633311,-0.806763819,-0.560204967,-15.23991433,0.524284141,-0.074467386,-0.011146473,-0.848207819,-1.253290799,0.41701651,-15.21430398,-0.013272156,-0.024163837,1.263462316
11.6594038,284.185611,253.8901635,3592.302685,28.61228326,-80.59708873,13.65886303,13.12860372,133.5110891,-0.79677208,-0.5500636,-15.22832717,0.529616564,-0.074693406,-0.010674606,-0.844874691,-1.263517692,0.438693444,-15.20034326,-0.015734981,-0.025916499,1.262249406
11.6694038,284.3221627,254.0214227,3593.637035,28.61228444,-80.59708734,13.65156208,13.12325908,133.3589248,-0.753368248,-0.539740024,-15.22025256,0.534922019,-0.074925568,-0.010197622,-0.841510904,-1.288594661,0.491082465,-15.18595841,-0.017966208,-0.027221493,1.261033142
11.6794038,284.4586438,254.152629,3594.969864,28.61228562,-80.59708594,13.64473034,13.1180212,133.2068359,-0.706686866,-0.529143219,-15.21263879,0.540200648,-0.075159366,-0.009717252,-0.83811688,-1.3144036,0.547246771,-15.17157349,-0.019415013,-0.027929689,1.259809884
11.6894038,284.5950589,254.2837835,3596.301172,28.6122868,-80.59708454,13.63836634,13.11289053,133.0548215,-0.659691385,-0.518420853,-15.20516078,0.545452603,-0.075390262,-0.009235216,-0.834693043,-1.339354504,0.604465467,-15.1572299,-0.020133682,-0.028075594,1.258581234
11.6994038,284.7314127,254.4148872,3597.630961,28.61228798,-80.59708314,13.63245999,13.10786568,132.9028822,-0.613285758,-0.507733348,-15.1976985,0.550678041,-0.075613762,-0.008753161,-0.831239819,-1.362819418,0.661841194,-15.14294033,-0.020044645,-0.027605691,1.257348503
11.7094038,284.8677086,254.5459411,3598.95923,28.61228916,-80.59708175,13.62668752,13.10294594,132.7510517,-0.568299155,-0.497295689,-15.19013022,0.555877062,-0.075826267,-0.008272236,-0.827757597,-1.384190856,0.718541003,-15.12871566,-0.019186813,-0.026594625,1.256112705
11.7194038,285.0039456,254.6769464,3600.285982,28.61229033,-80.59708035,13.62066609,13.09812881,132.5993706,-0.589158127,-0.486721403,-15.17564255,0.561049483,-0.076028019,-0.007791036,-0.824246636,-1.379002052,0.714423759,-15.11529304,-0.018146328,-0.025261941,1.254883001
11.7294038,285.140121,254.807904,3601.611218,28.61229151,-80.59707896,13.61437949,13.09340608,132.4478413,-0.615289368,-0.47683659,-15.16054132,0.566195007,-0.076220618,-0.007307316,-0.820707155,-1.371360536,0.705429545,-15.10197691,-0.017612976,-0.023936439,1.253667437
11.7394038,285.2762322,254.9388148,3602.93494,28.61229269,-80.59707756,13.60782413,13.08876757,132.296465,-0.642080677,-0.467881916,-15.14529767,0.571313309,-0.07640598,-0.006818836,-0.817139359,-1.362887871,0.695963199,-15.08871745,-0.017672842,-0.02264044,1.252463153
11.7494038,285.4122766,255.0696796,3604.257148,28.61229387,-80.59707617,13.60100201,13.08420189,132.1452421,-0.668947358,-0.460008118,-15.12996525,0.576404079,-0.07658589,-0.006323572,-0.813543454,-1.353668975,0.686682286,-15.07550975,-0.018259346,-0.021411578,1.251267781
11.7594038,285.5482523,255.2004991,3605.577845,28.61229504,-80.59707478,13.59417678,13.07969358,131.9941462,-0.695353494,-0.453335912,-15.11459418,0.581467051,-0.07676143,-0.005819995,-0.809919675,-1.34376968,0.678183972,-15.06234831,-0.019422062,-0.020233571,1.250079485
11.7694038,285.6841612,255.3312736,3606.897031,28.61229622,-80.59707338,13.58765919,13.07522557,131.8431455,-0.667401395,-0.448578788,-15.10481474,0.586502201,-0.076930603,-0.005308774,-0.80626836,-1.350041767,0.721989335,-15.04852798,-0.020571222,-0.0189208,1.248889619
11.7794038,285.8200065,255.4620037,3608.214708,28.61229739,-80.59707199,13.58145079,13.07078388,131.6922409,-0.63617749,-0.445257101,-15.09529166,0.5915096,-0.077090907,-0.004791802,-0.802589823,-1.354906723,0.769693591,-15.03471335,-0.021182279,-0.017349919,1.247690651
11.7894038,285.9557912,255.5926893,3609.530876,28.61229857,-80.5970706,13.57554151,13.06635492,131.5414343,-0.605670566,-0.443299167,-15.0856019,0.596489324,-0.077239806,-0.004270801,-0.798884384,-1.357062294,0.817326798,-15.02095518,-0.021147811,-0.015582523,1.246484567
11.7994038,286.0915183,255.7233308,3610.845537,28.61229974,-80.59706921,13.56991609,13.06192499,131.3907284,-0.576434939,-0.442723466,-15.07567418,0.60144145,-0.077375108,-0.003747725,-0.795152331,-1.356306671,0.864194888,-15.00725933,-0.020580534,-0.013659944,1.245273041
11.8094038,286.2271904,255.8539278,3612.158691,28.61230092,-80.59706782,13.56456259,13.05748063,131.2401256,-0.548996899,-0.443486442,-15.06544527,0.606366072,-0.077494472,-0.003224457,-0.791393958,-1.35254854,0.909606064,-14.99363026,-0.019358366,-0.011592123,1.244057374
11.8194038,286.3628104,255.9844803,3613.47034,28.61230209,-80.59706643,13.55946606,13.05300869,131.0896288,-0.522056658,-0.445603865,-15.05504304,0.611263232,-0.077596354,-0.002702695,-0.787609524,-1.346150347,0.954649424,-14.98005175,-0.017646461,-0.009438498,1.242838329
11.8294038,286.4983805,256.1149878,3614.780484,28.61230327,-80.59706504,13.55459736,13.04849656,130.9392424,-0.497737893,-0.449003364,-15.0442347,0.616132988,-0.077679219,-0.002184232,-0.783799279,-1.336646834,0.997097557,-14.96654658,-0.015454955,-0.007250456,1.241616472
11.8394038,286.633903,256.24545,3616.089125,28.61230444,-80.59706365,13.5499234,13.04393256,130.7889713,-0.476549228,-0.453622263,-15.03295998,0.620975395,-0.077741726,-0.001670974,-0.779963455,-1.324063194,1.036277521,-14.95311819,-0.012789893,-0.005089836,1.240392511
11.8494038,286.7693795,256.3758663,3617.396264,28.61230561,-80.59706227,13.54540754,13.0393058,130.6388206,-0.458861701,-0.459368989,-15.02117678,0.625790481,-0.077782949,-0.001164584,-0.776102268,-1.308520304,1.071645287,-14.9397683,-0.009649052,-0.002979846,1.239167002
11.8594038,286.9048111,256.5062359,3618.701902,28.61230678,-80.59706088,13.54089774,13.03460774,130.4888083,-0.444948437,-0.466149235,-15.00885594,0.630578217,-0.077802802,-6.66E-04,-0.772215898,-1.290190974,1.102769605,-14.92649782,-0.006201317,-0.001001339,1.237940378
11.8694038,287.0401969,256.6365582,3620.006041,28.61230796,-80.59705949,13.53622182,13.02983143,130.3389542,-0.458601713,-0.473585247,-14.99341047,0.63533844,-0.077802634,-1.76E-04,-0.768304488,-1.264714475,1.10603419,-14.91355564,-0.00268648,7.94E-04,1.236716157
11.8794038,287.1755349,256.7668323,3621.308682,28.61230913,-80.5970581,13.5313463,13.02496993,130.1892628,-0.477089457,-0.481789009,-14.97734008,0.640070929,-0.077784739,3.06E-04,-0.764368136,-1.237435794,1.103686214,-14.90070737,5.08E-04,0.002311629,1.235497439
11.8894038,287.3108231,256.8970573,3622.609827,28.6123103,-80.59705672,13.5262449,13.02001837,130.0397374,-0.49845082,-0.490585833,-14.9608892,0.644775431,-0.077751631,7.80E-04,-0.760406942,-1.20912165,1.097627084,-14.8879338,0.00336934,0.003457392,1.234283177
11.8994038,287.446059,257.0272323,3623.909477,28.61231147,-80.59705533,13.52089661,13.01497337,129.8903805,-0.522183163,-0.499792895,-14.94414313,0.64945167,-0.077705988,0.001248388,-0.756421013,-1.180204973,1.088352602,-14.87523065,0.005789069,0.004313362,1.233072495
11.9094038,287.5812403,257.1573564,3625.207635,28.61231264,-80.59705395,13.51535311,13.00983266,129.7411867,-0.547743086,-0.509237264,-14.92719062,0.654099366,-0.077650392,0.001710726,-0.752410466,-1.15108963,1.076426202,-14.86259278,0.007722448,0.004812033,1.231864711
11.9194038,287.7163656,257.2874286,3626.504301,28.61231381,-80.59705256,13.50968265,13.00459559,129.5921482,-0.560583641,-0.518912921,-14.91162026,0.658718301,-0.077586951,0.002167393,-0.748375418,-1.124008435,1.076387256,-14.84984643,0.009256544,0.005078479,1.23065738
11.9294038,287.8514335,257.417448,3627.799478,28.61231498,-80.59705118,13.50387681,12.99926466,129.4432656,-0.573673212,-0.528456766,-14.89605843,0.663308266,-0.077517586,0.002618491,-0.744316002,-1.097195678,1.075371231,-14.83713795,0.010546971,0.004969386,1.229448376
11.9394038,287.9864427,257.5474136,3629.093167,28.61231615,-80.5970498,13.49792874,12.99384401,129.2945388,-0.58760319,-0.537664081,-14.88046638,0.667869052,-0.077444087,0.003064268,-0.740232365,-1.07084682,1.072815311,-14.82447281,0.011573958,0.004648522,1.228238121
11.9494038,288.1213916,257.6773246,3630.38537,28.61231732,-80.59704841,13.49183427,12.98833953,129.1459674,-0.60208246,-0.546374499,-14.86489615,0.672400453,-0.077368397,0.003504835,-0.736124635,-1.045231154,1.069051998,-14.81184612,0.012306941,0.004058366,1.22702698
11.9594038,288.2562784,257.8071802,3631.676087,28.61231848,-80.59704703,13.48545867,12.98276048,128.9975644,-0.616829884,-0.554386427,-14.849402,0.676902213,-0.077292838,0.003941018,-0.731992951,-1.020649037,1.064411242,-14.79925226,0.012723363,0.003210265,1.225815239
11.9694038,288.3910993,257.9369796,3632.965321,28.61231965,-80.59704565,13.47864809,12.97711757,128.8493447,-0.659352268,-0.561261817,-14.83109461,0.681373944,-0.077221076,0.004375028,-0.727837422,-0.995305766,1.0313938,-14.78704571,0.01254092,0.002136398,1.224606949
11.9794038,288.52585,258.0667223,3634.253075,28.61232082,-80.59704427,13.47141524,12.97142128,128.7013051,-0.702500741,-0.567143188,-14.81289673,0.685815232,-0.077156889,0.004809506,-0.723658172,-0.972053083,0.997340023,-14.77489405,0.011370759,8.44E-04,1.223405723
11.9894038,288.6605263,258.1964079,3635.539348,28.61232198,-80.59704289,13.46378353,12.96568328,128.553441,-0.743677567,-0.571913721,-14.79510306,0.690225695,-0.077103552,0.005246935,-0.71945535,-0.951216267,0.965043979,-14.76276038,0.009364085,-6.05E-04,1.222210216
11.9994038,288.7951244,258.3260359,3636.824144,28.61232315,-80.59704151,13.45578354,12.95991638,128.4057471,-0.782150884,-0.5754699,-14.77780185,0.694604956,-0.077064305,0.005689698,-0.715229107,-0.932880738,0.935424677,-14.75062939,0.006540294,-0.002182824,1.221019305
12.0094038,288.9296417,258.4556062,3638.107463,28.61232431,-80.59704013,13.44769339,12.95413214,128.2581923,-0.817216166,-0.577684274,-14.76107886,0.698952697,-0.077041348,0.006139887,-0.710979648,-0.917116102,0.909374631,-14.73848522,0.002922187,-0.003804898,1.21983211
12.0194038,289.0640791,258.5851185,3639.389308,28.61232548,-80.59703876,13.439837,12.94834238,128.1107409,-0.798115182,-0.578949326,-14.75019134,0.703268879,-0.077034178,0.006596585,-0.706707227,-0.904495876,0.938077578,-14.72556323,-9.37E-04,-0.005432584,1.218640997
12.0294038,289.1984393,258.714573,3640.669679,28.61232664,-80.59703738,13.43224846,12.94256225,127.963387,-0.772677579,-0.578748169,-14.74018093,0.707553565,-0.077041094,0.007058162,-0.702412133,-0.893100227,0.973504331,-14.71256521,-0.004345248,-0.007081906,1.217439204
12.0394038,289.332725,258.8439699,3641.948576,28.61232781,-80.59703601,13.42495132,12.93680675,127.8161261,-0.744632758,-0.577029966,-14.73066188,0.711806828,-0.077060196,0.007523143,-0.69809467,-0.882748969,1.011885511,-14.69954703,-0.007315005,-0.008657904,1.216229006
12.0494038,289.4669394,258.9733093,3643.226001,28.61232897,-80.59703463,13.4179634,12.93109053,127.6689543,-0.714501185,-0.573829935,-14.72157533,0.716028794,-0.0770893,0.007989551,-0.693755125,-0.873303095,1.052672704,-14.68651745,-0.009751579,-0.01014794,1.215012316
12.0594038,289.6010849,259.1025919,3644.501956,28.61233013,-80.59703326,13.41115239,12.92542938,127.5218833,-0.682895058,-0.569167571,-14.71285253,0.720219565,-0.077126344,0.008455875,-0.689393794,-0.86467269,1.095205733,-14.67348604,-0.011605846,-0.011629239,1.213790633
12.0694038,289.7351624,259.2318181,3645.77644,28.6123313,-80.59703188,13.4043563,12.91983816,127.3749284,-0.680388063,-0.562831485,-14.70125831,0.724379124,-0.07717043,0.008922088,-0.685010953,-0.85820094,1.10874113,-14.66086244,-0.013135092,-0.012935023,1.212569281
12.0794038,289.8691721,259.3609889,3647.049454,28.61233246,-80.59703051,13.39758343,12.91432921,127.2280871,-0.678633768,-0.555200378,-14.68975769,0.728507407,-0.077221102,0.009388623,-0.680606871,-0.85308584,1.121798378,-14.64826219,-0.014640799,-0.014159421,1.211352903
12.0894038,290.0031142,259.490105,3648.321002,28.61233362,-80.59702914,13.39084467,12.90891335,127.0813568,-0.675753326,-0.546409001,-14.67853792,0.732604377,-0.077277542,0.009855776,-0.676181833,-0.849073485,1.136301617,-14.63566103,-0.016142045,-0.015204332,1.210140605
12.0994038,290.1369892,259.6191675,3649.591082,28.61233478,-80.59702777,13.38414965,12.90359993,126.9347348,-0.671846374,-0.536604717,-14.66757421,0.736669996,-0.077338826,0.010323905,-0.671736139,-0.845951054,1.152166669,-14.62306172,-0.017530024,-0.016065217,1.20893161
12.1094038,290.2707977,259.7481774,3650.859697,28.61233594,-80.5970264,13.37760098,12.89839541,126.7882093,-0.667012636,-0.525955427,-14.65683962,0.74070424,-0.077403738,0.010793323,-0.667270106,-0.843486885,1.169297593,-14.61046734,-0.018867041,-0.016730054,1.207725307
12.1194038,290.4045421,259.8771358,3652.126846,28.6123371,-80.59702502,13.3713159,12.89330395,126.6417666,-0.641814656,-0.514864315,-14.6483787,0.74470719,-0.077469994,0.011263326,-0.662784081,-0.839262965,1.207106223,-14.59762111,-0.01993764,-0.017158815,1.20651849
12.1294038,290.5382249,260.0060439,3653.392532,28.61233826,-80.59702366,13.36529561,12.88832863,126.4954059,-0.615213599,-0.5033713,-14.64016205,0.748678968,-0.077535,0.011732811,-0.658278412,-0.834589668,1.246510793,-14.58478269,-0.020486998,-0.017414718,1.205308328
12.1394038,290.6718488,260.1349028,3654.656755,28.61233942,-80.59702229,13.35953494,12.88347036,126.3491271,-0.588922155,-0.491682734,-14.63197999,0.752619714,-0.077596138,0.012200467,-0.653753435,-0.829392067,1.285692161,-14.57197736,-0.020471755,-0.017465236,1.204095573
12.1494038,290.8054164,260.2637137,3655.919515,28.61234058,-80.59702092,13.35402391,12.87872836,126.2029311,-0.563383048,-0.479983428,-14.62375935,0.75652957,-0.077650931,0.012664932,-0.649209474,-0.823533628,1.324094243,-14.5592132,-0.019896271,-0.017391119,1.202880871
12.1594038,290.9389296,260.3924777,3657.180814,28.61234173,-80.59701955,13.348582,12.87410169,126.0568373,-0.539056629,-0.468454773,-14.61542339,0.760408611,-0.077697499,0.013125611,-0.644646849,-0.816912163,1.361139947,-14.54649736,-0.018811536,-0.017206245,1.201664724
12.1694038,291.0723876,260.5211961,3658.440652,28.61234289,-80.59701818,13.34299708,12.86958768,125.9108691,-0.550994372,-0.456937491,-14.60314421,0.764256749,-0.077735519,0.013583684,-0.640065851,-0.815308124,1.361979644,-14.53425236,-0.017580662,-0.016833041,1.200452371
12.1794038,291.205789,260.6498698,3659.699032,28.61234405,-80.59701682,13.33725703,12.86517933,125.7650282,-0.566128988,-0.445984388,-14.59047555,0.768073848,-0.077764964,0.01404094,-0.635466779,-0.813764671,1.359504552,-14.52208371,-0.016588866,-0.01618607,1.199248497
12.1894038,291.3391322,260.7785,3660.955953,28.6123452,-80.59701545,13.33135642,12.8608676,125.6193161,-0.581976215,-0.435837472,-14.57766727,0.771859728,-0.077786181,0.014499478,-0.630849931,-0.811663729,1.356160434,-14.50996432,-0.015846479,-0.015262187,1.198051513
12.1994038,291.4724156,260.9070875,3662.211418,28.61234636,-80.59701409,13.32529326,12.85664173,125.4737336,-0.59818488,-0.426690894,-14.56474153,0.775614219,-0.077799622,0.014961123,-0.626215591,-0.808734705,1.352280203,-14.497892,-0.015441281,-0.014100709,1.196860074
12.2094038,291.6056376,261.0356331,3663.465428,28.61234752,-80.59701272,13.31908941,12.85248951,125.3282796,-0.614431665,-0.418684834,-14.5517222,0.779337146,-0.077805895,0.015427598,-0.621564031,-0.80475864,1.348165363,-14.485864,-0.01532154,-0.012706578,1.195673124
12.2194038,291.738797,261.1641374,3664.717984,28.61234867,-80.59701136,13.31277341,12.84839785,125.1829517,-0.626094554,-0.411969435,-14.53909973,0.783028374,-0.077805318,0.015900152,-0.61689552,-0.798556856,1.348326585,-14.4738197,-0.015467614,-0.011144318,1.194489219
12.2294038,291.8718927,261.2926012,3665.969088,28.61234983,-80.59700999,13.30635151,12.84435334,125.0377506,-0.637007824,-0.406576375,-14.52645403,0.786687772,-0.077798222,0.016379934,-0.612210327,-0.790807245,1.348951673,-14.46180844,-0.015807015,-0.009451767,1.193307149
12.2394038,292.0049237,261.4210246,3667.21874,28.61235098,-80.59700863,13.29983175,12.84034195,124.8926763,-0.647230174,-0.402560688,-14.51377432,0.790315212,-0.077784969,0.016868028,-0.607508711,-0.781433547,1.3499444,-14.4498311,-0.016299746,-0.00760724,1.192126622
12.2494038,292.137889,261.5494081,3668.466942,28.61235214,-80.59700727,13.29322395,12.83634927,124.7477289,-0.656552908,-0.399962695,-14.50108051,0.793910584,-0.077765843,0.017365286,-0.60279093,-0.770311987,1.351469716,-14.43788478,-0.016974014,-0.0056116,1.190947418
12.2594038,292.2707879,261.6777516,3669.713695,28.61235329,-80.59700591,13.28654876,12.83236104,124.6029074,-0.664810996,-0.39880299,-14.48838946,0.797473781,-0.077741277,0.017872411,-0.598057221,-0.757344978,1.353644456,-14.42596694,-0.017815525,-0.003579676,1.189769366
12.2694038,292.4036199,261.8060553,3670.959,28.61235445,-80.59700455,13.27982961,12.82836301,124.4582102,-0.669939719,-0.399084669,-14.47592714,0.801004734,-0.077711496,0.018389632,-0.593307813,-0.741925291,1.358424522,-14.41404815,-0.018710288,-0.001447954,1.188592055
12.2794038,292.5363844,261.9343188,3672.202859,28.6123556,-80.59700319,13.27307983,12.82434196,124.3136369,-0.673677686,-0.400739409,-14.463512,0.804503357,-0.077677118,0.018917164,-0.588542908,-0.724525052,1.364080689,-14.40215124,-0.019691795,6.34E-04,1.18741513
12.2894038,292.6690814,262.062542,3673.445273,28.61235675,-80.59700183,13.26631342,12.82028582,124.1691868,-0.676043843,-0.403661855,-14.45115461,0.807969589,-0.077638547,0.019454997,-0.583762711,-0.705223498,1.370580646,-14.39027506,-0.020777215,0.002683622,1.186238608
12.2994038,292.8017107,262.1907244,3674.686244,28.6123579,-80.59700047,13.25954474,12.8161834,124.0248591,-0.676994065,-0.40775417,-14.43887131,0.811403381,-0.077596237,0.020002886,-0.57896741,-0.684075092,1.3779455,-14.37841774,-0.02188645,0.004696007,1.185062506
12.3094038,292.9342726,262.3188655,3675.925771,28.61235906,-80.59699911,13.25287428,12.81202394,123.8806435,-0.676514988,-0.412887104,-14.42667838,0.81480471,-0.07755049,0.020560329,-0.574157191,-0.661178077,1.386178129,-14.36657758,-0.023042019,0.006602395,1.18388684
12.3194038,293.0667689,262.4469646,3677.163857,28.61236021,-80.59699775,13.24641692,12.8077979,123.7365278,-0.656629249,-0.419153116,-14.41654412,0.81817366,-0.077500929,0.021125463,-0.569332226,-0.630428159,1.412249407,-14.3545013,-0.024049559,0.008353908,1.182709014
12.3294038,293.1992017,262.5750212,3678.400502,28.61236136,-80.5969964,13.24018131,12.80349875,123.5925112,-0.6347257,-0.426165057,-14.40660712,0.821510366,-0.077446828,0.021695965,-0.564492686,-0.597590285,1.439551523,-14.34243353,-0.024690054,0.009792255,1.181526668
12.3394038,293.3315733,262.7030343,3679.635707,28.61236251,-80.59699504,13.23417011,12.79912152,123.4485934,-0.612356381,-0.433751945,-14.39671198,0.824814962,-0.077387636,0.022269461,-0.559638726,-0.563369082,1.466570874,-14.33039504,-0.024918227,0.010954527,1.180340779
12.3494038,293.4638859,262.8310033,3680.869474,28.61236366,-80.59699368,13.22838223,12.79466317,123.3047746,-0.589905759,-0.441738623,-14.38683075,0.82808758,-0.0773229,0.022843617,-0.554770492,-0.528116732,1.492926189,-14.31838975,-0.024796844,0.011758973,1.179152175
12.3594038,293.5961418,262.9589273,3682.101803,28.61236481,-80.59699233,13.22286223,12.79012163,123.1610494,-0.567730147,-0.449953598,-14.37693729,0.831328348,-0.07725216,0.023416214,-0.549888136,-0.492187469,1.518279536,-14.30642095,-0.024387688,0.012264818,1.177961505
12.3694038,293.7283442,263.0868055,3683.332695,28.61236596,-80.59699097,13.21765929,12.7854959,123.017412,-0.536000372,-0.458372096,-14.36813766,0.834537477,-0.077174435,0.023984124,-0.544991806,-0.451849457,1.551703982,-14.2943635,-0.023530612,0.012408492,1.176767809
12.3794038,293.860496,263.214637,3684.562152,28.61236711,-80.59698962,13.21275993,12.78078725,122.8738634,-0.504831902,-0.466753594,-14.3593188,0.837715161,-0.077089061,0.024544264,-0.540081627,-0.411130201,1.583738728,-14.28234904,-0.022175105,0.012097871,1.175570157
12.3894038,293.9926003,263.342421,3685.790173,28.61236826,-80.59698827,13.20814484,12.77599863,122.7304054,-0.475360027,-0.474920301,-14.35036031,0.840861598,-0.076995304,0.025093694,-0.535157737,-0.370754023,1.61335042,-14.2703889,-0.02039266,0.011352228,1.174369425
12.3994038,294.1246598,263.4701567,3687.01676,28.61236941,-80.59698691,13.20379002,12.77113409,122.58704,-0.448057998,-0.482735556,-14.34121023,0.84397698,-0.076892435,0.025629556,-0.530220271,-0.331170687,1.640125124,-14.25848576,-0.018143462,0.010216214,1.173166336
12.4094038,294.2566765,263.5978434,3688.241914,28.61237056,-80.59698556,13.1995636,12.76620026,122.4437818,-0.423383681,-0.490080699,-14.33181538,0.847061437,-0.076780292,0.026149701,-0.525269362,-0.292823246,1.663674421,-14.24664195,-0.015530221,0.008641376,1.171961461
12.4194038,294.388651,263.7254805,3689.465636,28.61237171,-80.59698421,13.19531302,12.76120516,122.3006476,-0.423280651,-0.496564264,-14.31967213,0.850114972,-0.076659489,0.026653492,-0.52030515,-0.265918107,1.664351596,-14.23509655,-0.0128309,0.006800389,1.170758382
12.4294038,294.5205826,263.8530673,3690.687927,28.61237285,-80.59698286,13.19100924,12.75615599,122.1576403,-0.427280542,-0.502343437,-14.30711314,0.853137541,-0.076530976,0.027140856,-0.515327779,-0.241843743,1.660896353,-14.22361905,-0.010255395,0.004849952,1.169560308
12.4394038,294.6524709,263.9806035,3691.908789,28.612374,-80.59698151,13.18662695,12.75106088,122.0147619,-0.43389903,-0.507350362,-14.29431737,0.856129063,-0.07639577,0.027612198,-0.510337418,-0.2201162,1.65478495,-14.21219256,-0.007896365,0.002778427,1.168366371
12.4494038,294.7843148,264.1080884,3693.128223,28.61237515,-80.59698016,13.18214249,12.74592829,121.8720146,-0.442959326,-0.511533371,-14.2813134,0.859089456,-0.07625488,0.028067944,-0.505334236,-0.200780045,1.646307018,-14.2008152,-0.005764505,6.74E-04,1.167175818
12.4594038,294.9161136,264.2355219,3694.34623,28.61237629,-80.59697881,13.1776126,12.74076604,121.7293909,-0.454286916,-0.514841877,-14.26813007,0.862018634,-0.076109129,0.028508665,-0.500318429,-0.183868306,1.635749474,-14.18948521,-0.003868643,-0.001436839,1.165988053
12.4694038,295.0478672,264.3629037,3695.562811,28.61237744,-80.59697746,13.17310946,12.73558196,121.5868819,-0.451367866,-0.51747228,-14.25665148,0.864916563,-0.075959051,0.028934246,-0.495290189,-0.161100197,1.637595071,-14.17800941,-0.002130941,-0.003560255,1.164800216
12.4794038,295.1795758,264.4902335,3696.777968,28.61237858,-80.59697611,13.16861257,12.73038526,121.4444889,-0.449631341,-0.519194082,-14.24512318,0.867783229,-0.075804896,0.029344447,-0.49024972,-0.140031406,1.638321172,-14.16656487,-4.23E-04,-0.005806525,1.163609747
12.4894038,295.3112394,264.6175114,3697.991702,28.61237973,-80.59697476,13.16409996,12.72518511,121.3022138,-0.450116309,-0.519991025,-14.23342706,0.870618597,-0.075646981,0.029739387,-0.485197239,-0.121246922,1.637095494,-14.15516368,0.001223257,-0.008078065,1.162417224
12.4994038,295.4428577,264.7447372,3699.204013,28.61238087,-80.59697341,13.1595505,12.71999067,121.160058,-0.452761204,-0.519881563,-14.22156974,0.873422612,-0.075485855,0.030119332,-0.480132953,-0.104756295,1.634045625,-14.14380559,0.002778486,-0.010366516,1.161223153
12.5094038,295.5744298,264.8719112,3700.414903,28.61238202,-80.59697206,13.15481714,12.71481239,121.0180373,-0.457465549,-0.518861469,-14.20956579,0.876195178,-0.075322015,0.030485306,-0.475057102,-0.090563024,1.629351419,-14.13248967,0.00417795,-0.012641729,1.160027935
12.5194038,295.7059528,264.9990336,3701.624374,28.61238316,-80.59697071,13.14973311,12.70966022,120.8761696,-0.490556889,-0.516651941,-14.19443585,0.878936068,-0.075156778,0.030839993,-0.469969938,-0.093270698,1.600986366,-14.12153418,0.005249586,-0.014642711,1.158835777
12.5294038,295.8374232,265.1261046,3702.832427,28.6123843,-80.59696937,13.14428866,12.70454163,120.7344548,-0.526358543,-0.5136556,-14.17911277,0.881644989,-0.074991897,0.031186773,-0.464871718,-0.099069709,1.570949865,-14.11064974,0.005698724,-0.016272949,1.157650501
12.5394038,295.9688374,265.2531245,3704.039064,28.61238544,-80.59696802,13.13848266,12.69946318,120.5928917,-0.562553918,-0.509952331,-14.1638661,0.884321659,-0.074828777,0.031529161,-0.459762732,-0.106582969,1.54130852,-14.09980955,0.005528367,-0.017423086,1.156470898
12.5494038,296.1001917,265.380094,3705.244285,28.61238659,-80.59696668,13.13231961,12.69443062,120.4514789,-0.598570542,-0.505647366,-14.14875913,0.886965795,-0.074668923,0.031870564,-0.454643265,-0.115314463,1.512599856,-14.08900618,0.004777377,-0.018075052,1.155295927
12.5594038,296.2314831,265.5070133,3706.448094,28.61238773,-80.59696533,13.12596503,12.68944762,120.3101966,-0.633868703,-0.500781863,-14.13385496,0.889577142,-0.074513578,0.032214117,-0.449513611,-0.124821945,1.485351617,-14.07823065,0.003443661,-0.018251451,1.15412476
12.5694038,296.362711,265.6338831,3707.65049,28.61238887,-80.59696399,13.1196169,12.68451727,120.169022,-0.635486851,-0.495739522,-14.1227888,0.892155632,-0.074362689,0.032560821,-0.444374068,-0.115152152,1.486213474,-14.06700658,0.00179216,-0.01808491,1.15295192
12.5794038,296.4938755,265.7607039,3708.851474,28.61239001,-80.59696264,13.11328917,12.67964352,120.0279527,-0.633962834,-0.490266345,-14.11215974,0.894701275,-0.074215681,0.032910865,-0.439224927,-0.103907391,1.490051312,-14.05575586,2.10E-04,-0.01780808,1.151772455
12.5894038,296.6249769,265.8874762,3710.051049,28.61239115,-80.5969613,13.1069922,12.67482973,119.8869868,-0.631401876,-0.484428755,-14.10172495,0.897214077,-0.074072128,0.033264471,-0.434066464,-0.092209347,1.495074221,-14.04450913,-0.001312366,-0.017448638,1.150587695
12.5994038,296.7560155,266.0142007,3711.249215,28.61239229,-80.59695996,13.10073595,12.67007843,119.7461226,-0.627824589,-0.478294792,-14.09147472,0.899694059,-0.073931488,0.033621759,-0.428898954,-0.07996688,1.501200404,-14.03326733,-0.002733981,-0.016985151,1.149398791
12.6094038,296.8869914,266.140878,3712.445972,28.61239343,-80.59695862,13.09441532,12.66539259,119.6053709,-0.62327243,-0.471941442,-14.08139586,0.902141238,-0.073793148,0.033983084,-0.423722678,-0.067099481,1.508318859,-14.0220319,-0.004084479,-0.016451115,1.148206663
12.6194038,297.0179032,266.2675087,3713.641322,28.61239457,-80.59695727,13.08790493,12.66077458,119.4647451,-0.641663196,-0.465200629,-14.06884841,0.904555525,-0.073657265,0.034350064,-0.418537911,-0.068957456,1.497912059,-14.01114354,-0.005417194,-0.015708767,1.147015584
12.6294038,297.1487489,266.3940937,3714.835267,28.61239571,-80.59695593,13.08121795,12.65622449,119.3242431,-0.660157568,-0.458395484,-14.05634833,0.906936802,-0.073524034,0.034724789,-0.413344945,-0.071070121,1.487895616,-14.00028494,-0.006988347,-0.014626469,1.145829396
12.6394038,297.279527,266.5206334,3716.027808,28.61239684,-80.59695459,13.0743731,12.65174132,119.1838625,-0.676929448,-0.451637013,-14.04408817,0.909284955,-0.073393613,0.035109291,-0.408144075,-0.07209675,1.479623362,-13.98942953,-0.008754188,-0.013135288,1.144647281
12.6494038,297.4102359,266.6471287,3717.218945,28.61239798,-80.59695326,13.06739163,12.64732358,119.0436003,-0.691689755,-0.445012005,-14.03209131,0.911599893,-0.0732662,0.035505218,-0.402935575,-0.071677022,1.473242715,-13.978572,-0.010700537,-0.011346607,1.14346852
12.6594038,297.5408745,266.7735801,3718.40868,28.61239912,-80.59695192,13.06030463,12.64296898,118.903453,-0.704205303,-0.438568867,-14.02037823,0.913881555,-0.073141666,0.035913992,-0.397719732,-0.069520133,1.468867923,-13.96770731,-0.012783529,-0.009231005,1.142292538
12.6694038,297.6714418,266.8999883,3719.597014,28.61240026,-80.59695058,13.05314613,12.63867455,118.7634166,-0.712711335,-0.432401592,-14.00913241,0.916129887,-0.073019989,0.036336797,-0.392496813,-0.064254278,1.467692407,-13.9568073,-0.014912411,-0.006848277,1.141118638
12.6794038,297.8019373,267.0263538,3720.783949,28.61240139,-80.59694924,13.04594204,12.63443718,118.623488,-0.718563311,-0.426530911,-13.99820196,0.918344889,-0.072900791,0.036774281,-0.38726708,-0.056666767,1.468617418,-13.94589085,-0.017099109,-0.004299786,1.139946233
12.6894038,297.9323606,267.1526772,3721.969484,28.61240253,-80.59694791,13.03871862,12.63025305,118.4836641,-0.721819722,-0.421008346,-13.98757426,0.92052655,-0.072783762,0.037227184,-0.382030799,-0.046674867,1.471485482,-13.9349581,-0.019217585,-0.00156964,1.138775114
12.6994038,298.0627117,267.278959,3723.153622,28.61240366,-80.59694657,13.03150236,12.62611809,118.3439419,-0.722419519,-0.41587941,-13.97725143,0.922674906,-0.072668341,0.037695734,-0.376788219,-0.034119419,1.4762305,-13.92400741,-0.021322106,0.001309573,1.137605116
12.7094038,298.1929907,267.4051997,3724.336364,28.6124048,-80.59694524,13.02430739,12.62202779,118.2043199,-0.720393399,-0.411192603,-13.96722493,0.924790008,-0.072553959,0.038179913,-0.371539579,-0.018916823,1.482702139,-13.91303902,-0.023278431,0.004251767,1.13643611
12.7194038,298.3231979,267.5313997,3725.517709,28.61240593,-80.5969439,13.01714488,12.61797738,118.0647967,-0.718284571,-0.406950473,-13.95721399,0.9268719,-0.072440107,0.038679786,-0.366285117,-0.002842426,1.489021287,-13.90209233,-0.02510342,0.007244857,1.135268361
12.7294038,298.4533338,267.6575594,3726.69766,28.61240707,-80.59694257,13.01003962,12.61396176,117.9253696,-0.713796614,-0.403212125,-13.94746608,0.928920642,-0.072326234,0.039195209,-0.361025057,0.015822385,1.496698123,-13.8911317,-0.026853622,0.010304775,1.134102133
12.7394038,298.583399,267.7836791,3727.876217,28.6124082,-80.59694124,13.0030154,12.60997549,117.7860361,-0.706852433,-0.400003535,-13.93798813,0.930936338,-0.072211625,0.039725497,-0.35575961,0.037198779,1.505670408,-13.88015595,-0.028418146,0.013348813,1.132937225
12.7494038,298.7133944,267.909759,3729.053381,28.61240934,-80.5969399,12.99609433,12.60601311,117.6467936,-0.697620476,-0.397342477,-13.92876042,0.932919082,-0.072095729,0.040269987,-0.350488974,0.061206085,1.51570247,-13.86916804,-0.029774283,0.016305184,1.131773472
12.7594038,298.8433217,268.0357994,3730.229153,28.61241047,-80.59693857,12.98943903,12.60206739,117.5076242,-0.686253835,-0.395226264,-13.91976773,0.934869027,-0.071977851,0.040827156,-0.345213318,0.087752588,1.526593822,-13.8581706,-0.030987288,0.019161491,1.13061074
12.7694038,298.9731847,268.1618004,3731.403533,28.6124116,-80.59693724,12.98323341,12.59813097,117.3685071,-0.643346058,-0.39402137,-13.91428225,0.936786487,-0.071856524,0.0413935,-0.339932782,0.139462547,1.557300375,-13.84672392,-0.031789221,0.021635645,1.129444416
12.7794038,299.1029879,268.287762,3732.576523,28.61241274,-80.59693591,12.97748534,12.59419905,117.2294411,-0.59770712,-0.393340927,-13.90914073,0.938671837,-0.071730131,0.041964716,-0.334647477,0.194536515,1.588505278,-13.83528002,-0.031978693,0.023436729,1.128270246
12.7894038,299.232736,268.4136843,3733.748122,28.61241387,-80.59693458,12.97219294,12.5902671,117.0904261,-0.551941203,-0.393123721,-13.90405199,0.94052545,-0.071597101,0.042536625,-0.329357509,0.250848861,1.618408289,-13.82388066,-0.031553919,0.024553092,1.127089773
12.7994038,299.3624333,268.5395673,3734.918332,28.612415,-80.59693326,12.96734852,12.58633088,116.9514626,-0.506660603,-0.39333985,-13.89894156,0.9423477,-0.071456134,0.043104919,-0.324062954,0.307779872,1.646539719,-13.81253692,-0.030567218,0.024958515,1.125904321
12.8094038,299.492084,268.6654109,3736.087152,28.61241613,-80.59693193,12.96283087,12.58238763,116.8125645,-0.462449386,-0.393970925,-13.89373302,0.944138929,-0.071306247,0.043665664,-0.31876388,0.364715042,1.672468984,-13.80125792,-0.029086319,0.024643901,1.124714953
12.8194038,299.6216905,268.7912151,3737.254583,28.61241726,-80.5969306,12.95849367,12.57843494,116.6737489,-0.442320056,-0.394732785,-13.88573787,0.945899366,-0.071146839,0.044216527,-0.31346039,0.402986734,1.682226057,-13.79031887,-0.027226483,0.023751913,1.123525915
12.8294038,299.7512544,268.9169796,3738.420627,28.61241839,-80.59692927,12.95431522,12.57446909,116.5350187,-0.425440935,-0.395862731,-13.87733453,0.947629185,-0.070977593,0.044755844,-0.308152598,0.438912118,1.688836471,-13.7794524,-0.025206685,0.022534381,1.122341032
12.8394038,299.8807773,269.0427044,3739.585284,28.61241952,-80.59692795,12.95027409,12.5704864,116.3963768,-0.410609487,-0.397367045,-13.86865451,0.949328531,-0.070798369,0.045282278,-0.302840629,0.473339927,1.693070299,-13.7686434,-0.023020865,0.021043028,1.121159648
12.8494038,300.0102603,269.1683893,3740.748555,28.61242065,-80.59692662,12.94634733,12.5664834,116.2578263,-0.397992921,-0.399230663,-13.85967249,0.95099755,-0.070609094,0.045794419,-0.297524598,0.506027166,1.69487662,-13.75789354,-0.020777698,0.019294998,1.119981167
12.8594038,300.1397045,269.294034,3741.910441,28.61242178,-80.59692529,12.94250251,12.56245689,116.1193716,-0.387763479,-0.401429684,-13.85036351,0.952636365,-0.070409752,0.04629117,-0.292204638,0.536716375,1.69421864,-13.7472046,-0.01842246,0.017299057,1.118805113
12.8694038,300.2691105,269.4196383,3743.070943,28.61242291,-80.59692397,12.93870482,12.55840383,115.9810172,-0.381695031,-0.403930789,-13.84051309,0.954245054,-0.070200631,0.046771886,-0.286880881,0.56382003,1.690168606,-13.73659677,-0.016039933,0.015092139,1.117631352
12.8794038,300.3984787,269.545202,3744.230062,28.61242404,-80.59692264,12.93492881,12.55432164,115.8427667,-0.378264402,-0.406718709,-13.83030047,0.955823667,-0.069982147,0.047236224,-0.28155347,0.588487167,1.68371104,-13.72605243,-0.013746475,0.012781601,1.116459811
12.8894038,300.5278091,269.6707246,3745.387799,28.61242517,-80.59692132,12.93114943,12.55020793,115.7046235,-0.377355519,-0.409757638,-13.81974138,0.95737224,-0.069754776,0.047684028,-0.276222553,0.610717799,1.67502458,-13.71557023,-0.011502531,0.010377632,1.115290152
12.8994038,300.6571016,269.796206,3746.544154,28.6124263,-80.59691999,12.92734218,12.54606079,115.5665909,-0.378928942,-0.413010906,-13.80884374,0.958890789,-0.06951909,0.048115365,-0.270888284,0.630457018,1.66424818,-13.70514985,-0.009384527,0.007934775,1.1141221
12.9094038,300.7863557,269.9216457,3747.699131,28.61242743,-80.59691867,12.92348859,12.54187866,115.4286714,-0.382909355,-0.416437748,-13.79762161,0.960379322,-0.069275646,0.048530416,-0.265550825,0.647688103,1.651548476,-13.69479061,-0.007406393,0.00548335,1.112955433
12.9194038,300.9155711,270.0470435,3748.852728,28.61242856,-80.59691734,12.91957198,12.53766012,115.2908674,-0.38814573,-0.420017739,-13.78621707,0.961837834,-0.069025068,0.04892953,-0.260210342,0.663339608,1.637636105,-13.68447959,-0.005553133,0.003012081,1.111789809
12.9294038,301.0447469,270.1723988,3750.004948,28.61242968,-80.59691602,12.91557114,12.53340441,115.1531816,-0.39552846,-0.423700424,-13.77453096,0.963266292,-0.068768033,0.049313403,-0.254867017,0.67658877,1.62216129,-13.67422715,-0.003868149,6.21E-04,1.110624932
12.9394038,301.1738822,270.2977114,3751.155792,28.61243081,-80.5969147,12.91146662,12.52911104,115.0156165,-0.404960691,-0.427452785,-13.76258228,0.964664633,-0.068505465,0.04968302,-0.24952103,0.687474974,1.605295508,-13.66403252,-0.002375268,-0.00163494,1.109460743
12.9494038,301.3029758,270.4229809,3752.305261,28.61243194,-80.59691338,12.90724113,12.5247803,114.8781741,-0.41623074,-0.431214877,-13.75040791,0.966032787,-0.068238297,0.050039458,-0.244172564,0.69613686,1.587296829,-13.65389301,-0.001174247,-0.00378177,1.108297197
12.9594038,301.4320265,270.5482069,3753.453356,28.61243306,-80.59691205,12.90286816,12.52041296,114.7408574,-0.429118529,-0.434927153,-13.73804599,0.967370683,-0.067967292,0.05038397,-0.238821824,0.702732237,1.568420884,-13.64380575,-1.50E-04,-0.005747061,1.107134257
12.9694038,301.5610326,270.673389,3754.600079,28.61243419,-80.59691073,12.89832175,12.5160103,114.6036693,-0.445774681,-0.438525798,-13.72525294,0.968678217,-0.067693474,0.050718117,-0.23346901,0.705325211,1.547793359,-13.63379772,5.85E-04,-0.00745482,1.105972266
12.9794038,301.6899923,270.798527,3755.74543,28.61243531,-80.59690941,12.89359241,12.51157398,114.4666107,-0.46365633,-0.441977564,-13.71234347,0.969955287,-0.067417638,0.051043611,-0.228114342,0.706155066,1.526784606,-13.62383788,0.001073666,-0.00891262,1.104811543
12.9894038,301.8189038,270.9236204,3756.889411,28.61243644,-80.59690809,12.88867376,12.50710594,114.3296817,-0.482322292,-0.445255756,-13.69937923,0.971201776,-0.0671407,0.051362349,-0.222758045,0.705636599,1.505699481,-13.61392026,0.001297852,-0.010052422,1.103651943
12.9994038,301.9477652,271.048669,3758.032024,28.61243756,-80.59690677,12.88356257,12.50260867,114.1928823,-0.501460478,-0.448316415,-13.68640798,0.972417562,-0.066863726,0.051676155,-0.217400329,0.704076051,1.484787566,-13.60403971,0.001260241,-0.010861501,1.102493339
13.0094038,302.0765743,271.1736725,3759.173269,28.61243869,-80.59690545,12.87820622,12.49808593,114.0562179,-0.520776301,-0.451089364,-13.67347721,0.973602526,-0.066587605,0.051987005,-0.212041422,0.701758904,1.464305433,-13.5941904,9.17E-04,-0.011365733,1.101335629
13.0194038,302.2053283,271.2986307,3760.313149,28.61243981,-80.59690413,12.87254563,12.4935419,113.9196946,-0.550888673,-0.45339938,-13.65936774,0.97475649,-0.066313253,0.052297801,-0.206681587,0.688975729,1.439966097,-13.58452011,3.24E-04,-0.011431215,1.100180442
13.0294038,302.3340242,271.4235433,3761.451664,28.61244094,-80.59690281,12.86658803,12.48898039,113.7833104,-0.581091099,-0.455344134,-13.64533868,0.975879256,-0.066041631,0.052611749,-0.2013211,0.675537385,1.416489355,-13.57488416,-6.06E-04,-0.010904819,1.099029314
13.0394038,302.4626591,271.5484102,3762.588816,28.61244206,-80.5969015,12.8603461,12.48440566,113.6470629,-0.610223823,-0.456885281,-13.63153398,0.976970661,-0.065773511,0.052931654,-0.195960231,0.662600078,1.394435191,-13.56526254,-0.001828743,-0.009826191,1.097881609
13.0494038,302.5912302,271.6732314,3763.724606,28.61244318,-80.59690018,12.85383662,12.47982226,113.5109491,-0.63788117,-0.457986145,-13.61800648,0.978030555,-0.065509554,0.05326026,-0.190599254,0.650634751,1.374009163,-13.55564522,-0.003287935,-0.008205872,1.096736776
13.0594038,302.7197354,271.7980067,3764.859035,28.6124443,-80.59689886,12.84720288,12.47523369,113.3749516,-0.663673992,-0.458616465,-13.60480494,0.979058825,-0.065250395,0.053599722,-0.185238422,0.640106455,1.355382692,-13.54602197,-0.004974091,-0.006098515,1.095594369
13.0694038,302.8481744,271.922736,3765.992105,28.61244542,-80.59689755,12.84061298,12.4706438,113.2390501,-0.661650874,-0.459014114,-13.59488049,0.980055487,-0.064996212,0.053950504,-0.179877952,0.65546671,1.347979835,-13.535973,-0.00679116,-0.003715573,1.094449985
13.0794038,302.9765479,272.0474195,3767.123816,28.61244655,-80.59689623,12.83408902,12.46605821,113.1032409,-0.656011802,-0.458867747,-13.58547674,0.981020626,-0.064746838,0.054312333,-0.174518046,0.674249188,1.3424747,-13.52587295,-0.008560214,-0.001350417,1.093299539
13.0894038,303.1048565,272.1720572,3768.25417,28.61244767,-80.59689492,12.82764936,12.46148267,112.967521,-0.648473131,-0.45815285,-13.57639874,0.981954359,-0.064502128,0.054684438,-0.169158872,0.694881717,1.338170254,-13.51574873,-0.010263917,9.44E-04,1.092144178
13.0994038,303.2331012,272.2966492,3769.383167,28.61244879,-80.5968936,12.82131058,12.4569232,112.8318873,-0.639185922,-0.456849042,-13.56763069,0.982856813,-0.064261892,0.055065971,-0.163800591,0.717234288,1.334969204,-13.50560271,-0.011898613,0.003051974,1.090984907
13.1094038,303.3612829,272.4211958,3770.510808,28.61244991,-80.59689229,12.81502325,12.45238651,112.6963444,-0.628311694,-0.454943803,-13.55915499,0.983728097,-0.064025836,0.055456455,-0.158443382,0.741164792,1.332768003,-13.49543767,-0.013448936,0.005067434,1.089822543
13.1194038,303.4894016,272.5456971,3771.637094,28.61245103,-80.59689098,12.80872516,12.44787922,112.5608982,-0.629461186,-0.45229596,-13.54941357,0.984568291,-0.063793721,0.055855886,-0.153087429,0.753669357,1.327271581,-13.4854638,-0.014926615,0.00703277,1.088659881
13.1294038,303.6174574,272.6701535,3772.762026,28.61245215,-80.59688967,12.80243062,12.44340692,112.4255462,-0.629890546,-0.44906826,-13.53985987,0.985377475,-0.063565234,0.056264341,-0.147732922,0.766895015,1.322655478,-13.47548456,-0.016331578,0.00906428,1.087499457
13.1394038,303.7454503,272.7945654,3773.885605,28.61245326,-80.59688835,12.79615496,12.43897487,112.2902855,-0.628765241,-0.445300812,-13.53058629,0.986155733,-0.063340059,0.056681831,-0.142380045,0.781686125,1.319102373,-13.46548698,-0.017653128,0.011086573,1.086340976
13.1494038,303.8733806,272.9189331,3775.007832,28.61245438,-80.59688704,12.7899131,12.43458804,112.1551136,-0.626120562,-0.441022284,-13.52158619,0.986903161,-0.063117822,0.057108218,-0.137028982,0.798052038,1.316517617,-13.45547157,-0.018924132,0.013144768,1.085184161
13.1594038,304.0012491,273.0432573,3776.128708,28.6124555,-80.59688573,12.78383446,12.43024951,112.0200144,-0.622013481,-0.436266816,-13.51284997,0.987619904,-0.062897857,0.057542899,-0.131679913,0.815975879,1.314793537,-13.44543956,-0.020045963,0.015183833,1.084028784
13.1694038,304.1290583,273.1675383,3777.248233,28.61245662,-80.59688442,12.77806707,12.4259613,111.8849701,-0.592538158,-0.431393355,-13.50712614,0.988306233,-0.062679303,0.057983432,-0.126332959,0.858753844,1.319947331,-13.43502658,-0.020971693,0.0169649,1.082870833
13.1794038,304.2568115,273.2917767,3778.366408,28.61245774,-80.59688312,12.77261783,12.42172657,111.7499789,-0.560868264,-0.426194517,-13.50175327,0.988962453,-0.062461351,0.058426869,-0.120988208,0.903949683,1.325355191,-13.42459924,-0.021648932,0.018167817,1.081706575
13.1894038,304.3845118,273.415973,3779.483233,28.61245885,-80.59688181,12.76748677,12.41754793,111.61504,-0.528980016,-0.420703262,-13.49649433,0.989588877,-0.062243097,0.058870299,-0.115645751,0.949585362,1.330390569,-13.41419095,-0.022064598,0.018826359,1.080537195
13.1994038,304.5121623,273.5401278,3780.598709,28.61245997,-80.5968805,12.76267009,12.41342719,111.4801532,-0.497295573,-0.414994001,-13.49128666,0.990185826,-0.062023595,0.059310722,-0.110305673,0.995189344,1.33483717,-13.4038109,-0.022216179,0.018939247,1.079363732
13.2094038,304.6397658,273.6642417,3781.712836,28.61246109,-80.59687919,12.75803215,12.40936708,111.3453339,-0.466168879,-0.40914157,-13.48607449,0.990753595,-0.06180209,0.059745489,-0.104968052,1.040346665,1.338511129,-13.39346789,-0.022104662,0.018445187,1.078187027
13.2194038,304.767323,273.7883154,3782.825615,28.6124622,-80.59687789,12.75341107,12.40537006,111.2106011,-0.462683563,-0.402857303,-13.47763136,0.991292334,-0.061577983,0.060174065,-0.099633039,1.058281869,1.335813114,-13.38351822,-0.021863712,0.017629163,1.077012016
13.2294038,304.894834,273.9123494,3783.937048,28.61246332,-80.59687658,12.7487965,12.4014355,111.075956,-0.461655615,-0.39656123,-13.46890838,0.99180216,-0.061350668,0.060596429,-0.09430081,1.073699289,1.33238259,-13.37362352,-0.021477101,0.016859013,1.075843247
13.2394038,305.0222989,274.0363443,3785.047135,28.61246443,-80.59687527,12.74418097,12.39756202,110.9413995,-0.461380876,-0.390371617,-13.4600956,0.992283183,-0.061119669,0.061012592,-0.088971539,1.088286935,1.328498792,-13.36376288,-0.021004331,0.0160667,1.074679735
13.2494038,305.1497176,274.1603008,3786.155876,28.61246555,-80.59687397,12.73955715,12.39374729,110.8069326,-0.461850467,-0.384365255,-13.45118493,0.9927355,-0.060884425,0.061422777,-0.083645417,1.102058358,1.324099146,-13.35393752,-0.020421497,0.015312929,1.073520596
13.2594038,305.2770902,274.2842194,3787.263274,28.61246666,-80.59687266,12.73499082,12.38998728,110.6725478,-0.46302606,-0.378632263,-13.44217075,0.993159227,-0.060644467,0.061826896,-0.078322622,1.115061372,1.319110385,-13.34414838,-0.019724011,0.014608877,1.072365111
13.2694038,305.4044179,274.4081007,3788.369328,28.61246778,-80.59687136,12.73056059,12.38627713,110.5382358,-0.449745797,-0.373436781,-13.43485402,0.993554547,-0.060399198,0.062223925,-0.073003305,1.142387356,1.31576285,-13.33419469,-0.018937487,0.013796243,1.071210258
13.2794038,305.5317019,274.5319451,3789.474039,28.61246889,-80.59687005,12.7262575,12.38261218,110.4039983,-0.436475513,-0.368674393,-13.42750231,0.993921656,-0.060148133,0.062612561,-0.067687593,1.169650299,1.311464772,-13.32427215,-0.018007081,0.012747272,1.070053263
13.2894038,305.6589434,274.6557531,3790.577408,28.61247,-80.59686875,12.72206947,12.37898746,110.2698371,-0.42434454,-0.364395336,-13.41996903,0.994260727,-0.059890994,0.062991737,-0.062375615,1.195675393,1.305989578,-13.3143972,-0.016993019,0.011440324,1.06889455
13.2994038,305.7861436,274.779525,3791.679436,28.61247112,-80.59686745,12.71798337,12.37539742,110.1357544,-0.413477902,-0.360639087,-13.41223039,0.994571924,-0.059627343,0.063360612,-0.057067517,1.220286436,1.299308856,-13.30457237,-0.01592066,0.009947123,1.067734511
13.3094038,305.9133033,274.9032611,3792.780123,28.61247223,-80.59686615,12.71395006,12.37183631,110.0017569,-0.403968309,-0.35747116,-13.40426399,0.9948554,-0.059356824,0.063718495,-0.051763443,1.243346956,1.291374396,-13.29480009,-0.014717986,0.008296143,1.066573466
13.3194038,306.0404226,275.0269618,3793.879471,28.61247334,-80.59686484,12.70991341,12.36829808,109.867852,-0.403233234,-0.354856695,-13.39516349,0.995111256,-0.059079409,0.064065212,-0.046463536,1.257378034,1.281434936,-13.28517408,-0.013507882,0.006545366,1.065412853
13.3294038,306.1675015,275.1506271,3794.977481,28.61247445,-80.59686354,12.70585934,12.36477605,109.7340423,-0.40431735,-0.352899004,-13.38576521,0.995339574,-0.05879507,0.064400864,-0.041167951,1.269302333,1.270365152,-13.27560788,-0.012307286,0.004812324,1.064253998
13.3394038,306.2945397,275.2742573,3796.074152,28.61247556,-80.59686224,12.70177516,12.36126325,109.6003302,-0.40670791,-0.351622357,-13.37612926,0.995540425,-0.058503685,0.064725821,-0.035876864,1.279609471,1.258247379,-13.26609576,-0.011072693,0.003098784,1.063096681
13.3494038,306.4215368,275.3978524,3797.169488,28.61247668,-80.59686094,12.69764905,12.35775259,109.4667177,-0.410325538,-0.351058026,-13.36626281,0.995713852,-0.058205477,0.065040552,-0.030590434,1.288363577,1.245099182,-13.25663749,-0.009870372,0.001475803,1.061940701
13.3594038,306.5484921,275.5214124,3798.263487,28.61247779,-80.59685964,12.69335462,12.35423866,109.3332211,-0.415076276,-0.351189592,-13.3561808,0.995859874,-0.057900653,0.065345917,-0.025308837,1.295643188,1.230993137,-13.24723189,-0.008721602,-5.89E-05,1.060785894
13.3694038,306.6754029,275.6449372,3799.356152,28.6124789,-80.59685834,12.68874689,12.35071651,109.1998582,-0.444923339,-0.351698288,-13.34300336,0.995978387,-0.057589534,0.065644527,-0.020032312,1.277332464,1.214923687,-13.23819358,-0.007636855,-0.00124656,1.05963602
13.3794038,306.802266,275.7684267,3800.447485,28.61248001,-80.59685704,12.68382198,12.34717997,109.06663,-0.476645065,-0.352835524,-13.32955639,0.996069248,-0.05727251,0.065939532,-0.014761123,1.256824117,1.198540689,-13.22923468,-0.00665559,-0.00184989,1.058494672
13.3894038,306.9290783,275.8918807,3801.537485,28.61248112,-80.59685574,12.67858252,12.34362328,108.9335363,-0.50829363,-0.354567731,-13.31608856,0.99613232,-0.056949806,0.06623409,-0.009495551,1.236148009,1.182023316,-13.22032731,-0.005745032,-0.00179519,1.057360493
13.3994038,307.0558366,276.015299,3802.626156,28.61248223,-80.59685444,12.67303501,12.34004074,108.8005766,-0.539491747,-0.3568714,-13.30265328,0.99616746,-0.056621721,0.066531415,-0.004235878,1.2157578,1.165411577,-13.21146251,-0.004872526,-0.001129489,1.056232299
13.4094038,307.1825385,276.1386814,3803.713497,28.61248334,-80.59685314,12.66735636,12.33642488,108.6677301,-0.56983712,-0.359719968,-13.28930595,0.996174559,-0.056288748,0.066834039,0.001017651,1.196134868,1.148733158,-13.20263,-0.004088655,1.82E-04,1.05510912
13.4194038,307.309184,276.2620274,3804.799511,28.61248445,-80.59685185,12.66175679,12.33276847,108.5349722,-0.564247427,-0.363545475,-13.28018215,0.996153668,-0.055951305,0.067142183,0.006264875,1.212659909,1.131672402,-13.19327677,-0.003396304,0.001776438,1.05398446
13.4294038,307.435774,276.3853366,3805.884197,28.61248556,-80.59685055,12.65624867,12.32906796,108.4023014,-0.555517629,-0.367792584,-13.27141909,0.996104906,-0.055609839,0.067455025,0.01150569,1.23230073,1.113875929,-13.18389742,-0.002768323,0.003240121,1.052852253
13.4394038,307.5623093,276.5086086,3806.967557,28.61248667,-80.59684925,12.65083954,12.32532067,108.2697168,-0.54597809,-0.372350783,-13.26275027,0.996028393,-0.055264867,0.067771734,0.016740004,1.252674317,1.095407997,-13.17452732,-0.002244038,0.004547892,1.051713824
13.4494038,307.6887911,276.6318429,3808.049592,28.61248777,-80.59684796,12.6455356,12.32152471,108.1372177,-0.53574655,-0.377136265,-13.25417045,0.995924255,-0.054916863,0.068091373,0.021967734,1.273628709,1.076345451,-13.1651677,-0.001784065,0.00565549,1.05057037
13.4594038,307.81522,276.7550389,3809.130302,28.61248888,-80.59684666,12.64021299,12.31768075,108.0048184,-0.524953912,-0.382074743,-13.24567141,0.995792586,-0.054566461,0.068413417,0.027188798,1.29499889,1.056760546,-13.15582015,-0.001458749,0.006582548,1.049422871
13.4694038,307.9415948,276.8781963,3810.209688,28.61248999,-80.59684537,12.63472404,12.31379067,107.8725363,-0.540578905,-0.386704353,-13.23406212,0.995633372,-0.054214176,0.068739032,0.032403045,1.28965234,1.038440365,-13.14688573,-0.001245278,0.007576354,1.048276546
13.4794038,308.0679139,277.0013146,3811.287753,28.6124911,-80.59684407,12.62907568,12.30985491,107.74037,-0.557046727,-0.391305105,-13.22238891,0.995446565,-0.053860456,0.069069919,0.037610294,1.283361925,1.020430628,-13.13798663,-0.00107133,0.008903067,1.047136256
13.4894038,308.1941758,277.1243933,3812.364496,28.6124922,-80.59684278,12.62327967,12.30587461,107.6083177,-0.572432693,-0.395825982,-13.21089048,0.995232132,-0.053505614,0.069407683,0.042810359,1.278118152,1.002684408,-13.1290907,-9.85E-04,0.010568999,1.046001102
13.4994038,308.3203791,277.2474319,3813.43992,28.61249331,-80.59684149,12.61734967,12.30185156,107.4763772,-0.58654226,-0.400206084,-13.19959808,0.994990036,-0.053150193,0.069753789,0.048003074,1.274169552,0.98521837,-13.12019142,-9.40E-04,0.012539204,1.044870258
13.5094038,308.446523,277.3704302,3814.514024,28.61249442,-80.59684019,12.61148429,12.29778626,107.3445243,-0.599204444,-0.404351818,-13.18854347,0.994720293,-0.052794676,0.070108965,0.053188297,1.271742135,0.96808095,-13.11128203,-9.89E-04,0.014786861,1.043743052
13.5194038,308.5726098,277.4933875,3815.58681,28.61249552,-80.5968389,12.60591506,12.29367948,107.2127307,-0.57207201,-0.408670775,-13.18226802,0.994423097,-0.052439631,0.070471264,0.058365999,1.309234898,0.94693386,-13.10174372,-0.001121401,0.016943555,1.04261258
13.5294038,308.6986423,277.6163036,3816.658279,28.61249663,-80.59683761,12.60065235,12.28953552,107.0809941,-0.541672214,-0.412612986,-13.17648075,0.994098707,-0.052085544,0.070837907,0.063536191,1.34997927,0.925188449,-13.09216886,-0.001383248,0.018564383,1.04147236
13.5394038,308.8246238,277.7391781,3817.72843,28.61249773,-80.59683632,12.5956987,12.28535922,106.9493133,-0.510827159,-0.416098255,-13.17085106,0.993747384,-0.051733038,0.07120596,0.068698907,1.391084046,0.90318458,-13.08260458,-0.001790652,0.019608102,1.040324088
13.5494038,308.9505573,277.8620107,3818.797265,28.61249884,-80.59683503,12.59105297,12.28115577,106.8176872,-0.479923373,-0.419077566,-13.16533393,0.99336939,-0.051382697,0.071572577,0.073854186,1.432097301,0.881029944,-13.0730583,-0.002327209,0.020089361,1.03916928
13.5594038,309.0764455,277.9848012,3819.864784,28.61249994,-80.59683374,12.58657806,12.27693268,106.6861315,-0.449294338,-0.421521196,-13.15988757,0.992964962,-0.051035024,0.071935296,0.07900205,1.472623644,0.858821356,-13.06353673,-0.003018696,0.02000419,1.03800918
13.5694038,309.2022889,278.1075493,3820.930988,28.61250104,-80.59683245,12.58211014,12.27269818,106.5546651,-0.446926985,-0.422983473,-13.15111219,0.992534228,-0.050690319,0.072293482,0.084142444,1.484814836,0.841315698,-13.0544216,-0.003813169,0.019628535,1.036849388
13.5794038,309.3280877,278.2302551,3821.995878,28.61250215,-80.59683116,12.57764212,12.26845849,106.4232882,-0.446730111,-0.423811933,-13.14215528,0.992077274,-0.050348789,0.072647147,0.089275274,1.494688601,0.824784838,-13.04534652,-0.004668557,0.019201902,1.035695098
13.5894038,309.4538417,278.3529185,3823.059454,28.61250325,-80.59682987,12.57316998,12.26421977,106.2920004,-0.44694169,-0.424021148,-13.13323114,0.991594189,-0.050010464,0.072996424,0.094400427,1.504023405,0.808979877,-13.0362869,-0.005535515,0.018847452,1.034545508
13.5994038,309.579551,278.4755396,3824.121718,28.61250435,-80.59682859,12.56868987,12.25998803,106.1608013,-0.44754847,-0.423621864,-13.12434023,0.991085066,-0.04967535,0.0733414,0.099517786,1.512856732,0.793899631,-13.02724259,-0.006398438,0.018508907,1.033399869
13.6094038,309.7052156,278.5981183,3825.182671,28.61250546,-80.5968273,12.56424232,12.25576856,106.0296852,-0.44854221,-0.422627707,-13.11548208,0.99055,-0.049343528,0.073682124,0.104627238,1.521218997,0.779539597,-13.0182136,-0.007264737,0.018177506,1.032257564
13.6194038,309.8308362,278.720655,3826.242312,28.61250656,-80.59682601,12.55987593,12.2515663,105.8986454,-0.440655469,-0.421178868,-13.10778654,0.989989133,-0.049014928,0.074018039,0.109728684,1.538246546,0.763879894,-13.00907076,-0.008143661,0.017829308,1.03111654
13.6294038,309.9564134,278.8431497,3827.300644,28.61250766,-80.59682473,12.55558583,12.24738672,105.7676817,-0.43271973,-0.419179671,-13.10017444,0.989402622,-0.048689451,0.074348449,0.114822026,1.555211222,0.748636817,-12.99993805,-0.009041051,0.017331992,1.029974902
13.6394038,310.0819481,278.9656028,3828.357666,28.61250876,-80.59682344,12.55136537,12.2432347,105.6367943,-0.425410523,-0.416658891,-13.09255733,0.988790623,-0.048366946,0.074672719,0.119907164,1.571439733,0.733930569,-12.99082596,-0.009869719,0.016709474,1.028832801
13.6494038,310.2074409,279.0880145,3829.41338,28.61250986,-80.59682215,12.54720719,12.23911501,105.5059834,-0.418803101,-0.413660594,-13.08491923,0.988153277,-0.04804743,0.074990299,0.124984003,1.586849605,0.719751652,-12.98173672,-0.01075425,0.015964563,1.027690392
13.6594038,310.3328925,279.2103852,3830.467786,28.61251096,-80.59682087,12.54313254,12.23503146,105.3752458,-0.412962843,-0.410207992,-13.07724791,0.987490741,-0.047730684,0.075300604,0.130052438,1.601375502,0.706115922,-12.972672,-0.011609138,0.015122136,1.026547801
13.6694038,310.458304,279.3327153,3831.520885,28.61251206,-80.59681958,12.5391673,12.23098728,105.2445779,-0.401858968,-0.406446307,-13.07027882,0.986803197,-0.047416558,0.075602678,0.13511238,1.620861372,0.691364854,-12.96355278,-0.012456385,0.014120721,1.025404114
13.6794038,310.5836762,279.4550051,3832.572678,28.61251316,-80.5968183,12.53530165,12.2269856,105.1139805,-0.391359995,-0.402340854,-13.06328275,0.986090837,-0.047104789,0.075895495,0.140163741,1.639552653,0.676927578,-12.95445997,-0.013282161,0.012925651,1.024258447
13.6894038,310.7090103,279.5772551,3833.623165,28.61251426,-80.59681702,12.53152397,12.223029,104.9834546,-0.38196715,-0.397954212,-13.05618709,0.985353832,-0.046795303,0.076178181,0.145206438,1.656931058,0.662896997,-12.94540208,-0.014105026,0.011514523,1.023111197
13.6994038,310.8343069,279.6994659,3834.672347,28.61251536,-80.59681573,12.52782192,12.2191196,104.8530014,-0.373775437,-0.393330446,-13.04897228,0.984592346,-0.046487927,0.07645008,0.150240372,1.672884749,0.649293464,-12.9363816,-0.014952044,0.00997195,1.021962712
13.7094038,310.9595666,279.8216377,3835.720225,28.61251646,-80.59681445,12.52408395,12.2152603,104.7226348,-0.36684933,-0.388523753,-13.04162193,0.983806528,-0.046182221,0.076710953,0.155265411,1.687333546,0.63611958,-12.9274007,-0.015748589,0.008288094,1.020813279
13.7194038,311.0847881,279.9437712,3836.7668,28.61251756,-80.59681317,12.52018105,12.21145343,104.5923706,-0.381784282,-0.383312807,-13.03157016,0.982996443,-0.045877515,0.0769619,0.160281352,1.680567642,0.629880433,-12.91872485,-0.016433414,0.006712019,1.019666568
13.7294038,311.2099696,280.0658669,3837.812073,28.61251866,-80.59681188,12.51610313,12.2076987,104.46221,-0.398932102,-0.378069747,-13.0212545,0.982162123,-0.045573042,0.077204616,0.165287957,1.671526175,0.624673908,-12.9101098,-0.01692472,0.005381597,1.018526069
13.7394038,311.3351095,280.1879254,3838.856045,28.61251975,-80.5968106,12.51184472,12.2039952,104.3321535,-0.416745847,-0.372891324,-13.01086369,0.981303587,-0.045268164,0.077440857,0.170284987,1.661721707,0.619946168,-12.90153661,-0.017208444,0.004387863,1.017390858
13.7494038,311.4602059,280.309947,3839.898716,28.61252085,-80.59680932,12.5074027,12.20034153,104.2022015,-0.434990154,-0.367832032,-13.00042565,0.980420849,-0.044962299,0.077672418,0.175272204,1.65141226,0.615563444,-12.8930021,-0.017339185,0.003739538,1.016260107
13.7594038,311.5852567,280.4319324,3840.940089,28.61252195,-80.59680804,12.50268029,12.19673732,104.0723657,-0.453431275,-0.36293106,-12.98996925,0.979513914,-0.044654685,0.077901386,0.180249343,1.640855364,0.61139878,-12.88450252,-0.017274197,0.003405354,1.01513313
13.7694038,311.7102582,280.5538819,3841.980164,28.61252304,-80.59680676,12.49756542,12.193182,103.9426597,-0.491847861,-0.357932536,-12.97708469,0.978582721,-0.044344148,0.078131089,0.185216057,1.611531558,0.61464572,-12.87633231,-0.016917708,0.00358752,1.014012758
13.7794038,311.8352067,280.6757962,3843.018943,28.61252414,-80.59680548,12.49206383,12.18967274,103.8130824,-0.530993598,-0.353177817,-12.96413919,0.97762717,-0.044029604,0.078365355,0.190171978,1.581714364,0.618537443,-12.86822384,-0.016193399,0.004445004,1.012901807
13.7894038,311.9600982,280.7976755,3844.056426,28.61252524,-80.5968042,12.48618802,12.18620633,103.6836321,-0.569119727,-0.348727622,-12.95134544,0.976647167,-0.043709946,0.078607966,0.195116734,1.553120603,0.622338256,-12.86014652,-0.015094412,0.006023926,1.011798855
13.7994038,312.0849292,280.9195204,3845.092616,28.61252633,-80.59680292,12.47995517,12.18277925,103.5543063,-0.605753815,-0.344613936,-12.93875852,0.975642639,-0.043384093,0.078862365,0.200049968,1.526256458,0.625757979,-12.85208686,-0.013630774,0.008268804,1.010702654
13.8094038,312.209697,281.0413312,3846.127513,28.61252743,-80.59680164,12.47363847,12.179384,103.4250725,-0.640465711,-0.340862682,-12.92642646,0.974613566,-0.043051194,0.079131085,0.204971371,1.501572227,0.628512341,-12.84403121,-0.011821888,0.011114914,1.009612176
13.8194038,312.3344028,281.1631082,3847.161117,28.61252852,-80.59680036,12.46755932,12.17601222,103.2958922,-0.62034498,-0.338283298,-12.92063797,0.973560145,-0.042711189,0.079413039,0.209880841,1.527664883,0.608592163,-12.83503037,-0.009858662,0.014097671,1.00851755
13.8294038,312.4590491,281.2848515,3848.193431,28.61252962,-80.59679909,12.46173824,12.1726601,103.1667628,-0.595232872,-0.336131757,-12.91545438,0.972482644,-0.04236432,0.079705871,0.214778362,1.5582598,0.585563142,-12.8259577,-0.008019966,0.016670067,1.007409395
13.8394038,312.5836385,281.4065614,3849.224453,28.61253071,-80.59679781,12.45618693,12.16932381,103.0376829,-0.568787722,-0.334355496,-12.91044032,0.971381349,-0.042010803,0.080007003,0.219663941,1.589886546,0.560889842,-12.81688128,-0.006301983,0.018721247,1.006289931
13.8494038,312.7081738,281.528238,3850.254185,28.61253181,-80.59679654,12.45091385,12.16599958,102.9086514,-0.54133477,-0.332965878,-12.90555448,0.970256523,-0.041651133,0.0803139,0.224537612,1.622141793,0.53469005,-12.80781045,-0.004767701,0.020286761,1.005161174
13.8594038,312.8326572,281.6498815,3851.282626,28.6125329,-80.59679526,12.44576209,12.16268623,102.7796873,-0.513193617,-0.331946272,-12.90075863,0.969108409,-0.041285687,0.080624442,0.229399397,1.654647807,0.507125029,-12.79875362,-0.00340663,0.021368753,1.00402479
13.8694038,312.9570888,281.7714918,3852.309779,28.61253399,-80.59679399,12.44054331,12.15938328,102.6508137,-0.518477784,-0.330758283,-12.89189169,0.967937119,-0.040914439,0.080938543,0.234249213,1.656751412,0.493902085,-12.79024343,-0.002173504,0.022209188,1.002887966
13.8794038,313.0814678,281.8930692,3853.335643,28.61253509,-80.59679271,12.4352622,12.15608725,102.5220301,-0.525139561,-0.32989178,-12.8828427,0.966742717,-0.040537211,0.081256973,0.239086926,1.657473843,0.480909837,-12.78177384,-8.32E-04,0.023182487,1.001757428
13.8894038,313.2057938,282.0146136,3854.360219,28.61253618,-80.59679144,12.42992775,12.15279486,102.3933356,-0.530930802,-0.329365731,-12.87388807,0.965525285,-0.040153854,0.081580156,0.243912423,1.658843872,0.467119736,-12.77330809,5.58E-04,0.024251839,1.000632308
13.8994038,313.3300662,282.1361251,3855.38351,28.61253727,-80.59679016,12.42454934,12.14950281,102.264729,-0.535804254,-0.329169477,-12.86503537,0.964284907,-0.039764209,0.081908552,0.248725583,1.660895997,0.452492689,-12.76484425,0.002015297,0.025393102,0.99951177
13.9094038,313.4542851,282.2576036,3856.405514,28.61253837,-80.59678889,12.4192632,12.14620599,102.1361939,-0.539708786,-0.32929167,-12.85629294,0.963021681,-0.039368219,0.082242322,0.2535263,1.663668404,0.436986196,-12.75638026,0.003538683,0.026603855,0.998395126
13.9194038,313.5784524,282.3790491,3857.426234,28.61253946,-80.59678762,12.41422781,12.14289921,102.0077106,-0.516293336,-0.330133713,-12.85088905,0.961735807,-0.038966553,0.082579734,0.258314601,1.690130036,0.407299394,-12.74748855,0.004985543,0.027701145,0.997277234
13.9294038,313.7025705,282.5004615,3858.445669,28.61254055,-80.59678635,12.40944924,12.13958006,101.8792784,-0.490728057,-0.331258562,-12.84576644,0.960427518,-0.038560024,0.082918448,0.263090553,1.718016546,0.375700074,-12.73858431,0.006148858,0.028374855,0.996153214
13.9394038,313.8266422,282.6218407,3859.46382,28.61254164,-80.59678508,12.40492787,12.13624661,101.7508968,-0.464981969,-0.3326018,-12.84068613,0.959097045,-0.038149536,0.083256099,0.26785424,1.745547918,0.343232612,-12.72970174,0.007032803,0.028634137,0.995024084
13.9494038,313.9506699,282.7431864,3860.480687,28.61254273,-80.59678381,12.40066141,12.13289723,101.6225661,-0.439334111,-0.334117544,-12.83561526,0.957744632,-0.037735881,0.083590248,0.272605747,1.772438356,0.310123375,-12.72084722,0.007627149,0.028466343,0.993890777
13.9594038,314.074656,282.8644986,3861.496271,28.61254382,-80.59678254,12.39657884,12.12953142,101.494295,-0.414037693,-0.335785207,-12.83052018,0.956370499,-0.03731986,0.083918798,0.277345149,1.798416133,0.27657114,-12.71202717,0.007942326,0.027874767,0.992754067
13.9694038,314.1986018,282.985777,3862.510573,28.61254491,-80.59678127,12.39259483,12.12614895,101.3660941,-0.403152936,-0.337394671,-12.8236208,0.954974813,-0.036902016,0.084240559,0.282072467,1.811519561,0.250309199,-12.70343891,0.008029701,0.027008559,0.991616996
13.9794038,314.3225082,283.1070215,3863.523593,28.612546,-80.59678,12.38870146,12.1227486,101.2379646,-0.393753996,-0.339121703,-12.81653214,0.953557716,-0.036482746,0.084554778,0.286787692,1.822835539,0.224577518,-12.69489572,0.007977523,0.025997817,0.99048241
13.9894038,314.4463761,283.2282319,3864.535332,28.61254709,-80.59677873,12.38489139,12.11932936,101.1099073,-0.385044026,-0.340966844,-12.80935322,0.952119337,-0.036062685,0.084860749,0.291490829,1.833040421,0.198997386,-12.6863868,0.007797928,0.024873845,0.989350011
13.9994038,314.5702063,283.349408,3865.545792,28.61254818,-80.59677746,12.38115643,12.11589058,100.9819234,-0.377109752,-0.342892348,-12.80207482,0.950659806,-0.035642359,0.085157827,0.296181871,1.842077594,0.173694248,-12.67791336,0.00743257,0.023644725,0.988219502
14.0094038,314.6939997,283.4705496,3866.554971,28.61254927,-80.59677619,12.37754012,12.11243103,100.8540072,-0.370026949,-0.344872443,-12.79468776,0.949179254,-0.035222279,0.085445353,0.300860808,1.849897357,0.148776393,-12.66947659,0.006960712,0.022349872,0.987090636
14.0194038,314.8177577,283.5916566,3867.562872,28.61255036,-80.59677492,12.37409467,12.10894954,100.7261521,-0.352951464,-0.347049299,-12.78858152,0.947677859,-0.03480316,0.085721976,0.305527673,1.865398085,0.117935553,-12.66093269,0.00631552,0.020898141,0.985961311
14.0294038,314.9414821,283.7127286,3868.569494,28.61255145,-80.59677366,12.37080869,12.10544606,100.5983593,-0.336350183,-0.349253032,-12.78242064,0.946155783,-0.034385889,0.085986368,0.310182511,1.87987061,0.087208368,-12.65242537,0.00539612,0.019224892,0.984829521
14.0394038,315.0651744,283.8337654,3869.574839,28.61255254,-80.59677239,12.36766818,12.10192083,100.4706308,-0.321078715,-0.351439199,-12.77609392,0.944613199,-0.033971127,0.086237272,0.314825348,1.892623643,0.057188659,-12.64396623,0.0042635,0.017359433,0.983695705
14.0494038,315.1888359,283.9547669,3870.578907,28.61255363,-80.59677112,12.36465776,12.09837429,100.3429684,-0.307279618,-0.353599046,-12.76957835,0.943050257,-0.0335597,0.086473613,0.319456215,1.90354461,0.02803484,-12.63555762,0.002884529,0.015320788,0.982560268
14.0594038,315.3124678,284.0757328,3871.581699,28.61255472,-80.59676986,12.36171727,12.09480773,100.2153801,-0.295080049,-0.355702622,-12.76285572,0.941467099,-0.033152284,0.086694529,0.324075123,1.912557164,-8.04E-05,-12.62720111,0.001307095,0.013142939,0.981423547
14.0694038,315.4360702,284.196663,3872.583215,28.6125558,-80.59676859,12.35877777,12.0912228,100.0878747,-0.293680017,-0.357589157,-12.75472661,0.93986383,-0.032749219,0.08689991,0.328682028,1.912424122,-0.021302792,-12.61900745,-4.33E-04,0.010892435,0.980287395
14.0794038,315.5596433,284.3175572,3873.583457,28.61255689,-80.59676732,12.35582241,12.08762039,99.9604546,-0.294482187,-0.359384297,-12.74630648,0.938240521,-0.032350724,0.087090163,0.33327685,1.910088819,-0.040820141,-12.6108723,-0.002192514,0.008731686,0.979153571
14.0894038,315.6831866,284.4384154,3874.582425,28.61255798,-80.59676606,12.35283574,12.08400144,99.83312174,-0.296849983,-0.36108453,-12.73768054,0.936597258,-0.031956927,0.087265615,0.337859502,1.906113579,-0.058974157,-12.60278781,-0.003978426,0.006646611,0.978021789
14.0994038,315.8066998,284.5592372,3875.580119,28.61255906,-80.59676479,12.34980298,12.08036702,99.70587804,-0.300732103,-0.36268953,-12.72885676,0.934934096,-0.031568104,0.08742687,0.342429896,1.900584235,-0.075757737,-12.5947536,-0.005770755,0.004672866,0.976891779
14.1094038,315.9301821,284.6800227,3876.576542,28.61256015,-80.59676353,12.34662177,12.07671979,99.57873671,-0.306054794,-0.364172794,-12.71985001,0.933251086,-0.031184157,0.087574859,0.3469879,1.893628554,-0.091159722,-12.58676831,-0.007568842,0.002843931,0.975763318
14.1194038,316.0536314,284.8007716,3877.571695,28.61256124,-80.59676226,12.34317543,12.07306268,99.45171265,-0.331138823,-0.365237574,-12.70829346,0.931548211,-0.030804515,0.087711792,0.351533289,1.871427971,-0.092960058,-12.57906554,-0.009188097,0.001282977,0.974639435
14.1294038,316.1770447,284.9214839,3878.565577,28.61256232,-80.596761,12.33945523,12.06939699,99.32480662,-0.358238152,-0.366161683,-12.6965078,0.929825428,-0.030428461,0.087840322,0.356065809,1.847760291,-0.09269218,-12.57143227,-0.010507444,1.73E-04,0.973523107
14.1394038,316.3004195,285.0421595,3879.558191,28.61256341,-80.59675973,12.33545749,12.06572402,99.19801862,-0.385861737,-0.366955858,-12.68469613,0.928082698,-0.030055176,0.087963161,0.360585184,1.823853191,-0.091361383,-12.56384791,-0.011490964,-4.92E-04,0.972413251
14.1494038,316.423753,285.1627983,3880.549538,28.61256449,-80.59675847,12.33118168,12.06204509,99.07134822,-0.41369272,-0.367616179,-12.67290727,0.926319983,-0.02968379,0.088083057,0.365091134,1.800025904,-0.089217251,-12.55630555,-0.012122396,-6.92E-04,0.9713089
14.1594038,316.5470425,285.2834004,3881.539618,28.61256558,-80.59675721,12.32670604,12.05836037,98.94478495,-0.441439231,-0.368149326,-12.66118374,0.92453727,-0.029313518,0.088202428,0.369583394,1.776562499,-0.08651217,-12.54879746,-0.012396671,-4.40E-04,0.970209244
14.1694038,316.6702867,285.4039655,3882.528434,28.61256666,-80.59675595,12.32212525,12.05466999,98.81831635,-0.45296428,-0.368779872,-12.65156618,0.922734602,-0.0289438,0.088322795,0.374061753,1.765222534,-0.094593163,-12.54106629,-0.012378285,1.14E-04,0.969110769
14.1794038,316.7934847,285.5244938,3883.515985,28.61256774,-80.59675468,12.3174449,12.05097564,98.69194123,-0.463132681,-0.369268398,-12.64216639,0.920912033,-0.028574473,0.088445226,0.378526048,1.755055761,-0.103302981,-12.53332876,-0.012223025,8.57E-04,0.968010141
14.1894038,316.9166353,285.644985,3884.502273,28.61256883,-80.59675342,12.3126701,12.04727918,98.56565843,-0.472851456,-0.369572053,-12.63287394,0.919069633,-0.028205166,0.088570758,0.382976108,1.745439899,-0.112020674,-12.52559646,-0.011925983,0.001791037,0.966907722
14.1994038,317.0397378,285.7654393,3885.487299,28.61256991,-80.59675216,12.30780693,12.04358265,98.43946664,-0.482009444,-0.369683431,-12.62370479,0.917207465,-0.027835612,0.088700414,0.387411772,1.73647711,-0.1208546,-12.51786575,-0.011490392,0.002873675,0.965803871
14.2094038,317.1627913,285.8858567,3886.471063,28.61257099,-80.5967509,12.30289542,12.03988775,98.31336028,-0.490503321,-0.369583375,-12.61467507,0.915325613,-0.027465529,0.088834962,0.391832894,1.728269561,-0.129900199,-12.5101328,-0.010914192,0.004120768,0.964698889
14.2194038,317.2857957,286.0062371,3887.453566,28.61257208,-80.59674964,12.29798222,12.03619617,98.18733294,-0.491388384,-0.369361479,-12.60665526,0.913424186,-0.027094854,0.088974646,0.396239368,1.725622862,-0.144286835,-12.50228197,-0.010259814,0.005439445,0.963591801
14.2294038,317.408751,286.1265806,3888.43481,28.61257316,-80.59674838,12.29307506,12.03251022,98.06138309,-0.491135754,-0.368914665,-12.598834,0.91150331,-0.026723433,0.089119585,0.400631093,1.723973303,-0.159374338,-12.49441661,-0.009578521,0.006763844,0.962481626
14.2394038,317.5316572,286.2468873,3889.414794,28.61257424,-80.59674712,12.28818102,12.0288321,97.9355093,-0.490177343,-0.368241154,-12.59115656,0.909563114,-0.026351122,0.089269817,0.405007975,1.723006496,-0.174876489,-12.48654339,-0.00884199,0.008090654,0.961368905
14.2494038,317.6545147,286.3671573,3890.39352,28.61257532,-80.59674586,12.28330707,12.02516405,97.80971014,-0.488516201,-0.367347181,-12.58362174,0.907603717,-0.025977931,0.089425375,0.409369933,1.722703421,-0.190818874,-12.47866215,-0.008087273,0.009400219,0.960254116
14.2594038,317.7773234,286.4873907,3891.370988,28.6125764,-80.5967446,12.27843272,12.02150877,97.68398764,-0.486162666,-0.366224591,-12.57622913,0.905625251,-0.025603897,0.089586089,0.413716906,1.723052001,-0.207208076,-12.47077264,-0.007333232,0.01071038,0.959137656
14.2694038,317.9000832,286.6075875,3892.3472,28.61257749,-80.59674335,12.27353225,12.01786903,97.55834443,-0.488831981,-0.364789166,-12.56826342,0.903627829,-0.025228853,0.08975214,0.418048807,1.720301124,-0.219676749,-12.46296832,-0.006587736,0.011995565,0.958020874
14.2794038,318.022794,286.7277481,3893.322156,28.61257857,-80.59674209,12.26861248,12.01424702,97.43277913,-0.491139728,-0.363120556,-12.56039883,0.901611577,-0.024852332,0.089923818,0.422365521,1.718046684,-0.232306869,-12.45516129,-0.005730319,0.013299648,0.956905038
14.2894038,318.1454554,286.8478725,3894.295856,28.61257965,-80.59674083,12.26368108,12.01064473,97.30729025,-0.492687604,-0.361249918,-12.55268249,0.899576603,-0.02447421,0.090101344,0.426666962,1.71652054,-0.245452668,-12.44734472,-0.004778024,0.01461337,0.955790082
14.2994038,318.2680676,286.9679611,3895.268302,28.61258073,-80.59673958,12.2587458,12.0070642,97.18187627,-0.493461845,-0.359172543,-12.54511687,0.897523037,-0.024094293,0.090284694,0.430953057,1.715724518,-0.259147622,-12.43951763,-0.003799742,0.015949875,0.954675927
14.3094038,318.3906304,287.0880139,3896.239494,28.61258181,-80.59673832,12.25382745,12.0035071,97.05653409,-0.493469256,-0.356900671,-12.53769959,0.895451016,-0.023712343,0.090473796,0.435223729,1.715626941,-0.273418726,-12.43167999,-0.002765796,0.017225803,0.953562513
14.3194038,318.5131442,287.2080313,3897.209432,28.61258288,-80.59673707,12.24894922,11.99997487,96.9312603,-0.489961189,-0.354493971,-12.53077247,0.893360681,-0.023328238,0.090668441,0.439478919,1.717886607,-0.290494076,-12.42378628,-0.001709316,0.018475836,0.95244929
14.3294038,318.6356095,287.3280135,3898.178119,28.61258396,-80.59673581,12.24411821,11.99646902,96.80605354,-0.485571833,-0.351927796,-12.52400447,0.891252182,-0.022941922,0.090868235,0.443718582,1.720803966,-0.308333881,-12.41588036,-6.48E-04,0.01963942,0.951335733
14.3394038,318.7580268,287.4479608,3899.145554,28.61258504,-80.59673456,12.2393408,11.99299101,96.68091255,-0.480523594,-0.34921577,-12.51736563,0.889125658,-0.02255344,0.091072856,0.447942677,1.724202472,-0.32678485,-12.40796657,3.82E-04,0.020741849,0.950221948
14.3494038,318.8803966,287.5678734,3900.111737,28.61258612,-80.5967333,12.23462282,11.98954217,96.55583614,-0.474860462,-0.346361876,-12.51084991,0.886981274,-0.022162753,0.091281681,0.452151177,1.728030384,-0.345824162,-12.40004601,0.001375352,0.021759929,0.949108038
14.3594038,319.0027195,287.6877517,3901.076671,28.6125872,-80.59673205,12.22997229,11.98612339,96.43082293,-0.468649193,-0.34339195,-12.50444535,0.884819206,-0.021769835,0.091493927,0.456344068,1.732197959,-0.36542015,-12.39212096,0.002327438,0.022623599,0.947994084
14.3694038,319.1249963,287.807596,3902.040354,28.61258828,-80.5967308,12.22539701,11.98273538,96.30587155,-0.461360685,-0.340348774,-12.49821399,0.882639619,-0.021374675,0.091708964,0.460521327,1.736950894,-0.386033036,-12.38418443,0.003201412,0.023363475,0.946880049
14.3794038,319.2472277,287.9274065,3903.002788,28.61258935,-80.59672955,12.22090064,11.97937854,96.18098122,-0.45363676,-0.337248649,-12.49207157,0.880442676,-0.020977327,0.091926118,0.464682941,1.741861512,-0.407155683,-12.37624813,0.004043281,0.023977213,0.945765884
14.3894038,319.3694145,288.0471837,3903.963974,28.61259043,-80.59672829,12.21648605,11.97605317,96.05615131,-0.445586909,-0.334113057,-12.48600093,0.878228545,-0.020577925,0.092144588,0.46882891,1.74682281,-0.428707539,-12.3683151,0.004788802,0.024472997,0.944651671
14.3994038,319.4915577,288.1669277,3904.923912,28.61259151,-80.59672704,12.21215525,11.97275925,95.9313813,-0.437295505,-0.330963516,-12.47998779,0.875997395,-0.02017662,0.092363556,0.472959239,1.751743154,-0.450622188,-12.36038814,0.005444717,0.024828597,0.943537481
14.4094038,319.6136577,288.2866389,3905.882602,28.61259258,-80.59672579,12.20784487,11.96949765,95.80667906,-0.428846927,-0.327822016,-12.47401761,0.873749387,-0.019773412,0.092582402,0.477073914,1.756532725,-0.472830056,-12.35247007,0.005983918,0.025043206,0.942423374
14.4194038,319.7357144,288.4063178,3906.840045,28.61259366,-80.59672454,12.20347942,11.96626917,95.68205407,-0.433763184,-0.324494774,-12.46636157,0.871484641,-0.019367891,0.092801329,0.481172858,1.753885681,-0.483802714,-12.34477371,0.006554974,0.025212097,0.941311836
14.4294038,319.8577271,288.5259644,3907.796243,28.61259474,-80.59672329,12.19906033,11.96307315,95.55750603,-0.439278869,-0.321210644,-12.45864172,0.869203272,-0.018959527,0.093020678,0.485255975,1.750857914,-0.494311796,-12.33710048,0.007261186,0.025374406,0.940205303
14.4394038,319.9796954,288.6455793,3908.751196,28.61259581,-80.59672204,12.19459096,11.95990859,95.43303443,-0.444481566,-0.318011086,-12.45097167,0.866905402,-0.01854786,0.093240676,0.489323183,1.747916166,-0.505164793,-12.32943583,0.008082351,0.025544611,0.939103106
14.4494038,320.1016188,288.7651627,3909.704904,28.61259689,-80.59672079,12.19007506,11.95677429,95.30863873,-0.449330521,-0.314921287,-12.44335396,0.864591143,-0.01813243,0.093461668,0.493374389,1.745050003,-0.516425806,-12.32177893,0.009003353,0.02569624,0.938004639
14.4594038,320.2234967,288.8847149,3910.657369,28.61259796,-80.59671954,12.18550106,11.95366916,95.18432036,-0.453775038,-0.311959762,-12.43579344,0.862260611,-0.017712752,0.093683989,0.497409497,1.742260373,-0.52816535,-12.31412844,0.010053322,0.025871208,0.93690939
14.4694038,320.3453286,289.0042362,3911.608591,28.61259904,-80.5967183,12.18085493,11.95059193,95.06008108,-0.461080969,-0.309089815,-12.42787131,0.859913916,-0.017288226,0.093908132,0.501428396,1.737899551,-0.537544208,-12.30653764,0.011237619,0.026043208,0.935817532
14.4794038,320.4671136,289.1237268,3912.558571,28.61260011,-80.59671705,12.17614218,11.94754082,94.93592018,-0.468046818,-0.306384705,-12.4199945,0.857551171,-0.016858249,0.094134569,0.505430976,1.733582949,-0.547372751,-12.29895427,0.012577843,0.026251298,0.934729303
14.4894038,320.5888512,289.2431871,3913.507309,28.61260119,-80.5967158,12.17136932,11.94451386,94.81183683,-0.474393511,-0.303868339,-12.4121969,0.85517249,-0.016422232,0.094363714,0.50941713,1.729418086,-0.557928233,-12.29137284,0.014066908,0.026467331,0.933644224
14.4994038,320.7105408,289.3626172,3914.454808,28.61260226,-80.59671455,12.16654344,11.94150892,94.68783015,-0.480059326,-0.301561268,-12.40448455,0.852777976,-0.015979788,0.094596,0.513386761,1.725398726,-0.569297469,-12.28379146,0.015706584,0.026680009,0.932561883
14.5094038,320.8321821,289.4820173,3915.401066,28.61260333,-80.59671331,12.16173406,11.93852279,94.56389123,-0.484991929,-0.299463918,-12.39686476,0.850367748,-0.015530695,0.094831527,0.517339804,1.721532427,-0.581545603,-12.27620799,0.017420215,0.026916149,0.931481931
14.5194038,320.9537758,289.6013877,3916.346086,28.61260441,-80.59671206,12.15702207,11.93555201,94.4400097,-0.476230694,-0.297806162,-12.39099982,0.847941965,-0.015075055,0.095069674,0.521276245,1.723678561,-0.606351279,-12.26839969,0.019139005,0.027102907,0.930401681
14.5294038,321.0753229,289.7207284,3917.289867,28.61260548,-80.59671082,12.15241396,11.93259433,94.31618467,-0.466081118,-0.296386717,-12.38531655,0.845500789,-0.014613339,0.095309512,0.525196118,1.725979363,-0.632750322,-12.26057768,0.020703739,0.0271585,0.929318525
14.5394038,321.1968245,289.8400396,3918.23241,28.61260655,-80.59670957,12.14791374,11.92964753,94.1924156,-0.45547636,-0.295187572,-12.37969515,0.843044379,-0.014145965,0.095550186,0.52909945,1.727973993,-0.659880797,-12.25275926,0.022099954,0.027081594,0.928232932
14.5494038,321.3182816,289.9593214,3919.173715,28.61260763,-80.59670833,12.14352452,11.92670951,94.06870207,-0.444513048,-0.294207367,-12.37412255,0.840572884,-0.013673521,0.095790824,0.532986285,1.729591347,-0.687631161,-12.24494736,0.023327494,0.026932484,0.927145342
14.5594038,321.4396955,290.0785738,3920.113784,28.6126087,-80.59670708,12.1392927,11.9237774,93.94503798,-0.433296689,-0.293433231,-12.36858565,0.838086472,-0.013196597,0.096030286,0.536856684,1.73077245,-0.715871092,-12.2371449,0.02434046,0.026669818,0.926056129
14.5694038,321.5610681,290.1977969,3921.052616,28.61260977,-80.59670584,12.13527138,11.92084824,93.82141631,-0.412682528,-0.293030171,-12.36428127,0.835585325,-0.01271617,0.096267028,0.540710757,1.735257048,-0.75298583,-12.22920767,0.025109453,0.026239746,0.924963877
14.5794038,321.6824016,290.3169908,3921.990212,28.61261084,-80.5967046,12.13145924,11.91792023,93.69783711,-0.391619655,-0.292829537,-12.3600473,0.833069622,-0.012233508,0.096499329,0.544548645,1.739180597,-0.79075628,-12.22128633,0.025471556,0.025663418,0.923867149
14.5894038,321.803698,290.4361554,3922.926573,28.61261192,-80.59670336,12.12785224,11.91499158,93.57430084,-0.370876276,-0.292802627,-12.35578187,0.830539543,-0.011749726,0.096725516,0.548370482,1.742219509,-0.828407145,-12.21339597,0.025446562,0.024909112,0.922766663
14.5994038,321.9249593,290.5552906,3923.861698,28.61261299,-80.59670211,12.12444462,11.91206055,93.45080822,-0.350621508,-0.292954417,-12.35145755,0.827995257,-0.011265999,0.096944083,0.5521764,1.74428662,-0.865722791,-12.20554175,0.02505825,0.024023109,0.921663062
14.6094038,322.0461876,290.6743965,3924.795589,28.61261406,-80.59670087,12.12125215,11.90912507,93.32735711,-0.33102551,-0.293278147,-12.34704738,0.825436929,-0.010783516,0.097153495,0.555966537,1.745316239,-0.902480373,-12.19772804,0.024310209,0.02302091,0.920556885
14.6194038,322.1673851,290.7934731,3925.728246,28.61261513,-80.59669963,12.11829312,11.90618306,93.20394506,-0.30742167,-0.293845954,-12.34317773,0.822864743,-0.010303611,0.097351937,0.559741057,1.747045036,-0.942992648,-12.18989289,0.02316124,0.021872415,0.91944769
14.6294038,322.2885542,290.9125202,3926.659668,28.6126162,-80.59669839,12.11555635,11.9032328,93.08057362,-0.284578525,-0.294584466,-12.33920363,0.820278883,-0.009827543,0.097537624,0.56350012,1.747617237,-0.982747115,-12.18210792,0.021572021,0.020577664,0.918334979
14.6394038,322.409697,291.0315377,3927.589857,28.61261727,-80.59669715,12.11302827,11.90027262,92.95724478,-0.263002144,-0.295495592,-12.33504761,0.817679506,-0.009356692,0.09770906,0.567243879,1.746844586,-1.02119745,-12.174382,0.019593618,0.019151337,0.917219337
14.6494038,322.5308154,291.1505256,3928.518813,28.61261834,-80.59669591,12.1106935,11.897301,92.83396083,-0.242872077,-0.296564375,-12.33067872,0.815066771,-0.008892346,0.09786473,0.570972486,1.744698675,-1.058094209,-12.16671846,0.017191283,0.017655938,0.916101274
14.6594038,322.6519111,291.2694837,3929.446537,28.61261941,-80.59669467,12.10843974,11.89431798,92.71073756,-0.224362518,-0.297787494,-12.32606492,0.812440819,-0.008435492,0.098003588,0.574686049,1.74114781,-1.093197096,-12.15912073,0.014438185,0.016060738,0.914981222
14.6694038,322.772984,291.3884119,3930.373028,28.61262048,-80.59669343,12.10613618,11.89132398,92.58759341,-0.227501329,-0.298827522,-12.31842681,0.809801738,-0.007986275,0.098125772,0.578384558,1.729661711,-1.10731965,-12.15182321,0.011515716,0.014473364,0.913863206
14.6794038,322.8940336,291.5073101,3931.298289,28.61262155,-80.59669219,12.1037656,11.88831757,92.46453115,-0.233462135,-0.299997755,-12.31035893,0.807149586,-0.00754461,0.098231985,0.582067953,1.716827829,-1.118286644,-12.14460281,0.008665248,0.012977301,0.912751147
14.6894038,323.0150591,291.6261782,3932.222319,28.61262262,-80.59669095,12.10131377,11.88529741,92.34155308,-0.240892022,-0.301307128,-12.30205215,0.80448442,-0.007110285,0.098323017,0.585736157,1.70317197,-1.127374383,-12.13744348,0.005930148,0.011607648,0.911644276
14.6994038,323.1360596,291.745016,3933.14512,28.61262369,-80.59668971,12.09876759,11.88226222,92.2186613,-0.249693497,-0.302747679,-12.293524,0.801806294,-0.006682909,0.098399913,0.589389059,1.688789913,-1.134671978,-12.13034391,0.003341308,0.01035395,0.910541872
14.7094038,323.2570342,291.8638234,3934.066693,28.61262475,-80.59668847,12.09614881,11.87921024,92.09585308,-0.259740822,-0.304309814,-12.28479701,0.799115274,-0.006262112,0.098463515,0.59302656,1.673786882,-1.140304954,-12.12330192,9.33E-04,0.009224904,0.909443323
14.7194038,323.3779824,291.9826002,3934.987038,28.61262582,-80.59668723,12.09348636,11.87613962,91.97312467,-0.26390982,-0.306112637,-12.27685478,0.796411432,-0.00584777,0.098514511,0.596648578,1.660236638,-1.151180574,-12.11622524,-0.001334266,0.008182866,0.908346804
14.7294038,323.4989037,292.1013461,3935.906155,28.61262689,-80.59668599,12.09076998,11.87304938,91.85047768,-0.26876205,-0.308029807,-12.26879621,0.793694836,-0.005439892,0.098553497,0.600255049,1.646210386,-1.16097552,-12.10919498,-0.003549086,0.007263167,0.907250578
14.7394038,323.6197976,292.2200611,3936.824047,28.61262796,-80.59668475,12.0879894,11.8699387,91.72791368,-0.274682133,-0.310034645,-12.26057289,0.790965553,-0.005038384,0.098581184,0.60384589,1.631660318,-1.169309566,-12.10221546,-0.005671202,0.006447152,0.906154635
14.7494038,323.7406633,292.3387448,3937.740714,28.61262903,-80.59668351,12.08513513,11.86680698,91.60543408,-0.281594157,-0.312109006,-12.25220019,0.788223656,-0.004642911,0.098598399,0.607420996,1.616670896,-1.17625362,-12.09528501,-0.007684888,0.005740642,0.905058993
14.7594038,323.8615001,292.4573972,3938.656156,28.61263009,-80.59668227,12.08222614,11.86365317,91.48303637,-0.289401499,-0.314245249,-12.24369547,0.785469214,-0.004253244,0.098605962,0.610980268,1.601317897,-1.181909902,-12.08840155,-0.009525405,0.005129838,0.903963666
14.7694038,323.9823077,292.5760178,3939.570375,28.61263116,-80.59668104,12.07928726,11.86047633,91.3607172,-0.292289258,-0.3165281,-12.23585733,0.782702303,-0.003869348,0.09860446,0.614523631,1.587049264,-1.191985995,-12.08148467,-0.011265583,0.004618288,0.902867593
14.7794038,324.1030857,292.6946066,3940.483371,28.61263223,-80.5966798,12.07631131,11.8572763,91.23847757,-0.295616566,-0.318844528,-12.2279555,0.77992299,-0.003491277,0.098594545,0.618051014,1.572534788,-1.201250729,-12.07460466,-0.012945047,0.004212641,0.901769718
14.7894038,324.2238338,292.8131633,3941.395145,28.61263329,-80.59667856,12.0732911,11.85405325,91.1163184,-0.299692305,-0.321158948,-12.21995335,0.777131341,-0.003119088,0.098576859,0.621562348,1.557765508,-1.20939827,-12.06776453,-0.014539075,0.00393253,0.90067035
14.7994038,324.3445514,292.9316876,3942.305698,28.61263436,-80.59667733,12.07021993,11.85080759,90.99424052,-0.304462503,-0.323442284,-12.21186385,0.774327436,-0.002752706,0.098551966,0.625057561,1.542820282,-1.216479857,-12.06096237,-0.016082901,0.003741449,0.899569771
14.8094038,324.4652379,293.0501794,3943.21503,28.61263542,-80.59667609,12.06707175,11.84754027,90.87224731,-0.309872588,-0.325679128,-12.20369833,0.771511341,-0.002391919,0.098520702,0.628536554,1.52775924,-1.222553462,-12.0541966,-0.017513581,0.00365728,0.898468222
14.8194038,324.5858925,293.1686383,3944.123143,28.61263649,-80.59667485,12.0638177,11.84425241,90.75034248,-0.32002112,-0.327772057,-12.1949087,0.76868313,-0.002036204,0.098484023,0.631999206,1.511845239,-1.223571052,-12.04752439,-0.01877266,0.003654966,0.897366691
14.8294038,324.7065139,293.2870643,3945.030037,28.61263755,-80.59667362,12.06045384,11.84094488,90.6285263,-0.330847983,-0.329785151,-12.18605093,0.765842861,-0.001684981,0.098443129,0.635445374,1.49598012,-1.22356254,-12.04088842,-0.019797942,0.003757502,0.896266131
14.8394038,324.8271012,293.4054572,3945.935714,28.61263862,-80.59667238,12.05697784,11.8376187,90.50679875,-0.341963959,-0.331704953,-12.17718329,0.762990593,-0.0013377,0.098399172,0.638874924,1.48028874,-1.222941793,-12.034281,-0.020573644,0.00397898,0.89516647
14.8494038,324.9476531,293.5238167,3946.840173,28.61263968,-80.59667115,12.05338853,11.8342751,90.38515963,-0.353254821,-0.333513064,-12.16832634,0.760126381,-9.94E-04,0.098353341,0.642287722,1.464835061,-1.221851309,-12.02769818,-0.021136012,0.004314566,0.894067632
14.8594038,325.0681686,293.6421426,3947.743417,28.61264075,-80.59666991,12.04970003,11.83091521,90.26360666,-0.364611923,-0.335185162,-12.15950018,0.757250305,-6.53E-04,0.098306615,0.645683637,1.44968484,-1.220428426,-12.02113572,-0.021460745,0.004747406,0.892969552
14.8694038,325.1886468,293.7604349,3948.645446,28.61264181,-80.59666868,12.04593007,11.82754024,90.14213706,-0.372955268,-0.336767927,-12.15111587,0.754362442,-3.14E-04,0.098259975,0.649062544,1.435318893,-1.221778564,-12.01454294,-0.021557834,0.005240833,0.891871608
14.8794038,325.3090869,293.8786934,3949.54626,28.61264287,-80.59666744,12.04208034,11.8241519,90.02075016,-0.381013055,-0.338196066,-12.14281226,0.751462863,2.28E-05,0.098214326,0.652424333,1.421301663,-1.223218392,-12.00795884,-0.021463113,0.005826385,0.890773193
14.8894038,325.4294882,293.9969179,3950.445861,28.61264394,-80.59666621,12.03815289,11.82075211,89.89944519,-0.38889923,-0.339440229,-12.13457862,0.748551658,3.58E-04,0.098170418,0.655768905,1.407650668,-1.224659403,-12.00138282,-0.021193091,0.006485327,0.889674421
14.8994038,325.5498497,294.1151084,3951.344249,28.612645,-80.59666498,12.03415053,11.81734287,89.77822128,-0.396543069,-0.340487907,-12.12642678,0.745628911,6.93E-04,0.09812903,0.659096154,1.394392012,-1.226199158,-11.99481185,-0.020759287,0.007180446,0.888575402
14.9094038,325.6701709,294.2332647,3952.241426,28.61264606,-80.59666375,12.0300768,11.81392638,89.65707742,-0.403871568,-0.341324939,-12.11836895,0.742694707,0.001026716,0.09809099,0.662405975,1.381551067,-1.227938799,-11.98824274,-0.020146033,0.00794456,0.887476228
14.9194038,325.7904511,294.3513869,3953.137391,28.61264712,-80.59666251,12.02593597,11.81050499,89.53601248,-0.410805248,-0.341933218,-12.11041858,0.739749137,0.001360649,0.098057026,0.665698267,1.369155795,-1.229987012,-11.98167191,-0.019346757,0.008752294,0.886376977
14.9294038,325.9106894,294.4694748,3954.032146,28.61264819,-80.59666128,12.02173296,11.80708115,89.41502525,-0.417278396,-0.342301902,-12.10258614,0.736792298,0.001695006,0.098027748,0.668972942,1.357219576,-1.232439456,-11.97509629,-0.01838996,0.009600155,0.885277715
14.9394038,326.0308855,294.5875285,3954.925692,28.61264925,-80.59666005,12.01747319,11.8036574,89.2941144,-0.423233769,-0.342422736,-12.09488036,0.73382429,0.002030204,0.098003724,0.672229916,1.34574816,-1.235381,-11.96851314,-0.017280728,0.010469966,0.884178499
14.9494038,326.1510387,294.705548,3955.818029,28.61265031,-80.59665882,12.01316264,11.80023628,89.17327856,-0.428619035,-0.34228689,-12.08730928,0.730845218,0.002366708,0.097985464,0.675469108,1.33474471,-1.238890665,-11.96191986,-0.016028792,0.011342546,0.883079377
14.9594038,326.2711483,294.8235333,3956.709158,28.61265137,-80.59665759,12.0087152,11.79682184,89.05252826,-0.43338364,-0.341891426,-12.07987986,0.727855188,0.002705124,0.097973531,0.678690426,1.324202183,-1.243046244,-11.95531402,-0.01465604,0.012225049,0.881980391
14.9694038,326.3912122,294.9414845,3957.59908,28.61265243,-80.59665636,12.00402818,11.79341827,88.93187602,-0.456781396,-0.34094465,-12.07010452,0.72485428,0.003046996,0.097969448,0.681893669,1.312898959,-1.228502438,-11.94903317,-0.012981818,0.013091341,0.880885215
14.9794038,326.5112281,295.0594017,3958.487796,28.61265349,-80.59665513,11.99911022,11.79002812,88.81131991,-0.48044336,-0.339729536,-12.06037689,0.721842564,0.003393975,0.097974931,0.685078613,1.302314475,-1.213789623,-11.94276453,-0.010794624,0.013982788,0.879797511
14.9894038,326.6311937,295.1772851,3959.375306,28.61265455,-80.5966539,11.99397389,11.78665394,88.6908575,-0.502941377,-0.338258811,-12.05088199,0.718820126,0.003747787,0.097991577,0.688245038,1.292528591,-1.200416069,-11.93647758,-0.008157951,0.014859232,0.878716333
14.9994038,326.7511069,295.2951348,3960.261613,28.61265561,-80.59665267,11.98863374,11.78329826,88.5704861,-0.524079949,-0.336535309,-12.04164303,0.715787055,0.00411004,0.098020845,0.691392734,1.283512718,-1.188649817,-11.930163,-0.00503743,0.015722323,0.877640803
15.0094038,326.870966,295.4129511,3961.146716,28.61265667,-80.59665144,11.98319306,11.77996227,88.45019186,-0.543681616,-0.334559314,-12.03268051,0.712743459,0.004482023,0.098063788,0.694521538,1.275231567,-1.178735597,-11.92381175,-0.001516246,0.016549385,0.87657017
15.0194038,326.9907709,295.5307341,3962.030617,28.61265773,-80.59665022,11.97777242,11.77664692,88.3299588,-0.543422267,-0.332606061,-12.0263075,0.70968947,0.004864093,0.098120488,0.697631397,1.267965875,-1.189191731,-11.91705049,0.00222277,0.017323868,0.875500351
15.0294038,327.1105216,295.6484841,3962.913316,28.61265879,-80.59664899,11.97238909,11.77335465,88.20978406,-0.540451668,-0.330420911,-12.02034551,0.706625234,0.00525629,0.098190627,0.700722306,1.26101701,-1.20275943,-11.91021318,0.005942297,0.018042564,0.874427358
15.0394038,327.2302188,295.7662013,3963.794813,28.61265985,-80.59664776,11.96705791,11.77008786,88.08966509,-0.535970118,-0.327992585,-12.01464184,0.703550894,0.005658598,0.098273851,0.703794267,1.254294361,-1.218231916,-11.90332383,0.009610003,0.018688359,0.873351638
15.0494038,327.349863,295.883886,3964.675109,28.61266091,-80.59664654,11.9617932,11.76684885,87.96959943,-0.530026054,-0.325326368,-12.00919022,0.700466603,0.006070914,0.098369524,0.706847309,1.247741233,-1.235560237,-11.8963838,0.013221751,0.019252201,0.872273644
15.0594038,327.4694547,296.0015384,3965.554205,28.61266196,-80.59664531,11.95654989,11.76364073,87.84959215,-0.5226898,-0.322439624,-12.00398017,0.697372494,0.006493009,0.098477162,0.709881465,1.24128745,-1.254665993,-11.88939572,0.016697122,0.019735762,0.871193759
15.0694038,327.5889939,296.1191589,3966.432101,28.61266302,-80.59664409,11.95127158,11.76046672,87.72964983,-0.526254668,-0.319140484,-11.99744643,0.694268704,0.006925362,0.098596636,0.712896703,1.235211592,-1.263153545,-11.88260118,0.020144895,0.02016273,0.870114635
15.0794038,327.7084801,296.2367479,3967.308798,28.61266408,-80.59664286,11.94597135,11.75732874,87.60977021,-0.529166153,-0.31562971,-11.99105547,0.691155366,0.007368457,0.098727857,0.715892992,1.229357473,-1.272680637,-11.87577427,0.023686237,0.020461434,0.869038875
15.0894038,327.8279133,296.3543056,3968.184297,28.61266514,-80.59664164,11.94066352,11.75422851,87.48995091,-0.53064084,-0.311939309,-11.98490482,0.688032605,0.007822577,0.098870666,0.718870318,1.223638133,-1.284047267,-11.86889892,0.027245339,0.020687097,0.867966102
15.0994038,327.9472934,296.4718326,3969.058598,28.61266619,-80.59664042,11.93536221,11.75116762,87.37018957,-0.530691393,-0.308080852,-11.97899193,0.684900556,0.008288036,0.099024778,0.721828671,1.217991527,-1.2972454,-11.86197479,0.030820359,0.02082,0.866895952
15.1094038,328.0666206,296.5893291,3969.931701,28.61266725,-80.59663919,11.93007542,11.74814753,87.25048463,-0.529335892,-0.3040754,-11.97331269,0.681759353,0.008765087,0.099189907,0.724768046,1.212344217,-1.312258153,-11.85500211,0.034403508,0.020846167,0.86582811
15.1194038,328.185895,296.7067956,3970.803607,28.61266831,-80.59663797,11.92480966,11.7451696,87.13083475,-0.527848767,-0.299919008,-11.96770264,0.678609128,0.009253902,0.099365666,0.72768845,1.206717981,-1.327802926,-11.8480063,0.037957461,0.02079572,0.864762549
15.1294038,328.3051169,296.8242326,3971.674318,28.61266936,-80.59663675,11.91957825,11.74223478,87.01123773,-0.525078801,-0.295649786,-11.96230766,0.675450033,0.009754668,0.099551469,0.730589902,1.200983695,-1.345033449,-11.84096467,0.041470439,0.020622705,0.863699283
15.1394038,328.4242867,296.9416405,3972.543832,28.61267042,-80.59663553,11.9143941,11.73934375,86.89169144,-0.520988719,-0.29130083,-11.95712977,0.672282207,0.010267377,0.099746681,0.733472437,1.195053901,-1.363976167,-11.83387734,0.0448938,0.020331158,0.862638053
15.1494038,328.543405,297.0590197,3973.412152,28.61267147,-80.59663431,11.90926954,11.73649698,86.77219384,-0.515635269,-0.286895615,-11.95216015,0.669105783,0.010791886,0.099950654,0.736336101,1.188860098,-1.384557933,-11.82674647,0.048230593,0.019948345,0.861578635
15.1594038,328.6624724,297.1763706,3974.279276,28.61267253,-80.59663309,11.90425058,11.73369413,86.6527385,-0.509083437,-0.282451316,-11.94738982,0.665920906,0.011328035,0.100162584,0.739180951,1.182345345,-1.406694216,-11.8195744,0.051431801,0.019480145,0.860520835
15.1694038,328.7814905,297.2936937,3975.145207,28.61267358,-80.59663187,11.89938857,11.73093439,86.53331825,-0.494239074,-0.278126395,-11.94374478,0.662727727,0.011875112,0.100381235,0.742007108,1.174615117,-1.43746746,-11.81222386,0.054444183,0.01892074,0.859463093
15.1794038,328.9004608,297.4109894,3976.009943,28.61267464,-80.59663065,11.89469265,11.72821751,86.41393142,-0.478024245,-0.273822878,-11.94032819,0.659526405,0.012432286,0.100605146,0.744814718,1.166276784,-1.469886873,-11.80483607,0.057111997,0.018285455,0.858403865
15.1894038,329.0193849,297.5282582,3976.873485,28.61267569,-80.59662943,11.89016971,11.72554293,86.29457665,-0.461045562,-0.269563337,-11.93705813,0.656317085,0.012998589,0.100832942,0.747603931,1.157330654,-1.503292982,-11.79742684,0.059457696,0.017569538,0.857343393
15.1994038,329.1382648,297.6455004,3977.735834,28.61267675,-80.59662822,11.88582512,11.72290988,86.1752528,-0.443452231,-0.265367351,-11.93391307,0.653099912,0.013572932,0.101063133,0.750374922,1.147749172,-1.537485069,-11.79000265,0.061446868,0.016810883,0.85628191
15.2094038,329.257102,297.7627165,3978.59699,28.6126778,-80.596627,11.88165841,11.72031752,86.05595956,-0.425403756,-0.261256093,-11.93086901,0.649875032,0.014154293,0.101294276,0.753127857,1.137510973,-1.572247367,-11.78257041,0.063071076,0.016015358,0.855219619
15.2194038,329.3758985,297.8799069,3979.456954,28.61267886,-80.59662578,11.8776669,11.71776473,85.93669696,-0.40793552,-0.257235063,-11.92778231,0.646642592,0.014741657,0.10152491,0.755862907,1.126738502,-1.606492675,-11.77515239,0.064340608,0.015169855,0.854156866
15.2294038,329.494656,297.9970719,3980.315725,28.61267991,-80.59662457,11.87385151,11.71525009,85.81746461,-0.390349723,-0.253345961,-11.92474119,0.643402737,0.01533392,0.101753551,0.758580256,1.115296927,-1.64086224,-11.76773952,0.065244645,0.014287911,0.853093974
15.2394038,329.6133761,298.114212,3981.173303,28.61268096,-80.59662335,11.87021185,11.71277192,85.69826235,-0.372734133,-0.249611718,-11.92172874,0.640155609,0.015929948,0.101978702,0.761280091,1.103171722,-1.675210926,-11.7603373,0.065770489,0.013369804,0.852031024
15.2494038,329.7320608,298.2313275,3982.02969,28.61268202,-80.59662213,11.86674621,11.7103284,85.57909023,-0.355226471,-0.246053424,-11.9187206,0.636901336,0.016528563,0.102199047,0.763962597,1.090362695,-1.70934309,-11.75295215,0.065906405,0.012443933,0.85096808
15.2594038,329.8507116,298.3484187,3982.884885,28.61268307,-80.59662092,11.86344307,11.70791771,85.45994976,-0.337948186,-0.242682418,-11.91569545,0.633640053,0.017128708,0.102413295,0.766627946,1.076885745,-1.74308388,-11.7455897,0.065728492,0.011528285,0.8499052
15.2694038,329.9693301,298.4654859,3983.738889,28.61268412,-80.5966197,11.86028808,11.70553779,85.34084294,-0.322822367,-0.239489466,-11.91237579,0.630371891,0.017729303,0.102620131,0.769276322,1.063107257,-1.774475016,-11.73828385,0.065182888,0.010602842,0.848842792
15.2794038,330.0879178,298.5825295,3984.591702,28.61268518,-80.59661849,11.85727605,11.7031861,85.22177057,-0.308258514,-0.236536464,-11.90897347,0.627096976,0.018329374,0.102818457,0.771907884,1.048720988,-1.805040263,-11.73101171,0.064318621,0.009674106,0.847781263
15.2894038,330.2064761,298.6995497,3985.443325,28.61268623,-80.59661727,11.85440098,11.70085991,85.10273363,-0.294246145,-0.233847419,-11.90548234,0.623815423,0.018927931,0.103007264,0.774522792,1.033720629,-1.834741274,-11.7237759,0.063174066,0.008788412,0.846720554
15.2994038,330.3250063,298.8165468,3986.293757,28.61268728,-80.59661606,11.85165581,11.69855629,84.98373337,-0.280886898,-0.231438724,-11.90188087,0.620527362,0.019524088,0.10318547,0.777121202,1.018132614,-1.86343143,-11.71658051,0.061731846,0.007897887,0.845660609
15.3094038,330.4435097,298.9335209,3987.142999,28.61268833,-80.59661484,11.84906801,11.69627146,84.86476605,-0.268278697,-0.229337606,-11.89814611,0.617232901,0.020116881,0.103352226,0.77970326,1.001973071,-1.89096594,-11.70942987,0.060019732,0.007038861,0.844601377
15.3194038,330.5619883,299.0504723,3987.991052,28.61268938,-80.59661363,11.84667075,11.69400146,84.7458271,-0.249123954,-0.227685978,-11.89533485,0.613932154,0.020704976,0.103506426,0.782269157,0.98350562,-1.924466983,-11.70222365,0.058042944,0.006247781,0.843541331
15.3294038,330.6804438,299.167401,3988.837916,28.61269043,-80.59661242,11.84445403,11.69174296,84.62691827,-0.230507863,-0.226368539,-11.892421,0.610625235,0.021286953,0.103646861,0.784819098,0.964335568,-1.956900502,-11.69506952,0.055665769,0.005536321,0.842478935
15.3394038,330.7988779,299.2843072,3989.683591,28.61269149,-80.5966112,11.84240583,11.68949249,84.5080417,-0.213034945,-0.225390288,-11.88930684,0.607312252,0.021861445,0.103772461,0.787353276,0.94463253,-1.98761736,-11.6879788,0.052952447,0.004908051,0.841414538
15.3494038,330.9172924,299.4011909,3990.528077,28.61269254,-80.59660999,11.84051288,11.68724657,84.38919979,-0.196827985,-0.224760584,-11.88596479,0.603993306,0.022427147,0.103882304,0.789871874,0.924464174,-2.016447916,-11.6809555,0.049898956,0.004382151,0.840348468
15.3594038,331.0356885,299.5180521,3991.371375,28.61269359,-80.59660878,11.83871762,11.68500239,84.2704017,-0.181997222,-0.224484245,-11.88236974,0.600668493,0.022983047,0.103975667,0.792375038,0.903905146,-2.043241175,-11.67400307,0.046552228,0.003951913,0.839281007
15.3694038,331.1540668,299.6348909,3992.213485,28.61269464,-80.59660757,11.83695372,11.68275728,84.15165803,-0.177673856,-0.224404773,-11.87714153,0.597337894,0.023528608,0.104052349,0.794862852,0.885567948,-2.059092427,-11.66723293,0.043046912,0.003599144,0.838214214
15.3794038,331.2724276,299.7517072,3993.054408,28.61269569,-80.59660635,11.83520605,11.68050768,84.03297175,-0.175342709,-0.224674893,-11.87154411,0.594001586,0.024063508,0.104112299,0.79733537,0.867261495,-2.072302083,-11.66054051,0.03947823,0.003321809,0.83715013
15.3894038,331.390771,299.868501,3993.894145,28.61269674,-80.59660514,11.8334605,11.67824995,83.91434573,-0.174427306,-0.225305488,-11.8656612,0.590659652,0.024587588,0.10415554,0.799792629,0.848877241,-2.083425802,-11.65391983,0.035869062,0.003074279,0.836088476
15.3994038,331.5090968,299.9852722,3994.732695,28.61269779,-80.59660393,11.83170324,11.6759805,83.7957828,-0.174912778,-0.226300245,-11.8594929,0.587312159,0.025100793,0.104182371,0.802234636,0.830454741,-2.092475999,-11.64737169,0.032287164,0.002897583,0.835028976
15.4094038,331.6274052,300.1020206,3995.570061,28.61269884,-80.59660272,11.82998929,11.67369453,83.67727533,-0.176764621,-0.227650449,-11.8530451,0.583959173,0.025602854,0.104192991,0.804661418,0.812040988,-2.099495307,-11.64089591,0.028736872,0.002766655,0.833971395
15.4194038,331.745697,300.218746,3996.406241,28.61269989,-80.5966015,11.8283865,11.67138711,83.5588137,-0.165662114,-0.229611551,-11.84849086,0.580600774,0.026092965,0.104187143,0.807073068,0.789084969,-2.118221792,-11.63431917,0.025116899,0.002740441,0.832912624
15.4294038,331.8639732,300.3354483,3997.241237,28.61270094,-80.59660029,11.82688111,11.66905495,83.44040066,-0.155149469,-0.231926203,-11.84378258,0.57723703,0.026570136,0.104164587,0.809469689,0.765773921,-2.135578448,-11.62780899,0.021338805,0.002845896,0.83184956
15.4394038,331.9822349,300.452127,3998.075049,28.61270199,-80.59659908,11.82545738,11.66669492,83.32203926,-0.146190093,-0.234560591,-11.83877207,0.573868002,0.027033441,0.104125203,0.811851373,0.7424891,-2.150628508,-11.62137777,0.017411686,0.003099497,0.830782784
15.4494038,332.1004826,300.568782,3998.907678,28.61270304,-80.59659787,11.82409917,11.66430414,83.20373264,-0.138826224,-0.237494231,-11.8334518,0.570493746,0.027482083,0.104068989,0.814218194,0.719327825,-2.163327484,-11.61502645,0.013359483,0.003508109,0.829712856
15.4594038,332.218717,300.685413,3999.739124,28.61270409,-80.59659666,11.82278067,11.66188012,83.0854854,-0.133085663,-0.240706246,-11.8278174,0.567114318,0.02791547,0.103996063,0.816570202,0.696383201,-2.17365109,-11.60875562,0.009264178,0.004058331,0.828640256
15.4694038,332.3369383,300.8020195,4000.569388,28.61270514,-80.59659545,11.82147424,11.65942057,82.96730239,-0.130967027,-0.244139163,-11.82156297,0.563729772,0.028333149,0.103906661,0.818907432,0.674458859,-2.179719623,-11.60258743,0.005119211,0.004718382,0.827565803
15.4794038,332.4551465,300.9186013,4001.39847,28.61270618,-80.59659424,11.82016368,11.65692319,82.84918663,-0.130585534,-0.247810997,-11.81498743,0.560340151,0.028734861,0.103801243,0.821229885,0.652983027,-2.183342287,-11.59650897,0.001008892,0.005494901,0.826490257
15.4894038,332.5733415,301.0351579,4002.226372,28.61270723,-80.59659303,11.81883338,11.65438594,82.73114105,-0.131785594,-0.251699583,-11.8081144,0.556945503,0.029120495,0.103680344,0.823537546,0.631982275,-2.184691147,-11.59051374,-0.003052412,0.006386425,0.825413822
15.4994038,332.691523,301.1516889,4003.053093,28.61270828,-80.59659181,11.81746821,11.65180696,82.61316849,-0.134525524,-0.255782329,-11.80095147,0.553545876,0.029490089,0.103544581,0.825830381,0.611518062,-2.18383455,-11.58459709,-0.007006769,0.007335768,0.824336669
15.5094038,332.8096905,301.2681939,4003.878636,28.61270933,-80.5965906,11.81600379,11.64918573,82.49527923,-0.1387515,-0.260038225,-11.79351252,0.550141302,0.029843863,0.103394864,0.828108322,0.591642316,-2.180857024,-11.57875776,-0.010836309,0.008389926,0.823258945
15.5194038,332.9278425,301.3846724,4004.702999,28.61271037,-80.59658939,11.8143676,11.64652218,82.37748459,-0.154782158,-0.26422059,-11.78423498,0.546731822,0.030182746,0.103232471,0.830371226,0.576585686,-2.166227484,-11.57311417,-0.014413939,0.009478513,0.822182885
15.5294038,333.0459772,301.5011242,4005.526186,28.61271142,-80.59658818,11.81254771,11.64381537,82.25978651,-0.172637618,-0.268504061,-11.77466071,0.543317468,0.030507909,0.103058918,0.832618914,0.562566173,-2.149348752,-11.56755602,-0.017624596,0.010562546,0.821110733
15.5394038,333.1640928,301.6175486,4006.348195,28.61271247,-80.59658697,11.8105349,11.64106456,82.14218641,-0.19149443,-0.27287134,-11.76492818,0.539898286,0.030820627,0.102875686,0.834851198,0.549316221,-2.131061502,-11.56207129,-0.020438643,0.01160914,0.820042059
15.5494038,333.2821873,301.7339453,4007.16903,28.61271352,-80.59658576,11.80832164,11.63826935,82.0246853,-0.211190749,-0.277296097,-11.75507372,0.536474319,0.031122297,0.102684382,0.837067874,0.536816159,-2.111587653,-11.55665518,-0.022844334,0.012610848,0.818976453
15.5594038,333.4002586,301.8503138,4007.988689,28.61271456,-80.59658455,11.80592946,11.63542904,81.90727979,-0.231555979,-0.281747819,-11.74513513,0.533045613,0.0314143,0.102486644,0.839268732,0.525039272,-2.091161701,-11.55130191,-0.024817254,0.013552584,0.817913557
15.5694038,333.5183054,301.9666537,4008.807175,28.61271561,-80.59658334,11.80338634,11.63254317,81.78996548,-0.246723072,-0.286313844,-11.73599197,0.529612226,0.03169778,0.102283816,0.841453601,0.511446295,-2.075201956,-11.545922,-0.026394946,0.014471218,0.816851885
15.5794038,333.6363259,302.0829645,4009.624489,28.61271665,-80.59658214,11.80068922,11.62961222,81.67274252,-0.261961454,-0.290852416,-11.72686389,0.526174219,0.031973887,0.102077271,0.843622304,0.498304535,-2.05893492,-11.5405821,-0.027618064,0.015316492,0.815789977
15.5894038,333.7543186,302.1992458,4010.440631,28.6127177,-80.59658093,11.79783571,11.62663699,81.55561089,-0.277501647,-0.29532609,-11.71772536,0.522731645,0.032243654,0.101868375,0.845774679,0.485745642,-2.042215739,-11.53528145,-0.028485031,0.016149893,0.814727889
15.5994038,333.872282,302.3154971,4011.255601,28.61271875,-80.59657972,11.79482458,11.62361862,81.4385703,-0.293222574,-0.299700866,-11.70860282,0.519284562,0.032508215,0.101658514,0.847910553,0.473750069,-2.025220087,-11.53001408,-0.029019193,0.016930655,0.813665697
15.6094038,333.9902144,302.4317181,4012.069402,28.61271979,-80.59657851,11.7916015,11.62055961,81.32162805,-0.309003072,-0.303948566,-11.69952131,0.515833039,0.03276891,0.101449081,0.85002974,0.462286199,-2.008121608,-11.52477356,-0.02917792,0.01767359,0.812603464
15.6194038,334.1081132,302.5479082,4012.882034,28.61272084,-80.5965773,11.7881031,11.61746263,81.20479256,-0.336057524,-0.307825066,-11.6888743,0.512377145,0.033027685,0.101241814,0.85213199,0.456703437,-1.980990167,-11.5197471,-0.028906818,0.018290801,0.81154361
15.6294038,334.2259756,302.6640672,4013.693499,28.61272188,-80.59657609,11.78433164,11.61432938,81.08806264,-0.363566225,-0.31154282,-11.67824387,0.508916961,0.033286782,0.101038554,0.854217026,0.451998485,-1.953628408,-11.51475803,-0.028082564,0.018712422,0.810488589
15.6394038,334.3437989,302.7801947,4014.503796,28.61272292,-80.59657489,11.78029239,11.61116197,80.9714366,-0.390640273,-0.315071799,-11.66776582,0.505452566,0.033548358,0.100841119,0.856284579,0.447759669,-1.926922939,-11.50978317,-0.026726491,0.018948205,0.809437866
15.6494038,334.4615805,302.8962903,4015.312928,28.61272397,-80.59657368,11.77599262,11.60796286,80.85491242,-0.417087461,-0.318370909,-11.65747352,0.501984046,0.033814537,0.100651243,0.858334388,0.443893639,-1.901131356,-11.50481069,-0.024830751,0.018988802,0.808390931
15.6594038,334.5793179,303.0123538,4016.120895,28.61272501,-80.59657248,11.77143602,11.60473493,80.73848855,-0.442716975,-0.321404554,-11.64739791,0.498511502,0.034087416,0.100470479,0.860366209,0.440295403,-1.876502251,-11.49982854,-0.022444985,0.018821471,0.80734734
15.6694038,334.6970084,303.1283849,4016.927698,28.61272606,-80.59657127,11.76662709,11.6014814,80.62216329,-0.468467407,-0.324127055,-11.63741074,0.495035032,0.034369053,0.100300403,0.862379797,0.437419098,-1.852288418,-11.49484845,-0.01957561,0.018444681,0.806306945
15.6794038,334.8146496,303.2443834,4017.733338,28.6127271,-80.59657006,11.7615784,11.59820562,80.50593381,-0.493107529,-0.326524059,-11.62768644,0.491554746,0.034661546,0.100142434,0.86437492,0.43462883,-1.829643077,-11.48983764,-0.016241555,0.017833055,0.80526965
15.6894038,334.9322392,303.360349,4018.537817,28.61272814,-80.59656886,11.7563043,11.59491122,80.38979704,-0.516390722,-0.328572527,-11.61825855,0.488070746,0.034966695,0.099997914,0.866351369,0.431758792,-1.808841835,-11.48478239,-0.012469968,0.017006149,0.804235111
15.6994038,335.049775,303.4762816,4019.341134,28.61272918,-80.59656766,11.75082064,11.59160217,80.27374971,-0.538164842,-0.330240267,-11.60914761,0.48458314,0.035286343,0.099868113,0.86830894,0.428696844,-1.790073553,-11.4796709,-0.008302882,0.015987273,0.803203024
15.7094038,335.1672551,303.592181,4020.143292,28.61273023,-80.59656645,11.74517514,11.58828221,80.15778426,-0.558279372,-0.33149884,-11.60037314,0.481092041,0.035622112,0.09975408,0.870247457,0.425321604,-1.773520047,-11.47449139,-0.003742168,0.014742278,0.802173126
15.7194038,335.2846782,303.7080472,4020.94429,28.61273127,-80.59656525,11.73942251,11.58495526,80.04189224,-0.570246863,-0.332419771,-11.59280948,0.47759757,0.035975187,0.09965649,0.872166802,0.418065811,-1.764740451,-11.4690814,0.00109477,0.013318515,0.801143863
15.7294038,335.4020433,303.8238801,4021.74413,28.61273231,-80.59656405,11.73358207,11.58162588,79.92607003,-0.579969361,-0.332893947,-11.58565092,0.47409985,0.036346472,0.099575763,0.874066893,0.409992446,-1.758679722,-11.46357021,0.006102306,0.011748158,0.800113683
15.7394038,335.5193496,303.9396797,4022.542812,28.61273335,-80.59656284,11.72767291,11.57829878,79.81031405,-0.587801564,-0.332903831,-11.5788479,0.47059899,0.03673669,0.099512269,0.875947666,0.40123606,-1.755043115,-11.45796175,0.011270857,0.010043182,0.799082731
15.7494038,335.6365965,304.0554461,4023.340337,28.61273439,-80.59656164,11.72171438,11.57497882,79.6946207,-0.593708988,-0.332434676,-11.57240473,0.4670951,0.037146411,0.09946626,0.877809077,0.391727306,-1.753866262,-11.45225118,0.01653419,0.008236125,0.798051159
15.7594038,335.7537837,304.1711793,4024.136705,28.61273543,-80.59656044,11.71569599,11.57167139,79.57899036,-0.597673333,-0.331473884,-11.56632403,0.463588296,0.037576232,0.09943785,0.879651086,0.381404963,-1.75516479,-11.44643467,0.021875447,0.006340386,0.7970191
15.7694038,335.8709102,304.2868796,4024.931917,28.61273647,-80.59655924,11.70960175,11.56838196,79.46342419,-0.605936856,-0.329924636,-11.5597666,0.460078701,0.038026957,0.099427147,0.881473642,0.373804565,-1.7537615,-11.4406645,0.027288793,0.004283841,0.79598798
15.7794038,335.9879755,304.402547,4025.725973,28.61273751,-80.59655804,11.70345138,11.56511545,79.34791852,-0.612572448,-0.327878049,-11.55352845,0.456566427,0.038499308,0.099434287,0.883276697,0.365525443,-1.754613289,-11.43479305,0.032795904,0.00209175,0.794959238
15.7894038,336.1049791,304.518182,4026.518875,28.61273855,-80.59655685,11.69726542,11.56187681,79.23246959,-0.6171586,-0.325338535,-11.54766592,0.453051586,0.038993833,0.099459217,0.885060227,0.356260597,-1.758061416,-11.42880643,0.038364479,-2.39E-04,0.793932653
15.7994038,336.2219208,304.6337847,4027.310623,28.61273959,-80.59655565,11.69106435,11.55867084,79.11707366,-0.619691061,-0.32231069,-11.54217928,0.449534293,0.0395109,0.099501724,0.88682423,0.345937223,-1.764089333,-11.42270195,0.043936547,-0.002696007,0.792908005
15.8094038,336.3388007,304.7493555,4028.101217,28.61274063,-80.59655445,11.68493897,11.55550118,79.00171746,-0.620183676,-0.31880341,-11.53706673,0.446014657,0.040050619,0.099561437,0.888568733,0.334492136,-1.772657008,-11.41647819,0.049488319,-0.005249384,0.791885106
15.8194038,336.4556202,304.8648949,4028.890657,28.61274167,-80.59655325,11.67899228,11.55237103,78.88638593,-0.603968434,-0.315062175,-11.53431622,0.44249279,0.040612079,0.099637342,0.890293878,0.31291919,-1.795523107,-11.40976209,0.054877024,-0.007816847,0.790860673
15.8294038,336.5723812,304.9804031,4029.678945,28.61274271,-80.59655206,11.67324222,11.54928466,78.77107546,-0.585096037,-0.310895366,-11.53204355,0.438968787,0.041193898,0.09972821,0.89199986,0.289519989,-1.821172859,-11.40291758,0.059927197,-0.010300562,0.789831385
15.8394038,336.6890857,305.0958807,4030.466079,28.61274375,-80.59655086,11.66770346,11.54624615,78.6557828,-0.564671409,-0.306309858,-11.53010322,0.435442734,0.041794563,0.09983279,0.893686888,0.264917333,-1.848638336,-11.39597801,0.064608524,-0.01264208,0.78879786
15.8494038,336.805736,305.2113282,4031.25206,28.61274479,-80.59654967,11.66238887,11.54325935,78.54050496,-0.542867818,-0.301326266,-11.52847528,0.431914722,0.04241251,0.099949679,0.895355188,0.239181461,-1.877706661,-11.38895321,0.068908323,-0.014842524,0.7877607
15.8594038,336.9223342,305.3267461,4032.036889,28.61274583,-80.59654847,11.65728739,11.54032817,78.42524227,-0.51986249,-0.295974992,-11.52713732,0.42838484,0.043046148,0.100077454,0.897004995,0.212382605,-1.908154603,-11.38185366,0.072799822,-0.016908374,0.786720425
15.8694038,337.0388824,305.4421349,4032.820565,28.61274686,-80.59654728,11.65238222,11.53745632,78.30999593,-0.500462346,-0.290203157,-11.5254136,0.424853168,0.043693968,0.100214768,0.898636536,0.187569888,-1.936152379,-11.37479541,0.076290573,-0.018820495,0.785678488
15.8794038,337.1553825,305.5574954,4033.603089,28.6127479,-80.59654608,11.64768139,11.5346467,78.1947637,-0.480429568,-0.284117754,-11.52389098,0.421319799,0.044354568,0.100360179,0.90025004,0.162050096,-1.964972064,-11.36768329,0.07941298,-0.020614658,0.784636298
15.8894038,337.2718367,305.6728281,4034.38446,28.61274894,-80.59654489,11.64319182,11.53190175,78.07954352,-0.459622498,-0.277765714,-11.52258704,0.41778482,0.045026379,0.100512184,0.901845757,0.135693822,-1.994640931,-11.36051995,0.082120475,-0.022278484,0.78359396
15.8994038,337.3882471,305.7881337,4035.16468,28.61274997,-80.5965437,11.63891884,11.52922355,77.9643336,-0.438203264,-0.271188574,-11.52147578,0.414248309,0.045707769,0.100669346,0.903423943,0.108573371,-2.024947137,-11.35331539,0.084427836,-0.023784177,0.782551544
15.9094038,337.5046158,305.9034128,4035.943747,28.61275101,-80.59654251,11.63485718,11.52661396,77.84913373,-0.416331399,-0.26442309,-11.5205311,0.410710349,0.046397067,0.100830132,0.904984865,0.080770576,-2.055687048,-11.34607928,0.086306562,-0.025117994,0.781509111
15.9194038,337.6209449,306.0186662,4036.721663,28.61275205,-80.59654131,11.63099847,11.52407446,77.73394425,-0.396038254,-0.257471024,-11.5194496,0.407171033,0.047092806,0.100993029,0.906528778,0.053631505,-2.085244741,-11.33885949,0.087770487,-0.026306457,0.780467124
15.9294038,337.7372364,306.1338945,4037.498426,28.61275308,-80.59654012,11.62734357,11.52160584,77.61876423,-0.375686772,-0.250416001,-11.51846038,0.403630446,0.047793427,0.101156568,0.908055946,0.026048762,-2.114786903,-11.33162725,0.088842593,-0.027357487,0.779426051
15.9394038,337.8534925,306.2490985,4038.274038,28.61275412,-80.59653893,11.62389215,11.51920847,77.50359299,-0.355298779,-0.243302571,-11.51755295,0.400088671,0.048497321,0.101319262,0.90956664,-0.001978369,-2.144217271,-11.32438906,0.089502098,-0.028238412,0.778385832
15.9494038,337.969715,306.3642789,4039.048498,28.61275516,-80.59653774,11.62064257,11.51688243,77.38843013,-0.335013087,-0.236169299,-11.51669898,0.396545791,0.049202915,0.101479671,0.911061131,-0.030364033,-2.173354536,-11.31715393,0.089758342,-0.028943659,0.777346411
15.9594038,338.085906,306.4794364,4039.821806,28.61275619,-80.59653655,11.6176129,11.51462707,77.27327226,-0.314948126,-0.229041386,-11.5158743,0.393001899,0.049908644,0.101636303,0.912539696,-0.05902203,-2.202045452,-11.30993039,0.089617431,-0.029498669,0.776307735
15.9694038,338.202068,306.5945717,4040.593963,28.61275723,-80.59653536,11.61482428,11.51244131,77.15811554,-0.290862781,-0.222042966,-11.51572613,0.389457068,0.050612538,0.1017876,0.914002652,-0.090933518,-2.233305524,-11.30265146,0.089054729,-0.029845255,0.775268793
15.9794038,338.3182033,306.7096855,4041.364969,28.61275826,-80.59653417,11.61227204,11.51032416,77.04296016,-0.266946038,-0.215124529,-11.51561122,0.385911377,0.051312686,0.10193203,0.915450315,-0.123193477,-2.263963419,-11.29540321,0.088046244,-0.029939026,0.774228553
15.9894038,338.4343142,306.8247784,4042.134823,28.6127593,-80.59653298,11.60994964,11.50827409,76.92780677,-0.243611216,-0.208332708,-11.51545127,0.382364902,0.052007196,0.102068113,0.916882999,-0.155510658,-2.293630909,-11.28819917,0.086601167,-0.029819492,0.773187207
15.9994038,338.550403,306.9398512,4042.903525,28.61276033,-80.59653179,11.6078491,11.50628913,76.81265638,-0.221002924,-0.201714612,-11.51520815,0.37881772,0.052694242,0.102194412,0.918301015,-0.187772501,-2.322123915,-11.28104746,0.084743696,-0.029444991,0.772144938
16.0094038,338.6664719,307.0549044,4043.671076,28.61276137,-80.5965306,11.60595478,11.50436702,76.69751143,-0.199260636,-0.195316425,-11.51484346,0.375269905,0.053372111,0.102309608,0.919704659,-0.219865456,-2.349266845,-11.27395572,0.082495141,-0.028850918,0.771101908
16.0194038,338.7825228,307.1699387,4044.437475,28.6127624,-80.59652941,11.60424862,11.50250505,76.58237492,-0.179831644,-0.189153605,-11.51410599,0.37172153,0.05403919,0.102412474,0.921094216,-0.250714604,-2.373974723,-11.26694908,0.07987999,-0.028030507,0.770058546
16.0294038,338.8985575,307.2849547,4045.202723,28.61276344,-80.59652823,11.60271887,11.50069998,76.46724903,-0.161593684,-0.183294409,-11.51315751,0.368172664,0.054693986,0.102501893,0.922469956,-0.281104606,-2.396986411,-11.26001516,0.076937598,-0.027012876,0.769015277
16.0394038,339.0145777,307.3999529,4045.96682,28.61276447,-80.59652704,11.60135287,11.49894815,76.35213622,-0.144568877,-0.177779861,-11.51197785,0.364623382,0.055335065,0.102576752,0.923832144,-0.310993831,-2.418231727,-11.25315858,0.073670168,-0.025783349,0.767972136
16.0494038,339.130585,307.5149338,4046.729766,28.6127655,-80.59652585,11.60013707,11.49724554,76.23703931,-0.128857354,-0.172651659,-11.51053361,0.361073755,0.055961184,0.102636132,0.925181017,-0.340283536,-2.437586301,-11.24638506,0.070123753,-0.024374069,0.76692915
16.0594038,339.2465808,307.629898,4047.491561,28.61276654,-80.59652466,11.59902166,11.49558847,76.12196732,-0.114541153,-0.167945482,-11.50879551,0.357523858,0.056571302,0.102679209,0.926516788,-0.368883298,-2.45495074,-11.23969935,0.066326494,-0.022798638,0.765886344
16.0694038,339.3625656,307.7448457,4048.252206,28.61276757,-80.59652347,11.59794956,11.49397309,76.00693072,-0.109096338,-0.163541706,-11.5054915,0.353973767,0.057164857,0.102705434,0.927839612,-0.391103313,-2.465244121,-11.23319154,0.062338233,-0.021108019,0.764845382
16.0794038,339.4785399,307.8597775,4049.0117,28.61276861,-80.59652228,11.59690558,11.4923944,75.89193312,-0.105564304,-0.159617609,-11.50176706,0.350423563,0.05774165,0.102714447,0.929149595,-0.412109598,-2.473223557,-11.2267804,0.058260141,-0.019363746,0.763807975
16.0894038,339.5945037,307.9746937,4049.770044,28.61276964,-80.5965211,11.59587538,11.49084707,75.77697804,-0.10347082,-0.156210832,-11.49769259,0.346873333,0.058301569,0.10270594,0.930446832,-0.432238131,-2.479199632,-11.22046266,0.054105297,-0.017610357,0.762773768
16.0994038,339.7104574,308.0895946,4050.52724,28.61277067,-80.59651991,11.59484477,11.4893256,75.66206905,-0.10280551,-0.153347466,-11.49326197,0.343323148,0.058844584,0.102679834,0.93173139,-0.451476017,-2.483170607,-11.21424043,0.049921059,-0.015840608,0.761742417
16.1094038,339.8264009,308.2044803,4051.283286,28.61277171,-80.59651872,11.59390579,11.48782211,75.54719166,-0.103546997,-0.151041394,-11.48847393,0.339773083,0.059370424,0.102635895,0.933003364,-0.469810757,-2.48515701,-11.20811497,0.045720091,-0.014063344,0.760713623
16.1194038,339.9423362,308.319351,4052.038183,28.61277274,-80.59651753,11.5931703,11.48632813,75.43232787,-0.083571952,-0.149773505,-11.48710094,0.336223186,0.059877645,0.102573562,0.934262972,-0.504525905,-2.499443343,-11.2018365,0.041400078,-0.01214501,0.759682156
16.1294038,340.058265,308.4342069,4052.791932,28.61277377,-80.59651635,11.59262398,11.48483774,75.31748121,-0.063804481,-0.149119991,-11.48558932,0.332673484,0.060364471,0.102492286,0.935510457,-0.53941426,-2.51223712,-11.19565838,0.036830766,-0.009909304,0.758642687
16.1394038,340.1741892,308.5490478,4053.544533,28.6127748,-80.59651516,11.59224924,11.48334504,75.20265588,-0.045752114,-0.149055868,-11.48367029,0.329123995,0.060829241,0.102391623,0.936746046,-0.573228006,-2.5225472,-11.1896005,0.032077802,-0.007365153,0.75759616
16.1494038,340.2901105,308.6638737,4054.295986,28.61277584,-80.59651397,11.59202763,11.48184411,75.08785636,-0.029504226,-0.149583083,-11.48131743,0.325574742,0.061270509,0.102271245,0.937969938,-0.605820303,-2.53031495,-11.18366593,0.027138384,-0.004534149,0.756543499
16.1594038,340.4060299,308.7786846,4055.04629,28.61277687,-80.59651278,11.59184567,11.48033107,74.97310375,-0.015132508,-0.150702256,-11.47850873,0.322025746,0.061687293,0.102131054,0.939182274,-0.637059644,-2.535501642,-11.17785709,0.022077161,-0.001460202,0.755485513
16.1694038,340.5219471,308.8934803,4055.795448,28.6127779,-80.5965116,11.5915721,11.4788025,74.85842237,-0.022387598,-0.151986308,-11.4717891,0.318477049,0.062079858,0.101971461,0.94038305,-0.65093765,-2.52595911,-11.17234787,0.017019658,0.001727119,0.754427265
16.1794038,340.637861,309.0082606,4056.543459,28.61277893,-80.59651041,11.59118825,11.47725268,74.74381682,-0.032603112,-0.153823715,-11.46441446,0.31492871,0.062449053,0.10179305,0.941572195,-0.662278677,-2.513486078,-11.16697355,0.012129618,0.004836406,0.753373855
16.1894038,340.7537704,309.1230253,4057.290325,28.61277997,-80.59650922,11.59067859,11.47567595,74.62929107,-0.044425291,-0.15623529,-11.45662794,0.311380779,0.062795834,0.101596605,0.942749608,-0.672139287,-2.498979034,-11.16172206,0.007446373,0.007817444,0.752324828
16.1994038,340.8696741,309.237774,4058.036045,28.612781,-80.59650803,11.59002872,11.47406683,74.5148488,-0.057745954,-0.159203924,-11.44845821,0.307833313,0.063121307,0.101383007,0.943915165,-0.680574011,-2.482571761,-11.15659143,0.002985195,0.010686375,0.7512797
16.2094038,340.9855705,309.3525065,4058.780622,28.61278203,-80.59650685,11.58923706,11.47241981,74.40049137,-0.072447722,-0.162708943,-11.43993696,0.30428637,0.063426688,0.101153189,0.945068724,-0.687648642,-2.464407608,-11.15157904,-0.001207803,0.013401532,0.750238047
16.2194038,341.1014584,309.4672223,4059.524055,28.61278306,-80.59650566,11.58830536,11.47072957,74.28621944,-0.085985464,-0.166780933,-11.4315136,0.300740016,0.063713143,0.100908058,0.946210147,-0.695447582,-2.44604992,-11.14665443,-0.005142704,0.015954443,0.74919895
16.2294038,341.2173361,309.5819209,4060.266347,28.61278409,-80.59650447,11.58722278,11.46899135,74.17203576,-0.100537768,-0.171346444,-11.42282255,0.297194304,0.063981842,0.100648623,0.947339287,-0.702159903,-2.426266674,-11.14183754,-0.00881913,0.018351621,0.748161521
16.2394038,341.3332023,309.6966019,4061.007496,28.61278512,-80.59650328,11.5859794,11.46720072,74.05794277,-0.116142864,-0.176371533,-11.41387025,0.293649294,0.064234067,0.100375966,0.948455978,-0.70772756,-2.40511367,-11.1371262,-0.012205497,0.020609794,0.747125595
16.2494038,341.4490551,309.8112647,4061.747506,28.61278615,-80.5965021,11.58456651,11.4653536,73.94394255,-0.13267891,-0.181822646,-11.40469131,0.290105045,0.064471168,0.100091216,0.949560045,-0.712228582,-2.382743721,-11.13251588,-0.015305815,0.022682492,0.746091039
16.2594038,341.564893,309.9259088,4062.486376,28.61278719,-80.59650091,11.58298354,11.46344612,73.8300357,-0.1500223,-0.187663765,-11.39532088,0.286561617,0.064694577,0.099795559,0.950651302,-0.71574594,-2.359311569,-11.12800157,-0.018086737,0.024565554,0.745057737
16.2694038,341.6807143,310.0405335,4063.224107,28.61278822,-80.59649972,11.58123242,11.46147477,73.71622225,-0.166616835,-0.193889333,-11.38603385,0.283019079,0.064905793,0.099490198,0.951729552,-0.719585927,-2.335762668,-11.12355743,-0.020542721,0.026247087,0.744025259
16.2794038,341.7965171,310.1551381,4063.9607,28.61278925,-80.59649854,11.5793082,11.45943665,73.60250327,-0.183691453,-0.200429367,-11.37663554,0.279477488,0.065106262,0.099176393,0.952794601,-0.722700774,-2.311486423,-11.11919443,-0.022679172,0.027723855,0.742993174
16.2894038,341.9122998,310.269722,4064.696157,28.61279028,-80.59649735,11.577207,11.45732929,73.48887952,-0.201215912,-0.207237317,-11.36714489,0.275936909,0.065297485,0.0988554,0.953846251,-0.725101985,-2.286587886,-11.11490716,-0.024467672,0.02899672,0.741961477
16.2994038,342.0280606,310.3842844,4065.430478,28.61279131,-80.59649617,11.57492611,11.45515067,73.37535143,-0.219069122,-0.214269427,-11.35759535,0.272397406,0.065480976,0.098528482,0.954884304,-0.726883461,-2.261219597,-11.1106886,-0.025946042,0.030057694,0.740930167
16.3094038,342.1437977,310.4988247,4066.163664,28.61279234,-80.59649498,11.57244003,11.45289982,73.26192299,-0.237132825,-0.221481138,-11.34801911,0.268859045,0.065658423,0.09819701,0.955908538,-0.728140176,-2.235530546,-11.10653135,-0.027077695,0.030885625,0.739899244
16.3194038,342.2595087,310.6133422,4066.895717,28.61279337,-80.59649379,11.56972022,11.4505764,73.14859846,-0.26028808,-0.228701092,-11.3376407,0.265321897,0.06583179,0.097862445,0.956918705,-0.724614882,-2.207091174,-11.10251469,-0.027818534,0.031455573,0.738869879
16.3294038,342.3751913,310.727836,4067.626637,28.6127944,-80.59649261,11.56676797,11.44817982,73.03537711,-0.283642259,-0.235993398,-11.32727706,0.26178605,0.066003176,0.097526178,0.957914552,-0.720537066,-2.178594613,-11.09855411,-0.028181276,0.031692271,0.737843283
16.3394038,342.4908433,310.8423055,4068.356425,28.61279543,-80.59649142,11.56358548,11.44570968,72.92225803,-0.306775596,-0.2433288,-11.31700488,0.258251591,0.066174668,0.097189632,0.958895826,-0.716291886,-2.150336797,-11.09463372,-0.028154124,0.031598225,0.736819197
16.3494038,342.6064623,310.95675,4069.085082,28.61279646,-80.59649024,11.56017572,11.44316575,72.80924015,-0.329673246,-0.250704023,-11.3068265,0.254718605,0.06634835,0.096854221,0.959862276,-0.711932134,-2.122369638,-11.09074219,-0.02774938,0.031179007,0.735797371
16.3594038,342.7220459,311.0711686,4069.81261,28.61279749,-80.59648906,11.55650242,11.44054924,72.69632843,-0.352205605,-0.25807633,-11.29677005,0.251187184,0.066526381,0.096521364,0.960813648,-0.707592411,-2.094837705,-11.08686762,-0.026954788,0.03042956,0.734777584
16.3694038,342.8375913,311.1855607,4070.539009,28.61279851,-80.59648787,11.55252269,11.43786191,72.58352864,-0.382718435,-0.265207362,-11.28554725,0.247657439,0.066711392,0.096192529,0.961749645,-0.695880254,-2.063779749,-11.08318316,-0.025777535,0.029288835,0.733761631
16.3794038,342.9530954,311.2999256,4071.264281,28.61279954,-80.59648669,11.54824321,11.43510492,72.4708387,-0.413101421,-0.272238988,-11.27444583,0.244129482,0.066906126,0.095869238,0.962669962,-0.68398173,-2.033319089,-11.07951615,-0.024158676,0.027673321,0.732751407
16.3894038,343.0685552,311.4142626,4071.988426,28.61280057,-80.59648551,11.54367335,11.43227992,72.35825607,-0.442637283,-0.279130832,-11.26358269,0.240603433,0.067113261,0.095552906,0.963574305,-0.672572689,-2.003891793,-11.07583859,-0.022122691,0.025603081,0.731746337
16.3994038,343.1839679,311.528571,4072.711446,28.6128016,-80.59648432,11.53882411,11.42938907,72.24577794,-0.471152553,-0.285832346,-11.25298753,0.237079414,0.067335378,0.09524487,0.964462396,-0.661851967,-1.975657133,-11.07213367,-0.019709383,0.023083494,0.730745875
16.4094038,343.2993309,311.6428501,4073.433342,28.61280263,-80.59648314,11.53375168,11.42643422,72.13339472,-0.498481125,-0.292293626,-11.24268733,0.233557546,0.067574869,0.094946389,0.96533398,-0.652014421,-1.948762893,-11.06838461,-0.016922257,0.020110578,0.72974954
16.4194038,343.4146424,311.7570995,4074.154115,28.61280365,-80.59648196,11.52852207,11.42341762,72.02109543,-0.515389193,-0.29863049,-11.23406452,0.230037925,0.06783335,0.094658474,0.966188886,-0.651444221,-1.92746865,-11.06433445,-0.013828074,0.016792613,0.728754788
16.4294038,343.5299009,311.8713183,4074.873764,28.61280468,-80.59648078,11.52315094,11.42034301,71.90887669,-0.530288009,-0.304626171,-11.22584559,0.226520645,0.068112143,0.094381975,0.967026978,-0.652633102,-1.907886836,-11.06018307,-0.01050493,0.013233948,0.727759038
16.4394038,343.645105,311.9855061,4075.592292,28.61280571,-80.5964796,11.51765376,11.41721458,71.79673514,-0.543678048,-0.310225958,-11.21795638,0.223005786,0.068412456,0.094117767,0.967848129,-0.655162321,-1.889823678,-11.05593506,-0.006967517,0.009450832,0.726762411
16.4494038,343.7602536,312.0996624,4076.309699,28.61280673,-80.59647842,11.51204653,11.41403697,71.68466732,-0.555491774,-0.315382537,-11.21040896,0.219493427,0.068735285,0.093866549,0.968652243,-0.659122346,-1.873348212,-11.05158046,-0.003243041,0.005478809,0.725765058
16.4594038,343.8753457,312.2137867,4077.025986,28.61280776,-80.59647724,11.50636044,11.41081498,71.57266751,-0.565678516,-0.320055641,-11.20321213,0.21598364,0.069081554,0.093629011,0.969439227,-0.664589545,-1.858508807,-11.04711074,6.48E-04,0.001326745,0.724767109
16.4694038,343.9903806,312.3278786,4077.741153,28.61280879,-80.59647606,11.50062979,11.40755376,71.46072952,-0.57113173,-0.324253024,-11.19682664,0.212476495,0.069451808,0.093405615,0.970209038,-0.674444797,-1.846644945,-11.04243112,0.004666702,-0.00295371,0.723767965
16.4794038,344.1053582,312.4419377,4078.455201,28.61280981,-80.59647488,11.49487162,11.40425905,71.34884969,-0.574719425,-0.327894364,-11.19082936,0.208972045,0.069846356,0.093196753,0.970961655,-0.686101337,-1.836513047,-11.03761585,0.008777654,-0.007319031,0.722766985
16.4894038,344.220278,312.5559637,4079.16813,28.61281084,-80.59647371,11.48910256,11.40093689,71.23702441,-0.576637712,-0.330945958,-11.18519396,0.205470342,0.070265379,0.093002736,0.971697075,-0.699403372,-1.828034277,-11.03266631,0.012933804,-0.011725282,0.721764415
16.4994038,344.3351402,312.6699564,4079.879941,28.61281186,-80.59647253,11.48333913,11.39759355,71.12525003,-0.576898144,-0.333381121,-11.17992166,0.201971436,0.070709006,0.092823803,0.972415301,-0.714363472,-1.821203317,-11.02757933,0.017150451,-0.016166401,0.720760486
16.5094038,344.4499452,312.7839155,4080.590635,28.61281289,-80.59647135,11.47767706,11.39423431,71.01351111,-0.575517776,-0.33517748,-11.17501311,0.198475367,0.071176923,0.092659971,0.973116388,-0.730990208,-1.816007185,-11.02235247,0.021370246,-0.020628113,0.719755401
16.5194038,344.5646945,312.897841,4081.300212,28.61281391,-80.59647018,11.4722259,11.39086433,70.90179001,-0.555964795,-0.336571227,-11.17292976,0.194982135,0.071667715,0.092511069,0.973800497,-0.764714481,-1.818880162,-11.01651593,0.025526345,-0.024940473,0.71874544
16.5294038,344.6793904,313.0117328,4082.008671,28.61281494,-80.596469,11.46699954,11.38749027,70.79008315,-0.534065978,-0.337313641,-11.1713431,0.191491715,0.072179442,0.092376724,0.974467851,-0.80087514,-1.823387461,-11.01052999,0.029537842,-0.028920978,0.717726733
16.5394038,344.7940353,313.1255908,4082.716013,28.61281596,-80.59646783,11.46200855,11.38411885,70.67838738,-0.511031174,-0.337385133,-11.17007979,0.188004082,0.072710092,0.092256489,0.975118684,-0.838330864,-1.829011822,-11.00443461,0.033371557,-0.032537763,0.716700282
16.5494038,344.9086314,313.2394152,4083.422239,28.61281698,-80.59646666,11.457262,11.38075671,70.56669974,-0.487014486,-0.336787974,-11.16912176,0.184519206,0.073257603,0.09214986,0.975753242,-0.876920355,-1.835652058,-10.99823996,0.037016169,-0.035799163,0.715667049
16.5594038,345.023181,313.353206,4084.127347,28.61281801,-80.59646548,11.45267498,11.37741197,70.4550317,-0.462170003,-0.335529163,-11.16844973,0.18103705,0.073820013,0.09205634,0.976371764,-0.916480808,-1.843205478,-10.99195646,0.04046078,-0.038660804,0.714627881
16.5694038,345.1376851,313.4669635,4084.83134,28.61281903,-80.59646431,11.4481447,11.374093,70.34339769,-0.455906707,-0.333295549,-11.16507398,0.177557626,0.074396578,0.091975595,0.976974375,-0.93861969,-1.844709557,-10.98607544,0.043767019,-0.041275766,0.713588098
16.5794038,345.2521441,313.580688,4085.534216,28.61282005,-80.59646314,11.44367745,11.37080628,70.23179545,-0.450012175,-0.330389571,-11.16176937,0.174080964,0.074986864,0.091907218,0.977561175,-0.960479541,-1.846895381,-10.98012842,0.04697254,-0.043831888,0.712553094
16.5894038,345.3665589,313.6943798,4086.235976,28.61282108,-80.59646196,11.4392811,11.36755804,70.12022252,-0.443306303,-0.326849997,-11.15871665,0.170607093,0.075590326,0.091850756,0.978132282,-0.983195065,-1.850148048,-10.97408713,0.050073041,-0.046323861,0.711522455
16.5994038,345.48093,313.8080393,4086.93662,28.6128221,-80.59646079,11.4349629,11.36435428,70.00867652,-0.435844148,-0.322697428,-11.15590693,0.16713605,0.076206359,0.09180564,0.978687824,-1.006732017,-1.854401729,-10.96795506,0.053041433,-0.048730867,0.710495725
16.6094038,345.5952586,313.921667,4087.636149,28.61282312,-80.59645962,11.43077693,11.36119984,69.8971477,-0.427684303,-0.317958853,-11.15332987,0.163667868,0.076834196,0.091771269,0.979227946,-1.031052488,-1.859581674,-10.96173644,0.055859988,-0.051039886,0.709472502
16.6194038,345.7095462,314.0352635,4088.334563,28.61282414,-80.59645845,11.42678502,11.35809903,69.785625,-0.409013042,-0.312847628,-11.15253294,0.160202555,0.077472354,0.091746885,0.979752869,-1.06559023,-1.868784286,-10.95519599,0.058501673,-0.05317307,0.708450044
16.6294038,345.8237949,314.1488292,4089.031862,28.61282516,-80.59645728,11.42299162,11.35505682,69.67410632,-0.389311844,-0.307231112,-11.15203795,0.15674011,0.078119074,0.091731647,0.980262849,-1.101293551,-1.878752695,-10.94857735,0.060915373,-0.0549967,0.707425558
16.6394038,345.9380067,314.2623648,4089.728045,28.61282618,-80.59645611,11.41939895,11.35207786,69.56258997,-0.369330955,-0.301132074,-11.15172412,0.15328054,0.078772594,0.091724605,0.980758151,-1.137432023,-1.889175653,-10.94190571,0.06308807,-0.056511994,0.706399273
16.6494038,346.0521836,314.375871,4090.423113,28.6128272,-80.59645494,11.41600805,11.34916634,69.45107448,-0.3491872,-0.294591247,-11.15156819,0.149823846,0.079431134,0.091724845,0.981239045,-1.17388136,-1.899944513,-10.935191,0.065010602,-0.05770995,0.705371435
16.6594038,346.1663275,314.4893484,4091.117067,28.61282822,-80.59645377,11.41280973,11.3463263,69.33956014,-0.328994202,-0.287648161,-11.1515466,0.146370033,0.080092927,0.091731408,0.981705804,-1.210516809,-1.910956495,-10.92844291,0.066689956,-0.058591391,0.704342267
16.6694038,346.2804404,314.6027978,4091.809905,28.61282924,-80.5964526,11.40979213,11.3435614,69.22804776,-0.310763333,-0.280300705,-11.15132253,0.142919103,0.080756257,0.09174335,0.982158701,-1.245366181,-1.921569031,-10.92171104,0.068117455,-0.059165731,0.703312428
16.6794038,346.394524,314.7162199,4092.501628,28.61283026,-80.59645143,11.40695324,11.3408746,69.11653663,-0.292787505,-0.272630129,-11.15116431,0.13947107,0.081419494,0.091759663,0.982598011,-1.280063837,-1.932228621,-10.91496433,0.069304038,-0.059438799,0.702282576
16.6894038,346.50858,314.8296155,4093.192235,28.61283128,-80.59645026,11.40429042,11.33826838,69.00502625,-0.275035571,-0.264687521,-11.15106799,0.136025953,0.082081028,0.091779301,0.98302401,-1.314624561,-1.94287285,-10.90820924,0.070230886,-0.059420907,0.701252761
16.6994038,346.6226103,314.9429855,4093.881728,28.6128323,-80.5964491,11.40180042,11.33574474,68.8935163,-0.257582875,-0.256523408,-11.15101134,0.132583776,0.082739336,0.091801242,0.983436971,-1.348958536,-1.953407699,-10.90145478,0.070914211,-0.059126258,0.700223019
16.7094038,346.7366165,315.0563307,4094.570106,28.61283332,-80.59644793,11.39945221,11.33330616,68.78201129,-0.240480899,-0.24817743,-11.15097749,0.12914456,0.083392937,0.091824488,0.983837163,-1.382995963,-1.96375934,-10.89470943,0.071348946,-0.058558676,0.699193379
16.7194038,346.8505997,315.1696519,4095.257368,28.61283434,-80.59644676,11.39720901,11.33095499,68.67051683,-0.229468949,-0.23950889,-11.14998135,0.125708352,0.084040768,0.091848038,0.984224821,-1.411062682,-1.972473416,-10.88808318,0.071548107,-0.057757518,0.698165275
16.7294038,346.964561,315.2829501,4095.943516,28.61283536,-80.59644559,11.39506566,11.32869224,68.55903334,-0.219247287,-0.230708653,-11.14890293,0.122275208,0.084681884,0.091870864,0.984600171,-1.438341035,-1.980877327,-10.88148117,0.071528726,-0.056796832,0.697140197
16.7394038,347.0785014,315.3962261,4096.628549,28.61283638,-80.59644443,11.39301716,11.32651844,68.44756131,-0.209505115,-0.221832885,-11.14778427,0.118845186,0.085315475,0.091892039,0.984963423,-1.465127332,-1.988988185,-10.87490341,0.071286191,-0.055685083,0.696117875
16.7494038,347.1924217,315.5094808,4097.312467,28.6128374,-80.59644326,11.39105805,11.32443366,68.33610143,-0.200285917,-0.212926097,-11.1466074,0.11541835,0.085940724,0.0919106,0.985314791,-1.491370294,-1.99673872,-10.8683558,0.070839222,-0.054435471,0.69509804
16.7594038,347.3063227,315.622715,4097.995271,28.61283842,-80.59644209,11.38915406,11.32243828,68.22465954,-0.19163291,-0.20403638,-11.14535336,0.111994771,0.086556976,0.091925609,0.985654475,-1.517017906,-2.004058448,-10.86184431,0.070194146,-0.0530503,0.694080454
16.7694038,347.4202048,315.7359298,4098.676961,28.61283943,-80.59644093,11.3872653,11.32053229,68.11324266,-0.189511358,-0.195050079,-11.14296104,0.108574542,0.087164043,0.091936237,0.98598262,-1.536140445,-2.009611736,-10.85547203,0.069350221,-0.051595962,0.693066383
16.7794038,347.5340681,315.849126,4099.357536,28.61284045,-80.59643976,11.38538546,11.31871433,68.00185207,-0.188335693,-0.186170059,-11.14039237,0.105157767,0.087761915,0.091941643,0.986299359,-1.554265217,-2.014620118,-10.84914914,0.068363642,-0.050148565,0.692057187
16.7894038,347.6479125,315.9623044,4100.036998,28.61284147,-80.59643859,11.38350891,11.31698252,67.89048899,-0.187725606,-0.17745377,-11.13770414,0.101744549,0.088350549,0.091941014,0.986604823,-1.571773271,-2.019114347,-10.84287279,0.067195263,-0.048719283,0.691052405
16.7994038,347.7617382,316.0754659,4100.715346,28.61284249,-80.59643743,11.38163001,11.31533456,67.77915477,-0.18767914,-0.168946416,-11.13488706,0.098334994,0.088929924,0.091933546,0.986899144,-1.588668094,-2.023043725,-10.83664635,0.065879695,-0.047284299,0.690051601
16.8094038,347.8755452,316.1886114,4101.392581,28.61284351,-80.59643626,11.37976715,11.31376706,67.66784653,-0.188192399,-0.160692197,-11.13193232,0.094929213,0.089500092,0.09191849,0.98718244,-1.604954052,-2.02635911,-10.83047307,0.064407358,-0.045876288,0.689054385
16.8194038,347.9893337,316.3017415,4102.068703,28.61284452,-80.59643509,11.37794327,11.31227613,67.55656066,-0.184265122,-0.152865243,-11.12972558,0.091527306,0.09006087,0.091895103,0.987454851,-1.625630925,-2.029918763,-10.82427212,0.062787222,-0.044468945,0.688059152
16.8294038,348.1031042,316.4148571,4102.743712,28.61284554,-80.59643393,11.37615294,11.31085825,67.44529867,-0.18061014,-0.145379521,-11.12742001,0.088129354,0.09061191,0.091862723,0.987716527,-1.645993286,-2.032756262,-10.8181255,0.06102637,-0.043010981,0.687064271
16.8394038,348.2168568,316.5279589,4103.417609,28.61284656,-80.59643276,11.37439013,11.30950957,67.33406227,-0.177555734,-0.138261287,-11.1249478,0.084735448,0.091152955,0.091820685,0.987967613,-1.665700143,-2.034771931,-10.81204199,0.059128734,-0.041487122,0.686069724
16.8494038,348.330592,316.6410475,4104.090394,28.61284757,-80.5964316,11.37264878,11.3082259,67.22285328,-0.175107089,-0.131545471,-11.12229888,0.081345681,0.091683851,0.091768362,0.988208237,-1.684734115,-2.03592702,-10.80602477,0.057101769,-0.039933315,0.685075519
16.8594038,348.44431,316.7541236,4104.762066,28.61284859,-80.59643043,11.37097583,11.30700132,67.11166395,-0.173263217,-0.125265249,-11.1194648,0.077960134,0.092204283,0.09170517,0.988438541,-1.703084978,-2.036186881,-10.80007655,0.054952409,-0.038358052,0.684081663
16.8694038,348.558012,316.8671877,4105.432627,28.61284961,-80.59642927,11.36942813,11.30582943,67.0004847,-0.160971823,-0.119741143,-11.11845161,0.074578843,0.092713267,0.091630581,0.988658729,-1.731854592,-2.037149034,-10.79402239,0.052692971,-0.036651115,0.683085347
16.8794038,348.671699,316.9802404,4106.102076,28.61285062,-80.5964281,11.36799943,11.30470518,66.88931748,-0.148692947,-0.114721319,-11.11736028,0.071201843,0.09320969,0.091544017,0.988869023,-1.760512678,-2.037095232,-10.78804005,0.050301672,-0.034719051,0.682083629
16.8894038,348.7853723,317.093282,4106.770413,28.61285164,-80.59642694,11.3666819,11.30362337,66.77816462,-0.13717695,-0.110213913,-11.11604369,0.067829155,0.093692488,0.091445026,0.989069629,-1.788267404,-2.035883181,-10.78214596,0.047799012,-0.03256896,0.681077088
16.8994038,348.899033,317.206313,4107.437639,28.61285266,-80.59642578,11.36546727,11.30257856,66.66702863,-0.126466912,-0.10623959,-11.1144843,0.064460794,0.094160654,0.091333259,0.989260741,-1.815036893,-2.033490138,-10.77634451,0.045189129,-0.030201095,0.680066297
16.9094038,349.0126818,317.3193337,4108.103754,28.61285367,-80.59642461,11.36429897,11.30156644,66.55592112,-0.116601662,-0.102814264,-11.11266637,0.061096774,0.094613436,0.091208481,0.989442517,-1.840743531,-2.029902742,-10.77063966,0.042534811,-0.027641175,0.679051762
16.9194038,349.1263189,317.4323444,4108.768758,28.61285469,-80.59642345,11.36311124,11.30058281,66.4448555,-0.117616719,-0.099692585,-11.1087107,0.057737152,0.095050764,0.091070437,0.989615051,-1.855207377,-2.023972941,-10.7651737,0.039825909,-0.024992689,0.678036465
16.9294038,349.239944,317.5453454,4109.432651,28.61285571,-80.59642228,11.36189527,11.29962188,66.33383464,-0.120058698,-0.097130972,-11.10436739,0.054381997,0.09547292,0.090918992,0.989778388,-1.867950591,-2.016922272,-10.75981453,0.037088451,-0.022368298,0.677023457
16.9394038,349.3535567,317.6583369,4110.095435,28.61285672,-80.59642112,11.36064362,11.29867775,66.22286117,-0.123259665,-0.095154388,-11.09975885,0.051031379,0.095880197,0.09075402,0.98993257,-1.879638177,-2.008839238,-10.75455341,0.03432956,-0.019808637,0.676012582
16.9494038,349.4671567,317.771319,4110.757109,28.61285774,-80.59641996,11.35934919,11.29774449,66.11193767,-0.127188166,-0.093770437,-11.09488958,0.047685361,0.096272951,0.090575518,0.990077624,-1.890292516,-1.999735677,-10.74939049,0.03157059,-0.017291276,0.67500365
16.9594038,349.5807437,317.8842918,4111.417674,28.61285876,-80.59641879,11.35805878,11.29681478,66.00105665,-0.131809491,-0.092980227,-11.08976636,0.044343994,0.096651459,0.090383581,0.99021357,-1.899940201,-1.989632362,-10.74432535,0.028838116,-0.014850519,0.673996492
16.9694038,349.6943181,317.9972553,4112.07713,28.61285977,-80.59641763,11.35682942,11.29588107,65.89020869,-0.125922808,-0.093072032,-11.08648063,0.041007301,0.097015387,0.090178264,0.990340495,-1.919932446,-1.979446442,-10.73919098,0.026121031,-0.012395369,0.672988098
16.9794038,349.8078805,318.1102094,4112.735478,28.61286079,-80.59641646,11.35565477,11.29493752,65.77939617,-0.120073863,-0.093767052,-11.0830669,0.037675285,0.097364207,0.089959697,0.990458498,-1.939560973,-1.9682011,-10.73414503,0.023431758,-0.009828198,0.671975335
16.9894038,349.9214313,318.223154,4113.392718,28.6128618,-80.5964153,11.35452717,11.29397842,65.66862175,-0.114984733,-0.095038672,-11.07938992,0.034347942,0.097697463,0.08972808,0.990567664,-1.958064214,-1.95586264,-10.72919944,0.020773945,-0.007144896,0.670958663
16.9994038,350.0349711,318.3360889,4114.04885,28.61286282,-80.59641414,11.35343895,11.29299817,65.55788805,-0.110662385,-0.09687566,-11.07544886,0.031025272,0.09801479,0.089483663,0.990668061,-1.975407488,-1.942464803,-10.72435519,0.018160062,-0.004370633,0.669938545
17.0094038,350.1485001,318.4490138,4114.703876,28.61286383,-80.59641298,11.35234842,11.29199223,65.4472041,-0.107108888,-0.099264748,-11.07124469,0.027707283,0.098316056,0.089226737,0.990759733,-1.991563701,-1.928045453,-10.71961285,0.01560969,-0.001525723,0.668915396
17.0194038,350.2620179,318.5619286,4115.357795,28.61286485,-80.59641181,11.35120769,11.2909564,65.33658,-0.111413845,-0.102003834,-11.06544756,0.024393998,0.098601611,0.088957732,0.99084266,-1.999305469,-1.91232204,-10.71507114,0.013146406,0.001308898,0.667891393
17.0294038,350.3755241,318.6748328,4116.010608,28.61286586,-80.59641065,11.35000956,11.28988564,65.22601819,-0.116838214,-0.105246847,-11.0593311,0.021085452,0.098871967,0.088677042,0.990916808,-2.005472688,-1.895755264,-10.71063601,0.010769949,0.004050258,0.66686876
17.0394038,350.4890179,318.7877262,4116.662315,28.61286688,-80.59640949,11.34874798,11.28877509,65.11552078,-0.122888302,-0.10898647,-11.05299443,0.017781678,0.099127687,0.088385135,0.99098213,-2.010565159,-1.878417802,-10.70629907,0.008492254,0.006697945,0.665847425
17.0494038,350.6024988,318.9006082,4117.312918,28.61286789,-80.59640832,11.34741736,11.28762015,65.00508974,-0.129520763,-0.113199722,-11.04645292,0.014482712,0.099369439,0.088082542,0.991038562,-2.014626937,-1.860363003,-10.70205774,0.00632425,0.009236423,0.664827287
17.0594038,350.7159659,319.0134784,4117.962417,28.61286891,-80.59640716,11.34598537,11.28641724,64.89473191,-0.136688065,-0.117860674,-11.03972358,0.011188592,0.099598056,0.087769887,0.991086015,-2.017709672,-1.841647547,-10.69790884,0.004286553,0.011635386,0.663808255
17.0694038,350.829418,319.1263364,4118.610813,28.61286992,-80.596406,11.34441527,11.28516323,64.78445479,-0.150016697,-0.122782377,-11.03177276,0.007899391,0.099814794,0.087447722,0.991124363,-2.014097829,-1.822275466,-10.69393813,0.002380936,0.01383474,0.662791718
17.0794038,350.9428537,319.2391815,4119.258107,28.61287094,-80.59640484,11.34270341,11.2838544,64.67425962,-0.164052889,-0.128082752,-11.02362999,0.004615179,0.100021025,0.087116716,0.991153456,-2.009358774,-1.802441554,-10.69006166,5.98E-04,0.015764928,0.661779146
17.0894038,351.0562716,319.3520133,4119.904299,28.61287195,-80.59640368,11.34084748,11.28248737,64.56414726,-0.178357809,-0.133738956,-11.01538779,0.001336037,0.100218202,0.086777509,0.991173139,-2.003962016,-1.782213061,-10.68626776,-0.001036661,0.017424041,0.660770194
17.0994038,351.1696702,319.4648311,4120.54939,28.61287297,-80.59640251,11.33884597,11.28105904,64.45411834,-0.19285341,-0.139719212,-11.00707106,-0.00193795,0.100407827,0.086430741,0.991183252,-1.998012916,-1.761646921,-10.68254987,-0.002549193,0.018783847,0.659764521
17.1094038,351.2830482,319.5776342,4121.193381,28.61287398,-80.59640135,11.33675464,11.27956501,64.34416303,-0.20746187,-0.145991356,-10.99870424,-0.005206721,0.100591145,0.08607716,0.991183653,-1.991618757,-1.740797856,-10.678901,-0.003911792,0.019854145,0.658761824
17.1194038,351.3964052,319.6904221,4121.836273,28.612875,-80.59640019,11.33464019,11.27800087,64.23426954,-0.210327948,-0.15286966,-10.99243725,-0.008470254,0.100768721,0.085717511,0.991174267,-1.996848983,-1.719414125,-10.67508749,-0.0051196,0.020751034,0.657758721
17.1294038,351.509741,319.803194,4122.478067,28.61287601,-80.59639903,11.33250256,11.27636454,64.12443813,-0.212583504,-0.15999308,-10.98625114,-0.011728546,0.100940874,0.085352587,0.991155042,-2.002394417,-1.697674139,-10.67130839,-0.00617413,0.021575932,0.6567517
17.1394038,351.6230552,319.9159492,4123.118762,28.61287703,-80.59639787,11.33034062,11.27465436,64.01466919,-0.214961183,-0.167300776,-10.98002157,-0.014981593,0.101107958,0.084983155,0.991125923,-2.007514564,-1.675654336,-10.6675742,-0.007068218,0.022341697,0.655741153
17.1494038,351.7363477,320.0286868,4123.75836,28.61287804,-80.59639671,11.32815346,11.27286906,63.90496297,-0.217441413,-0.174755842,-10.97376009,-0.018229396,0.101270375,0.08461007,0.991086846,-2.012235293,-1.65341364,-10.66388125,-0.00780679,0.023022582,0.654727493
17.1594038,351.8496179,320.1414063,4124.396862,28.61287905,-80.59639555,11.32585424,11.27101041,63.79533499,-0.220003241,-0.182318108,-10.96747899,-0.021471947,0.101428723,0.084234158,0.991037727,-2.016586434,-1.631015363,-10.66022537,-0.008366604,0.023637074,0.65371109
17.1694038,351.9628641,320.2541068,4125.034268,28.61288007,-80.59639439,11.32334076,11.26908114,63.68580314,-0.24057389,-0.189396998,-10.95799278,-0.024709155,0.101584867,0.083856178,0.990978362,-2.002400574,-1.609614086,-10.65696426,-0.008775731,0.024009921,0.65269702
17.1794038,352.076084,320.3667877,4125.670578,28.61288108,-80.59639323,11.32061299,11.26708121,63.57636692,-0.2620905,-0.196455741,-10.94838929,-0.027940902,0.101741,0.083476832,0.990908519,-1.987049143,-1.588499746,-10.65377015,-0.009044803,0.023930725,0.651690588
17.1894038,352.1892756,320.4794482,4126.305795,28.61288209,-80.59639207,11.31767294,11.26501034,63.46702547,-0.283432098,-0.203536352,-10.93886694,-0.031167068,0.10189934,0.083096843,0.990827963,-1.971719051,-1.567614848,-10.6506093,-0.009187903,0.023415177,0.650691148
17.1994038,352.3024368,320.5920877,4126.939919,28.61288311,-80.59639091,11.31452354,11.26286851,63.35777774,-0.304528782,-0.210637413,-10.92943858,-0.03438754,0.102062026,0.082716963,0.990736465,-1.956531943,-1.546968259,-10.64746945,-0.009187133,0.022447814,0.649698027
17.2094038,352.4155657,320.7047053,4127.572951,28.61288412,-80.59638975,11.31126913,11.26065316,63.24860511,-0.325285868,-0.217724306,-10.920127,-0.037602215,0.102230823,0.082337838,0.990633844,-1.941635817,-1.526599053,-10.64433813,-0.009077471,0.021057618,0.648710622
17.2194038,352.5286622,320.8173005,4128.204891,28.61288513,-80.59638859,11.30803406,11.25836181,63.13948559,-0.324646138,-0.225353274,-10.91456916,-0.04081108,0.102406147,0.081960265,0.990520041,-1.948356768,-1.504607265,-10.64067958,-0.008835137,0.019430858,0.64772283
17.2294038,352.6417265,320.9298723,4128.835741,28.61288614,-80.59638743,11.30482417,11.25599587,63.03041769,-0.322307425,-0.232892504,-10.90935087,-0.044014159,0.102587944,0.081585083,0.990395043,-1.956775297,-1.48260748,-10.63696211,-0.008426565,0.017803529,0.646728298
17.2394038,352.7547588,321.0424201,4129.4655,28.61288716,-80.59638628,11.30164296,11.25355718,62.92140027,-0.319612421,-0.240265031,-10.90424582,-0.047211474,0.10277613,0.081213038,0.990258848,-1.965539545,-1.460764788,-10.63321574,-0.00786491,0.016179097,0.645727661
17.2494038,352.8677595,321.1549432,4130.094169,28.61288817,-80.59638512,11.29849383,11.25104789,62.81243214,-0.316572523,-0.247437382,-10.89925711,-0.050403046,0.102970601,0.080844836,0.990111459,-1.974643773,-1.439122427,-10.62943826,-0.007173042,0.014571731,0.6447216
17.2594038,352.9807285,321.2674409,4130.721749,28.61288918,-80.59638396,11.29530429,11.24847242,62.70352519,-0.313200089,-0.254378195,-10.89438723,-0.053588892,0.103171444,0.080481186,0.989952859,-1.984081564,-1.417720986,-10.62562766,-0.006330611,0.012970874,0.643710723
17.2694038,353.0936651,321.3799125,4131.34824,28.61289019,-80.5963828,11.29198749,11.24583572,62.59469372,-0.325306996,-0.26065602,-10.88690822,-0.056768972,0.10337966,0.080122717,0.989782946,-1.97793362,-1.398527495,-10.62216721,-0.005374109,0.011261556,0.642699748
17.2794038,353.2065679,321.4923574,4131.973643,28.6128912,-80.59638165,11.28854642,11.24314072,62.48593637,-0.337976626,-0.266635154,-10.87941215,-0.059943216,0.103596572,0.079769955,0.989601594,-1.971286221,-1.379953599,-10.6186953,-0.004319856,0.00928569,0.641693564
17.2894038,353.3194356,321.6047751,4132.597959,28.61289221,-80.59638049,11.28498627,11.24039056,62.37725139,-0.350151589,-0.272313009,-10.87208544,-0.063111557,0.103823467,0.07942343,0.989408681,-1.965245412,-1.361904466,-10.61517918,-0.003186386,0.007035163,0.640691803
17.2994038,353.4322672,321.717165,4133.221188,28.61289322,-80.59637933,11.28131275,11.2375887,62.26863691,-0.361781663,-0.277660504,-10.86493997,-0.066273928,0.104061545,0.079083619,0.989204095,-1.959901577,-1.344400713,-10.61161036,-0.001972284,0.004519911,0.63969405
17.3094038,353.5450615,321.8295267,4133.843332,28.61289423,-80.59637818,11.27751263,11.23473925,62.16009426,-0.37282126,-0.282650614,-10.85798623,-0.06943025,0.104312053,0.078750926,0.988987729,-1.95533856,-1.327458691,-10.6079808,-6.86E-04,0.001762474,0.638699934
17.3194038,353.657817,321.9418597,4134.46439,28.61289524,-80.59637702,11.27356945,11.2318466,62.05162527,-0.387260603,-0.287171787,-10.85054811,-0.07258043,0.104576426,0.078425704,0.988759456,-1.947593544,-1.31169762,-10.6043935,6.32E-04,-0.001280429,0.637710189
17.3294038,353.7705324,322.0541635,4135.084364,28.61289625,-80.59637587,11.26949004,11.22891489,61.94322778,-0.401255802,-0.291288009,-10.843285,-0.075724373,0.10485607,0.078108277,0.988519156,-1.940573055,-1.296599165,-10.60074013,0.001999571,-0.004616406,0.636725652
17.3394038,353.8832064,322.1664379,4135.703255,28.61289726,-80.59637471,11.26528222,11.22594842,61.83489944,-0.414496027,-0.294982326,-10.83625104,-0.078861978,0.105152358,0.077798881,0.988266717,-1.934631859,-1.282127563,-10.5970046,0.003380464,-0.008241032,0.635745862
17.3494038,353.9958377,322.2786824,4136.321063,28.61289827,-80.59637356,11.2609543,11.22295171,61.72663782,-0.426928849,-0.298235788,-10.82945569,-0.081993157,0.105466537,0.077497789,0.988002037,-1.929863901,-1.268277048,-10.59317809,0.004789037,-0.012145038,0.634770387
17.3594038,354.108425,322.3908968,4136.937788,28.61289928,-80.59637241,11.25648712,11.21992998,61.61844511,-0.438508424,-0.301027887,-10.82290755,-0.085117811,0.105799813,0.07720514,0.987725025,-1.926354208,-1.255043652,-10.58925211,0.006202157,-0.016285778,0.633798838
17.3694038,354.2209669,322.5030809,4137.553432,28.61290029,-80.59637125,11.25185652,11.21688868,61.51032429,-0.455019562,-0.303232631,-10.81563575,-0.088235812,0.106153753,0.076921008,0.987435558,-1.91836953,-1.243465606,-10.5853966,0.007602881,-0.020710542,0.632832415
17.3794038,354.3334616,322.6152345,4138.167995,28.6129013,-80.5963701,11.24707185,11.21383273,61.40227271,-0.470934945,-0.30494505,-10.80857251,-0.091347031,0.106529897,0.076645388,0.98713352,-1.911482196,-1.232607096,-10.58144255,0.008965715,-0.025468571,0.631872456
17.3894038,354.4459078,322.7273575,4138.781478,28.61290231,-80.59636895,11.24214364,11.21076715,61.29428753,-0.485824271,-0.306160795,-10.80178886,-0.094451335,0.106929637,0.076378195,0.986818813,-1.906165234,-1.222376008,-10.57736892,0.010276164,-0.030522196,0.630918411
17.3994038,354.558304,322.8394499,4139.393881,28.61290332,-80.5963678,11.23708292,11.20769699,61.18636587,-0.499634343,-0.306872055,-10.79529197,-0.0975486,0.107354259,0.076119314,0.98649135,-1.902510638,-1.212738976,-10.57316656,0.011523807,-0.035838288,0.629969755
17.4094038,354.6706494,322.9515115,4140.005205,28.61290432,-80.59636665,11.23200558,11.20462554,61.07848735,-0.512317612,-0.307072503,-10.78908815,-0.100638723,0.107804676,0.075868677,0.986151075,-1.90060167,-1.203660131,-10.56882688,0.012706189,-0.041416992,0.62902602
17.4194038,354.7829446,323.0635424,4140.615451,28.61290533,-80.5963655,11.22704717,11.20155574,60.97062824,-0.502062047,-0.307147126,-10.78681475,-0.103721699,0.108280347,0.075626341,0.985798069,-1.922087218,-1.19051348,-10.56361853,0.013868426,-0.047038868,0.628080948
17.4294038,354.8951908,323.1755426,4141.224618,28.61290634,-80.59636435,11.22221917,11.19849275,60.86278542,-0.489467076,-0.306725655,-10.78505088,-0.106797558,0.108780193,0.075392332,0.985432467,-1.946486711,-1.17733999,-10.55822149,0.015036663,-0.052465302,0.627127963
17.4394038,355.0073894,323.2875123,4141.832706,28.61290735,-80.5963632,11.21753002,11.19544171,60.75495622,-0.475991889,-0.305786841,-10.78355674,-0.109866336,0.109303059,0.07516663,0.985054418,-1.972334188,-1.164413838,-10.55268724,0.016218771,-0.057677961,0.626167792
17.4494038,355.1195419,323.3994515,4142.439717,28.61290835,-80.59636205,11.21298737,11.19240767,60.64713812,-0.461711341,-0.304337598,-10.7823226,-0.112928083,0.10984767,0.074949221,0.984664081,-1.999535243,-1.151723955,-10.54702187,0.017402827,-0.062644577,0.625201205
17.4594038,355.2316496,323.5113605,4143.045649,28.61290936,-80.5963609,11.20859155,11.18939575,60.53932978,-0.446704104,-0.30238611,-10.78133789,-0.115982856,0.110412708,0.074740074,0.984261618,-2.027988947,-1.139261414,-10.54123204,0.018594364,-0.067359121,0.624228895
17.4694038,355.3437142,323.6232395,4143.650503,28.61291037,-80.59635975,11.20434093,11.18641096,60.43153023,-0.432413139,-0.299915009,-10.78035678,-0.119030706,0.11099686,0.074539037,0.983847204,-2.056249305,-1.127349403,-10.53536637,0.01978215,-0.071808461,0.623251849
17.4794038,355.455737,323.7350888,4144.25428,28.61291137,-80.5963586,11.20024089,11.18345801,60.32373729,-0.417618893,-0.296964403,-10.77958749,-0.122071695,0.111598771,0.074345999,0.983421013,-2.085494922,-1.115675975,-10.52939114,0.020960199,-0.075989075,0.622271014
17.4894038,355.5677195,323.8469088,4144.856978,28.61291238,-80.59635746,11.19629619,11.18054144,60.21594888,-0.402310687,-0.29355061,-10.77903293,-0.125105882,0.11221708,0.074160787,0.982983226,-2.115709406,-1.10420938,-10.52331089,0.022128364,-0.079904451,0.621286821
17.4994038,355.6796634,323.9586998,4145.458599,28.61291338,-80.59635631,11.19251084,11.17766559,60.10816303,-0.386563057,-0.289691556,-10.77868064,-0.128133329,0.112850328,0.073983165,0.982534043,-2.146791056,-1.092935728,-10.51713307,0.023274524,-0.083539938,0.620299644
17.5094038,355.7915702,324.0704623,4146.059141,28.61291439,-80.59635516,11.18885414,11.1748354,60.00038398,-0.370452367,-0.285408748,-10.77851678,-0.131154106,0.11349708,0.073812918,0.982073656,-2.178632943,-1.081839261,-10.51086578,0.024404511,-0.086865392,0.619309822
17.5194038,355.9034408,324.1821967,4146.658606,28.61291539,-80.59635402,11.1852886,11.17205579,59.89261725,-0.361129998,-0.280555979,-10.77726736,-0.134168244,0.114156347,0.073649709,0.981602227,-2.204214327,-1.072862954,-10.5047143,0.02550794,-0.089947284,0.618319612
17.5294038,356.0152763,324.2939036,4147.256994,28.6129164,-80.59635287,11.18181657,11.16933054,59.7848614,-0.351926445,-0.275303314,-10.77610216,-0.137175761,0.114827232,0.073493103,0.981119912,-2.23005409,-1.064223484,-10.4984908,0.026533823,-0.092846953,0.617331362
17.5394038,356.1270775,324.4055835,4147.854304,28.6129174,-80.59635173,11.17844069,11.16666316,59.67711495,-0.342435649,-0.269687492,-10.77509065,-0.140176682,0.115508806,0.073342697,0.980626872,-2.256527026,-1.055768602,-10.49218806,0.027496474,-0.09555513,0.616344957
17.5494038,356.2388454,324.517237,4148.450536,28.6129184,-80.59635058,11.17516315,11.1640569,59.5693765,-0.332703712,-0.263733842,-10.7742222,-0.143171029,0.116200084,0.07319805,0.980123279,-2.283564457,-1.047471344,-10.48581177,0.028395031,-0.098068543,0.615360255
17.5594038,356.3505809,324.6288648,4149.045691,28.61291941,-80.59634944,11.1719508,11.16151566,59.46165119,-0.322777411,-0.257469418,-10.77348546,-0.146158817,0.11690015,0.073058644,0.979609304,-2.311094763,-1.039304171,-10.47936795,0.029210571,-0.100364923,0.614377128
17.5694038,356.4622845,324.7404676,4149.639769,28.61292041,-80.59634829,11.16876378,11.15904333,59.35394548,-0.319964612,-0.250723065,-10.77153816,-0.149140028,0.117608542,0.072923924,0.979085075,-2.332014853,-1.033485151,-10.47305537,0.029942925,-0.102506631,0.613397511
17.5794038,356.5739563,324.8520459,4150.23277,28.61292142,-80.59634715,11.16560333,11.15664242,59.24625843,-0.317406119,-0.243700593,-10.76961953,-0.15211462,0.11832493,0.072793206,0.978550715,-2.352978851,-1.027945648,-10.46669287,0.030547949,-0.104574023,0.612423488
17.5894038,356.6855967,324.9636007,4150.824694,28.61292242,-80.59634601,11.16247129,11.15431509,59.13858899,-0.314654215,-0.236445994,-10.76780712,-0.15508256,0.119048931,0.072665868,0.978006351,-2.374405265,-1.022499123,-10.46027147,0.031022455,-0.106549843,0.61145461
17.5994038,356.7972058,325.0751325,4151.415542,28.61292342,-80.59634486,11.15936933,11.15206323,59.03093622,-0.311726309,-0.228988211,-10.76609394,-0.15804381,0.119780137,0.072541219,0.977452119,-2.396260372,-1.01710465,-10.45379462,0.031376124,-0.108422929,0.610490432
17.6094038,356.9087843,325.1866422,4152.005313,28.61292442,-80.59634372,11.15635928,11.14988648,58.92328796,-0.308639828,-0.221358494,-10.7644724,-0.160998343,0.120517964,0.072418635,0.976888169,-2.418508037,-1.011718529,-10.44726608,0.031603194,-0.110200175,0.609530552
17.6194038,357.0203336,325.2981305,4152.594008,28.61292543,-80.59634258,11.15351353,11.14778368,58.8156299,-0.292842983,-0.213989406,-10.76529179,-0.1639462,0.121260947,0.072297565,0.976314749,-2.453151137,-1.001992476,-10.44035998,0.031735238,-0.111758775,0.608570978
17.6294038,357.1318552,325.4095981,4153.181626,28.61292643,-80.59634143,11.15083226,11.14575549,58.70796123,-0.276326822,-0.2065589,-10.76632752,-0.166887439,0.122007395,0.072177528,0.975732126,-2.488601701,-0.991820153,-10.43340719,0.031814367,-0.112963944,0.607607511
17.6394038,357.2433508,325.5210458,4153.768167,28.61292743,-80.59634029,11.14831369,11.14380232,58.60028155,-0.259957416,-0.1990726,-10.76741146,-0.169822126,0.122755605,0.072058028,0.975140578,-2.523979759,-0.981459215,-10.42643857,0.031859114,-0.113817647,0.606640495
17.6494038,357.354822,325.6324744,4154.353631,28.61292843,-80.59633915,11.14595545,11.14192426,58.49259068,-0.243796252,-0.191561244,-10.7685246,-0.172750322,0.123503903,0.071938563,0.974540382,-2.559177091,-0.970898592,-10.41946365,0.031845597,-0.114311422,0.605670316
17.6594038,357.4662703,325.7438846,4154.938019,28.61292944,-80.59633801,11.14372721,11.14012232,58.38489391,-0.227899858,-0.184052886,-10.7696486,-0.175672098,0.12425061,0.071818642,0.973931816,-2.594091532,-0.960129931,-10.41249174,0.031796671,-0.114460055,0.604697318
17.6694038,357.5776968,325.8552771,4155.521329,28.61293044,-80.59633687,11.14159353,11.13839774,58.27719766,-0.21802726,-0.176325288,-10.7696572,-0.178587498,0.124994426,0.071697712,0.973315127,-2.623231368,-0.951325876,-10.40566091,0.031699549,-0.114279017,0.60372351
17.6794038,357.6891025,325.9666528,4156.103563,28.61293144,-80.59633572,11.13955134,11.13675025,58.1695022,-0.208749678,-0.168596085,-10.76958835,-0.181496541,0.125734269,0.07157517,0.972690544,-2.651727508,-0.942496571,-10.39884973,0.031520027,-0.113852144,0.602750981
17.6894038,357.8004882,326.0780124,4156.684719,28.61293244,-80.59633458,11.13759786,11.13517929,58.0618078,-0.199734251,-0.160909967,-10.76949799,-0.184399252,0.126469107,0.071450465,0.972058286,-2.6798582,-0.933485318,-10.39205649,0.031265881,-0.113198457,0.601779684
17.6994038,357.9118547,326.1893566,4157.264799,28.61293344,-80.59633344,11.13573,11.13368399,57.95411492,-0.191012861,-0.153295947,-10.76937136,-0.187295645,0.127197961,0.071323017,0.971418575,-2.707556849,-0.92427461,-10.38528754,0.03094115,-0.112314084,0.600809538
17.7094038,358.0232032,326.3006863,4157.843802,28.61293444,-80.5963323,11.13398501,11.13226172,57.8464159,-0.182614393,-0.145783926,-10.76919373,-0.19018575,0.127919765,0.07119235,0.970771633,-2.734759955,-0.914845446,-10.37854905,0.030542783,-0.111227042,0.599840474
17.7194038,358.134535,326.4120021,4158.421727,28.61293544,-80.59633116,11.13240757,11.13090933,57.73870147,-0.16609351,-0.138706175,-10.77067309,-0.193069648,0.128632887,0.071058088,0.970117745,-2.769354398,-0.901775949,-10.37167786,0.030112665,-0.109854337,0.598869924
17.7294038,358.2458519,326.5233047,4158.998576,28.61293645,-80.59633002,11.13099397,11.12962513,57.63097221,-0.149469838,-0.131799876,-10.77219773,-0.195947425,0.129335661,0.070919908,0.969457199,-2.803732461,-0.888180297,-10.36485294,0.029687266,-0.108122896,0.597895163
17.7394038,358.3571554,326.6345948,4159.574347,28.61293745,-80.59632888,11.12973901,11.12840722,57.5232291,-0.133337526,-0.125071748,-10.77363593,-0.198819175,0.130026459,0.070777548,0.968790274,-2.837285219,-0.874279963,-10.35809346,0.029272456,-0.106049769,0.596916578
17.7494038,358.4684471,326.7458731,4160.14904,28.61293845,-80.59632774,11.12863696,11.12725346,57.41547334,-0.117750581,-0.118545669,-10.77496478,-0.20168499,0.130703683,0.070630714,0.968117252,-2.869913615,-0.860087207,-10.35140715,0.028875258,-0.103651678,0.595934572
17.7594038,358.5797284,326.8571401,4160.722656,28.61293945,-80.5963266,11.12762088,11.12616358,57.30771925,-0.102761017,-0.112246918,-10.77616094,-0.204544934,0.131366002,0.070479039,0.967438395,-2.901520301,-0.845613232,-10.34480169,0.02847738,-0.100924608,0.594949504
17.7694038,358.6909996,326.9683965,4161.295195,28.61294045,-80.59632546,11.12661188,11.12513748,57.19998398,-0.101089936,-0.105754683,-10.77451211,-0.207399009,0.132012944,0.070322087,0.966753866,-2.920248852,-0.836299155,-10.33848465,0.028050918,-0.097995626,0.593965401
17.7794038,358.8022607,327.079643,4161.866656,28.61294145,-80.59632432,11.12560283,11.12417228,57.09226968,-0.100807067,-0.099514332,-10.77250947,-0.210247183,0.132644365,0.070159327,0.966063799,-2.937210844,-0.827158152,-10.33226148,0.027541077,-0.095013327,0.592986515
17.7894038,358.9135116,327.1908802,4162.43704,28.61294245,-80.59632318,11.12458805,11.12326485,56.98457825,-0.101097395,-0.093577236,-10.77031775,-0.213089419,0.133260123,0.06999024,0.965368326,-2.953147817,-0.817828884,-10.326122,0.026939287,-0.091972306,0.592012473
17.7994038,359.0247524,327.3021085,4163.006347,28.61294345,-80.59632204,11.12356196,11.12241183,56.87691168,-0.101951743,-0.087965485,-10.76793189,-0.215925678,0.133860191,0.069814374,0.964667561,-2.96805119,-0.808292197,-10.32006904,0.026249802,-0.088886593,0.591042866
17.8094038,359.1359831,327.4133286,4163.574578,28.61294445,-80.5963209,11.12259661,11.12160696,56.76925525,-0.103356962,-0.082697302,-10.7653488,-0.218755939,0.134444346,0.06963137,0.963961633,-2.981920135,-0.798531828,-10.31410469,0.025488411,-0.085779123,0.590077324
17.8194038,359.2472048,327.5245408,4164.141732,28.61294545,-80.59631976,11.12177883,11.12084331,56.66159097,-0.089132109,-0.078361371,-10.76604966,-0.221580265,0.135011479,0.069441119,0.963250755,-3.009564958,-0.781165285,-10.30796828,0.024711974,-0.082536349,0.58911071
17.8294038,359.3584191,327.6357456,4164.70781,28.61294645,-80.59631862,11.12110347,11.12011704,56.55392056,-0.074539282,-0.07443204,-10.76677059,-0.224398759,0.135560146,0.069243627,0.962535175,-3.036887026,-0.762978043,-10.30192346,0.024009226,-0.079006779,0.588137587
17.8394038,359.4696273,327.7469432,4165.272811,28.61294745,-80.59631748,11.12056332,11.11942427,56.44624633,-0.060651537,-0.070886127,-10.76727076,-0.227211512,0.136089077,0.069038911,0.961815118,-3.06285992,-0.744465864,-10.29599353,0.023373282,-0.075208,0.58715851
17.8494038,359.5808308,327.8581341,4165.836735,28.61294845,-80.59631634,11.12015074,11.11876099,56.33857076,-0.047506621,-0.067735232,-10.76753194,-0.230018623,0.136597024,0.068827049,0.961090799,-3.087413239,-0.725660489,-10.29018393,0.022816199,-0.071160244,0.58617408
17.8594038,359.6920306,327.9693186,4166.399582,28.61294945,-80.59631521,11.11981594,11.11812458,56.23090579,-0.035141155,-0.064988804,-10.76753662,-0.232820173,0.137082955,0.068608086,0.960362411,-3.110479896,-0.706597363,-10.28449991,0.022342192,-0.066876267,0.585184837
17.8694038,359.8032272,328.0804967,4166.961353,28.61295045,-80.59631407,11.11950092,11.11751262,56.12326536,-0.032317639,-0.0623499,-10.76532656,-0.235616184,0.137546507,0.068381934,0.959630076,-3.124103855,-0.691516045,-10.27905484,0.021904802,-0.062448969,0.584193825
17.8794038,359.9144207,328.1916689,4167.522048,28.61295145,-80.59631293,11.11919719,11.11692088,56.01565251,-0.030811624,-0.060113754,-10.7627108,-0.238406666,0.137987484,0.068148532,0.958893891,-3.135758767,-0.676563415,-10.27374253,0.021473789,-0.057976367,0.583204211
17.8894038,360.0256111,328.3028352,4168.081666,28.61295245,-80.59631179,11.11889723,11.11634508,55.90807008,-0.030060416,-0.058305008,-10.75981062,-0.241191622,0.138405782,0.067907821,0.958153938,-3.145947184,-0.661487113,-10.26855778,0.021049203,-0.053466621,0.58221595
17.8994038,360.1367986,328.4139958,4168.640209,28.61295345,-80.59631065,11.11859369,11.11578089,55.80052092,-0.030053173,-0.056927728,-10.7566258,-0.243971043,0.138801427,0.067659768,0.957410283,-3.154673602,-0.646298333,-10.26350211,0.020630976,-0.048942946,0.58122895
17.9094038,360.2479829,328.5251508,4169.197677,28.61295445,-80.59630951,11.11824583,11.11522515,55.69301533,-0.03077446,-0.05598368,-10.75315823,-0.246744905,0.139174634,0.067404331,0.956662965,-3.161950806,-0.631007831,-10.25857639,0.020215412,-0.044436182,0.580243127
17.9194038,360.3591632,328.6363003,4169.75407,28.61295545,-80.59630837,11.11780696,11.11467498,55.58556495,-0.039199156,-0.055224581,-10.74784758,-0.24951314,0.139526054,0.067141386,0.955911977,-3.161572367,-0.619179269,-10.253872,0.019773417,-0.040003711,0.579260474
17.9294038,360.4703387,328.7474443,4170.309388,28.61295645,-80.59630723,11.11727058,11.11412609,55.47817237,-0.048670073,-0.054881672,-10.74218655,-0.252275652,0.139856588,0.066870736,0.955157283,-3.159523897,-0.607521393,-10.24930627,0.019271501,-0.035718804,0.578283144
17.9394038,360.5815083,328.8585828,4170.863633,28.61295745,-80.59630609,11.11663143,11.11357418,55.37083988,-0.058692689,-0.054969034,-10.73628929,-0.255032341,0.1401672,0.066592253,0.954398833,-3.156265895,-0.595796397,-10.24487122,0.018694768,-0.031612644,0.577310739
17.9494038,360.6926709,328.9697158,4171.416805,28.61295845,-80.59630495,11.11588472,11.11301506,55.26356961,-0.069217558,-0.055481367,-10.73017139,-0.257783104,0.140458881,0.066305807,0.953636574,-3.151864429,-0.58399329,-10.24056393,0.018064926,-0.02768371,0.576342854
17.9594038,360.8038257,329.0808431,4171.968905,28.61295945,-80.59630382,11.11505072,11.11244365,55.1563581,-0.080195224,-0.056412721,-10.72384871,-0.260527838,0.140732605,0.066011307,0.952870446,-3.146386061,-0.572100059,-10.23638125,0.017354705,-0.023943912,0.575379124
17.9694038,360.9149718,329.1919646,4172.519933,28.61296044,-80.59630268,11.11415463,11.11185481,55.04920079,-0.086461154,-0.057944599,-10.7184666,-0.263266471,0.140989085,0.065708793,0.952100414,-3.144367115,-0.557368463,-10.23223608,0.016613424,-0.020370101,0.574417666
17.9794038,361.0261086,329.3030801,4173.069889,28.61296144,-80.59630154,11.11319291,11.11124453,54.94209945,-0.092825037,-0.059891325,-10.71296209,-0.26599894,0.141229007,0.065398385,0.951326434,-3.141588737,-0.542336267,-10.22819885,0.015860583,-0.016919654,0.573456509
17.9894038,361.1372354,329.4141894,4173.618775,28.61296244,-80.5963004,11.11216185,11.11060898,54.83505582,-0.099579512,-0.062228329,-10.70727558,-0.268725172,0.141453117,0.06508019,0.950548456,-3.137814954,-0.527182378,-10.22427185,0.015104389,-0.013616303,0.572495633
17.9994038,361.2483515,329.5252922,4174.16659,28.61296344,-80.59629926,11.11105805,11.10994446,54.72807155,-0.106689498,-0.064942675,-10.70142025,-0.271445101,0.141662154,0.064754351,0.949766427,-3.133098605,-0.511910723,-10.22045185,0.014333119,-0.010462445,0.571535054
18.0094038,361.3594562,329.6363882,4174.713337,28.61296444,-80.59629812,11.1098394,11.10924893,54.62115662,-0.114121242,-0.068020112,-10.69540932,-0.274158647,0.141857059,0.064421028,0.948980264,-3.127492074,-0.4965267,-10.21673556,0.013566678,-0.007465845,0.570574784
18.0194038,361.4705478,329.7474771,4175.259014,28.61296544,-80.59629699,11.10845713,11.10852086,54.51432232,-0.129981105,-0.071128077,-10.68748319,-0.276865666,0.142039316,0.064080198,0.948189835,-3.114082893,-0.485607246,-10.21327198,0.012753488,-0.004696324,0.569617349
18.0294038,361.5816248,329.8585585,4175.803623,28.61296644,-80.59629585,11.1069094,11.10775713,54.40756955,-0.146488772,-0.074539525,-10.6793625,-0.279565997,0.142210593,0.0637318,0.947394985,-3.099636872,-0.47489078,-10.20992304,0.01183957,-0.002255896,0.568665472
18.0394038,361.6926854,329.9696321,4176.347166,28.61296744,-80.59629471,11.1051958,11.1069548,54.30089878,-0.163064545,-0.078255263,-10.67118275,-0.282259479,0.142372545,0.063375788,0.94659556,-3.084696152,-0.464068056,-10.20667162,0.010835508,-1.17E-04,0.567718763
18.0494038,361.8037281,330.0806975,4176.889642,28.61296844,-80.59629357,11.10331648,11.10611115,54.19431031,-0.179652563,-0.082255193,-10.66296439,-0.284945943,0.142526897,0.063012128,0.945791396,-3.069351961,-0.453120433,-10.20350974,0.00972498,0.001691023,0.566776817
18.0594038,361.9147514,330.1917542,4177.431052,28.61296944,-80.59629243,11.10133891,11.10522071,54.08779013,-0.1961994,-0.086517194,-10.65472726,-0.287625249,0.142675155,0.062640921,0.944982344,-3.053695593,-0.442030442,-10.20042866,0.008518932,0.003176407,0.565839266
18.0694038,362.0257548,330.3028017,4177.971398,28.61297043,-80.5962913,11.09934329,11.10427754,53.9813217,-0.198728898,-0.091637929,-10.6494222,-0.290297347,0.142817989,0.062262539,0.944168337,-3.049437325,-0.422560494,-10.19708088,0.007303333,0.004432282,0.564901343
18.0794038,362.1367382,330.4138395,4178.510679,28.61297143,-80.59629016,11.09733087,11.10327933,53.87490513,-0.200399318,-0.097033257,-10.64425621,-0.292962215,0.142955797,0.06187745,0.943349332,-3.04550148,-0.402350524,-10.19376282,0.006145445,0.005592518,0.56395797
18.0894038,362.2477014,330.5248671,4179.048896,28.61297243,-80.59628902,11.09530151,11.10222407,53.76854079,-0.202087883,-0.102641765,-10.63904971,-0.295619843,0.143089002,0.061486192,0.942525275,-3.041173959,-0.38194436,-10.19049228,0.005065558,0.006646172,0.563009586
18.0994038,362.3586442,330.6358838,4179.58605,28.61297343,-80.59628789,11.09325518,11.10111001,53.66222897,-0.203784517,-0.108438764,-10.63381122,-0.298270223,0.143218,0.061089296,0.941696117,-3.036487508,-0.361368823,-10.18726579,0.004069275,0.007581925,0.562056684
18.1094038,362.4695663,330.7468891,4180.122141,28.61297443,-80.59628675,11.0911552,11.09993725,53.55597755,-0.205480334,-0.11440034,-10.62854877,-0.300913333,0.143343341,0.060687245,0.940861792,-3.031473294,-0.340650166,-10.18408001,0.003149171,0.008423891,0.561099708
18.1194038,362.580467,330.8578824,4180.657169,28.61297543,-80.59628561,11.08895821,11.09870652,53.4497957,-0.214825014,-0.120157818,-10.62166754,-0.303549103,0.143466051,0.060280377,0.940022186,-3.01990706,-0.324516879,-10.18112269,0.002258822,0.00908436,0.560141509
18.1294038,362.6913452,330.968863,4181.191137,28.61297642,-80.59628448,11.08666455,11.09741683,53.34368331,-0.224553439,-0.126005416,-10.61470581,-0.306177449,0.143587287,0.059868992,0.939177174,-3.00782424,-0.308607395,-10.17821378,0.00135392,0.009511709,0.559185088
18.1394038,362.8022,331.0798305,4181.724043,28.61297742,-80.59628334,11.08427557,11.09606738,53.23764003,-0.234156157,-0.131944549,-10.60777586,-0.308798291,0.143708215,0.059453418,0.938326625,-2.995679214,-0.292626832,-10.17533403,4.45E-04,0.009695881,0.558230376
18.1494038,362.9130304,331.1907842,4182.25589,28.61297842,-80.59628221,11.08179282,11.09465748,53.13166541,-0.243614098,-0.137957767,-10.60088604,-0.311411547,0.143829981,0.059033962,0.937470414,-2.983522246,-0.276576367,-10.17247588,-4.81E-04,0.009645087,0.557277261
18.1594038,363.0238354,331.3017235,4182.786677,28.61297942,-80.59628107,11.07919972,11.09318743,53.02576271,-0.252907099,-0.144031686,-10.59404384,-0.314017128,0.143953816,0.058610926,0.936608404,-2.9714013,-0.260452079,-10.16963181,-0.0014182,0.009354768,0.556325642
18.1694038,363.1346139,331.4126477,4183.316405,28.61298041,-80.59627994,11.07647636,11.0916578,52.91993579,-0.265840404,-0.149977667,-10.58647274,-0.316614928,0.144081097,0.058184535,0.935740447,-2.956313343,-0.246687589,-10.16690347,-0.002390447,0.008795341,0.555376654
18.1794038,363.2453645,331.5235564,4183.845076,28.61298141,-80.5962788,11.07362482,11.0900683,52.81418394,-0.278789529,-0.155952825,-10.578924,-0.319204836,0.144213288,0.057755019,0.934866385,-2.941212674,-0.233006768,-10.16418486,-0.003415571,0.007955423,0.554431538
18.1894038,363.356086,331.6344489,4184.372689,28.61298241,-80.59627767,11.07064796,11.08841879,52.70850626,-0.291471297,-0.161950229,-10.57145956,-0.321786739,0.144351805,0.057322582,0.933986066,-2.926366612,-0.219236648,-10.16145926,-0.004496033,0.006821189,0.553490029
18.1994038,363.4667771,331.7453246,4184.899246,28.61298341,-80.59627653,11.06754905,11.08670936,52.60290174,-0.303846008,-0.167949916,-10.56409128,-0.324360524,0.144498054,0.056887399,0.933099345,-2.911846865,-0.205358419,-10.15871694,-0.005636262,0.005415989,0.552551856
18.2094038,363.5774367,331.8561829,4185.424747,28.6129844,-80.5962754,11.06436252,11.08493907,52.49736301,-0.315873989,-0.173931097,-10.55683089,-0.326926091,0.144653284,0.056449687,0.932206088,-2.89772485,-0.191352217,-10.1559481,-0.006840376,0.003733499,0.551616776
18.2194038,363.6880642,331.9670232,4185.949194,28.6129854,-80.59627427,11.06112907,11.08310703,52.39188144,-0.321097782,-0.180128061,-10.55098713,-0.329483389,0.144818344,0.056009825,0.931306203,-2.889092654,-0.172997095,-10.15293529,-0.008061378,0.001841894,0.55068251
18.2294038,363.7986591,332.0778448,4186.472585,28.6129864,-80.59627313,11.05785332,11.08121412,52.28645568,-0.325526176,-0.186263747,-10.54534481,-0.332032391,0.144993885,0.055568262,0.930399609,-2.881237388,-0.154193973,-10.1498598,-0.009249642,-2.16E-04,0.549746636
18.2394038,363.9092211,332.1886472,4186.994923,28.61298739,-80.596272,11.0545393,11.07926146,52.18108444,-0.329556378,-0.192298806,-10.5398274,-0.334573068,0.145180541,0.055125408,0.929486236,-2.873874608,-0.135216297,-10.14672899,-0.010410019,-0.002415729,0.54880929
18.2494038,364.0197498,332.2994299,4187.516207,28.61298839,-80.59627087,11.05119114,11.07725036,52.0757664,-0.333178324,-0.198212076,-10.53444051,-0.337105395,0.145378911,0.054681682,0.928566012,-2.867038414,-0.116069742,-10.14353741,-0.011540515,-0.004754096,0.547870637
18.2594038,364.1302449,332.4101921,4188.036438,28.61298939,-80.59626974,11.04782745,11.07518184,51.97049726,-0.336383564,-0.203982378,-10.52918937,-0.339629361,0.145589498,0.054237528,0.927638877,-2.860761222,-0.096760936,-10.14027979,-0.012629106,-0.007234201,0.546930828
18.2694038,364.2407064,332.5209333,4188.555617,28.61299038,-80.59626861,11.0444696,11.07305707,51.86527211,-0.336159881,-0.209695222,-10.52468724,-0.342144979,0.145812595,0.053793455,0.926704788,-2.857378504,-0.075276512,-10.13685052,-0.013675984,-0.009815319,0.545989037
18.2794038,364.3511343,332.631653,4189.073744,28.61299138,-80.59626747,11.04112187,11.07087803,51.76008949,-0.335344817,-0.215225532,-10.52036393,-0.344652275,0.146048376,0.053349999,0.925763716,-2.854713509,-0.053516747,-10.13334012,-0.014639123,-0.012467656,0.545044349
18.2894038,364.4615289,332.7423507,4189.590819,28.61299237,-80.59626634,11.03778814,11.06864688,51.65494796,-0.334137161,-0.220547431,-10.51618254,-0.347151278,0.146297007,0.052907687,0.924815632,-2.852630825,-0.03162926,-10.12975227,-0.015516837,-0.015188375,0.544097031
18.2994038,364.5718901,332.8530258,4190.106843,28.61299337,-80.59626521,11.03447222,11.06636598,51.5498461,-0.332544839,-0.225642603,-10.5121447,-0.349642014,0.1465586,0.05246698,0.923860517,-2.851141846,-0.009633253,-10.12608434,-0.016321203,-0.017965509,0.543147347
18.3094038,364.6822183,332.9636779,4190.621816,28.61299436,-80.59626408,11.03116416,11.06403827,51.44478523,-0.330576725,-0.230495572,-10.50825129,-0.352124515,0.146833274,0.052028367,0.92289835,-2.850254223,0.012454645,-10.12233423,-0.017055391,-0.020793957,0.542195537
18.3194038,364.7925134,333.0743064,4191.135739,28.61299536,-80.59626295,11.02785134,11.06166693,51.33976723,-0.331092637,-0.234997786,-10.50392078,-0.354598798,0.147121245,0.051592231,0.921929104,-2.847835133,0.032647126,-10.11859512,-0.01772043,-0.023682531,0.541242737
18.3294038,364.9027754,333.1849111,4191.648612,28.61299635,-80.59626182,11.02453728,11.05925471,51.23479066,-0.331407283,-0.239225296,-10.49970232,-0.357064875,0.14742277,0.051158929,0.920952749,-2.845936826,0.052770922,-10.1147747,-0.018346371,-0.026642612,0.540290138
18.3394038,365.0130042,333.2954914,4192.160435,28.61299735,-80.59626069,11.02122574,11.0568045,51.12985402,-0.33134253,-0.243170476,-10.49563453,-0.359522761,0.147738049,0.050728801,0.919969261,-2.844709657,0.072943196,-10.11086397,-0.018934599,-0.029665663,0.539337775
18.3494038,365.1231999,333.406047,4192.671209,28.61299834,-80.59625957,11.01792044,11.05431931,51.02495577,-0.330903425,-0.246821077,-10.49171843,-0.361972471,0.148067247,0.050302161,0.918978625,-2.844163814,0.093156269,-10.10686042,-0.019480894,-0.032749283,0.538385662
18.3594038,365.2333626,333.5165777,4193.180934,28.61299934,-80.59625844,11.01461803,11.05180244,50.92009584,-0.330096,-0.250166325,-10.48795464,-0.364414028,0.148410485,0.049879322,0.917980826,-2.844307031,0.113403231,-10.10276182,-0.019990676,-0.035875744,0.537433811
18.3694038,365.3434922,333.627083,4193.689611,28.61300033,-80.59625731,11.01131376,11.04925736,50.81527443,-0.330387345,-0.25315132,-10.48404245,-0.366847439,0.148767936,0.049460522,0.916975853,-2.84407361,0.132640628,-10.09861571,-0.020461875,-0.039053134,0.536482709
18.3794038,365.4535889,333.7375627,4194.19724,28.61300132,-80.59625618,11.00801113,11.04668732,50.71049001,-0.330405233,-0.255810884,-10.48026511,-0.369272718,0.149139735,0.049045978,0.915963695,-2.844491677,0.151831923,-10.09437357,-0.02091661,-0.042268852,0.535532879
18.3894038,365.5636525,333.8480167,4194.703821,28.61300232,-80.59625505,11.00471369,11.04409566,50.60574106,-0.330062579,-0.258140784,-10.47664185,-0.371689873,0.149526021,0.048635892,0.914944347,-2.845634298,0.171040664,-10.09003037,-0.021346598,-0.045527174,0.534584257
18.3994038,365.6736832,333.9584446,4195.209355,28.61300331,-80.59625393,11.00142498,11.04148576,50.50102603,-0.329365244,-0.26013464,-10.47317274,-0.374098917,0.14992688,0.048230469,0.913917804,-2.847505485,0.190265615,-10.08558428,-0.021765809,-0.048821564,0.533636778
18.4094038,365.7836809,334.0688463,4195.713841,28.6130043,-80.5962528,10.99811946,11.03886194,50.39634942,-0.328320648,-0.261786872,-10.46985749,-0.376499857,0.150342406,0.04782982,0.912884071,-2.850106728,0.209504621,-10.08103378,-0.022158185,-0.052140331,0.53269038
18.4194038,365.8936454,334.1792218,4196.217282,28.61300529,-80.59625167,10.99476607,11.03622868,50.29171689,-0.33297696,-0.26291265,-10.46543641,-0.37889266,0.15077298,0.047433914,0.911843125,-2.849113536,0.224357756,-10.07658532,-0.0225709,-0.055496679,0.531746988
18.4294038,366.0035761,334.2895709,4196.719676,28.61300629,-80.59625055,10.99136804,11.03358945,50.187127,-0.337635975,-0.263682426,-10.46109336,-0.381277277,0.151219098,0.04704262,0.910794935,-2.848659028,0.238942632,-10.07204293,-0.023048651,-0.058936703,0.530808704
18.4394038,366.1134726,334.3998936,4197.221024,28.61300728,-80.59624942,10.98792931,11.03094771,50.08257812,-0.341904253,-0.264106463,-10.45691055,-0.383653659,0.151681213,0.046655833,0.909739475,-2.849035068,0.253560887,-10.06738969,-0.023597691,-0.062458961,0.529875189
18.4494038,366.2233346,334.5101898,4197.721328,28.61300827,-80.59624829,10.9844539,11.02830693,49.97806864,-0.345774472,-0.264183409,-10.45289,-0.38602176,0.152159696,0.04627339,0.908676731,-2.85025477,0.268233718,-10.06262195,-0.02420907,-0.06604133,0.528946095
18.4594038,366.3331619,334.6204597,4198.220586,28.61300926,-80.59624717,10.98105149,11.02566741,49.8735747,-0.34924122,-0.263914431,-10.44903295,-0.388381565,0.152654584,0.045895232,0.907606724,-2.852325788,0.282983204,-10.05773673,-0.024897471,-0.069674812,0.528021102
18.4694038,366.4429563,334.7307032,4198.718799,28.61301025,-80.59624604,10.97785075,11.02302869,49.76906819,-0.330286414,-0.26396279,-10.44997371,-0.390733222,0.153164617,0.045521917,0.906529594,-2.870587534,0.314277132,-10.05194873,-0.025499845,-0.073217548,0.527092599
18.4794038,366.5527196,334.8409203,4199.215967,28.61301125,-80.59624492,10.9748544,11.02039389,49.66454729,-0.309856379,-0.263728494,-10.4513488,-0.393076933,0.153688114,0.045154144,0.905445521,-2.89023907,0.346639755,-10.04602481,-0.025858153,-0.07650832,0.526152411
18.4894038,366.662454,334.9511111,4199.71209,28.61301224,-80.5962438,10.97206223,11.01776611,49.56001079,-0.28941743,-0.263179359,-10.45285057,-0.395412908,0.15422334,0.044792615,0.904354696,-2.910221314,0.378966873,-10.04002524,-0.025953755,-0.079533359,0.525201439
18.4994038,366.7721616,335.0612757,4200.207167,28.61301323,-80.59624267,10.96947349,11.01514833,49.45545764,-0.269028228,-0.262326651,-10.45446524,-0.397741362,0.154768584,0.044438024,0.903257304,-2.930460035,0.411200045,-10.03396001,-0.025792221,-0.082294552,0.524240658
18.5094038,366.8818439,335.1714141,4200.701199,28.61301422,-80.59624155,10.96700711,11.01254642,49.35090433,-0.248741951,-0.261182862,-10.4561794,-0.400062483,0.155322355,0.044090921,0.902153516,-2.950885202,0.443284726,-10.02783884,-0.025374005,-0.08479568,0.523270956
18.5194038,366.9915018,335.2815267,4201.194186,28.61301521,-80.59624043,10.96456733,11.00996703,49.24637089,-0.245230048,-0.25911956,-10.45434083,-0.402376342,0.155884075,0.043751363,0.901043424,-2.96023944,0.462350516,-10.02216231,-0.024824711,-0.087123603,0.522298752
18.5294038,367.1011354,335.3916135,4201.686127,28.6130162,-80.5962393,10.96215293,11.00741329,49.1418568,-0.242717956,-0.256706384,-10.45236117,-0.404682966,0.156453489,0.043419227,0.899927093,-2.969292419,0.48041469,-10.01644491,-0.024270573,-0.089394207,0.521330846
18.5394038,367.2107449,335.501675,4202.177023,28.61301719,-80.59623818,10.9597644,11.00488813,49.03736123,-0.240153541,-0.253993357,-10.45046814,-0.40698238,0.157030333,0.043094389,0.89880459,-2.978746278,0.498297169,-10.01065639,-0.023724314,-0.09160627,0.520367032
18.5494038,367.3203307,335.6117114,4202.666874,28.61301818,-80.59623706,10.95740212,11.00239439,48.93288336,-0.237545999,-0.250991186,-10.44865829,-0.409274609,0.157614289,0.042776682,0.897675992,-2.988583222,0.516003678,-10.00479862,-0.023190501,-0.093757086,0.519407008
18.5594038,367.4298931,335.721723,4203.15568,28.61301917,-80.59623593,10.95508475,10.99993402,48.82841833,-0.234905182,-0.247712317,-10.44692766,-0.41155968,0.158205001,0.042465956,0.896541382,-2.998782182,0.533540538,-9.998873905,-0.022668296,-0.095832825,0.5184505
18.5694038,367.5394327,335.8317102,4203.643442,28.61302016,-80.59623481,10.9528342,10.99750867,48.72396054,-0.228410313,-0.244326,-10.44612448,-0.413837649,0.158801857,0.042162144,0.895400873,-3.011820642,0.553940519,-9.99277086,-0.022129266,-0.097818474,0.517495937
18.5794038,367.64895,335.9416733,4204.13016,28.61302114,-80.59623369,10.95065043,10.99512071,48.61950927,-0.221706745,-0.24070415,-10.44544218,-0.416108582,0.159404159,0.041865199,0.894254588,-3.025264587,0.574363591,-9.986602788,-0.021547413,-0.09966807,0.516541661
18.5894038,367.7584459,336.0516127,4204.615833,28.61302213,-80.59623257,10.9485328,10.99277238,48.51506396,-0.215057961,-0.236850794,-10.44481973,-0.418372541,0.160011226,0.041575063,0.893102647,-3.038919268,0.594609987,-9.98038156,-0.020923446,-0.101390734,0.515587653
18.5994038,367.8679209,336.1615289,4205.100461,28.61302312,-80.59623145,10.9464805,10.99046579,48.41062409,-0.208481946,-0.232779738,-10.44425044,-0.420629587,0.160622371,0.041291655,0.89194518,-3.052751605,0.614672727,-9.974111666,-0.020253041,-0.102985212,0.514633925
18.6094038,367.9773757,336.2714222,4205.584045,28.61302411,-80.59623033,10.94449091,10.98820298,48.30618963,-0.201995953,-0.228505304,-10.44372754,-0.422879782,0.161236865,0.041014848,0.890782322,-3.066728365,0.634545456,-9.967797704,-0.019553695,-0.104440025,0.513680488
18.6194038,368.0868109,336.3812931,4206.066585,28.6130251,-80.5962292,10.94256097,10.98598583,48.20176064,-0.195954946,-0.224027212,-10.44316697,-0.425123183,0.161854009,0.040744507,0.889614211,-3.080601864,0.653948659,-9.961454022,-0.018813559,-0.10575048,0.512727468
18.6294038,368.1962271,336.4911421,4206.54808,28.61302609,-80.59622808,10.94068938,10.983816,48.09733684,-0.19005432,-0.219375286,-10.44263402,-0.42735984,0.162473143,0.040480453,0.888440982,-3.094543053,0.673134732,-9.955076314,-0.018051684,-0.106927368,0.511775002
18.6394038,368.3056249,336.6009696,4207.028532,28.61302707,-80.59622696,10.93887476,10.98169498,47.99291802,-0.184285967,-0.214566361,-10.44212702,-0.42958981,0.16309358,0.040222548,0.887262772,-3.108533494,0.69211896,-9.948668632,-0.017265784,-0.107969733,0.510823082
18.6494038,368.4150048,336.7107761,4207.507939,28.61302806,-80.59622584,10.93711558,10.97962411,47.888504,-0.178663604,-0.209615387,-10.44163935,-0.431813146,0.163714644,0.039970615,0.886079721,-3.122541506,0.710897044,-9.942235743,-0.016445562,-0.108871998,0.509871696
18.6594038,368.5243674,336.8205622,4207.986302,28.61302905,-80.59622472,10.93542312,10.9776039,47.7840917,-0.17319956,-0.204537755,-10.44116454,-0.434029901,0.164335639,0.03972447,0.884891976,-3.136535845,0.72946622,-9.935782438,-0.015605783,-0.109642524,0.508920834
18.6694038,368.6337135,336.9303284,4208.46362,28.61303003,-80.5962236,10.93381095,10.97563449,47.67967749,-0.165211572,-0.199495368,-10.44132137,-0.436240152,0.164955679,0.039483996,0.883699704,-3.152111506,0.750064243,-9.929243775,-0.014728841,-0.110252692,0.507969535
18.6794038,368.7430439,337.0400751,4208.939895,28.61303102,-80.59622248,10.93227723,10.97371672,47.57526135,-0.157258066,-0.194371831,-10.44151759,-0.438443978,0.16557388,0.039249087,0.882503075,-3.167670174,0.77058813,-9.922694171,-0.013791908,-0.11069038,0.507016758
18.6894038,368.8523593,337.1498029,4209.415126,28.61303201,-80.59622136,10.93081973,10.97185131,47.47084338,-0.149522693,-0.189170198,-10.44170699,-0.440641454,0.166189369,0.039019601,0.88130226,-3.183076016,0.790886081,-9.916144086,-0.012797778,-0.110963484,0.506062635
18.6994038,368.9616605,337.2595123,4209.889312,28.613033,-80.59622024,10.92943608,10.97003886,47.36642375,-0.142017281,-0.183902188,-10.44188301,-0.442832655,0.166801268,0.038795387,0.880097435,-3.198298184,0.810948514,-9.909599431,-0.011755962,-0.111061586,0.505107306
18.7094038,369.0709483,337.3692039,4210.362454,28.61303398,-80.59621912,10.92813582,10.96827917,47.26199982,-0.134754815,-0.178579419,-10.44203856,-0.445017663,0.167408669,0.038576312,0.878888779,-3.213305019,0.830764412,-9.903066199,-0.010658774,-0.110991022,0.504150901
18.7194038,369.1802236,337.4788781,4210.834552,28.61303497,-80.596218,10.92693068,10.96657178,47.15756846,-0.125235804,-0.173358845,-10.44276593,-0.447196572,0.16801059,0.03836231,0.877676478,-3.229526288,0.852455575,-9.896493169,-0.009499803,-0.110737806,0.503192652
18.7294038,369.2894872,337.5885355,4211.305605,28.61303595,-80.59621688,10.92581796,10.96491693,47.05312996,-0.115842379,-0.168115141,-10.44349934,-0.449369486,0.16860602,0.038153332,0.876460723,-3.245531206,0.874011087,-9.889944001,-0.008252517,-0.110305898,0.502231707
18.7394038,369.3987402,337.6981766,4211.775615,28.61303694,-80.59621576,10.92479452,10.96331478,46.9486848,-0.106753947,-0.162850874,-10.44419084,-0.451536502,0.169193966,0.037949307,0.875241703,-3.261189139,0.895274451,-9.883428964,-0.006922185,-0.109684469,0.501268296
18.7494038,369.5079834,337.8078019,4212.244579,28.61303793,-80.59621464,10.92385702,10.96176533,46.84423355,-0.097989662,-0.157579321,-10.44482996,-0.453697716,0.169773489,0.037750156,0.874019606,-3.276462438,0.916225577,-9.876954524,-0.005520672,-0.108885546,0.500302649
18.7594038,369.6172175,337.9174121,4212.712499,28.61303891,-80.59621353,10.92296203,10.9602707,46.73978671,-0.089567225,-0.152314094,-10.44540635,-0.455853205,0.170343774,0.037555744,0.872794603,-3.291315192,0.936845792,-9.870526837,-0.004041496,-0.107909865,0.499334978
18.7694038,369.7264426,338.0270075,4213.179375,28.6130399,-80.59621241,10.9220584,10.9588333,46.63535683,-0.089836365,-0.146596606,-10.44385999,-0.458002973,0.170904512,0.037365645,0.871566826,-3.301017805,0.949922773,-9.864314512,-0.002556311,-0.106813945,0.498368386
18.7794038,369.8356586,338.1365889,4213.645206,28.61304088,-80.59621129,10.92114226,10.95745264,46.53094494,-0.090939274,-0.140893171,-10.44210209,-0.460146995,0.171455564,0.03717934,0.870336389,-3.310044984,0.96220423,-9.858163225,-0.001146389,-0.105641252,0.497406221
18.7894038,369.9448654,338.2461568,4214.109994,28.61304187,-80.59621017,10.92021069,10.95612808,46.42655188,-0.092337739,-0.135249177,-10.44026065,-0.462285239,0.17199686,0.036996336,0.869103394,-3.318686306,0.974165419,-9.85206496,1.90E-04,-0.104404516,0.496448229
18.7994038,370.0540628,338.3557117,4214.573738,28.61304285,-80.59620905,10.91926089,10.95485879,46.32217852,-0.094022578,-0.129678015,-10.43833449,-0.464417667,0.172528328,0.036816089,0.867867952,-3.326933962,0.985825111,-9.846021671,0.001440207,-0.103110385,0.495494118
18.8094038,370.1632506,338.4652541,4215.036438,28.61304384,-80.59620793,10.91830996,10.95364277,46.21782079,-0.095983945,-0.124194012,-10.43632238,-0.466544247,0.173049852,0.036638094,0.866630177,-3.334778828,0.99720398,-9.840035383,0.002601152,-0.101751678,0.494543617
18.8194038,370.2724291,338.5747847,4215.498094,28.61304482,-80.59620681,10.91737883,10.95247765,46.11347372,-0.094074842,-0.119037716,-10.43524969,-0.468664987,0.173561101,0.036462028,0.865390198,-3.344462337,1.011946965,-9.834022127,0.00371456,-0.100317504,0.493595011
18.8294038,370.3815983,338.6843039,4215.958707,28.61304581,-80.59620569,10.91646494,10.95136227,46.00913816,-0.092201649,-0.114004669,-10.43414751,-0.470779891,0.174061751,0.036287558,0.864148144,-3.353809275,1.026656466,-9.828065541,0.004809673,-0.098790331,0.492646465
18.8394038,370.4907584,338.7938121,4216.418277,28.61304679,-80.59620458,10.91556532,10.95029536,45.90481511,-0.09062642,-0.109092582,-10.43294661,-0.472888956,0.17455152,0.03611436,0.86290414,-3.362659798,1.041107131,-9.822174116,0.005882416,-0.097178619,0.491697975
18.8494038,370.5999096,338.9033099,4216.876803,28.61304778,-80.59620346,10.91467703,10.94927553,45.80050562,-0.089346624,-0.104312856,-10.43164356,-0.474992186,0.175030116,0.035942104,0.861658312,-3.371000601,1.055304451,-9.816350582,0.006920539,-0.095486228,0.490749569
18.8594038,370.709052,339.0127978,4217.334287,28.61304876,-80.59620234,10.91380182,10.94830105,45.69620959,-0.088359879,-0.099676933,-10.43023483,-0.477089583,0.175497267,0.035770501,0.86041078,-3.378817807,1.069253476,-9.810597783,0.007939078,-0.093713101,0.489801273
18.8694038,370.8181857,339.1222761,4217.790728,28.61304975,-80.59620122,10.91294236,10.94737002,45.59192672,-0.086689439,-0.095247916,-10.42896205,-0.479181147,0.175952711,0.035599253,0.859161664,-3.3866096,1.083824785,-9.804898563,0.00893574,-0.091869846,0.488852762
18.8794038,370.9273109,339.2317453,4218.246126,28.61305073,-80.5962001,10.91209582,10.94648076,45.48765812,-0.085251287,-0.090985924,-10.4275922,-0.481266883,0.17639618,0.035428092,0.857911082,-3.393874582,1.098210303,-9.799274191,0.009910672,-0.089946394,0.487903677
18.8894038,371.0364277,339.3412058,4218.700481,28.61305172,-80.59619899,10.9112593,10.94563148,45.38340497,-0.084104843,-0.086896974,-10.42610668,-0.483346793,0.176827449,0.035256762,0.856659146,-3.400568805,1.112357665,-9.793728475,0.010870985,-0.087959902,0.486954088
18.8994038,371.1455361,339.4506581,4219.153794,28.6130527,-80.59619787,10.91042994,10.94482033,45.27916845,-0.083246565,-0.082989539,-10.424503,-0.485420875,0.177246287,0.035084979,0.855405969,-3.406683213,1.126269989,-9.788263661,0.011808466,-0.085903467,0.486004066
18.9094038,371.2546363,339.5601024,4219.606064,28.61305368,-80.59619675,10.90961129,10.94404502,45.17494817,-0.082672611,-0.079272584,-10.42277866,-0.487489127,0.177652526,0.034912502,0.854151654,-3.412207953,1.139951153,-9.782882101,0.012723574,-0.083785717,0.485053675
18.9194038,371.3637284,339.6695391,4220.057293,28.61305467,-80.59619563,10.90880815,10.94330313,45.07074344,-0.081048689,-0.075825522,-10.42126873,-0.489551554,0.178045955,0.034739129,0.852896305,-3.417804872,1.154604371,-9.777558946,0.013622737,-0.081619594,0.484102499
18.9294038,371.4728125,339.7789685,4220.507479,28.61305565,-80.59619452,10.90801783,10.94259259,44.9665555,-0.079625652,-0.072586961,-10.4196543,-0.491608171,0.17842634,0.034564706,0.851640023,-3.422824839,1.16910562,-9.772321471,0.014518772,-0.07939063,0.483150074
18.9394038,371.5818888,339.888391,4220.956624,28.61305664,-80.5961934,10.90723751,10.94191126,44.86238563,-0.078485787,-0.069558026,-10.41791178,-0.493658986,0.178793509,0.034389084,0.850382901,-3.427218245,1.18337687,-9.767173515,0.015416969,-0.077111136,0.482196517
18.9494038,371.6909573,339.9978068,4221.404727,28.61305762,-80.59619228,10.90646441,10.94125699,44.75823513,-0.07762536,-0.066743507,-10.41603975,-0.495704003,0.179147315,0.034212087,0.849125029,-3.430981099,1.197417562,-9.762116797,0.016306609,-0.074792854,0.481241946
18.9594038,371.8000181,340.1072162,4221.851789,28.6130586,-80.59619116,10.90570115,10.94062726,44.65410395,-0.077039713,-0.064148277,-10.41403712,-0.497743222,0.179487641,0.03403356,0.847866492,-3.434109977,1.211228656,-9.757152918,0.017183342,-0.072431129,0.480286472
18.9694038,371.9090713,340.2166195,4222.297809,28.61305959,-80.59619005,10.9049514,10.94001948,44.54999179,-0.07561055,-0.06183732,-10.4121868,-0.49977666,0.179814322,0.033853415,0.846607374,-3.437138192,1.225829129,-9.75226121,0.018058395,-0.070036797,0.479329795
18.9794038,372.0181172,340.3260167,4222.742789,28.61306057,-80.59618893,10.90421255,10.93943137,44.44589997,-0.074384928,-0.059756262,-10.4102207,-0.501804325,0.180127226,0.033671554,0.845347756,-3.4395488,1.24026085,-9.747464085,0.018939343,-0.067603178,0.478371571
18.9894038,372.1271556,340.4354081,4223.186727,28.61306156,-80.59618781,10.90348192,10.93886064,44.34182982,-0.073429608,-0.057903885,-10.40812021,-0.503826226,0.180426279,0.033487922,0.844087703,-3.441306703,1.254457229,-9.742764301,0.019825715,-0.06514505,0.477411944
18.9994038,372.2361868,340.544794,4223.629625,28.61306254,-80.5961867,10.90275689,10.93830498,44.23778269,-0.072739878,-0.056281212,-10.40588545,-0.505842369,0.180711411,0.033302432,0.842827285,-3.442414372,1.268415991,-9.738162804,0.02070958,-0.062669764,0.476451051
19.0094038,372.3452107,340.6541743,4224.071483,28.61306352,-80.59618558,10.90200218,10.93776388,44.13376826,-0.072310447,-0.054889678,-10.40351673,-0.507852741,0.180982668,0.033114952,0.841566555,-3.442874,1.282136228,-9.733660535,0.021592176,-0.060174667,0.475489021
19.0194038,372.4542266,340.7635493,4224.512301,28.61306451,-80.59618446,10.90117658,10.93723721,44.02979767,-0.078950782,-0.053351814,-10.39927699,-0.509857267,0.181240503,0.032925137,0.84030553,-3.439567773,1.289307054,-9.729393733,0.022413118,-0.057700234,0.474528421
19.0294038,372.5632339,340.8729191,4224.952079,28.61306549,-80.59618334,10.90027778,10.93672269,43.92587213,-0.08619532,-0.052021416,-10.39482188,-0.511855842,0.181485508,0.032732564,0.83904421,-3.435533153,1.295888655,-9.725237388,0.023109752,-0.055284969,0.473572043
19.0394038,372.6722319,340.9822838,4225.390818,28.61306647,-80.59618223,10.8993044,10.93621801,43.82199257,-0.0935877,-0.050921754,-10.39026958,-0.513848368,0.18171827,0.032536827,0.837782597,-3.430990789,1.302309874,-9.721180222,0.023678128,-0.05292228,0.472619655
19.0494038,372.7812198,341.0916435,4225.828519,28.61306746,-80.59618111,10.89825529,10.9357209,43.71815985,-0.101106845,-0.050051465,-10.38562723,-0.515834731,0.181939427,0.032337489,0.836520688,-3.42596001,1.308596985,-9.717219387,0.024118083,-0.050628453,0.471670995
19.0594038,372.8901968,341.2009982,4226.265182,28.61306844,-80.59618,10.89713403,10.93522882,43.61437363,-0.108730922,-0.049408973,-10.38090218,-0.517814822,0.18214963,0.032134166,0.835258474,-3.420460791,1.314778246,-9.713351632,0.024414323,-0.048399413,0.470725818
19.0694038,372.9991622,341.3103481,4226.700807,28.61306942,-80.59617888,10.89594526,10.93473921,43.5106333,-0.115494097,-0.049046926,-10.37633784,-0.519788536,0.182349476,0.031926491,0.83399595,-3.414921945,1.321765977,-9.709550678,0.024590451,-0.046241961,0.469783555
19.0794038,373.1081155,341.419693,4227.135395,28.61307041,-80.59617776,10.89468841,10.93424986,43.40693953,-0.122271844,-0.048911379,-10.37171545,-0.521755777,0.182539569,0.031714149,0.832733107,-3.408965841,1.32874994,-9.705833278,0.024647465,-0.044144233,0.468843617
19.0894038,373.2170558,341.529033,4227.568946,28.61307139,-80.59617665,10.893363,10.9337586,43.30329295,-0.129106296,-0.048994902,-10.36702659,-0.52371644,0.182720548,0.031496839,0.831469928,-3.402585944,1.335695945,-9.702197409,0.024593418,-0.042123525,0.46790586
19.0994038,373.3259825,341.6383682,4228.001461,28.61307237,-80.59617553,10.89196874,10.93326331,43.19969413,-0.135979542,-0.049292673,-10.36227813,-0.525670426,0.182893045,0.031274282,0.830206394,-3.395803194,1.342625985,-9.698639304,0.024420238,-0.040177864,0.466970156
19.1094038,373.4348949,341.7476983,4228.43294,28.61307336,-80.59617441,10.89049171,10.93276281,43.09614693,-0.142874704,-0.049799456,-10.35747668,-0.527617625,0.183057747,0.031046158,0.828942482,-3.388638168,1.349560835,-9.69515514,0.024139779,-0.038312445,0.466036388
19.1194038,373.543792,341.8570234,4228.863384,28.61307434,-80.5961733,10.8889156,10.93225618,42.99265571,-0.152648605,-0.050325465,-10.35192795,-0.529557893,0.183215544,0.030812062,0.82767815,-3.379954082,1.353795698,-9.691820988,0.023709759,-0.036539847,0.465105524
19.1294038,373.6526729,341.9663434,4229.292793,28.61307532,-80.59617218,10.88724056,10.93174158,42.88922076,-0.162566784,-0.051030632,-10.34631035,-0.531491079,0.183367349,0.030571547,0.826413353,-3.370905559,1.357922007,-9.688560962,0.023113753,-0.034876489,0.464178643
19.1394038,373.7615365,342.0756582,4229.721168,28.61307631,-80.59617107,10.88546726,10.93121717,42.78584223,-0.172428826,-0.051920913,-10.34067546,-0.533417035,0.18351406,0.030324204,0.825148047,-3.361589963,1.362141364,-9.685364233,0.022343745,-0.033317524,0.463255519
19.1494038,373.8703819,342.1849677,4230.14851,28.61307729,-80.59616995,10.88359648,10.93068118,42.68252019,-0.182218922,-0.052991047,-10.33502924,-0.535335615,0.183656619,0.030069654,0.823882177,-3.352028481,1.366480341,-9.682224834,0.021414066,-0.03186967,0.462335919
19.1594038,373.9792081,342.2942718,4230.574819,28.61307827,-80.59616884,10.88162905,10.9301319,42.57925469,-0.191921395,-0.054235501,-10.32937753,-0.537246671,0.183795956,0.029807526,0.82261569,-3.342243155,1.370965454,-9.679136323,0.0203174,-0.030539076,0.461419628
19.1694038,374.0880141,342.4035703,4231.000095,28.61307926,-80.59616772,10.87956594,10.92956767,42.47604576,-0.201546258,-0.055647817,-10.3237197,-0.539150058,0.183932996,0.029537475,0.821348529,-3.332244991,1.375598984,-9.676093057,0.019061683,-0.029320123,0.460506458
19.1794038,374.1967991,342.5128631,4231.42434,28.61308024,-80.59616661,10.87740841,10.92898686,42.37289331,-0.211054239,-0.057225118,-10.31806663,-0.541045637,0.18406865,0.029259183,0.820080637,-3.322063376,1.380430185,-9.673087669,0.017647968,-0.028221099,0.459596237
19.1894038,374.305562,342.62215,4231.847553,28.61308122,-80.5961655,10.87515788,10.92838789,42.26979722,-0.220428151,-0.058963075,-10.31242375,-0.542933265,0.184203832,0.028972316,0.818811958,-3.311718718,1.385486976,-9.670113432,0.016083907,-0.027232887,0.458688793
19.1994038,374.4143019,342.7314308,4232.269736,28.6130822,-80.59616438,10.87281594,10.9277692,42.16675731,-0.229651462,-0.060857578,-10.30679614,-0.544812801,0.184339461,0.028676573,0.817542433,-3.30123034,1.390797224,-9.667163566,0.014364462,-0.026361073,0.45778397
19.2094038,374.523018,342.8407053,4232.690889,28.61308319,-80.59616327,10.87037985,10.92712966,42.06377438,-0.238707171,-0.062903651,-10.30118912,-0.546684105,0.184476445,0.028371652,0.816272001,-3.290618676,1.396388722,-9.664231088,0.012493571,-0.025606299,0.456881622
19.2194038,374.6317092,342.9499733,4233.111012,28.61308417,-80.59616215,10.86784615,10.9264682,41.96084938,-0.24851819,-0.065026792,-10.2953915,-0.548547036,0.184615721,0.028057251,0.815000599,-3.279578813,1.401379262,-9.66134436,0.010469352,-0.024966369,0.455981969
19.2294038,374.7403746,343.0592346,4233.530106,28.61308515,-80.59616104,10.86521686,10.92578347,41.85798197,-0.258186661,-0.06728671,-10.28961315,-0.55040145,0.184758225,0.027733069,0.81372816,-3.268444545,1.406647472,-9.658464667,0.008289995,-0.024447664,0.455085276
19.2394038,374.8490132,343.1684889,4233.948172,28.61308613,-80.59615993,10.86249427,10.92507413,41.75517175,-0.267634301,-0.069682015,-10.28387335,-0.552247205,0.184904902,0.027398822,0.812454618,-3.257257578,1.412281113,-9.655582323,0.005954627,-0.024046371,0.454191386
19.2494038,374.9576242,343.277736,4234.365209,28.61308712,-80.59615882,10.85968087,10.92433895,41.65241824,-0.276842154,-0.072205973,-10.27817784,-0.554084167,0.185056653,0.027054248,0.811179905,-3.246039668,1.418310378,-9.652689631,0.003470269,-0.023767011,0.453300145
19.2594038,375.0662067,343.3869755,4234.78122,28.6130881,-80.5961577,10.85680626,10.92357481,41.5497148,-0.285792143,-0.074851486,-10.27253209,-0.555912215,0.185214307,0.026699159,0.80990396,-3.234811657,1.424763948,-9.649779099,8.42E-04,-0.023598575,0.452411411
19.2694038,375.1747602,343.4962073,4235.196204,28.61308908,-80.59615659,10.85390542,10.92277838,41.44705358,-0.288847694,-0.078010081,-10.26821686,-0.557731288,0.185378401,0.026333596,0.808626737,-3.225419437,1.437142804,-9.646610086,-0.001882081,-0.02353098,0.451522945
19.2794038,375.2832847,343.605431,4235.610161,28.61309006,-80.59615548,10.85098169,10.92194874,41.34443389,-0.291274364,-0.081288986,-10.26403544,-0.559541348,0.185549348,0.025957697,0.807348201,-3.216121322,1.450331713,-9.643390154,-0.004632445,-0.023544976,0.450632301
19.2894038,375.3917798,343.7146462,4236.023093,28.61309105,-80.59615437,10.84803781,10.92108509,41.24185517,-0.2934264,-0.084652306,-10.25990989,-0.561342361,0.185727559,0.025571609,0.80606831,-3.206814117,1.463984888,-9.640130053,-0.007406609,-0.023635431,0.449739628
19.2994038,375.5002454,343.8238526,4236.434999,28.61309203,-80.59615326,10.84507658,10.92018673,41.13931681,-0.295301668,-0.088089703,-10.25584335,-0.563134296,0.185913401,0.025175475,0.804787032,-3.197511927,1.478103414,-9.636825905,-0.01020633,-0.023801636,0.448845109
19.3094038,375.6086813,343.9330498,4236.845879,28.61309301,-80.59615215,10.84209979,10.91925315,41.03681839,-0.296898938,-0.091591448,-10.2518386,-0.564917131,0.186107245,0.024769476,0.803504326,-3.188227212,1.492687472,-9.633474143,-0.01301825,-0.024038648,0.447948915
19.3194038,375.7170873,344.0422375,4237.255735,28.61309399,-80.59615103,10.83910909,10.91828391,40.93435953,-0.298420042,-0.095133673,-10.24785235,-0.56669084,0.186309469,0.024353792,0.802220149,-3.178911113,1.507537764,-9.630079784,-0.015847383,-0.024352375,0.447051277
19.3294038,375.8254634,344.1514154,4237.664567,28.61309497,-80.59614992,10.83610725,10.91727865,40.83193953,-0.299673655,-0.098719279,-10.24393075,-0.568455407,0.186520421,0.023928636,0.800934456,-3.169637068,1.522840129,-9.626631078,-0.018686567,-0.024743519,0.446152425
19.3394038,375.9338095,344.260583,4238.072374,28.61309596,-80.59614881,10.83309708,10.91623705,40.72955769,-0.300647332,-0.102338897,-10.24007934,-0.570210816,0.186740442,0.02349419,0.799647207,-3.16042195,1.538604962,-9.623123967,-0.021535383,-0.025206295,0.445252484
19.3494038,376.0421253,344.36974,4238.479158,28.61309694,-80.5961477,10.83008135,10.91515894,40.62721326,-0.301341414,-0.105982945,-10.23630058,-0.571957059,0.186969842,0.023050704,0.798358357,-3.151277681,1.55483092,-9.619554997,-0.024388885,-0.025741933,0.444351567
19.3594038,376.1504111,344.478886,4238.884918,28.61309792,-80.5961466,10.82707445,10.91404347,40.52490282,-0.301757754,-0.109641177,-10.23259676,-0.573694142,0.187208876,0.022598454,0.797067863,-3.142216662,1.57151378,-9.615920877,-0.027238343,-0.026350214,0.44344978
19.3694038,376.2586669,344.5880207,4239.289656,28.6130989,-80.59614549,10.8240929,10.91288981,40.42262242,-0.299477008,-0.1134575,-10.22952562,-0.575422094,0.187457663,0.022137802,0.795775694,-3.13394899,1.591035093,-9.612113429,-0.030054386,-0.027018422,0.442546306
19.3794038,376.3668931,344.6971437,4239.693371,28.61309988,-80.59614438,10.82113937,10.91169807,40.32037123,-0.296793812,-0.117273205,-10.226566,-0.577140957,0.187716268,0.021669149,0.794481823,-3.125805676,1.611132797,-9.608229891,-0.032821361,-0.027740908,0.441640231
19.3894038,376.4750898,344.8062546,4240.096063,28.61310086,-80.59614327,10.81821624,10.91046852,40.21814848,-0.293871282,-0.121069088,-10.2236833,-0.578850779,0.187984728,0.021192924,0.793186219,-3.117749342,1.631639437,-9.604275615,-0.035524831,-0.02850962,0.440731753
19.3994038,376.5832575,344.915353,4240.497734,28.61310184,-80.59614216,10.81532573,10.90920148,40.1159534,-0.290719065,-0.124835974,-10.22087804,-0.580551609,0.188263084,0.020709555,0.791888852,-3.109787426,1.652538095,-9.600249449,-0.038169103,-0.029332203,0.439821079
19.4094038,376.6913962,345.0244385,4240.898383,28.61310282,-80.59614105,10.81240719,10.90790115,40.01379982,-0.287346718,-0.128564892,-10.2181507,-0.58224348,0.18855148,0.020219381,0.790589683,-3.10192755,1.673812147,-9.596150223,-0.040741108,-0.030203472,0.438908397
19.4194038,376.7995053,345.1335109,4241.29801,28.61310381,-80.59613995,10.80938783,10.90657239,39.91170446,-0.296871111,-0.131463525,-10.21244826,-0.583926297,0.188850675,0.019722237,0.789288626,-3.090622666,1.682456371,-9.592544331,-0.043353333,-0.031154202,0.437998871
19.4294038,376.9075837,345.2425698,4241.696617,28.61310479,-80.59613884,10.80626909,10.9052156,39.80966674,-0.306954054,-0.134283469,-10.20663839,-0.585599933,0.189161604,0.019217812,0.787985585,-3.079328329,1.690684855,-9.588902014,-0.046128896,-0.032210024,0.437098189
19.4394038,377.0156304,345.3516151,4242.094204,28.61310577,-80.59613773,10.80305399,10.90383119,39.70768572,-0.316744091,-0.137067338,-10.20092021,-0.587264257,0.18948517,0.018705792,0.786680466,-3.068293095,1.699356552,-9.585178776,-0.049070542,-0.033375841,0.436205918
19.4494038,377.1236444,345.4606464,4242.490771,28.61310675,-80.59613662,10.79974572,10.90241962,39.60576041,-0.326223292,-0.139807507,-10.19529882,-0.588919147,0.189822235,0.018185893,0.78537318,-3.05753529,1.708505064,-9.581365985,-0.052171586,-0.034641707,0.435321556
19.4594038,377.2316251,345.5696634,4242.886319,28.61310773,-80.59613552,10.7963827,10.9009795,39.50388162,-0.335374958,-0.14249622,-10.18977903,-0.590564496,0.190173539,0.017657888,0.784063645,-3.047072254,1.718162014,-9.577455205,-0.055419616,-0.036006211,0.434444633
19.4694038,377.3395721,345.6786659,4243.280849,28.61310871,-80.59613441,10.79301029,10.89950919,39.40203851,-0.336864221,-0.145532493,-10.18606745,-0.592200268,0.190539471,0.017121837,0.78275181,-3.03877294,1.735641148,-9.57308916,-0.058757142,-0.037444017,0.433571917
19.4794038,377.4474853,345.7876535,4243.67436,28.61310969,-80.59613331,10.78963253,10.89800945,39.30022979,-0.337562407,-0.148516832,-10.18257275,-0.593826452,0.190920286,0.016577911,0.781437625,-3.030851098,1.754121807,-9.568583586,-0.062109252,-0.03893569,0.432699891
19.4894038,377.5553647,345.896626,4244.066853,28.61311067,-80.5961322,10.78625261,10.89648118,39.19845435,-0.337937228,-0.151415909,-10.17918839,-0.595443043,0.191316211,0.016026292,0.780121047,-3.02319419,1.773140357,-9.563957072,-0.065462378,-0.040481792,0.431828495
19.4994038,377.6632103,346.005583,4244.458329,28.61311165,-80.5961311,10.78287373,10.89492532,39.09671109,-0.337992317,-0.154222823,-10.17591557,-0.59705004,0.191727441,0.015467161,0.778802032,-3.015808362,1.79269433,-9.559206458,-0.068818793,-0.042075807,0.430957732
19.5094038,377.7710223,346.1145244,4244.848788,28.61311263,-80.59612999,10.77952758,10.89334138,38.9949921,-0.33773199,-0.156931218,-10.17275525,-0.598647459,0.192154064,0.014900759,0.777480548,-3.008698587,1.812780417,-9.554328845,-0.072168566,-0.043715683,0.430087604
19.5194038,377.8788011,346.2234498,4245.238229,28.61311361,-80.59612889,10.77625102,10.89172865,38.89328817,-0.331205249,-0.15985153,-10.17111975,-0.600235375,0.192595888,0.014327566,0.776156582,-3.003269835,1.839352575,-9.549035494,-0.075463836,-0.045379814,0.429215802
19.5294038,377.9865475,346.3323589,4245.626653,28.61311459,-80.59612778,10.77304689,10.8900883,38.79159805,-0.324069744,-0.162674203,-10.16968395,-0.60181389,0.193052621,0.013748158,0.77483012,-2.998149027,1.86675513,-9.543599083,-0.078635973,-0.04706432,0.428339773
19.5394038,378.0942623,346.4412514,4246.014061,28.61311557,-80.59612668,10.76991718,10.8884216,38.68992068,-0.316724159,-0.165373646,-10.16835624,-0.603383111,0.19352391,0.013163108,0.773501163,-2.99324425,1.894578909,-9.538039158,-0.081679059,-0.048760528,0.427459799
19.5494038,378.2019461,346.5501272,4246.400452,28.61311655,-80.59612558,10.7668637,10.88672983,38.58825501,-0.309187949,-0.167945709,-10.16713412,-0.604943148,0.194009422,0.012572988,0.772169704,-2.988552391,1.92279338,-9.532357496,-0.084593577,-0.050463218,0.42657619
19.5594038,378.3095997,346.658986,4246.785826,28.61311752,-80.59612448,10.76385809,10.88501589,38.48660735,-0.301479903,-0.170386296,-10.16601516,-0.606494099,0.194508862,0.011978317,0.770835735,-2.984071228,1.951368864,-9.526555744,-0.087378197,-0.052177786,0.425689233
19.5694038,378.4172233,346.7678275,4247.170184,28.6131185,-80.59612337,10.76086635,10.88328302,38.38498545,-0.299871033,-0.172364186,-10.16346857,-0.608036012,0.195022188,0.011379373,0.769499229,-2.978443187,1.973983201,-9.520923898,-0.090078094,-0.053908038,0.424801671
19.5794038,378.5248171,346.8766516,4247.553526,28.61311948,-80.59612227,10.75788999,10.88153259,38.28338847,-0.298440764,-0.174188066,-10.16092638,-0.609568915,0.195549431,0.010776354,0.768160158,-2.973003352,1.996579186,-9.515185541,-0.092755487,-0.055663551,0.423916492
19.5894038,378.6323812,346.9854581,4247.935852,28.61312046,-80.59612117,10.75493111,10.87976597,38.1818154,-0.296796733,-0.175875771,-10.15848536,-0.611092836,0.196090608,0.010169453,0.766818493,-2.967840499,2.019551202,-9.509320751,-0.09540791,-0.057440511,0.423033632
19.5994038,378.7399158,347.0942468,4248.317162,28.61312144,-80.59612007,10.75199174,10.87798456,38.08026522,-0.2949456,-0.177424625,-10.15614519,-0.61260781,0.196645702,0.009558869,0.76547421,-2.962954763,2.042892423,-9.50332821,-0.098037413,-0.059237565,0.422152984
19.6094038,378.8474211,347.2030177,4248.697457,28.61312242,-80.59611897,10.74906965,10.87619001,37.978738,-0.29289462,-0.178832339,-10.1539053,-0.61411387,0.197214694,0.008944798,0.764127286,-2.958345479,2.06659497,-9.497206867,-0.100630793,-0.061052125,0.421274445
19.6194038,378.9548972,347.3117706,4249.076737,28.61312339,-80.59611786,10.74616174,10.87438403,37.87723398,-0.291527642,-0.180051114,-10.15154601,-0.615611042,0.197797579,0.008327398,0.762777698,-2.953838881,2.089763939,-9.490996563,-0.103203324,-0.062881134,0.420398276
19.6294038,379.0623444,347.4205054,4249.455002,28.61312437,-80.59611676,10.74326984,10.87256805,37.77575222,-0.290022045,-0.181122476,-10.14927195,-0.617099354,0.198394333,0.007706813,0.761425427,-2.94960445,2.113230299,-9.484657637,-0.10575295,-0.064721757,0.419524783
19.6394038,379.1697627,347.5292219,4249.832252,28.61312535,-80.59611566,10.74039578,10.87074355,37.67429172,-0.288328446,-0.182048203,-10.14709636,-0.618578836,0.199004903,0.007083187,0.760070457,-2.945651246,2.137044384,-9.478186502,-0.108281914,-0.066568472,0.418653845
19.6494038,379.2771524,347.6379202,4250.208488,28.61312633,-80.59611456,10.73754134,10.86891199,37.57285151,-0.286453621,-0.182827626,-10.14501843,-0.620049524,0.199629218,0.006456684,0.758712775,-2.941976237,2.161199537,-9.471582391,-0.110782221,-0.068420167,0.417785344
19.6594038,379.3845137,347.7466001,4250.583709,28.6131273,-80.59611346,10.73472883,10.86707374,37.47142537,-0.284404862,-0.183460104,-10.14303724,-0.621511459,0.200267162,0.005827495,0.757352369,-2.938576337,2.18568798,-9.464844708,-0.113250446,-0.070277305,0.41691917
19.6694038,379.4918472,347.8552617,4250.957917,28.61312828,-80.59611236,10.73198419,10.86522897,37.37000604,-0.277897109,-0.184174192,-10.1422518,-0.622964731,0.200918389,0.005195989,0.75598925,-2.936206652,2.214868038,-9.457772924,-0.115654102,-0.072128881,0.41605345
19.6794038,379.5991536,347.9639047,4251.33111,28.61312926,-80.59611126,10.72930877,10.86337909,37.2685925,-0.271017058,-0.184756647,-10.14162845,-0.624409444,0.201582479,0.004562562,0.754623438,-2.934103553,2.244585108,-9.450560139,-0.117943637,-0.073960923,0.415186122
19.6894038,379.7064336,348.0725292,4251.703288,28.61313024,-80.59611017,10.72670334,10.86152557,37.16718387,-0.26405376,-0.185194081,-10.14109402,-0.62584571,0.202258989,0.003927644,0.753254952,-2.932209922,2.27453714,-9.443221645,-0.120118896,-0.075773331,0.414317296
19.6994038,379.8136879,348.1811352,4252.074453,28.61313121,-80.59610907,10.72416849,10.85966982,37.06577931,-0.257022671,-0.185487602,-10.14064498,-0.627273637,0.202947489,0.003291646,0.751883811,-2.930518433,2.304699298,-9.435760157,-0.122175645,-0.077569796,0.413447113
19.7094038,379.9209172,348.2897226,4252.444604,28.61313219,-80.59610797,10.72172095,10.85781234,36.96437374,-0.249938508,-0.185638509,-10.14027781,-0.628693353,0.20364746,0.002655017,0.750510047,-2.929022046,2.335047794,-9.428178334,-0.124112668,-0.079340341,0.412575706
19.7194038,380.0281227,348.3982914,4252.813741,28.61313317,-80.59610687,10.71938011,10.8559534,36.86296124,-0.239430339,-0.185842273,-10.1408868,-0.630105019,0.204358251,0.002018343,0.749133698,-2.928236001,2.369022764,-9.420329844,-0.125897327,-0.081085571,0.411701759
19.7294038,380.1353052,348.5068417,4253.181863,28.61313414,-80.59610577,10.71714581,10.8540943,36.76154104,-0.22874696,-0.185923787,-10.14162319,-0.63150881,0.205079134,0.001382249,0.747754813,-2.927619287,2.40329346,-9.412366315,-0.127498403,-0.082795506,0.410823794
19.7394038,380.2424659,348.6153733,4253.548971,28.61313512,-80.59610467,10.71501737,10.85223634,36.66011255,-0.21812382,-0.185874215,-10.14242418,-0.632904909,0.205809373,7.47E-04,0.746373445,-2.92712741,2.4376032,-9.404302809,-0.12890896,-0.084471072,0.409942086
19.7494038,380.3496059,348.7238864,4253.915065,28.61313609,-80.59610358,10.71299392,10.85038077,36.55867518,-0.207578808,-0.185697229,-10.14328395,-0.634293496,0.206548237,1.14E-04,0.744989647,-2.92675048,2.471917545,-9.396144794,-0.130133992,-0.086105381,0.40905692
19.7594038,380.4567261,348.832381,4254.280145,28.61313707,-80.59610248,10.71105466,10.84853008,36.45723388,-0.197128374,-0.185397068,-10.14419669,-0.635674745,0.207295029,-5.16E-04,0.743603472,-2.926478422,2.50620383,-9.387897769,-0.131171312,-0.087704951,0.408168563
19.7694038,380.5638272,348.940857,4254.64421,28.61313804,-80.59610138,10.70917515,10.84668704,36.3557947,-0.190908363,-0.184708756,-10.14402136,-0.637048784,0.208049242,-0.001144453,0.742214962,-2.925770702,2.536185146,-9.379731521,-0.132061003,-0.089264647,0.407279064
19.7794038,380.6709098,349.0493147,4255.007261,28.61313902,-80.59610028,10.70735441,10.84485293,36.25435732,-0.185002099,-0.183877736,-10.14382027,-0.638415735,0.208810411,-0.001769412,0.740824156,-2.925170954,2.565877125,-9.371487396,-0.132845238,-0.090797692,0.406390654
19.7894038,380.7779745,349.1577541,4255.369297,28.61314,-80.59609919,10.7055918,10.84302895,36.15292133,-0.179156019,-0.182924254,-10.14366164,-0.639775714,0.209578077,-0.002391044,0.739431098,-2.92470682,2.595532461,-9.363158174,-0.133523638,-0.092292791,0.405503342
19.7994038,380.8850218,349.2661754,4255.730319,28.61314097,-80.59609809,10.70388657,10.84121627,36.05148636,-0.173379194,-0.181852109,-10.14354166,-0.641128835,0.210351786,-0.003009066,0.738035831,-2.924370375,2.625134004,-9.354747311,-0.134101377,-0.093755493,0.404617097
19.8094038,380.9920523,349.3745785,4256.090327,28.61314195,-80.59609699,10.7022233,10.83941708,35.95005622,-0.167680232,-0.18066513,-10.14345652,-0.642475208,0.211131109,-0.003623239,0.736638402,-2.924153902,2.654665059,-9.346258299,-0.134579219,-0.095181644,0.40373189
19.8194038,381.0990664,349.4829637,4256.44932,28.61314292,-80.5960959,10.70058385,10.8376338,35.84863555,-0.165110938,-0.179143496,-10.14253978,-0.643814902,0.211915757,-0.00423347,0.735238846,-2.923737881,2.680956294,-9.337810096,-0.134984704,-0.096573922,0.402849064
19.8294038,381.2060641,349.5913312,4256.8073,28.61314389,-80.5960948,10.69896735,10.83586757,35.74722416,-0.16278844,-0.177493803,-10.14159806,-0.645147974,0.212705492,-0.004839744,0.733837204,-2.923443969,2.706985561,-9.32929364,-0.135354571,-0.097934286,0.401970118
19.8394038,381.3130458,349.6996812,4257.164265,28.61314487,-80.59609371,10.69737322,10.83411946,35.64582177,-0.160521921,-0.175734509,-10.14068391,-0.646474479,0.21350006,-0.005442057,0.732433517,-2.923285335,2.732949301,-9.320703357,-0.135695932,-0.099254846,0.401094885
19.8494038,381.4200116,349.8080137,4257.520216,28.61314584,-80.59609261,10.69580085,10.8323905,35.54442817,-0.158314701,-0.173870348,-10.13979506,-0.64779447,0.214299208,-0.006040394,0.731027829,-2.923253702,2.758842849,-9.312041252,-0.136002101,-0.100536961,0.40022318
19.8594038,381.5269619,349.916329,4257.875154,28.61314682,-80.59609151,10.69427358,10.83067976,35.44303616,-0.156170051,-0.171905853,-10.13892926,-0.649108021,0.215102613,-0.006634686,0.729620191,-2.923341238,2.784661338,-9.303309333,-0.136275048,-0.101780012,0.399354833
19.8694038,381.6338973,350.0246273,4258.229077,28.61314779,-80.59609042,10.69281906,10.82898579,35.34163725,-0.149093192,-0.170245699,-10.13953521,-0.650415261,0.215909729,-0.007224633,0.728210671,-2.923926406,2.815600168,-9.294322819,-0.136463322,-0.102981004,0.398487379
19.8794038,381.7408186,350.1329088,4258.581986,28.61314876,-80.59608932,10.69143642,10.82730929,35.24023117,-0.141834385,-0.168535303,-10.14024723,-0.651716334,0.216719933,-0.007809912,0.72679935,-2.92457558,2.846715716,-9.285268029,-0.136517621,-0.104133988,0.397618098
19.8894038,381.8477263,350.2411736,4258.933882,28.61314974,-80.59608823,10.6901242,10.82565092,35.13881783,-0.134718225,-0.166754691,-10.14096927,-0.653011382,0.217532616,-0.008390202,0.725386311,-2.92525338,2.87765891,-9.276162231,-0.136445699,-0.105235335,0.396747099
19.8994038,381.9546213,350.3494219,4259.284763,28.61315071,-80.59608713,10.68888092,10.82401133,35.03739719,-0.127749467,-0.164908112,-10.14169776,-0.654300553,0.218347157,-0.008965181,0.723971637,-2.925951999,2.908413283,-9.267010578,-0.136241001,-0.106285108,0.39587453
19.9094038,382.0615041,350.4576539,4259.634629,28.61315169,-80.59608604,10.68768224,10.82239326,34.93597604,-0.12093257,-0.162999144,-10.14242929,-0.655583981,0.219162993,-0.009534587,0.722555408,-2.926664418,2.938962369,-9.257818367,-0.13590649,-0.107284557,0.39500053
19.9194038,382.168375,350.5658698,4259.983482,28.61315266,-80.59608494,10.68649955,10.82079992,34.83456254,-0.119023801,-0.160584468,-10.14174055,-0.656861739,0.219979795,-0.010098394,0.72113769,-2.92716632,2.964319019,-9.248749406,-0.135488443,-0.108233449,0.394127452
19.9294038,382.2752341,350.67407,4260.331321,28.61315363,-80.59608385,10.68533118,10.81923204,34.73315692,-0.117533509,-0.158072077,-10.14095632,-0.658133877,0.220797316,-0.010656666,0.719718543,-2.927710352,2.989168966,-9.239652432,-0.135047884,-0.109142102,0.393257899
19.9394038,382.3820816,350.7822546,4260.678145,28.6131546,-80.59608275,10.68417597,10.81769022,34.63175927,-0.116159879,-0.155494893,-10.14016453,-0.659400443,0.221615278,-0.011209492,0.718298038,-2.928304158,3.0138266,-9.230519618,-0.134581738,-0.109997052,0.392391751
19.9494038,382.4889177,350.8904239,4261.023956,28.61315558,-80.59608166,10.68303272,10.81617505,34.53036969,-0.114903665,-0.152858454,-10.13936297,-0.660661487,0.222433427,-0.011756952,0.71687624,-2.928938667,3.038289871,-9.221353636,-0.134093227,-0.110799528,0.391528848
19.9594038,382.5957424,350.9985781,4261.368753,28.61315655,-80.59608057,10.6819103,10.81468604,34.42898526,-0.113765411,-0.150167913,-10.13854961,-0.661917054,0.223251513,-0.012299119,0.715453218,-2.929605642,3.062556968,-9.212157005,-0.133584505,-0.111556595,0.390669042
19.9694038,382.702556,351.1067177,4261.712536,28.61315752,-80.59607947,10.68081942,10.81322247,34.32760244,-0.110653095,-0.147634854,-10.13836121,-0.663167214,0.224069182,-0.012835992,0.714029051,-2.93034437,3.088821919,-9.202862009,-0.133044168,-0.112262664,0.389811193
19.9794038,382.8093589,351.2148427,4262.055305,28.61315849,-80.59607838,10.67975892,10.8117847,34.22622135,-0.107545382,-0.145073464,-10.13819777,-0.664412046,0.224886035,-0.013367545,0.712603826,-2.931081716,3.115006895,-9.193538941,-0.132448921,-0.112912692,0.388954052
19.9894038,382.9161513,351.3229535,4262.39706,28.61315947,-80.59607728,10.67872739,10.81037308,34.12484218,-0.104577799,-0.142475029,-10.13801595,-0.665651627,0.225701701,-0.013893758,0.711177627,-2.93180616,3.140964565,-9.184196067,-0.131792763,-0.113509818,0.3880976
19.9994038,383.0229335,351.4310502,4262.737802,28.61316044,-80.59607619,10.6777234,10.80898792,34.02346516,-0.101752304,-0.139843588,-10.13781309,-0.666886027,0.226515832,-0.014414622,0.709750537,-2.932510482,3.166688055,-9.174836954,-0.131088524,-0.114053321,0.38724184
20.0094038,383.1297058,351.5391333,4263.077529,28.61316141,-80.59607509,10.67675306,10.80762872,33.92208816,-0.099070586,-0.137183053,-10.13758661,-0.668115322,0.227328058,-0.014930116,0.70832264,-2.933187844,3.192171086,-9.165465029,-0.130334237,-0.114547734,0.386386777
20.0194038,383.2364687,351.6472029,4263.416243,28.61316238,-80.596074,10.67582393,10.80629476,33.82070861,-0.094955215,-0.134660685,-10.13782902,-0.669339604,0.228137934,-0.015440173,0.706894036,-2.933831413,3.219069063,-9.156033793,-0.129517436,-0.11498865,0.38553165
20.0294038,383.3432225,351.7552593,4263.753944,28.61316335,-80.59607291,10.67493455,10.80498621,33.71932674,-0.090898329,-0.132128408,-10.13807573,-0.67055897,0.228945016,-0.015944715,0.705464821,-2.934420159,3.245806454,-9.146596022,-0.128627885,-0.115370744,0.384675608
20.0394038,383.4499675,351.8633027,4264.09063,28.61316433,-80.59607181,10.6740833,10.80370321,33.61794287,-0.087003809,-0.129579425,-10.13829189,-0.671773512,0.229748873,-0.016443663,0.704035091,-2.934946955,3.272266827,-9.137159247,-0.127662853,-0.115700231,0.383818733
20.0494038,383.5567042,351.9713334,4264.426302,28.6131653,-80.59607072,10.67326849,10.80244589,33.51655737,-0.083275016,-0.1270173,-10.13847391,-0.672983326,0.230549079,-0.016936943,0.702604942,-2.93540537,3.298439557,-9.127727706,-0.126628402,-0.115978448,0.38296112
20.0594038,383.663433,352.0793517,4264.760961,28.61316627,-80.59606963,10.67248054,10.80121515,33.41517318,-0.079715157,-0.124445761,-10.13861816,-0.674188497,0.231345245,-0.017424514,0.701174468,-2.935788899,3.324314274,-9.118305634,-0.125523981,-0.116203536,0.382102856
20.0694038,383.7701539,352.1873578,4265.094606,28.61316724,-80.59606853,10.67170835,10.80001202,33.31379377,-0.077971338,-0.121694848,-10.13819014,-0.675389085,0.232137076,-0.017906419,0.699743754,-2.936123521,3.348146188,-9.108945291,-0.124374211,-0.116378398,0.381244824
20.0794038,383.8768672,352.295352,4265.427237,28.61316821,-80.59606744,10.67095015,10.79883651,33.21241967,-0.076492954,-0.118931595,-10.13768265,-0.676585145,0.232924294,-0.01838273,0.698312888,-2.936385512,3.371566726,-9.099603475,-0.123190873,-0.116505436,0.380387996
20.0894038,383.9835729,352.4033346,4265.758854,28.61316918,-80.59606635,10.67020432,10.79768857,33.11105138,-0.075175218,-0.116171281,-10.13712708,-0.677776723,0.233706657,-0.018853543,0.696881953,-2.9365667,3.394683314,-9.090280175,-0.12198444,-0.116581341,0.379532364
20.0994038,384.0902713,352.5113059,4266.089458,28.61317015,-80.59606525,10.66946927,10.79656811,33.00968941,-0.074017328,-0.113418044,-10.13652147,-0.678963861,0.234483918,-0.01931897,0.695451037,-2.93666094,3.417494374,-9.080978165,-0.12075963,-0.116609519,0.378677902
20.1094038,384.1969624,352.6192661,4266.419048,28.61317112,-80.59606416,10.66874756,10.79547455,32.90833291,-0.073018314,-0.110676195,-10.1358639,-0.680146602,0.23525584,-0.019779117,0.694020227,-2.936661659,3.43999856,-9.071700281,-0.119516177,-0.116584194,0.377824587
20.1194038,384.3036463,352.7272155,4266.747625,28.6131721,-80.59606307,10.66804254,10.7944072,32.80698081,-0.071313723,-0.108041986,-10.13543731,-0.681324998,0.236022155,-0.020234057,0.692589613,-2.936529208,3.463107483,-9.062424119,-0.118249884,-0.116513099,0.376971971
20.1294038,384.4103233,352.8351543,4267.075188,28.61317307,-80.59606198,10.66735265,10.79336582,32.70563363,-0.069718266,-0.105432802,-10.13497307,-0.682499102,0.236782597,-0.020683858,0.691159284,-2.936282377,3.485956935,-9.053176567,-0.116952454,-0.116392457,0.376119556
20.1394038,384.5169934,352.9430829,4267.401737,28.61317404,-80.59606088,10.66667627,10.79235017,32.60429198,-0.068286482,-0.102846678,-10.13445093,-0.683668961,0.237536931,-0.021128589,0.689729325,-2.935917329,3.508485732,-9.043962269,-0.115629483,-0.11622636,0.375267366
20.1494038,384.6236568,353.0510014,4267.727274,28.61317501,-80.59605979,10.66601176,10.79135997,32.50295645,-0.067017566,-0.100287192,-10.13386895,-0.684834618,0.238284927,-0.021568342,0.688299823,-2.935429077,3.530691591,-9.034783996,-0.114282417,-0.116016441,0.374415433
20.1594038,384.7303137,353.1589102,4268.051797,28.61317598,-80.5960587,10.66535295,10.79039539,32.40162921,-0.065910383,-0.097758048,-10.13322529,-0.685996115,0.239026375,-0.022003212,0.686870862,-2.934812326,3.552572865,-9.025644478,-0.112916962,-0.115760915,0.373563787
20.1694038,384.8369639,353.2668094,4268.375306,28.61317695,-80.5960576,10.66469282,10.78945667,32.30031273,-0.065917003,-0.095159723,-10.13219753,-0.687153473,0.239761129,-0.022433351,0.685442521,-2.934117615,3.573119079,-9.016573688,-0.111540624,-0.115464535,0.372712934
20.1794038,384.9436075,353.3746994,4268.697803,28.61317792,-80.59605651,10.66402979,10.78854341,32.1990077,-0.06613381,-0.092592518,-10.13108566,-0.688306707,0.240489068,-0.022858948,0.684014879,-2.933295607,3.593285582,-9.007547905,-0.110171618,-0.115123885,0.371863434
20.1894038,385.0502445,353.4825804,4269.019286,28.61317889,-80.59605542,10.66336241,10.78765519,32.09771475,-0.066496781,-0.090066467,-10.1299094,-0.689455832,0.241210068,-0.023280168,0.682588011,-2.932338123,3.613139936,-8.998567175,-0.108809551,-0.114739858,0.371015267
20.1994038,385.1568747,353.5904526,4269.339757,28.61317986,-80.59605433,10.66268927,10.78679155,31.99643454,-0.067002786,-0.087584751,-10.12866817,-0.690600854,0.241924035,-0.023697208,0.681161995,-2.931240835,3.63268495,-8.989633288,-0.107454785,-0.114317859,0.370168403
20.2094038,385.2634984,353.6983163,4269.659215,28.61318083,-80.59605323,10.66205601,10.78594686,31.8951517,-0.067648147,-0.085150559,-10.12736164,-0.691741811,0.242630793,-0.024110148,0.679736909,-2.929999324,3.651924732,-8.980747763,-0.106116776,-0.113853614,0.369322815
20.2194038,385.3701162,353.8061716,4269.97766,28.6131818,-80.59605214,10.66151728,10.78511439,31.79384756,-0.058619398,-0.083843011,-10.12934,-0.692878868,0.243329784,-0.024518589,0.678312855,-2.927845371,3.681250638,-8.971628059,-0.104700681,-0.113360183,0.368473491
20.2294038,385.4767291,353.9140186,4270.295092,28.61318277,-80.59605105,10.66107213,10.78429344,31.69252235,-0.049160345,-0.08266122,-10.13147683,-0.694012229,0.244020338,-0.024921998,0.676889943,-2.925417555,3.710864153,-8.962560553,-0.103111564,-0.112849202,0.367614854
20.2394038,385.5833379,354.0218575,4270.61151,28.61318374,-80.59604996,10.66071847,10.78348343,31.59117673,-0.039904656,-0.081538136,-10.13355256,-0.6951421,0.244701812,-0.025319838,0.675468274,-2.922761978,3.740075995,-8.953570366,-0.101345444,-0.112320669,0.366747409
20.2494038,385.6899437,354.1296883,4270.926915,28.61318471,-80.59604887,10.66045415,10.78268375,31.4898114,-0.030861993,-0.080474484,-10.13555976,-0.696268682,0.245373586,-0.025711606,0.674047951,-2.919879618,3.76885786,-8.944663975,-0.099412669,-0.111778984,0.365871739
20.2594038,385.7965471,354.2375112,4271.241307,28.61318568,-80.59604777,10.66022579,10.7818996,31.38844522,-0.022041267,-0.07947112,-10.13749114,-0.697392139,0.246035163,-0.026096919,0.672629061,-2.916771402,3.797183044,-8.935847674,-0.097317485,-0.111225978,0.364988386
20.2694038,385.9031481,354.3453263,4271.554684,28.61318665,-80.59604668,10.65997031,10.78113732,31.28710069,-0.024109193,-0.077317952,-10.13556979,-0.698512494,0.246686482,-0.026475913,0.671211667,-2.91447907,3.813708685,-8.927360867,-0.095155785,-0.110651502,0.36410313
20.2794038,386.0097464,354.453134,4271.867049,28.61318762,-80.59604559,10.65968502,10.78039644,31.18577907,-0.027013334,-0.075147472,-10.13332149,-0.699629716,0.247327639,-0.026848911,0.669795817,-2.912108708,3.829108066,-8.918976149,-0.093048361,-0.110047548,0.363222334
20.2894038,386.1163417,354.5609343,4272.1784,28.61318859,-80.5960445,10.65936847,10.77967633,31.08448121,-0.030067892,-0.073038917,-10.13098736,-0.700743769,0.247958731,-0.027216234,0.668381563,-2.909594523,3.844114094,-8.910678435,-0.090999434,-0.10941237,0.362345901
20.2994038,386.2229337,354.6687276,4272.488739,28.61318956,-80.59604341,10.65901927,10.77897633,30.98320794,-0.033265185,-0.070994708,-10.1285696,-0.701854614,0.248579881,-0.027578215,0.666968954,-2.906934202,3.858739556,-8.902467721,-0.089009708,-0.108749039,0.361473632
20.3094038,386.3295221,354.7765139,4272.798064,28.61319052,-80.59604231,10.65865535,10.77829355,30.88195324,-0.036597362,-0.06901702,-10.12607062,-0.702962219,0.249191176,-0.027935138,0.66555804,-2.904125745,3.872997835,-8.894343731,-0.087084302,-0.108052918,0.360605336
20.3194038,386.4361068,354.8842935,4273.106378,28.61319149,-80.59604122,10.65829826,10.77762468,30.78070982,-0.036044082,-0.067568642,-10.12491273,-0.704066605,0.24979257,-0.028287089,0.664148875,-2.900693604,3.891154841,-8.886203526,-0.085185213,-0.107337379,0.359738796
20.3294038,386.5426881,354.9920665,4273.413679,28.61319246,-80.59604013,10.65794682,10.77696896,30.67947843,-0.035399536,-0.066218,-10.12375533,-0.705167802,0.250383994,-0.028634113,0.662741514,-2.897051988,3.909185164,-8.878142888,-0.083277395,-0.106605,0.358871551
20.3394038,386.6492658,355.0998329,4273.719967,28.61319343,-80.59603904,10.65759941,10.77632571,30.57825995,-0.03491652,-0.0649368,-10.12250796,-0.706265835,0.250965393,-0.028976257,0.66133601,-2.893230815,3.926819046,-8.87016973,-0.081367295,-0.105860353,0.358003641
20.3494038,386.7558401,355.207593,4274.025244,28.6131944,-80.59603795,10.65725446,10.77569421,30.4770553,-0.034591945,-0.063725893,-10.12117073,-0.707360731,0.25153671,-0.029313567,0.659932417,-2.889231068,3.944058343,-8.862285374,-0.079452691,-0.105101221,0.357135144
20.3594038,386.8624108,355.3153469,4274.329508,28.61319537,-80.59603685,10.65689656,10.77507537,30.37587032,-0.034422744,-0.062586104,-10.11974378,-0.708452501,0.252097943,-0.029646139,0.658530779,-2.885053691,3.960904835,-8.854491186,-0.077534155,-0.104331708,0.356266136
20.3694038,386.9689779,355.4230946,4274.632761,28.61319634,-80.59603576,10.65650777,10.77447042,30.27471178,-0.037299992,-0.061178577,-10.11719418,-0.709541112,0.25264921,-0.029974212,0.657131139,-2.881100943,3.974297036,-8.8468623,-0.075647969,-0.103545103,0.355398172
20.3794038,387.0755409,355.5308363,4274.935003,28.61319731,-80.59603467,10.65608666,10.77387866,30.17358053,-0.040477086,-0.059822965,-10.11450145,-0.710626514,0.253190685,-0.030298079,0.655733529,-2.87701826,3.987149804,-8.839330245,-0.073822268,-0.102742003,0.354532985
20.3894038,387.1820995,355.6385722,4275.236233,28.61319828,-80.59603358,10.65563219,10.77329934,30.07247732,-0.043762177,-0.058541599,-10.11173432,-0.711708656,0.253722549,-0.030618022,0.654337981,-2.872780915,3.999671682,-8.831889349,-0.072062656,-0.101922125,0.353670499
20.3994038,387.2886534,355.7463023,4275.536452,28.61319925,-80.59603249,10.65514339,10.77273171,29.97140284,-0.04714808,-0.057335049,-10.10889569,-0.71278748,0.254244999,-0.030934337,0.652944527,-2.868389213,4.011875546,-8.824538534,-0.070366963,-0.101088511,0.352810609
20.4094038,387.3952022,355.8540269,4275.835661,28.61320021,-80.5960314,10.65461716,10.77217528,29.87035853,-0.050627507,-0.056203751,-10.10598862,-0.713862923,0.254758243,-0.031247332,0.651553197,-2.863843504,4.023774789,-8.817276493,-0.068743233,-0.100237416,0.351953217
20.4194038,387.5017456,355.9617459,4276.13386,28.61320118,-80.5960303,10.65405011,10.7716296,29.76934596,-0.054649205,-0.055093499,-10.10285423,-0.714934913,0.255262524,-0.031557334,0.650164017,-2.859217051,4.034901808,-8.810115248,-0.067196237,-0.09937359,0.351098473
20.4294038,387.6082831,356.0694595,4276.431048,28.61320215,-80.59602921,10.65344148,10.77109391,29.66836571,-0.058773006,-0.054055653,-10.09965009,-0.716003375,0.255758084,-0.03186468,0.648777013,-2.854445193,4.045728715,-8.803040956,-0.065728928,-0.098493395,0.35024656
20.4394038,387.7148143,356.1771678,4276.727227,28.61320312,-80.59602812,10.65279067,10.77056747,29.56741832,-0.062962379,-0.053093703,-10.09638997,-0.717068225,0.256245201,-0.032169708,0.647392205,-2.849523681,4.056300998,-8.79605086,-0.064345238,-0.097599811,0.349397378
20.4494038,387.8213388,356.2848709,4277.022397,28.61320409,-80.59602703,10.65209712,10.77004951,29.46650431,-0.067209819,-0.052207345,-10.09307747,-0.718129379,0.256724149,-0.032472767,0.646009617,-2.844453296,4.06663404,-8.789142659,-0.063050356,-0.096692865,0.348550826
20.4594038,387.9278561,356.3925688,4277.316557,28.61320506,-80.59602594,10.65135449,10.76954002,29.36562621,-0.07150798,-0.051396229,-10.08971614,-0.719186744,0.257195217,-0.032774224,0.644629271,-2.839234587,4.076743159,-8.782313985,-0.061843851,-0.095774541,0.34770681
20.4694038,388.0343657,356.5002617,4277.609709,28.61320603,-80.59602485,10.65055544,10.76903911,29.26478686,-0.077074189,-0.050508751,-10.08587972,-0.720240208,0.257658758,-0.033074505,0.643251183,-2.834092614,4.085357511,-8.775604498,-0.0607372,-0.094838175,0.346865903
20.4794038,388.140867,356.6079496,4277.901853,28.61320699,-80.59602376,10.64969967,10.76854608,29.16398663,-0.082738613,-0.049685012,-10.08198311,-0.721289651,0.258115142,-0.033374041,0.641875366,-2.828827209,4.093718744,-8.76897378,-0.059745546,-0.093888676,0.34602877
20.4894038,388.2473595,356.7156326,4278.192989,28.61320796,-80.59602267,10.6487871,10.76806021,29.06322578,-0.088416043,-0.048933149,-10.07805784,-0.722334947,0.25856475,-0.033673296,0.640501837,-2.823425405,4.101926636,-8.76241568,-0.058870356,-0.092922294,0.345195277
20.4994038,388.3538426,356.8233108,4278.483118,28.61320893,-80.59602158,10.64781768,10.76758082,28.96250454,-0.094099692,-0.048251678,-10.07410779,-0.723375971,0.259007969,-0.033972706,0.639130606,-2.817887757,4.109999003,-8.755926419,-0.058114708,-0.091939933,0.344365283
20.5094038,388.4603157,356.9309843,4278.772239,28.6132099,-80.59602048,10.64679563,10.76710667,28.86182166,-0.099783733,-0.047638657,-10.07013653,-0.724412598,0.259445192,-0.034272691,0.637761682,-2.812215615,4.117952397,-8.749502123,-0.057475162,-0.090945934,0.343538656
20.5194038,388.5667783,357.038653,4279.060354,28.61321087,-80.59601939,10.64572598,10.76663645,28.76117563,-0.104589514,-0.047206503,-10.0664469,-0.725444712,0.259876781,-0.03457364,0.636395076,-2.806226168,4.12671392,-8.743102852,-0.056948081,-0.089939643,0.342714784
20.5294038,388.67323,357.146317,4279.347463,28.61321184,-80.5960183,10.64460886,10.76616949,28.66056661,-0.109339061,-0.046848214,-10.06275527,-0.7264722,0.260303095,-0.034875915,0.635030796,-2.800084985,4.135432561,-8.736756552,-0.056524672,-0.088928161,0.341893004
20.5394038,388.7796703,357.2539764,4279.633566,28.6132128,-80.59601721,10.64344434,10.76570515,28.55999477,-0.114083754,-0.046554796,-10.05904514,-0.727494951,0.260724486,-0.035179882,0.633668852,-2.793805105,4.144063651,-8.730461671,-0.056204049,-0.087906115,0.341073245
20.5494038,388.8860988,357.3616311,4279.918663,28.61321377,-80.59601612,10.6422325,10.76524279,28.45946027,-0.118819848,-0.04632469,-10.05531879,-0.72851285,0.261141326,-0.035485896,0.632309249,-2.78738765,4.152619898,-8.72421447,-0.055985389,-0.086876963,0.340255455
20.5594038,388.9925149,357.4692812,4280.202755,28.61321474,-80.59601503,10.64101126,10.76477656,28.35895054,-0.12354394,-0.046156299,-10.05157836,-0.729525812,0.261553913,-0.035794197,0.630951992,-2.780834085,4.161113827,-8.718010927,-0.055871096,-0.085844855,0.339439582
20.5694038,389.0989191,357.5769266,4280.485842,28.61321571,-80.59601394,10.63982557,10.76429953,28.25845063,-0.120379925,-0.047147409,-10.05047379,-0.73053387,0.261962239,-0.03610462,0.629597099,-2.772265143,4.177712121,-8.711486959,-0.055782403,-0.084824404,0.338621136
20.5794038,389.2053116,357.6845672,4280.767924,28.61321668,-80.59601285,10.63867574,10.76381098,28.15796065,-0.116766862,-0.048269082,-10.04950005,-0.731537096,0.262366213,-0.036416855,0.628244586,-2.763393727,4.194688906,-8.704978792,-0.055640384,-0.083834719,0.337795086
20.5894038,389.3116927,357.7922028,4281.049001,28.61321764,-80.59601176,10.63756122,10.76331036,28.05748098,-0.113207979,-0.049448914,-10.04848836,-0.732535567,0.262765751,-0.036730582,0.626894463,-2.754345157,4.211516728,-8.698510745,-0.055438155,-0.082879678,0.33696181
20.5994038,389.4180629,357.8998333,4281.329074,28.61321861,-80.59601067,10.63648144,10.76279713,27.957012,-0.10970518,-0.050684088,-10.04743869,-0.733529355,0.263160785,-0.037045485,0.625546735,-2.745127447,4.228188091,-8.692084283,-0.055183322,-0.081963837,0.336121761
20.6094038,389.5244223,358.0074587,4281.608142,28.61321958,-80.59600958,10.63539388,10.76227652,27.85656844,-0.106260129,-0.051971803,-10.04635113,-0.734518504,0.263551317,-0.037361369,0.624201409,-2.73574875,4.244696168,-8.68570069,-0.054870296,-0.081084403,0.335275366
20.6194038,389.6307706,358.1150789,4281.886205,28.61322055,-80.59600849,10.6342482,10.76175499,27.75616765,-0.111619598,-0.05210612,-10.04223255,-0.735502915,0.263937717,-0.037678507,0.62285847,-2.728428797,4.251989717,-8.679738952,-0.054588644,-0.080222261,0.334427959
20.6294038,389.7371071,358.2226938,4282.163265,28.61322152,-80.5960074,10.6330437,10.76123226,27.65580995,-0.117512919,-0.052206198,-10.03792389,-0.736482445,0.264320462,-0.037997339,0.621517903,-2.721160127,4.258654046,-8.67384598,-0.054436146,-0.079359548,0.333585473
20.6394038,389.8434313,358.3303035,4282.439322,28.61322248,-80.59600631,10.63178062,10.76070793,27.5554953,-0.123382975,-0.052346416,-10.03361696,-0.737456955,0.264700008,-0.038318285,0.620179695,-2.713805776,4.265277848,-8.66799261,-0.054413871,-0.07849052,0.332747811
20.6494038,389.9497425,358.437908,4282.714375,28.61322345,-80.59600523,10.63045917,10.76018161,27.4552237,-0.129230204,-0.052526103,-10.02931186,-0.738426306,0.265076822,-0.038641755,0.618843828,-2.70636602,4.271871586,-8.662173623,-0.054514193,-0.077615806,0.331914778
20.6594038,390.0560403,358.5455071,4282.988426,28.61322442,-80.59600414,10.62909596,10.75965048,27.35498968,-0.135054615,-0.052745454,-10.02500844,-0.739390364,0.265451356,-0.038968119,0.617510285,-2.698840377,4.278445879,-8.656383623,-0.054743835,-0.076740867,0.33108619
20.6694038,390.1623244,358.6531009,4283.261475,28.61322539,-80.59600305,10.6277108,10.75911124,27.25478678,-0.137440478,-0.05350849,-10.02184036,-0.740349051,0.265823931,-0.039297558,0.61617905,-2.690264176,4.288510141,-8.650444887,-0.055071741,-0.075871468,0.330259933
20.6794038,390.2685945,358.7606893,4283.533522,28.61322635,-80.59600196,10.62630426,10.75856338,27.15461492,-0.139588602,-0.054347954,-10.0187383,-0.741302303,0.266194826,-0.039630193,0.61485011,-2.681511927,4.298780723,-8.64450889,-0.055458117,-0.075018888,0.32943365
20.6894038,390.3748504,358.8682722,4283.804567,28.61322732,-80.59600087,10.62487661,10.75800649,27.05447415,-0.141713559,-0.055230355,-10.01563166,-0.742250065,0.266564303,-0.039966127,0.613523449,-2.672646993,4.309042602,-8.638583256,-0.05590183,-0.074182008,0.328607348
20.6994038,390.4810919,358.9758494,4284.074612,28.61322829,-80.59599978,10.62342808,10.75744017,26.95436448,-0.143813537,-0.056154006,-10.01252186,-0.743192275,0.266932642,-0.040305467,0.61219905,-2.663672547,4.319302269,-8.632665062,-0.056399261,-0.073362469,0.327781078
20.7094038,390.5873189,359.083421,4284.343655,28.61322926,-80.59599869,10.62195152,10.75686513,26.8542884,-0.145886576,-0.057117176,-10.00941038,-0.744128869,0.267300128,-0.040648339,0.610876895,-2.654591851,4.329566754,-8.626751146,-0.056954874,-0.0725612,0.326954886
20.7194038,390.6935308,359.1909867,4284.611698,28.61323022,-80.59599761,10.62043832,10.75628232,26.75424883,-0.149485819,-0.057887554,-10.0057845,-0.745059758,0.267667102,-0.040994947,0.609556965,-2.645874987,4.338258776,-8.620920876,-0.057578359,-0.071772433,0.3261297
20.7294038,390.7997275,359.2985466,4284.87874,28.61323119,-80.59599652,10.61888866,10.75569139,26.65424578,-0.153149242,-0.058680663,-10.00212944,-0.745984847,0.26803393,-0.041345514,0.608239237,-2.637096128,4.346878718,-8.615094946,-0.058289971,-0.0709926,0.32530656
20.7394038,390.9059085,359.4061005,4285.144783,28.61323216,-80.59599543,10.61730295,10.75509199,26.55427921,-0.156774963,-0.059510226,-9.998479461,-0.746904041,0.268400969,-0.041700255,0.606923687,-2.628227145,4.355537898,-8.609263795,-0.059084795,-0.070226407,0.324485432
20.7494038,391.0120734,359.5136484,4285.409826,28.61323313,-80.59599434,10.61568161,10.75448377,26.45434902,-0.160359812,-0.06037518,-9.994836155,-0.747817247,0.268768574,-0.042059379,0.605610294,-2.619269356,4.364246775,-8.603423058,-0.059964798,-0.069467208,0.323666264
20.7594038,391.118222,359.6211902,4285.67387,28.61323409,-80.59599326,10.61401131,10.75386842,26.35445968,-0.163900582,-0.06127438,-9.991201153,-0.74872436,0.269137125,-0.042423132,0.604299031,-2.610224031,4.373015783,-8.597568371,-0.060924702,-0.068721627,0.322849007
20.7694038,391.2243534,359.7287257,4285.936915,28.61323506,-80.59599217,10.61227594,10.753248,26.25461651,-0.170275705,-0.061785085,-9.986628417,-0.749625235,0.269507103,-0.042791897,0.60298987,-2.602001915,4.378936361,-8.591860144,-0.06199634,-0.067979182,0.322035244
20.7794038,391.3304673,359.8362551,4286.198962,28.61323603,-80.59599108,10.61047568,10.75262222,26.15481948,-0.176789836,-0.062304041,-9.982007215,-0.750519715,0.269879006,-0.043166087,0.601682781,-2.593769634,4.384757202,-8.586143945,-0.063199697,-0.067233737,0.32122678
20.7894038,391.4365627,359.9437782,4286.460012,28.61323699,-80.59598999,10.60861104,10.75199074,26.05506845,-0.183254293,-0.062857352,-9.977399903,-0.751407642,0.270253336,-0.043546119,0.600377735,-2.58546872,4.390681076,-8.580402857,-0.064535543,-0.066483523,0.320423449
20.7994038,391.5426393,360.0512949,4286.720064,28.61323796,-80.59598891,10.60668263,10.75135323,25.95536324,-0.189662701,-0.063444069,-9.972808862,-0.752288861,0.270630579,-0.043932402,0.599074706,-2.577097818,4.396725963,-8.574630098,-0.066006092,-0.065729637,0.319625059
20.8094038,391.6486962,360.1588052,4286.979119,28.61323893,-80.59598782,10.60470536,10.75070734,25.85569898,-0.196008797,-0.064063132,-9.968236416,-0.753163228,0.271011183,-0.044325306,0.597773668,-2.568655449,4.402909338,-8.568819016,-0.067602718,-0.064969062,0.318831429
20.8194038,391.7547333,360.266309,4287.237178,28.61323989,-80.59598673,10.60269709,10.75005037,25.75606987,-0.199305758,-0.065136467,-9.964658915,-0.754030642,0.271395502,-0.044725035,0.596474596,-2.559160948,4.412250606,-8.56277599,-0.06930085,-0.064209606,0.318040722
20.8294038,391.8607501,360.3738062,4287.494241,28.61324086,-80.59598565,10.60065894,10.74938202,25.65647554,-0.202334636,-0.066262131,-9.961167353,-0.754891018,0.271783855,-0.045131741,0.595177464,-2.549514618,4.421948665,-8.556665836,-0.071072728,-0.063464485,0.317250884
20.8394038,391.9667464,360.4812966,4287.750307,28.61324183,-80.59598456,10.59859174,10.74870208,25.55691574,-0.205281832,-0.067411216,-9.957701501,-0.755744276,0.272176547,-0.045545561,0.593882243,-2.539779781,4.431821595,-8.550495898,-0.072910085,-0.062731935,0.316461892
20.8494038,392.0727218,360.5887802,4288.005379,28.61324279,-80.59598348,10.59649633,10.74801032,25.45739018,-0.208145162,-0.068581795,-9.954262758,-0.756590332,0.272573883,-0.045966641,0.59258891,-2.529958141,4.441877317,-8.544261971,-0.07481667,-0.062012627,0.315673758
20.8594038,392.1786762,360.6962568,4288.259455,28.61324376,-80.59598239,10.59438188,10.74730542,25.35789586,-0.210922429,-0.069771957,-9.950852523,-0.757429114,0.272976139,-0.046395093,0.591297438,-2.520051242,4.452123849,-8.537959786,-0.076786819,-0.061303308,0.314886496
20.8694038,392.2846094,360.8037262,4288.512537,28.61324473,-80.59598131,10.59225921,10.74658586,25.25842919,-0.21187884,-0.071220024,-9.948040933,-0.758260574,0.273383553,-0.046830926,0.590007796,-2.509469471,4.464306463,-8.531471978,-0.078808218,-0.060614333,0.314099149
20.8794038,392.3905214,360.9111884,4288.764624,28.61324569,-80.59598022,10.5901293,10.74585148,25.15898983,-0.212642825,-0.072695634,-9.945295676,-0.759084677,0.273796317,-0.047274123,0.588719957,-2.498763078,4.476792067,-8.524900209,-0.080859449,-0.059949931,0.313310634
20.8894038,392.496412,361.0186432,4289.015717,28.61324666,-80.59597914,10.58799298,10.7451022,25.05957745,-0.213324784,-0.074181361,-9.942581363,-0.759901386,0.274214634,-0.047724663,0.58743389,-2.487972675,4.489472354,-8.518248907,-0.082940459,-0.059309408,0.312521042
20.8994038,392.6022812,361.1260904,4289.265816,28.61324763,-80.59597805,10.58585107,10.74433796,24.96019174,-0.213925063,-0.075675031,-9.939898733,-0.760710665,0.274638691,-0.048182532,0.586149569,-2.477101863,4.502349656,-8.511515224,-0.085050276,-0.058692762,0.311730478
20.9094038,392.7081289,361.2335299,4289.514921,28.61324859,-80.59597697,10.58368805,10.74356091,24.86083777,-0.214444049,-0.077174676,-9.937248438,-0.761512474,0.275068698,-0.048647729,0.584866961,-2.466153718,4.515426096,-8.504696451,-0.087188393,-0.058098684,0.310939045
20.9194038,392.8139548,361.3409616,4289.763033,28.61324956,-80.59597588,10.58148523,10.74277367,24.7615217,-0.218289134,-0.078215658,-9.933502241,-0.762306723,0.275504967,-0.049120421,0.583586032,-2.456336286,4.525299536,-8.498018049,-0.089375588,-0.057521404,0.310148746
20.9294038,392.9197585,361.4483854,4290.010151,28.61325052,-80.5959748,10.57924318,10.74197619,24.66224328,-0.222259111,-0.079235,-9.929718363,-0.763093307,0.275947841,-0.049600836,0.58230675,-2.446536419,4.535181237,-8.491264616,-0.09164916,-0.056948932,0.309361839
20.9394038,393.0255396,361.5558011,4290.256278,28.61325149,-80.59597372,10.57696287,10.74116844,24.56300217,-0.226134451,-0.080260577,-9.925969929,-0.763872123,0.276397643,-0.050089183,0.581029084,-2.436677871,4.545298024,-8.484416563,-0.094004343,-0.056376345,0.308578259
20.9494038,393.1312977,361.6632087,4290.501411,28.61325246,-80.59597263,10.57464527,10.74035037,24.46379798,-0.229912228,-0.081290717,-9.922258383,-0.764643073,0.276854695,-0.050585664,0.579752999,-2.426760512,4.555659633,-8.477468842,-0.096436509,-0.055808157,0.307797908
20.9594038,393.2370323,361.7706081,4290.745554,28.61325342,-80.59597155,10.57228439,10.73952289,24.36463266,-0.233589654,-0.082323728,-9.918585135,-0.765406055,0.277319313,-0.051090488,0.578478463,-2.416784257,4.566275498,-8.470416421,-0.098946089,-0.05524357,0.307020692
20.9694038,393.3427432,361.8779991,4290.988704,28.61325439,-80.59597047,10.56987283,10.73868712,24.26550863,-0.238631918,-0.083163509,-9.91446282,-0.766160947,0.277791857,-0.051603928,0.577205442,-2.407285673,4.575694704,-8.463357965,-0.101540119,-0.054677461,0.306247343
20.9794038,393.4484296,361.9853818,4291.230864,28.61325535,-80.59596938,10.56741149,10.73784305,24.16642554,-0.243662907,-0.083992128,-9.910348964,-0.766907619,0.278272699,-0.052126278,0.575933902,-2.397768955,4.58529695,-8.456192925,-0.104234167,-0.054106083,0.305478712
20.9894038,393.5540912,362.092756,4291.472033,28.61325632,-80.5959683,10.56490149,10.73699072,24.06738296,-0.248585453,-0.084820349,-9.906276196,-0.767645951,0.278762185,-0.052657809,0.574663809,-2.388198719,4.595187206,-8.448908729,-0.107021313,-0.053528403,0.304714663
20.9994038,393.6597275,362.2001216,4291.712212,28.61325728,-80.59596722,10.56234397,10.73613013,23.96838046,-0.253395709,-0.08564658,-9.902246092,-0.768375819,0.279260655,-0.053198796,0.57339513,-2.37857337,4.605376972,-8.441499515,-0.109899617,-0.052945663,0.303955049
21.0094038,393.765338,362.3074785,4291.951401,28.61325825,-80.59596614,10.5597564,10.73525923,23.86941214,-0.258089929,-0.086469282,-9.898260184,-0.769097113,0.279768414,-0.053749465,0.572127836,-2.36889111,4.615877455,-8.433959464,-0.112866012,-0.052354119,0.303199732
21.0194038,393.8709226,362.4148267,4292.1896,28.61325922,-80.59596505,10.5571595,10.73437555,23.77047095,-0.259260304,-0.087728756,-9.895460871,-0.769809771,0.280285665,-0.054309878,0.570861893,-2.357863261,4.630069945,-8.426030574,-0.115895231,-0.051766067,0.30244668
21.0294038,393.9764812,362.522166,4292.42681,28.61326018,-80.59596397,10.55455478,10.73347915,23.6715563,-0.260100126,-0.08900589,-9.892783154,-0.770513745,0.280812577,-0.054880034,0.569597268,-2.346680643,4.64478963,-8.417942261,-0.118953665,-0.051192925,0.301693607
21.0394038,394.0820137,362.6294963,4292.663031,28.61326115,-80.59596289,10.55194335,10.73257017,23.57266767,-0.260826267,-0.090270858,-9.89015522,-0.771208995,0.281349295,-0.055459927,0.56833393,-2.33542623,4.659823773,-8.409707259,-0.122037558,-0.050633625,0.300940535
21.0494038,394.18752,362.7368174,4292.898264,28.61326211,-80.59596181,10.54932635,10.73164876,23.47380458,-0.261439731,-0.091522139,-9.887577409,-0.771895478,0.28189598,-0.056049544,0.567071844,-2.324101539,4.675173164,-8.401322632,-0.125146939,-0.050091469,0.300187522
21.0594038,394.2930002,362.8441292,4293.132507,28.61326308,-80.59596073,10.5467202,10.7307131,23.37496129,-0.261941553,-0.0927581,-9.885050121,-0.772573164,0.28245275,-0.056648832,0.565810976,-2.312708492,4.690838741,-8.392785275,-0.128280253,-0.049563979,0.299434628
21.0694038,394.3984545,362.9514316,4293.365763,28.61326404,-80.59595965,10.54414414,10.72976104,23.27613108,-0.259139964,-0.094387751,-9.883660524,-0.773242071,0.283019633,-0.057257575,0.564551288,-2.300001216,4.709971388,-8.38385185,-0.131411308,-0.049062272,0.298680107
21.0794038,394.5038832,363.0587244,4293.59803,28.61326501,-80.59595857,10.54159924,10.72879278,23.17731337,-0.256059895,-0.096020123,-9.882387656,-0.773902233,0.283596618,-0.057875517,0.563292746,-2.287147784,4.729579531,-8.374748044,-0.134510397,-0.048597358,0.297921974
21.0894038,394.6092866,363.1660074,4293.829309,28.61326597,-80.59595749,10.53908617,10.72780857,23.07850769,-0.25290956,-0.097627623,-9.88116174,-0.774553681,0.284183692,-0.058502394,0.562035314,-2.274232152,4.749454592,-8.365488685,-0.137575889,-0.048168902,0.297160422
21.0994038,394.7146651,363.2732805,4294.0596,28.61326694,-80.59595641,10.53660557,10.72680869,22.97971357,-0.249693707,-0.099208906,-9.879981982,-0.775196454,0.284780844,-0.059137943,0.560778952,-2.261259339,4.769588862,-8.356073337,-0.140610063,-0.0477773,0.296395674
21.1094038,394.8200188,363.3805435,4294.288903,28.6132679,-80.59595533,10.53414852,10.72579464,22.88093388,-0.24641702,-0.100762665,-9.878847588,-0.775830582,0.285388073,-0.059781907,0.559523619,-2.248234435,4.789974726,-8.346501553,-0.143609673,-0.047424741,0.295627941
21.1194038,394.9253481,363.4877963,4294.517219,28.61326886,-80.59595425,10.53170434,10.72476815,22.7821721,-0.245063873,-0.10203306,-9.877069016,-0.776456077,0.286005405,-0.060434128,0.558269277,-2.23596215,4.808656257,-8.336921354,-0.146585602,-0.047103289,0.294858556
21.1294038,395.0306529,363.5950388,4294.744547,28.61326983,-80.59595317,10.52927357,10.72372952,22.68342785,-0.243759809,-0.103260386,-9.875293274,-0.777072939,0.286632888,-0.061094477,0.557015888,-2.223698082,4.827479451,-8.327190871,-0.149555482,-0.046803689,0.294088996
21.1394038,395.1359336,363.7022709,4294.970888,28.61327079,-80.59595209,10.52685695,10.72267905,22.58470067,-0.242381285,-0.104459877,-9.873563797,-0.777681171,0.287270571,-0.061762821,0.555763412,-2.211394293,4.846565154,-8.317299086,-0.152517756,-0.046527997,0.29331935
21.1494038,395.2411901,363.8094924,4295.196241,28.61327176,-80.59595102,10.52445518,10.72161701,22.48599009,-0.240931032,-0.105630556,-9.871880261,-0.778280774,0.287918496,-0.062439026,0.554511808,-2.199053576,4.865909845,-8.307244442,-0.155474239,-0.046276029,0.29254968
21.1594038,395.3464227,363.9167032,4295.420607,28.61327272,-80.59594994,10.5220652,10.7205442,22.38729699,-0.239411795,-0.106771535,-9.870242304,-0.778871753,0.288576698,-0.063122956,0.553261036,-2.186678615,4.885509863,-8.29702545,-0.158420917,-0.046045314,0.291780044
21.1694038,395.4516315,364.0239032,4295.643987,28.61327369,-80.59594886,10.51968321,10.7194615,22.2886225,-0.238606242,-0.107781318,-9.868372863,-0.779454101,0.289245232,-0.063814515,0.552011057,-2.174597552,4.90459625,-8.286699816,-0.161361284,-0.045838584,0.291010953
21.1794038,395.5568164,364.1310924,4295.86638,28.61327465,-80.59594778,10.51730986,10.71836922,22.18996621,-0.237778562,-0.108754152,-9.866531301,-0.780027809,0.289924156,-0.064513621,0.550761831,-2.162508739,4.923891547,-8.276210123,-0.164304507,-0.045646569,0.290242976
21.1894038,395.6619777,364.2382706,4296.087786,28.61327561,-80.59594671,10.51494582,10.71726769,22.09132765,-0.236881128,-0.109695747,-9.864734964,-0.780592868,0.290613513,-0.065220186,0.549513319,-2.150393288,4.943442248,-8.265550749,-0.167246706,-0.045470779,0.28947613
21.1994038,395.7671154,364.3454377,4296.308207,28.61327658,-80.59594563,10.51259175,10.71615722,21.99270638,-0.235916081,-0.110605519,-9.862983569,-0.781149272,0.291313352,-0.065934114,0.548265482,-2.138252745,4.963245713,-8.254719986,-0.170188012,-0.045312355,0.288710422
21.2094038,395.8722296,364.4525937,4296.527641,28.61327754,-80.59594455,10.51025545,10.71503721,21.89409938,-0.234885599,-0.111482837,-9.861276842,-0.78169702,0.292023703,-0.066655297,0.547018279,-2.126088933,4.983299269,-8.243716084,-0.1731272,-0.045171773,0.287945862
21.2194038,395.9773206,364.5597384,4296.746089,28.6132785,-80.59594348,10.50794595,10.71390689,21.79550313,-0.23230538,-0.112521109,-9.860152435,-0.782236135,0.292744541,-0.067383551,0.545771673,-2.113262366,5.005053213,-8.23242354,-0.176051009,-0.045050369,0.287181576
21.2294038,396.0823886,364.6668718,4296.963551,28.61327947,-80.5959424,10.50566381,10.71276658,21.69691715,-0.229588242,-0.113537237,-9.859104137,-0.782766648,0.293475834,-0.068118668,0.544525625,-2.100374916,5.027121597,-8.220949429,-0.178946413,-0.044955587,0.286416576
21.2394038,396.1874339,364.7739937,4297.180027,28.61328043,-80.59594132,10.50340941,10.71161664,21.59834105,-0.226832538,-0.114518487,-9.858096913,-0.783288593,0.294217539,-0.06886043,0.543280094,-2.087470398,5.049405271,-8.209300578,-0.181811538,-0.044888075,0.285650934
21.2494038,396.2924569,364.8811041,4297.395518,28.61328139,-80.59594025,10.50118308,10.71045741,21.49977442,-0.224041811,-0.115464516,-9.857129853,-0.783802003,0.294969619,-0.069608622,0.542035039,-2.074551991,5.071897692,-8.197476659,-0.184645703,-0.044848477,0.284884737
21.2594038,396.3974577,364.9882028,4297.610023,28.61328236,-80.59593917,10.49897536,10.70929055,21.40122048,-0.221219521,-0.116375001,-9.856202057,-0.784306908,0.29573204,-0.070363043,0.540790418,-2.061622895,5.09459244,-8.185477329,-0.187450395,-0.044837953,0.28411807
21.2694038,396.5024364,365.0952899,4297.823542,28.61328332,-80.5959381,10.496775,10.70811798,21.30268316,-0.220401848,-0.116978824,-9.854559751,-0.784803308,0.296504809,-0.071123611,0.539546196,-2.049593077,5.115502123,-8.173457968,-0.190235261,-0.044846186,0.283352241
21.2794038,396.6073932,365.2023652,4298.036076,28.61328428,-80.59593702,10.49458227,10.70694007,21.20416214,-0.219662996,-0.117530268,-9.852909829,-0.785291191,0.297287953,-0.071890273,0.538302338,-2.037615967,5.13650555,-8.161270073,-0.193021926,-0.0448607,0.282588723
21.2894038,396.7123281,365.3094287,4298.247625,28.61328525,-80.59593595,10.49239766,10.70575717,21.10565703,-0.21887491,-0.118046443,-9.851299798,-0.785770549,0.298081491,-0.072662964,0.537058808,-2.02563457,5.15772707,-8.148902071,-0.195807113,-0.044886623,0.281827502
21.2994038,396.8172412,365.4164803,4298.458189,28.61328621,-80.59593487,10.49022163,10.70456964,21.00716742,-0.218039305,-0.118527267,-9.849729299,-0.786241376,0.298885441,-0.073441617,0.535815567,-2.013649515,5.179164196,-8.136352437,-0.198588944,-0.044921527,0.281068537
21.3094038,396.9221326,365.52352,4298.667769,28.61328717,-80.5959338,10.48806432,10.70337651,20.90868928,-0.217157912,-0.118972679,-9.848197956,-0.786703672,0.299699796,-0.074226142,0.534572581,-2.001661469,5.200814342,-8.123619673,-0.201368674,-0.044965822,0.280311792
21.3194038,397.0270026,365.6305478,4298.876363,28.61328813,-80.59593272,10.48593756,10.70217657,20.81021787,-0.214216699,-0.11965786,-9.847467301,-0.787157468,0.300524503,-0.075016354,0.533329814,-1.988741112,5.224631455,-8.110545851,-0.20412792,-0.045026991,0.279555991
21.3294038,397.1318514,365.7375635,4299.083973,28.6132891,-80.59593165,10.48384172,10.70097013,20.71175276,-0.21113194,-0.12032505,-9.846820047,-0.787602805,0.301359491,-0.075812025,0.532087226,-1.975760334,5.248748821,-8.097278973,-0.206853989,-0.045112598,0.278799688
21.3394038,397.2366795,365.8445672,4299.290598,28.61329006,-80.59593057,10.48177688,10.69975755,20.61329362,-0.208035503,-0.120956853,-9.846206705,-0.788039728,0.302204667,-0.076612937,0.530844783,-1.962780922,5.273034571,-8.083829121,-0.209540529,-0.045224387,0.278042939
21.3494038,397.3414871,365.9515587,4299.496239,28.61329102,-80.5959295,10.47974312,10.69853918,20.51484013,-0.204930591,-0.12155349,-9.84562611,-0.788468279,0.303059957,-0.077418873,0.529602449,-1.949805333,5.297481568,-8.070196621,-0.212189948,-0.045358193,0.277285825
21.3594038,397.4462745,366.058538,4299.700895,28.61329198,-80.59592843,10.47773689,10.69731587,20.41639336,-0.201820236,-0.122115114,-9.845077182,-0.7888885,0.303925277,-0.078229621,0.528360187,-1.936836188,5.322083163,-8.056381608,-0.214803519,-0.045517881,0.276528424
21.3694038,397.5510419,366.165505,4299.904567,28.61329294,-80.59592735,10.47575394,10.69608859,20.31795468,-0.199456895,-0.122535761,-9.844268567,-0.789300423,0.304800561,-0.079045011,0.527117963,-1.924233943,5.346107619,-8.042442338,-0.21738267,-0.045697733,0.275771281
21.3794038,397.6557896,366.2724597,4300.107254,28.61329391,-80.59592628,10.47379432,10.69485769,20.2195238,-0.197130028,-0.122915019,-9.843472692,-0.789704075,0.30568575,-0.079864883,0.525875742,-1.911664898,5.370240325,-8.028323558,-0.219936313,-0.045894496,0.275015009
21.3894038,397.7605179,366.3794021,4300.308957,28.61329487,-80.59592521,10.47185808,10.6936235,20.12110043,-0.194794102,-0.123259896,-9.842707121,-0.790099486,0.306580778,-0.080689079,0.524633492,-1.899107902,5.394522415,-8.014021357,-0.222463551,-0.046108826,0.274259639
21.3994038,397.8652269,366.4863322,4300.509676,28.61329583,-80.59592413,10.4699453,10.69238638,20.02268428,-0.192451449,-0.123570721,-9.84197093,-0.790486688,0.307485571,-0.081517433,0.52339118,-1.886564457,5.418948514,-7.999535651,-0.224961244,-0.046338968,0.273505194
21.4094038,397.9699168,366.5932499,4300.709411,28.61329679,-80.59592306,10.46804606,10.69114812,19.924279,-0.190104377,-0.123847865,-9.841263163,-0.790865705,0.308400069,-0.082349817,0.522148774,-1.874036019,5.443513134,-7.984866459,-0.227431336,-0.046586543,0.272751697
21.4194038,398.0745878,366.7001551,4300.908162,28.61329775,-80.59592199,10.4661486,10.68991082,19.82588902,-0.189828661,-0.123785618,-9.839761909,-0.791236524,0.309324261,-0.083186212,0.520906248,-1.862549352,5.466214058,-7.970174779,-0.229889074,-0.046838113,0.272000511
21.4294038,398.1792398,366.8070481,4301.105929,28.61329871,-80.59592092,10.46425296,10.68867484,19.72751413,-0.189659195,-0.123669611,-9.838238262,-0.791599129,0.31025815,-0.084026616,0.519663572,-1.851145792,5.488947051,-7.955307437,-0.232350477,-0.047087997,0.271253192
21.4394038,398.2838728,366.9139286,4301.302712,28.61329968,-80.59591985,10.46235939,10.68744054,19.62915404,-0.189464534,-0.123519651,-9.836744077,-0.7919535,0.311201726,-0.084871039,0.518420722,-1.839759401,5.511838202,-7.9402527,-0.234814602,-0.04733328,0.270509672
21.4494038,398.388487,367.0207969,4301.498512,28.61330064,-80.59591877,10.46046813,10.68620823,19.53080845,-0.189245452,-0.123336292,-9.835279023,-0.792299619,0.312154984,-0.085719493,0.517177676,-1.828388866,5.53488595,-7.925009199,-0.237281253,-0.047574411,0.269769859
21.4594038,398.4930823,367.1276528,4301.693328,28.6133016,-80.5959177,10.45859184,10.68497634,19.43247207,-0.189002679,-0.12312009,-9.833842788,-0.792637475,0.3131179,-0.08657195,0.515934407,-1.817032852,5.558088834,-7.909575505,-0.239750677,-0.047808999,0.269033668
21.4694038,398.5976589,367.2344964,4301.887162,28.61330256,-80.59591663,10.45674544,10.6837429,19.33413864,-0.186145977,-0.123269226,-9.833480866,-0.7929671,0.314090387,-0.087428248,0.514690886,-1.804365285,5.583928004,-7.893744709,-0.242203051,-0.048051402,0.268299301
21.4794038,398.7022173,367.3413277,4302.080011,28.61330352,-80.59591556,10.45492904,10.68250815,19.23580783,-0.183137405,-0.123414235,-9.833208306,-0.793288542,0.315072332,-0.088288192,0.513447086,-1.791626594,5.610034995,-7.877711437,-0.244617133,-0.048313431,0.26756472
21.4894038,398.8067576,367.4481466,4302.271878,28.61330448,-80.59591449,10.45314249,10.68127238,19.13747942,-0.180144628,-0.123530524,-9.832957456,-0.793601846,0.31606362,-0.089151586,0.512202981,-1.778902463,5.636244629,-7.861489472,-0.246992032,-0.04859157,0.266829964
21.4994038,398.9112802,367.5549531,4302.462761,28.61330544,-80.59591342,10.45138558,10.68003587,19.03915321,-0.177169871,-0.123618653,-9.832727137,-0.793907061,0.317064131,-0.090018228,0.510958544,-1.766194537,5.662550492,-7.845079507,-0.249326526,-0.048888063,0.266095104
21.5094038,399.0157854,367.6617473,4302.652661,28.6133064,-80.59591235,10.44964658,10.67880075,18.94083378,-0.174215352,-0.123679183,-9.832516143,-0.794204228,0.318073761,-0.090887956,0.509713749,-1.753504548,5.688946019,-7.82848237,-0.251619632,-0.049203296,0.265360211
21.5194038,399.1202732,367.7685291,4302.841578,28.61330736,-80.59591128,10.44791167,10.67756954,18.8425266,-0.173684335,-0.123323317,-9.831331693,-0.794493343,0.319092464,-0.091760739,0.508468577,-1.742106974,5.713135499,-7.81188862,-0.253892694,-0.049523946,0.264626987
21.5294038,399.2247436,367.8752987,4303.029511,28.61330832,-80.59591021,10.44618068,10.67634258,18.74423156,-0.173296662,-0.122913401,-9.830106909,-0.794774393,0.32012021,-0.092636582,0.507223008,-1.730809928,5.737296867,-7.79511789,-0.256162857,-0.049837848,0.263897367
21.5394038,399.3291968,367.982056,4303.216462,28.61330928,-80.59590914,10.4444537,10.67512014,18.64594844,-0.172899696,-0.122474732,-9.828904422,-0.795047362,0.321156962,-0.093515492,0.505977025,-1.719531272,5.76157455,-7.77815707,-0.258433228,-0.05014503,0.263171309
21.5494038,399.4336327,368.0888011,4303.40243,28.61331024,-80.59590807,10.44273082,10.67390251,18.54767701,-0.172494064,-0.12200802,-9.827723816,-0.79531224,0.32220268,-0.094397474,0.504730612,-1.708269535,5.78596656,-7.7610052,-0.260698178,-0.050443544,0.262448738
21.5594038,399.5380514,368.1955341,4303.587416,28.6133112,-80.595907,10.44100629,10.67269094,18.44941952,-0.172080404,-0.121513995,-9.826564651,-0.795569008,0.323257331,-0.095282544,0.503483752,-1.69702322,5.81047078,-7.743661386,-0.262961955,-0.050735036,0.261729582
21.5694038,399.6424528,368.302255,4303.771419,28.61331216,-80.59590593,10.43927326,10.67148688,18.35117868,-0.172874879,-0.120787248,-9.824915321,-0.795817628,0.324320903,-0.096170788,0.502236433,-1.686456868,5.833933004,-7.726223223,-0.26522854,-0.051014252,0.261014623
21.5794038,399.7468368,368.4089638,4303.954439,28.61331312,-80.59590486,10.43753177,10.67029064,18.25295434,-0.173729074,-0.120019515,-9.823255017,-0.796058052,0.325393392,-0.097062316,0.500988648,-1.675947388,5.857444485,-7.708597153,-0.267510355,-0.051270311,0.260304769
21.5894038,399.8512034,368.5156608,4304.136478,28.61331408,-80.59590379,10.43578201,10.66910247,18.15474628,-0.174565448,-0.119224607,-9.821616109,-0.796290233,0.326474795,-0.097957234,0.499740386,-1.665449506,5.881078715,-7.690775103,-0.269808183,-0.051505297,0.259599914
21.5994038,399.9555524,368.6223459,4304.317534,28.61331504,-80.59590272,10.43402415,10.66792265,18.05655429,-0.175383875,-0.118403299,-9.819998535,-0.796514123,0.327565105,-0.098855649,0.498491639,-1.654960186,5.904835661,-7.67275522,-0.272120291,-0.051718977,0.258899938
21.6094038,400.0598839,368.7290193,4304.497609,28.613316,-80.59590165,10.43227714,10.66674811,17.95837015,-0.176184263,-0.117556379,-9.818402209,-0.796729693,0.328664285,-0.099757613,0.497242398,-1.644476387,5.928715103,-7.654535713,-0.274444832,-0.051910692,0.258204727
21.6194038,400.1641981,368.8356809,4304.676702,28.61331696,-80.59590058,10.43056329,10.66557508,17.86018409,-0.17305785,-0.11737791,-9.81849882,-0.796936978,0.329772215,-0.10066297,0.495992646,-1.631783486,5.956397332,-7.635788051,-0.276754942,-0.052098892,0.25751139
21.6294038,400.2684953,368.9423308,4304.854813,28.61331792,-80.59589951,10.42888268,10.66440365,17.76199584,-0.169716817,-0.117225943,-9.818713243,-0.797136037,0.330888739,-0.101571504,0.494742367,-1.618951126,5.984371645,-7.616821433,-0.279016691,-0.052305701,0.256816635
21.6394038,400.3727759,369.048969,4305.031942,28.61331888,-80.59589845,10.42723492,10.66323399,17.6638053,-0.166412513,-0.117057331,-9.818937863,-0.797326924,0.332013711,-0.102483012,0.493491544,-1.606121344,6.012395677,-7.59765811,-0.281231999,-0.052529773,0.256120532
21.6494038,400.4770401,369.1555955,4305.208089,28.61331983,-80.59589738,10.42561961,10.66206625,17.56561238,-0.163146679,-0.116872677,-9.819171412,-0.797509697,0.333146977,-0.103397286,0.492240161,-1.593295813,6.040462761,-7.578299371,-0.283401869,-0.052769827,0.255423208
21.6594038,400.5812883,369.2622103,4305.383254,28.61332079,-80.59589631,10.42402969,10.66090184,17.46741993,-0.159921018,-0.116672614,-9.81941259,-0.797684409,0.334288395,-0.104314136,0.490988201,-1.580476157,6.068566092,-7.558746692,-0.285524006,-0.053026391,0.254724784
21.6694038,400.6855208,369.3688135,4305.557437,28.61332175,-80.59589524,10.4224569,10.65974244,17.36923134,-0.158124887,-0.116194632,-9.819053486,-0.79785109,0.335437847,-0.10523345,0.489735654,-1.568478617,6.095400846,-7.539116619,-0.287610649,-0.05329375,0.254026398
21.6794038,400.7897375,369.4754052,4305.730639,28.61332271,-80.59589417,10.4209009,10.65858823,17.27104656,-0.156436225,-0.115683374,-9.818666646,-0.798009761,0.336595231,-0.106155137,0.488482506,-1.556538727,6.122204107,-7.519300081,-0.289670977,-0.053562212,0.253329331
21.6894038,400.8939388,369.5819853,4305.902858,28.61332367,-80.59589311,10.41936149,10.65743937,17.1728655,-0.154767247,-0.115156116,-9.818289885,-0.798160444,0.337760444,-0.107079113,0.487228746,-1.544604672,6.149054716,-7.49929014,-0.291706507,-0.053833382,0.252633624
21.6994038,400.9981248,369.688554,4306.074096,28.61332463,-80.59589204,10.41783846,10.65629601,17.07468808,-0.153118819,-0.114613515,-9.817922406,-0.798303159,0.338933381,-0.108005298,0.485974367,-1.532676308,6.175948529,-7.479087183,-0.293719112,-0.054104312,0.251939296
21.7094038,401.1022956,369.7951112,4306.244352,28.61332559,-80.59589097,10.41632177,10.65516025,16.97651857,-0.151491764,-0.114056252,-9.817563405,-0.798437917,0.340113955,-0.108933633,0.484719356,-1.520753371,6.202881393,-7.458691668,-0.295706243,-0.054376217,0.251246365
21.7194038,401.2064512,369.9016572,4306.413626,28.61332654,-80.5958899,10.4147996,10.65403463,16.8783621,-0.151932394,-0.113074099,-9.816301597,-0.798564694,0.341302113,-0.109864178,0.483463712,-1.510077904,6.227949988,-7.438276005,-0.297685819,-0.054639593,0.250556398
21.7294038,401.3105916,370.008192,4306.581919,28.6133275,-80.59588884,10.41327173,10.65291935,16.78021866,-0.152502097,-0.11204811,-9.814993464,-0.798683451,0.342497816,-0.110797026,0.482207434,-1.499486949,6.252959517,-7.417677841,-0.299670837,-0.054879639,0.249871193
21.7394038,401.4147167,370.1147156,4306.749231,28.61332846,-80.59588777,10.41173819,10.65181458,16.68208812,-0.153070308,-0.111004993,-9.813696689,-0.798794151,0.343701022,-0.111732278,0.480950528,-1.488898968,6.278030453,-7.396885076,-0.301664036,-0.055096655,0.249190684
21.7494038,401.5188263,370.2212283,4306.915561,28.61332942,-80.5958867,10.410199,10.65072049,16.58397039,-0.153636845,-0.109945577,-9.812411083,-0.798896752,0.34491169,-0.112670031,0.479692995,-1.478310924,6.303161933,-7.375896557,-0.303663504,-0.055287949,0.248514772
21.7594038,401.6229206,370.3277301,4307.08091,28.61333038,-80.59588564,10.40866185,10.64963561,16.48586189,-0.154201544,-0.108870644,-9.81113647,-0.798991225,0.346129769,-0.113610355,0.478434837,-1.467719934,6.328353076,-7.354711096,-0.305669744,-0.05545733,0.247843365
21.7694038,401.7269996,370.434221,4307.245278,28.61333133,-80.59588457,10.40713584,10.64855812,16.38775837,-0.153163806,-0.108118306,-9.810595735,-0.799077565,0.347355176,-0.114553234,0.47717605,-1.456120771,6.355076782,-7.333188173,-0.307671025,-0.055611724,0.247175138
21.7794038,401.8310634,370.5407013,4307.408665,28.61333229,-80.59588351,10.405621,10.64748809,16.2896597,-0.152039706,-0.107377222,-9.810108126,-0.799155778,0.348587813,-0.115498634,0.475916636,-1.444448513,6.38192869,-7.311458273,-0.309654754,-0.055759663,0.24650858
21.7894038,401.9351121,370.6471708,4307.571072,28.61333325,-80.59588244,10.40411715,10.64642561,16.19156581,-0.150931746,-0.10662678,-9.809627057,-0.79922587,0.349827584,-0.116446515,0.47465659,-1.432765774,6.408811203,-7.289530428,-0.311621625,-0.055901433,0.245843679
21.7994038,402.0391458,370.7536298,4307.732497,28.61333421,-80.59588137,10.40262413,10.64537077,16.09347664,-0.149840419,-0.105867589,-9.809151901,-0.799287847,0.351074397,-0.117396835,0.473395911,-1.421071853,6.435720865,-7.267404822,-0.31356946,-0.056037551,0.245180449
21.8094038,402.1431646,370.8600783,4307.892941,28.61333516,-80.59588031,10.40113584,10.64432495,15.99539486,-0.148766201,-0.105100232,-9.808682037,-0.799341709,0.352328158,-0.118349574,0.472134599,-1.409366107,6.462654241,-7.245081648,-0.315500381,-0.056168942,0.244518905
21.8194038,402.2471685,370.9665163,4308.052405,28.61333612,-80.59587924,10.39964508,10.64328985,15.89732368,-0.148945333,-0.104049146,-9.807649376,-0.799387433,0.353588801,-0.119304783,0.470872659,-1.398447894,6.488479826,-7.222670576,-0.317421447,-0.056285835,0.243860045
21.8294038,402.3511575,371.0729441,4308.210888,28.61333708,-80.59587818,10.39815169,10.64226558,15.79926308,-0.149206787,-0.102970447,-9.806587904,-0.799424984,0.354856271,-0.12026254,0.469610098,-1.387567369,6.514269263,-7.200068379,-0.319344679,-0.056381044,0.243205018
21.8394038,402.4551315,371.1793617,4308.36839,28.61333803,-80.59587711,10.39665564,10.64125223,15.70121298,-0.149471646,-0.101882226,-9.805533471,-0.799454331,0.356130506,-0.121222915,0.468346923,-1.376671411,6.540093243,-7.17726721,-0.321269236,-0.056455028,0.242553784
21.8494038,402.5590906,371.2857692,4308.524912,28.61333899,-80.59587605,10.39515689,10.6402499,15.60317334,-0.149739851,-0.100785156,-9.804485805,-0.799475443,0.357411444,-0.122185976,0.467083143,-1.365757703,6.565950086,-7.154266346,-0.323193585,-0.056507502,0.241906289
21.8594038,402.6630347,371.3921667,4308.680453,28.61333995,-80.59587498,10.39367224,10.63925471,15.50513624,-0.150011316,-0.099679884,-9.803444657,-0.799488303,0.35869901,-0.123151752,0.465818763,-1.354823948,6.59183818,-7.131065004,-0.325118584,-0.056539096,0.241262478
21.8694038,402.7669641,371.4985543,4308.835015,28.6133409,-80.59587392,10.39222149,10.63826194,15.40709234,-0.146778733,-0.099393703,-9.804042715,-0.799492959,0.359993056,-0.124120079,0.46455378,-1.341524942,6.620926514,-7.107342653,-0.327021057,-0.056566595,0.240619438
21.8794038,402.8708792,371.6049319,4308.988595,28.61334186,-80.59587285,10.39080441,10.63727149,15.30904157,-0.143381467,-0.099160898,-9.804734822,-0.799489484,0.361293417,-0.12509073,0.463288183,-1.328060478,6.650177692,-7.083403708,-0.328872707,-0.056613616,0.239973835
21.8894038,402.9747803,371.7112997,4309.141195,28.61334282,-80.59587179,10.3894204,10.63628334,15.21098406,-0.140044447,-0.098929562,-9.805415779,-0.799477949,0.362599933,-0.126063487,0.462021963,-1.314581596,6.679382441,-7.059270751,-0.330674502,-0.056680642,0.239325787
21.8994038,403.0786677,371.8176576,4309.292815,28.61334377,-80.59587072,10.38806884,10.63529748,15.11291992,-0.136768415,-0.098699941,-9.806084447,-0.799458429,0.363912443,-0.12703812,0.460755109,-1.301090545,6.70853479,-7.0349459,-0.332426391,-0.05676836,0.238675469
21.9094038,403.1825418,371.9240057,4309.443454,28.61334473,-80.59586966,10.38673287,10.63431798,15.01485699,-0.133554076,-0.098472253,-9.806739687,-0.79943098,0.365230805,-0.128014459,0.459487612,-1.287589663,6.737628759,-7.010431394,-0.334129093,-0.056877223,0.238023049
21.9194038,403.2864024,372.030344,4309.593112,28.61334569,-80.5958686,10.38539274,10.63334976,14.91680452,-0.133785083,-0.097391429,-9.805778014,-0.799395591,0.366554945,-0.128992528,0.458219478,-1.276422769,6.763631898,-6.986035676,-0.335807122,-0.056985815,0.237371553
21.9294038,403.3902496,372.1366727,4309.74179,28.61334664,-80.59586753,10.38404801,10.63239298,14.81876268,-0.13424127,-0.096250673,-9.804715052,-0.799352227,0.367884804,-0.129972417,0.456950718,-1.265391044,6.789437501,-6.961468674,-0.337487308,-0.057071824,0.236724427
21.9394038,403.4940833,372.2429919,4309.889487,28.6133476,-80.59586647,10.38269859,10.63144769,14.72073146,-0.134706226,-0.095104543,-9.803652712,-0.799300855,0.369220327,-0.130954214,0.455681345,-1.254343426,6.815238211,-6.93671016,-0.339171474,-0.057132526,0.236081662
21.9494038,403.5979036,372.3493017,4310.036205,28.61334856,-80.5958654,10.38134439,10.63051392,14.62271086,-0.135179637,-0.093953589,-9.802590838,-0.799241437,0.370561462,-0.131938005,0.454411367,-1.243277525,6.841032914,-6.911759372,-0.340857956,-0.057170727,0.235443186
21.9594038,403.7017102,372.4556022,4310.181942,28.61334951,-80.59586434,10.37999607,10.62958889,14.52469574,-0.135661213,-0.092798324,-9.801529278,-0.79917395,0.371908138,-0.132923852,0.453140799,-1.232191093,6.866820447,-6.886615551,-0.342547832,-0.057185032,0.234808934
21.9694038,403.8055035,372.5618935,4310.326699,28.61335047,-80.59586328,10.37866623,10.62866918,14.42667999,-0.133913936,-0.092233425,-9.801539281,-0.799098412,0.37326025,-0.133911688,0.451869642,-1.219487392,6.894578232,-6.861067973,-0.344225759,-0.057187547,0.234176903
21.9794038,403.9092836,372.6681756,4310.470475,28.61335142,-80.59586221,10.37735472,10.6277547,14.32866359,-0.132061211,-0.091709025,-9.801608511,-0.799014858,0.37461768,-0.134901404,0.450597894,-1.206659646,6.922414435,-6.835314989,-0.345874604,-0.057194394,0.233544804
21.9894038,404.0130507,372.7744486,4310.613272,28.61335238,-80.59586115,10.37606118,10.62684541,14.23064666,-0.130246005,-0.091187874,-9.801668056,-0.798923322,0.375980312,-0.135892891,0.449325553,-1.193809704,6.950198427,-6.809371201,-0.347494135,-0.057206443,0.232912679
21.9994038,404.1168049,372.8807126,4310.755088,28.61335333,-80.59586009,10.37478523,10.62594129,14.13262928,-0.12846853,-0.090670173,-9.80171724,-0.798823838,0.377348036,-0.136886046,0.448052615,-1.180938345,6.977926321,-6.783237796,-0.349084512,-0.057224032,0.232280612
22.0094038,404.2205464,372.9869675,4310.895924,28.61335429,-80.59585903,10.37350792,10.6250475,14.03462058,-0.126728946,-0.090156095,-9.801755424,-0.798716417,0.378720763,-0.137880822,0.446779082,-1.16804636,7.005594405,-6.756915899,-0.350649128,-0.057246663,0.231648683
22.0194038,404.324275,373.0932136,4311.035781,28.61335524,-80.59585796,10.37220686,10.62417036,13.9366314,-0.128897493,-0.088553487,-9.799904059,-0.798600992,0.380098461,-0.138877399,0.445504976,-1.157983548,7.029817183,-6.730774124,-0.352212886,-0.057249556,0.231020426
22.0294038,404.4279904,373.1994509,4311.174657,28.6133562,-80.5958569,10.3708816,10.62331008,13.83866197,-0.131315443,-0.086872659,-9.797930853,-0.798477468,0.381481121,-0.139876029,0.444230328,-1.148087268,7.053810094,-6.704468539,-0.353803965,-0.057204334,0.230399911
22.0394038,404.5316925,373.3056798,4311.312554,28.61335716,-80.59585584,10.36953214,10.62246673,13.7407123,-0.133735512,-0.085182781,-9.795955499,-0.798345748,0.382868737,-0.14087696,0.442955165,-1.138172839,7.077790376,-6.6779736,-0.355425192,-0.057110827,0.22978705
22.0494038,404.635381,373.4119003,4311.449471,28.61335811,-80.59585478,10.36815846,10.62164042,13.6427824,-0.136156834,-0.083484127,-9.793978357,-0.798205738,0.384261299,-0.141880434,0.441679518,-1.128236105,7.101759336,-6.651286941,-0.357074761,-0.056969978,0.229181689
22.0594038,404.7390557,373.5181127,4311.58541,28.61335907,-80.59585371,10.36678172,10.62082502,13.54486198,-0.138578553,-0.081776976,-9.791999778,-0.798057358,0.385658778,-0.142886643,0.440403414,-1.118272972,7.125718107,-6.62440625,-0.358752341,-0.05678147,0.228583677
22.0694038,404.8427167,373.6243169,4311.720369,28.61336002,-80.59585265,10.36542698,10.62001306,13.44693875,-0.136590628,-0.081359977,-9.792173552,-0.797900625,0.387061072,-0.143895521,0.439126859,-1.104945772,7.153468678,-6.596887147,-0.360430047,-0.056570647,0.22798888
22.0794038,404.9463643,373.7305129,4311.854348,28.61336098,-80.59585159,10.3640943,10.61920432,13.34901263,-0.134364031,-0.081033225,-9.79246977,-0.797735583,0.388468061,-0.14490692,0.437849849,-1.091368246,7.181389439,-6.569143425,-0.362073697,-0.056370441,0.22739255
22.0894038,405.0499987,373.8367009,4311.987349,28.61336193,-80.59585053,10.36278324,10.61839873,13.25108378,-0.132179892,-0.080714859,-9.792750769,-0.797562274,0.389879627,-0.145920703,0.436572381,-1.077753231,7.209233203,-6.541204677,-0.36368402,-0.056182197,0.226794746
22.0994038,405.15362,373.9428809,4312.11937,28.61336289,-80.59584947,10.36149339,10.6175962,13.15315236,-0.130038381,-0.080404856,-9.793015886,-0.797380739,0.391295659,-0.146936733,0.435294453,-1.064102288,7.236995895,-6.513072377,-0.365262913,-0.056003957,0.226195608
22.1094038,405.2572286,374.0490529,4312.250412,28.61336384,-80.59584841,10.3602328,10.61679399,13.05521435,-0.127939614,-0.080103176,-9.793264487,-0.797191031,0.39271604,-0.147954847,0.434016054,-1.050416973,7.264673594,-6.484747962,-0.366810823,-0.055837028,0.225595272
22.1194038,405.3608248,374.1552168,4312.380474,28.6133648,-80.59584734,10.35901097,10.61598883,12.95726498,-0.124116056,-0.0803639,-9.794370076,-0.796993239,0.394140627,-0.148974782,0.432737169,-1.035318826,7.293765078,-6.456055626,-0.368316544,-0.055693287,0.224992207
22.1294038,405.464409,374.2613726,4312.509557,28.61336575,-80.59584628,10.35782722,10.61518057,12.85930452,-0.12026486,-0.080669503,-9.795496802,-0.796787469,0.395569268,-0.149996245,0.431457773,-1.020117744,7.322813107,-6.427168646,-0.369766341,-0.05558513,0.224384637
22.1394038,405.5679815,374.3675204,4312.63766,28.6133667,-80.59584522,10.3566807,10.61436911,12.76133334,-0.116499271,-0.080984675,-9.796587797,-0.79657382,0.397001824,-0.151018951,0.430177844,-1.004905427,7.35171582,-6.398101487,-0.371162728,-0.055512921,0.223772786
22.1494038,405.6715427,374.47366,4312.764784,28.61336766,-80.59584416,10.35557055,10.61355435,12.6633518,-0.112819002,-0.081309219,-9.7976422,-0.796352395,0.398438152,-0.152042619,0.428897358,-0.989685397,7.38046844,-6.368857073,-0.372507113,-0.055476565,0.223156906
22.1594038,405.775093,374.5797915,4312.890927,28.61336861,-80.5958431,10.35448301,10.61274055,12.56536675,-0.109223668,-0.081642969,-9.798659177,-0.796123283,0.399878125,-0.153067009,0.427616292,-0.974461065,7.40906629,-6.339438412,-0.373798844,-0.055474057,0.222537235
22.1694038,405.8786324,374.6859148,4313.016091,28.61336957,-80.59584204,10.35340208,10.61193281,12.46738617,-0.108404829,-0.081081018,-9.798291274,-0.795886508,0.401321665,-0.154092049,0.426334643,-0.961411126,7.435252733,-6.310114347,-0.375058696,-0.055489955,0.221916643
22.1794038,405.982161,374.7920302,4313.140275,28.61337052,-80.59584098,10.35232721,10.61113121,12.36941035,-0.107785487,-0.080465974,-9.79782231,-0.795642073,0.402768708,-0.155117725,0.425052409,-0.94848273,7.461197301,-6.280631326,-0.376308042,-0.055501312,0.221298378
22.1894038,406.085679,374.8981375,4313.263479,28.61337148,-80.59583992,10.35125814,10.6103357,12.27143945,-0.10719287,-0.079855147,-9.797338173,-0.79538998,0.404219191,-0.156144027,0.423769593,-0.935537157,7.487043001,-6.250972705,-0.377548575,-0.055506416,0.220682503
22.1994038,406.1891862,375.0042369,4313.385704,28.61337243,-80.59583886,10.35019459,10.60954622,12.17347362,-0.1066266,-0.079248621,-9.796838658,-0.795130232,0.40567305,-0.157170941,0.422486195,-0.922574126,7.512788117,-6.221138881,-0.378778423,-0.055505733,0.220069022
22.2094038,406.2926829,375.1103284,4313.506949,28.61337338,-80.5958378,10.3491359,10.6087629,12.07551324,-0.106086311,-0.078646462,-9.796323564,-0.794862828,0.407130229,-0.158198461,0.421202218,-0.909593415,7.538430914,-6.191130278,-0.380000877,-0.055499922,0.219457939
22.2194038,406.396169,375.2164122,4313.627214,28.61337434,-80.59583674,10.34808132,10.60798586,11.9775587,-0.105658953,-0.07801788,-9.795748734,-0.794587767,0.408590665,-0.159226583,0.419917664,-0.89666732,7.563897939,-6.160956057,-0.381215034,-0.055486462,0.218849348
22.2294038,406.4996445,375.3224882,4313.7465,28.61337529,-80.59583568,10.3470306,10.60721505,11.87961017,-0.105261215,-0.077391589,-9.795155648,-0.794305046,0.410054303,-0.160255309,0.418632535,-0.883727425,7.589256346,-6.13060825,-0.382422224,-0.055466248,0.218243356
22.2394038,406.6031096,375.4285565,4313.864806,28.61337625,-80.59583462,10.3459835,10.60645045,11.78166781,-0.104887122,-0.076769599,-9.794546961,-0.79401466,0.411521087,-0.161284641,0.417346834,-0.870768745,7.614509224,-6.100086566,-0.383622316,-0.055438286,0.217639963
22.2494038,406.7065642,375.5346172,4313.982133,28.6133772,-80.59583356,10.3449398,10.605692,11.68373177,-0.104536268,-0.076151957,-9.793922536,-0.793716602,0.412990965,-0.162314583,0.416060565,-0.857790921,7.639655112,-6.069391247,-0.384817362,-0.055403342,0.217039171
22.2594038,406.8100084,375.6406703,4314.098481,28.61337815,-80.5958325,10.34390375,10.604938,11.58579994,-0.104208235,-0.075538704,-9.793282255,-0.793410872,0.414463882,-0.163345132,0.41477373,-0.844793567,7.664692606,-6.03852249,-0.386006973,-0.055359525,0.216440981
22.2694038,406.9134423,375.746716,4314.213849,28.61337911,-80.59583144,10.34288044,10.6041864,11.4878698,-0.102967239,-0.075276911,-9.793099557,-0.793097489,0.415939774,-0.164376219,0.41348632,-0.830977489,7.690376401,-6.007383376,-0.387185162,-0.055314536,0.21584443
22.2794038,407.0168661,375.8527541,4314.328238,28.61338006,-80.59583038,10.34186959,10.6034371,11.38994152,-0.101702515,-0.075043732,-9.792924743,-0.792776481,0.417418572,-0.16540776,0.412198327,-0.817094015,7.715979337,-5.97606645,-0.388345909,-0.055277646,0.215248409
22.2894038,407.1202797,375.9587847,4314.441648,28.61338101,-80.59582932,10.34087085,10.60269004,11.29201533,-0.100473396,-0.074817081,-9.792727361,-0.792447869,0.418900214,-0.166439687,0.410909743,-0.80319483,7.74145085,-5.944578914,-0.389490162,-0.055246255,0.214652968
22.2994038,407.2236835,376.0648079,4314.554079,28.61338197,-80.59582826,10.33988388,10.60194515,11.19409145,-0.099279428,-0.074596824,-9.792507209,-0.792111676,0.420384643,-0.167471923,0.409620556,-0.789280716,7.766789027,-5.912921671,-0.390620266,-0.055220318,0.214058176
22.3094038,407.3270775,376.1708236,4314.66553,28.61338292,-80.5958272,10.33891024,10.60120162,11.09616915,-0.098120171,-0.074382794,-9.792264104,-0.791767928,0.421871797,-0.168504387,0.408330756,-0.775352576,7.791992016,-5.8810956,-0.391734564,-0.055202221,0.213464102
22.3194038,407.4304618,376.2768319,4314.776002,28.61338387,-80.59582614,10.33795182,10.6004585,10.99824752,-0.096598249,-0.074330276,-9.792199704,-0.791416658,0.423361615,-0.16953698,0.407040328,-0.761062391,7.817372466,-5.849060011,-0.392831842,-0.055192802,0.212870388
22.3294038,407.5338366,376.3828328,4314.885495,28.61338483,-80.59582508,10.33700827,10.59971571,10.90032681,-0.095091924,-0.074294193,-9.792121476,-0.791057899,0.424854036,-0.1705696,0.405749257,-0.746740193,7.842625515,-5.816855612,-0.393911418,-0.055195596,0.212276614
22.3394038,407.637202,376.4888262,4314.994009,28.61338578,-80.59582402,10.33607917,10.59897319,10.80240728,-0.093626052,-0.074264495,-9.792016322,-0.790691688,0.426348997,-0.171602145,0.404457528,-0.732409419,7.867729016,-5.78448626,-0.394971762,-0.055209075,0.211682862
22.3494038,407.7405582,376.5948123,4315.101543,28.61338673,-80.59582296,10.33516413,10.59823088,10.70448921,-0.092200092,-0.074240965,-9.791884062,-0.790318057,0.427846444,-0.172634511,0.40316512,-0.718071294,7.892681081,-5.75195315,-0.396014557,-0.055235272,0.211089222
22.3594038,407.8439053,376.7007909,4315.208099,28.61338769,-80.59582191,10.33424954,10.59749415,10.60657962,-0.090813502,-0.074223366,-9.791724537,-0.789937023,0.429346331,-0.173666645,0.401872025,-0.703727098,7.917479922,-5.719257422,-0.397041332,-0.055273573,0.210495783
22.3694038,407.9472431,376.8067622,4315.313675,28.61338864,-80.59582085,10.33331933,10.59676954,10.50868676,-0.092223455,-0.073073275,-9.790131992,-0.789548529,0.430848648,-0.174698669,0.400578254,-0.69187115,7.939985803,-5.686692277,-0.398068934,-0.055301539,0.209905642
22.3794038,408.0505716,376.9127263,4315.418272,28.61338959,-80.59581979,10.33237311,10.59605719,10.41081094,-0.093819726,-0.071848374,-9.788435956,-0.789152498,0.432353395,-0.175730759,0.39928383,-0.680166887,7.962241045,-5.653983847,-0.399119364,-0.055296224,0.209322369
22.3894038,408.1538905,377.0186834,4315.521891,28.61339055,-80.59581873,10.33141078,10.59535714,10.31295228,-0.095426127,-0.070620508,-9.786726234,-0.788748849,0.433860569,-0.176763096,0.397988778,-0.668453947,7.984383085,-5.621111976,-0.400191962,-0.055255868,0.208745917
22.3994038,408.2571998,377.1246335,4315.624531,28.6133915,-80.59581767,10.33043224,10.59466941,10.21511092,-0.097042138,-0.069389629,-9.785003095,-0.788337503,0.435370162,-0.177795858,0.396693125,-0.656729968,8.006412459,-5.588075067,-0.401286294,-0.055178991,0.208176174
22.4094038,408.3604991,377.2305768,4315.726193,28.61339245,-80.59581661,10.32943452,10.59399526,10.11728846,-0.098667231,-0.068155698,-9.783266812,-0.787918377,0.436882169,-0.178829231,0.395396899,-0.644992626,8.028329628,-5.55487154,-0.402401467,-0.055066847,0.207613034
22.4194038,408.4637884,377.3365134,4315.826877,28.6133934,-80.59581556,10.32841408,10.59333621,10.01948678,-0.100903418,-0.066662726,-9.781210366,-0.787491369,0.438396593,-0.179863436,0.394100134,-0.633795058,8.049676985,-5.521567341,-0.40354105,-0.054914486,0.20705706
22.4294038,408.5670673,377.4424436,4315.926583,28.61339436,-80.5958145,10.32737076,10.59269235,9.921706062,-0.103186743,-0.06514664,-9.779121631,-0.787056371,0.439913439,-0.180898707,0.392802867,-0.622619718,8.07088781,-5.488098587,-0.404710612,-0.054717119,0.20650893
22.4394038,408.6703357,377.5483673,4316.025311,28.61339531,-80.59581344,10.32630449,10.59206376,9.82394641,-0.105478406,-0.063623382,-9.777020534,-0.786613277,0.441432707,-0.181935276,0.391505137,-0.611428713,8.091992269,-5.454458745,-0.405908699,-0.054473791,0.20596853
22.4494038,408.7735933,377.6542849,4316.123062,28.61339626,-80.59581238,10.32521518,10.59145052,9.726207946,-0.107777742,-0.062092815,-9.774907528,-0.786161978,0.4429544,-0.182973373,0.390206983,-0.600219179,8.112991289,-5.420645536,-0.407135763,-0.054184775,0.20543574
22.4594038,408.87684,377.7601964,4316.219836,28.61339721,-80.59581132,10.32411516,10.59084727,9.628484485,-0.110084055,-0.060554821,-9.772783078,-0.785702379,0.44447851,-0.184013188,0.388908438,-0.588988278,8.133885757,-5.386656641,-0.408390152,-0.053850509,0.204910442
22.4694038,408.9800756,377.8661019,4316.315632,28.61339817,-80.59581027,10.32301912,10.59024752,9.530768628,-0.109814034,-0.060142723,-9.771961672,-0.785234443,0.446005014,-0.18505476,0.38760951,-0.575303412,8.156595209,-5.352185701,-0.409658929,-0.053489536,0.204389658
22.4794038,409.0833004,377.9720013,4316.410451,28.61339912,-80.59580921,10.32192719,10.58965109,9.43306041,-0.109395792,-0.0598083,-9.771206475,-0.784758155,0.447533884,-0.186098073,0.386310197,-0.561427252,8.179294881,-5.317514,-0.410926016,-0.053126528,0.203869951
22.4894038,409.1865142,378.0778949,4316.504293,28.61340007,-80.59580815,10.32083921,10.58905791,9.335360004,-0.108993054,-0.059479892,-9.770433982,-0.784273497,0.449065091,-0.187143113,0.385010495,-0.547514009,8.201860895,-5.282660674,-0.412190374,-0.05275961,0.203351325
22.4994038,409.2897172,378.1837825,4316.597158,28.61340102,-80.59580709,10.31975503,10.58846792,9.237667581,-0.108605492,-0.059157302,-9.769644198,-0.783780452,0.450598608,-0.188189866,0.3837104,-0.533564183,8.224291826,-5.247625722,-0.413453549,-0.052391693,0.202833843
22.5094038,409.3929093,378.2896643,4316.689047,28.61340198,-80.59580604,10.31867659,10.58788013,9.139982257,-0.10823277,-0.058840323,-9.768837151,-0.783279005,0.452134405,-0.189238317,0.382409911,-0.519578287,8.246586323,-5.212409061,-0.414714741,-0.052020762,0.20231757
22.5194038,409.4960907,378.3955401,4316.779958,28.61340293,-80.59580498,10.3176062,10.58729333,9.042302953,-0.107440671,-0.058727559,-9.768233454,-0.782769143,0.453672462,-0.190288426,0.381109015,-0.505138694,8.269057437,-5.176958687,-0.415973461,-0.051649648,0.201802074
22.5294038,409.5992615,378.5014101,4316.869893,28.61340388,-80.59580392,10.31654371,10.58670744,8.94462985,-0.106640695,-0.058633496,-9.767623567,-0.782250864,0.455212747,-0.191340144,0.379807702,-0.490639168,8.291401871,-5.141323613,-0.417227862,-0.051283352,0.201286846
22.5394038,409.7024216,378.6072743,4316.958851,28.61340483,-80.59580287,10.31548893,10.58612241,8.84696315,-0.105860198,-0.058545287,-9.766993396,-0.781724163,0.456755233,-0.192393424,0.37850596,-0.476107285,8.313597877,-5.10550743,-0.418476645,-0.050920817,0.200771966
22.5494038,409.8055713,378.7131326,4317.046832,28.61340578,-80.59580181,10.31444167,10.58553817,8.749303056,-0.105098844,-0.058462662,-9.766342937,-0.781189033,0.458299895,-0.193448219,0.377203775,-0.461544029,8.335643916,-5.069510393,-0.41971976,-0.050562289,0.200257525
22.5594038,409.9087105,378.818985,4317.133837,28.61340674,-80.59580075,10.31340031,10.58495536,8.651650497,-0.104356299,-0.058385342,-9.765672201,-0.780645465,0.459846714,-0.194504488,0.375901133,-0.44695041,8.357538513,-5.033332689,-0.420960962,-0.050208919,0.199743609
22.5694038,410.0118393,378.9248317,4317.219865,28.61340769,-80.5957997,10.31236298,10.58437476,8.554006532,-0.103930445,-0.058170515,-9.764829909,-0.780093443,0.461395668,-0.195562209,0.374598024,-0.432621548,8.37906982,-4.997010711,-0.422198638,-0.049857187,0.199230649
22.5794038,410.1149578,379.0306725,4317.304917,28.61340864,-80.59579864,10.31132951,10.58379634,8.456371356,-0.103537906,-0.057950817,-9.763959916,-0.779532946,0.462946742,-0.196621368,0.373294438,-0.41828167,8.400438668,-4.960510283,-0.423437294,-0.04950434,0.198719126
22.5894038,410.2180659,379.1365076,4317.388992,28.61340959,-80.59579758,10.31029975,10.58322005,8.358745149,-0.1031593,-0.057735029,-9.763071969,-0.778963952,0.464499921,-0.19768195,0.371990365,-0.403912677,8.42165739,-4.923828877,-0.42467736,-0.049151307,0.198209105
22.5994038,410.3211638,379.242337,4317.472092,28.61341054,-80.59579653,10.30927358,10.58264587,8.26112809,-0.102794283,-0.057522924,-9.762166141,-0.778386438,0.46605519,-0.198743945,0.370685793,-0.389515134,8.442724751,-4.886966346,-0.425918148,-0.048796888,0.197700638
22.6094038,410.4242514,379.3481605,4317.554215,28.6134115,-80.59579547,10.30825466,10.58207187,8.163518434,-0.102442501,-0.057314272,-9.761242523,-0.777800386,0.467612535,-0.199807328,0.369380709,-0.375089586,8.463639576,-4.849922465,-0.427161284,-0.048441242,0.197193781
22.6194038,410.5273289,379.4539784,4317.635362,28.61341245,-80.59579441,10.30724735,10.58149576,8.065914095,-0.10131157,-0.057502656,-9.760701514,-0.777205795,0.469171937,-0.200872034,0.368075091,-0.359838032,8.484943874,-4.812598952,-0.428401485,-0.048090794,0.196687646
22.6294038,410.6303964,379.5597905,4317.715533,28.6134134,-80.59579336,10.30625151,10.58091745,7.968315272,-0.100153701,-0.057720147,-9.760161975,-0.776602666,0.470733383,-0.201937982,0.36676891,-0.344513259,8.506113215,-4.775088768,-0.42963661,-0.047751724,0.1961812
22.6394038,410.733454,379.6655967,4317.794728,28.61341435,-80.5957923,10.30526689,10.58033692,7.870722205,-0.099019061,-0.057941463,-9.759598371,-0.775991004,0.472296859,-0.203005088,0.365462135,-0.329167505,8.527111281,-4.737398473,-0.430867164,-0.04742506,0.195674538
22.6494038,410.8365018,379.7713972,4317.872948,28.6134153,-80.59579125,10.30429329,10.57975412,7.773135135,-0.097907275,-0.058166256,-9.759010733,-0.775370812,0.473862354,-0.204073273,0.364154737,-0.313802272,8.5479366,-4.69952845,-0.432092361,-0.047112326,0.195167769
22.6594038,410.9395398,379.8771918,4317.950191,28.61341625,-80.59579019,10.30332089,10.57917397,7.675559115,-0.096817958,-0.05839419,-9.758399103,-0.774742079,0.475429857,-0.205142488,0.362846691,-0.298419003,8.568587745,-4.661479035,-0.433313535,-0.046810482,0.194661001
22.6694038,411.0425681,379.9829807,4318.026459,28.6134172,-80.59578914,10.30233811,10.57860243,7.578000081,-0.097747542,-0.057590468,-9.756759867,-0.774104743,0.476999369,-0.20621281,0.361538001,-0.285077871,8.587735953,-4.623500423,-0.434540502,-0.046505026,0.194156757
22.6794038,411.1455866,380.0887639,4318.101751,28.61341816,-80.59578808,10.30134471,10.57803964,7.480458256,-0.098808247,-0.056717315,-9.755044762,-0.773458726,0.478570887,-0.207284354,0.360228679,-0.271849407,8.606652873,-4.585357397,-0.435785232,-0.046175307,0.193657941
22.6894038,411.248595,380.1945415,4318.176068,28.61341911,-80.59578703,10.30034065,10.57748564,7.382933754,-0.099872455,-0.055840042,-9.753318103,-0.772803949,0.480144412,-0.208357236,0.35891874,-0.258601869,8.625423213,-4.54703267,-0.437047012,-0.045821061,0.193164555
22.6994038,411.3515933,380.3003136,4318.24941,28.61342006,-80.59578597,10.29932591,10.57694048,7.285426686,-0.100939695,-0.054958554,-9.751580221,-0.772140331,0.481719943,-0.209431572,0.357608196,-0.24533414,8.644046611,-4.50852475,-0.438327292,-0.045442449,0.192676548
22.7094038,411.4545815,380.4060803,4318.321777,28.61342101,-80.59578492,10.29831402,10.57639697,7.187930382,-0.102009492,-0.054072758,-9.749831457,-0.771467808,0.483297478,-0.210507434,0.356297053,-0.232045107,8.662522668,-4.469832138,-0.439624208,-0.045039339,0.192193872
22.7194038,411.5575597,380.5118416,4318.393169,28.61342196,-80.59578386,10.29732104,10.57584642,7.090436958,-0.100252553,-0.054694712,-9.749484,-0.770786382,0.484877007,-0.211584728,0.354985275,-0.215762946,8.682673038,-4.430588632,-0.440925925,-0.044634381,0.191713024
22.7294038,411.660528,380.6175972,4318.463586,28.61342291,-80.59578281,10.29634693,10.57528868,6.99294658,-0.098348968,-0.055414155,-9.749195243,-0.770096077,0.486458525,-0.212663304,0.353672808,-0.199279695,8.702743554,-4.391138051,-0.442218363,-0.044255957,0.191229958
22.7394038,411.7634867,380.7233473,4318.533028,28.61342386,-80.59578175,10.29539136,10.57472372,6.89545956,-0.096478572,-0.056135014,-9.748875031,-0.769396917,0.488042026,-0.213743015,0.352359601,-0.182786297,8.722615564,-4.351504395,-0.443501607,-0.043903397,0.190744782
22.7494038,411.8664359,380.8290917,4318.601495,28.61342481,-80.5957807,10.29445401,10.57415154,6.797976215,-0.094640847,-0.056856927,-9.748523369,-0.768688923,0.489627509,-0.214823718,0.351045597,-0.166284958,8.742287433,-4.311688443,-0.444776312,-0.043577407,0.190257675
22.7594038,411.9693758,380.9348303,4318.668987,28.61342576,-80.59577964,10.29352364,10.5735782,6.700502253,-0.092835252,-0.057579545,-9.748140284,-0.767972104,0.491214972,-0.215905303,0.349730751,-0.149777817,8.761757598,-4.271690903,-0.446043638,-0.043277786,0.189768811
22.7694038,412.0723063,381.0405633,4318.735505,28.61342671,-80.59577859,10.29258703,10.57301103,6.603044332,-0.093336165,-0.057032846,-9.746602018,-0.767246409,0.492804416,-0.216987806,0.348415052,-0.135710813,8.779613944,-4.23180539,-0.447313399,-0.042984189,0.189281214
22.7794038,412.1752275,381.1462906,4318.801048,28.61342767,-80.59577753,10.29164392,10.57245019,6.505602693,-0.093985697,-0.056401431,-9.74497987,-0.766511767,0.494395842,-0.218071304,0.3470985,-0.121786264,8.797215924,-4.191754668,-0.448598334,-0.0426735,0.188798354
22.7894038,412.2781392,381.2520123,4318.865617,28.61342862,-80.59577648,10.29069426,10.57189573,6.408177449,-0.094638378,-0.055765545,-9.743345972,-0.765768109,0.495989254,-0.219155874,0.345781095,-0.107848318,8.814653507,-4.151518907,-0.449898175,-0.042346568,0.188320264
22.7994038,412.3810414,381.3577285,4318.929212,28.61342957,-80.59577542,10.28973803,10.5713477,6.310768715,-0.095293819,-0.055125048,-9.74170064,-0.765015363,0.497584653,-0.220241595,0.344462839,-0.093896405,8.831926015,-4.111096858,-0.451213729,-0.042002742,0.187846916
22.8094038,412.483934,381.4634393,4318.991832,28.61343052,-80.59577437,10.28878484,10.57080063,6.213371891,-0.095951631,-0.054479801,-9.740044193,-0.764253468,0.49918204,-0.221328517,0.343143725,-0.079929955,8.849032711,-4.070487307,-0.452543879,-0.041641235,0.187378282
22.8194038,412.5868171,381.5691445,4319.053479,28.61343147,-80.59577332,10.28784606,10.57024792,6.115981542,-0.094605503,-0.054983379,-9.739357723,-0.76348241,0.500781416,-0.222416572,0.341823715,-0.06375583,8.86717183,-4.029424421,-0.453880865,-0.041279535,0.186911793
22.8294038,412.6896909,381.6748442,4319.114152,28.61343242,-80.59577226,10.28692168,10.56968944,6.018597829,-0.093154324,-0.055559712,-9.738707427,-0.76270219,0.502382788,-0.223505651,0.340502756,-0.047434257,8.885186353,-3.988157521,-0.45521665,-0.040936462,0.186444478
22.8394038,412.7925556,381.7805383,4319.173851,28.61343337,-80.59577121,10.28601148,10.56912521,5.921221014,-0.091725477,-0.056135452,-9.738030727,-0.76191281,0.503986163,-0.224595649,0.339180796,-0.031106171,8.902997774,-3.946703718,-0.456550135,-0.040614215,0.185976422
22.8494038,412.8954112,381.8862267,4319.232576,28.61343432,-80.59577015,10.28511524,10.56855524,5.82385136,-0.090318515,-0.056710276,-9.73732771,-0.761114267,0.505591547,-0.225686462,0.337857782,-0.014773224,8.92060461,-3.905063324,-0.457883002,-0.040311176,0.185507759
22.8594038,412.9982579,381.9919094,4319.290328,28.61343527,-80.5957691,10.28421882,10.56798785,5.726495837,-0.088932979,-0.057283866,-9.736598474,-0.760306543,0.507198948,-0.226778031,0.336533671,0.001562988,8.938005421,-3.863236597,-0.459215236,-0.040027586,0.185038622
22.8694038,413.1010955,382.0975865,4319.347106,28.61343622,-80.59576805,10.28330542,10.56743312,5.629162633,-0.0904749,-0.0561172,-9.734445068,-0.759489546,0.508808369,-0.227870473,0.335208473,0.014657566,8.953538851,-3.821607363,-0.460558915,-0.039738366,0.184572903
22.8794038,413.203924,382.2032581,4319.402911,28.61343717,-80.59576699,10.28237471,10.56689137,5.531851977,-0.092204687,-0.054826541,-9.732194215,-0.758663161,0.510419808,-0.228963961,0.333882214,0.027545396,8.968798745,-3.779815102,-0.461926921,-0.039412684,0.184115101
22.8894038,413.306743,382.3089243,4319.457744,28.61343812,-80.59576594,10.28142667,10.56636274,5.434563941,-0.093937047,-0.053521582,-9.729935698,-0.757827269,0.512033261,-0.23005867,0.332554925,0.040433667,8.983891371,-3.737833378,-0.463319798,-0.039050682,0.183665205
22.8994038,413.4095524,382.4145854,4319.511603,28.61343907,-80.59576489,10.28046128,10.56584738,5.337298593,-0.095671482,-0.052202156,-9.727670143,-0.756981753,0.513648727,-0.231154771,0.331226634,0.053324026,8.998816443,-3.695660114,-0.46473654,-0.038651081,0.183223123
22.9094038,413.5123522,382.5202413,4319.56449,28.61344002,-80.59576383,10.2794823,10.56534312,5.240054195,-0.097407484,-0.050868091,-9.72539821,-0.756126499,0.515266202,-0.232252421,0.329897364,0.06621805,9.013573675,-3.653293156,-0.466178272,-0.038216229,0.182788768
22.9194038,413.615142,382.6258923,4319.616404,28.61344097,-80.59576278,10.27849427,10.56484731,5.142828653,-0.09835472,-0.050002363,-9.723496069,-0.755261412,0.516885681,-0.233351733,0.328567133,0.080010742,9.02859636,-3.610622625,-0.467640012,-0.037750968,0.182361032
22.9294038,413.717922,382.7315383,4319.667346,28.61344192,-80.59576173,10.27749726,10.56435994,5.045621974,-0.099250564,-0.049158643,-9.721611127,-0.7543864,0.518507162,-0.234452804,0.327235948,0.093873737,9.043470691,-3.56774659,-0.469119964,-0.037263088,0.181938638
22.9394038,413.820692,382.8371795,4319.717316,28.61344287,-80.59576068,10.2764912,10.56388104,4.948434176,-0.100153718,-0.048314594,-9.71972463,-0.753501372,0.52013064,-0.235555728,0.325903819,0.107751251,9.058168031,-3.524683466,-0.470617068,-0.036753374,0.181521534
22.9494038,413.9234518,382.942816,4319.766315,28.61344382,-80.59575962,10.27547611,10.56341068,4.851265313,-0.101057846,-0.04746472,-9.717833897,-0.752606238,0.521756107,-0.2366606,0.324570756,0.121643917,9.07268739,-3.481423202,-0.472130817,-0.036221878,0.181109691
22.9594038,414.0262015,383.0484477,4319.814342,28.61344477,-80.59575857,10.27445378,10.56294784,4.754114609,-0.101959163,-0.046605823,-9.715937676,-0.751700906,0.52338356,-0.23776751,0.32323677,0.135552334,9.087027705,-3.437959533,-0.473661229,-0.035667572,0.180703083
22.9694038,414.1289409,383.1540749,4319.861397,28.61344572,-80.59575752,10.27342632,10.56249126,4.656981129,-0.102492085,-0.045970811,-9.714209215,-0.750785293,0.525012993,-0.238876524,0.321901861,0.149899165,9.101380289,-3.394243021,-0.475208213,-0.035094388,0.180301206
22.9794038,414.23167,383.2596976,4319.907482,28.61344667,-80.59575646,10.27239381,10.56204099,4.559864915,-0.102998828,-0.04534361,-9.712485589,-0.749859319,0.5266444,-0.239987703,0.320566031,0.164291347,9.115559486,-3.350317108,-0.476769107,-0.034506196,0.179903479
22.9894038,414.3343887,383.3653158,4319.952595,28.61344762,-80.59575541,10.27135629,10.5615971,4.46276602,-0.103502244,-0.044709359,-9.710756247,-0.748922906,0.528277775,-0.241101103,0.319229278,0.178702281,9.129551646,-3.306183715,-0.478343387,-0.033902567,0.179509894
22.9994038,414.4370971,383.4709296,4319.996737,28.61344857,-80.59575436,10.27031378,10.56115966,4.365684496,-0.104002018,-0.044067901,-9.709021648,-0.747975972,0.529913114,-0.242216779,0.3178916,0.193132029,9.143355411,-3.261841753,-0.479932231,-0.033284505,0.179120454
23.0094038,414.539795,383.576539,4320.039908,28.61344952,-80.59575331,10.26926282,10.56073105,4.268622024,-0.104497843,-0.04341907,-9.707282276,-0.747018432,0.531550407,-0.243334798,0.316553001,0.207580611,9.156969425,-3.217290078,-0.481534417,-0.032651722,0.178735165
23.0194038,414.6424823,383.6821442,4320.082109,28.61345047,-80.59575226,10.2681992,10.56031417,4.171580586,-0.105726245,-0.042279066,-9.705197316,-0.746050185,0.53318964,-0.244455267,0.315213501,0.221183177,9.170024214,-3.172625794,-0.483152851,-0.031997702,0.178355005
23.0294038,414.7451589,383.7877453,4320.12334,28.61345142,-80.5957512,10.2671229,10.55990919,4.074560219,-0.106996826,-0.041095371,-9.703090149,-0.745071122,0.534830796,-0.245578308,0.313873123,0.234745137,9.182871656,-3.127756139,-0.484789208,-0.031314768,0.177981117
23.0394038,414.8478247,383.8933424,4320.163601,28.61345237,-80.59575015,10.26603397,10.55951625,3.977560917,-0.10826241,-0.039898415,-9.70098324,-0.744081133,0.536473857,-0.246704041,0.312531894,0.248321999,9.195534232,-3.082673325,-0.486443381,-0.030602352,0.177613481
23.0494038,414.9504795,383.9989357,4320.202891,28.61345332,-80.5957491,10.26493246,10.55913547,3.880582666,-0.109522538,-0.038688137,-9.698877333,-0.743080109,0.538118803,-0.247832584,0.311189838,0.26191457,9.208010783,-3.037375783,-0.488115553,-0.029860077,0.177252057
23.0594038,415.0531233,384.1045252,4320.241212,28.61345427,-80.59574805,10.26382903,10.55875989,3.783620649,-0.110776761,-0.037464475,-9.696773189,-0.742067954,0.539765618,-0.248964022,0.309846971,0.275523588,9.220300105,-2.991861978,-0.48980482,-0.029090357,0.176896807
23.0694038,415.1557562,384.2101109,4320.278564,28.61345522,-80.595747,10.26273633,10.55838104,3.686669198,-0.109817437,-0.037714566,-9.69567028,-0.741044615,0.5414143,-0.250098322,0.308503262,0.29177781,9.233441721,-2.945831653,-0.491506118,-0.028309682,0.176544764
23.0794038,415.2583781,384.3156928,4320.314946,28.61345617,-80.59574595,10.26165457,10.55799879,3.589728343,-0.108722384,-0.038055418,-9.694617484,-0.74001006,0.543064853,-0.251235409,0.307158665,0.308217851,9.246426512,-2.899564702,-0.493212337,-0.027540897,0.176192487
23.0894038,415.3609893,384.4212708,4320.350358,28.61345712,-80.5957449,10.26058369,10.55761319,3.492798217,-0.107631744,-0.038392688,-9.693551215,-0.738964253,0.544717278,-0.252375208,0.305813135,0.324675426,9.259185382,-2.853080032,-0.49492257,-0.02678453,0.175840044
23.0994038,415.4635898,384.526845,4320.384802,28.61345807,-80.59574384,10.25952365,10.55722429,3.395878951,-0.106545359,-0.038726035,-9.692471715,-0.737907158,0.546371578,-0.253517649,0.304466625,0.341148856,9.271716226,-2.806377602,-0.49663762,-0.026040053,0.175487563
23.1094038,415.5661798,384.6324153,4320.418276,28.61345902,-80.59574279,10.25846797,10.55683658,3.298973503,-0.105463061,-0.039055126,-9.691379248,-0.736838731,0.548027754,-0.254662679,0.303119094,0.357636512,9.284016959,-2.759457324,-0.498358221,-0.025306801,0.17513517
23.1194038,415.6687592,384.7379818,4320.450781,28.61345997,-80.59574174,10.25740895,10.55645551,3.202085307,-0.105728723,-0.038445194,-9.689685166,-0.735758895,0.549685796,-0.25581032,0.301770532,0.372510629,9.295495188,-2.712500739,-0.500088202,-0.024574104,0.1747848
23.1294038,415.7713279,384.8435445,4320.482318,28.61346091,-80.59574069,10.25634652,10.55608127,3.105214416,-0.1060735,-0.037766964,-9.68795408,-0.734667569,0.551345687,-0.256960617,0.300420935,0.387295801,9.306724388,-2.665335874,-0.50183033,-0.023827547,0.174438678
23.1394038,415.8738861,384.9491034,4320.512886,28.61346186,-80.59573964,10.25528074,10.55571395,3.008360813,-0.106411625,-0.03707943,-9.686224325,-0.733564668,0.55300741,-0.258113612,0.299070301,0.402094991,9.317740906,-2.617950348,-0.503585224,-0.023067452,0.174096851
23.1494038,415.9764336,385.0546588,4320.542485,28.61346281,-80.59573859,10.25421169,10.55535365,2.911524476,-0.106742862,-0.036382465,-9.684496529,-0.732450109,0.554670947,-0.25926935,0.297718629,0.416907963,9.328542959,-2.570343314,-0.50535262,-0.022293362,0.173759331
23.1594038,416.0789703,385.1602105,4320.571116,28.61346376,-80.59573754,10.25314604,10.55499576,2.814702568,-0.107066975,-0.035675955,-9.68277133,-0.731323814,0.55633628,-0.260427856,0.296365912,0.431734474,9.339128728,-2.522513961,-0.507131321,-0.021505606,0.173426125
23.1694038,416.1814965,385.2657587,4320.598779,28.61346471,-80.59573649,10.25209173,10.55463469,2.71789178,-0.106004684,-0.035944109,-9.681633364,-0.730185734,0.558003408,-0.261589081,0.295012108,0.448265626,9.350057768,-2.474273878,-0.508920237,-0.020715539,0.173095372
23.1794038,416.2840122,385.3713032,4320.625474,28.61346566,-80.59573544,10.25104889,10.55427039,2.621092153,-0.104857219,-0.036269047,-9.680522398,-0.72903583,0.559672326,-0.262752951,0.293657168,0.464913602,9.360778529,-2.425799881,-0.510713928,-0.019937047,0.172764905
23.1894038,416.3865175,385.4768441,4320.651201,28.61346661,-80.59573439,10.25001748,10.55390294,2.524303786,-0.103712186,-0.036588168,-9.679401288,-0.727874064,0.561343035,-0.263919392,0.292301041,0.481569443,9.3712524,-2.377104019,-0.512513273,-0.01917099,0.172434804
23.1994038,416.4890126,385.5823812,4320.67596,28.61346756,-80.59573334,10.24899749,10.55353239,2.427526776,-0.102569447,-0.036901155,-9.678270366,-0.726700393,0.563015535,-0.265088333,0.290943675,0.498231541,9.381477136,-2.32818632,-0.514318779,-0.018416546,0.172105186
23.2094038,416.5914975,385.6879147,4320.699752,28.61346851,-80.59573229,10.24798513,10.55316157,2.330762741,-0.101428852,-0.037207703,-9.677129979,-0.725514772,0.564689822,-0.266259714,0.289585021,0.514898337,9.391450482,-2.279046822,-0.516130786,-0.01767386,0.171776167
23.2194038,416.6939723,385.7934445,4320.722576,28.61346946,-80.59573124,10.24697593,10.55279387,2.234013538,-0.101074597,-0.036930847,-9.675663452,-0.72431714,0.566365883,-0.267433518,0.288225052,0.530592278,9.400879984,-2.229791597,-0.517950444,-0.016935695,0.171448939
23.2294038,416.796437,385.8989706,4320.744432,28.61347041,-80.59573019,10.24596985,10.55242943,2.137279188,-0.100765295,-0.036608776,-9.674177389,-0.723107426,0.568043703,-0.268609742,0.286863745,0.546229443,9.410049948,-2.180320019,-0.51977994,-0.016193646,0.171124865
23.2394038,416.8988917,386.0044931,4320.765321,28.61347135,-80.59572914,10.24496693,10.55206834,2.040559675,-0.100450877,-0.036277827,-9.672692754,-0.721885563,0.569723265,-0.269788383,0.285501077,0.561871036,9.418977098,-2.130625008,-0.521618656,-0.015448152,0.170804011
23.2494038,417.0013364,386.110012,4320.785243,28.6134723,-80.59572809,10.24396724,10.5517107,1.943854976,-0.100131219,-0.035937828,-9.671210132,-0.720651483,0.571404549,-0.270969433,0.284137023,0.577516266,9.427659283,-2.080706274,-0.52346766,-0.014698731,0.170486418
23.2594038,417.103771,386.2155273,4320.804198,28.61347325,-80.59572704,10.24296353,10.55136209,1.847167876,-0.099806212,-0.035588605,-9.669730121,-0.71940511,0.573087535,-0.272152908,0.282771569,0.593164321,9.436094326,-2.030563568,-0.525325472,-0.013946425,0.170172125
23.2694038,417.2061956,386.3210393,4320.822187,28.6134742,-80.59572599,10.24194711,10.55102925,1.750501631,-0.100999293,-0.03408169,-9.667667564,-0.718146335,0.574772178,-0.273338903,0.281404741,0.606895429,9.443772662,-1.980402581,-0.52719554,-0.013176117,0.169863288
23.2794038,417.3086099,386.426548,4320.839208,28.61347515,-80.59572494,10.24091788,10.55071252,1.653856128,-0.102283517,-0.032481963,-9.665584343,-0.716875042,0.576458429,-0.274527538,0.280036576,0.620498498,9.45119058,-1.930030031,-0.529080046,-0.012373467,0.169562419
23.2894038,417.4110139,386.5320536,4320.855264,28.6134761,-80.59572389,10.23987589,10.55041208,1.557231182,-0.103561988,-0.030862042,-9.66351917,-0.71559111,0.578146239,-0.275718935,0.278667112,0.634095591,9.458379284,-1.879431936,-0.530979112,-0.011537009,0.169269503
23.2994038,417.5134074,386.6375563,4320.870353,28.61347705,-80.59572284,10.23882121,10.55012814,1.460626594,-0.104834404,-0.029222087,-9.661473269,-0.71429442,0.579835553,-0.276913209,0.277296389,0.647687337,9.465337092,-1.82860733,-0.53289289,-0.010667941,0.168984481
23.3094038,417.6157903,386.7430562,4320.884476,28.613478,-80.5957218,10.23775779,10.54985792,1.364040724,-0.106100488,-0.027562267,-9.659447873,-0.712984861,0.581526318,-0.278110465,0.275924446,0.661274281,9.472062259,-1.777555365,-0.534819632,-0.009765392,0.168707296
23.3194038,417.7181626,386.8485535,4320.897634,28.61347895,-80.59572075,10.23669038,10.54959797,1.267471677,-0.10654715,-0.026507265,-9.657741534,-0.711662333,0.583218485,-0.279310769,0.2745513,0.675890386,9.478795021,-1.726164417,-0.536757644,-0.008836439,0.168436765
23.3294038,417.8205241,386.9540482,4320.909826,28.61347989,-80.5957197,10.23561916,10.54934837,1.170919253,-0.106933194,-0.025479215,-9.656070609,-0.710326746,0.584912014,-0.280514165,0.273176962,0.690574523,9.48529466,-1.674537409,-0.538706387,-0.007888694,0.168171511
23.3394038,417.9228749,387.0595405,4320.921052,28.61348084,-80.59571865,10.23454422,10.54910924,1.074383275,-0.107309979,-0.024438798,-9.654417005,-0.708978007,0.58660686,-0.2817207,0.271801442,0.705261006,9.491543264,-1.622681042,-0.540664722,-0.006924324,0.167911509
23.3494038,418.025215,387.1650304,4320.931314,28.61348179,-80.5957176,10.23346564,10.54888069,0.977863555,-0.107677402,-0.023386103,-9.652781685,-0.707616024,0.588302975,-0.282930422,0.270424755,0.719949465,9.497538602,-1.57059507,-0.542633139,-0.005941357,0.167656758
23.3594038,418.1275442,387.2705181,4320.94061,28.61348274,-80.59571655,10.23238783,10.5486595,0.88135842,-0.10803537,-0.022321233,-9.651165629,-0.706240708,0.590000314,-0.284143365,0.269046909,0.734639502,9.503278417,-1.51827929,-0.544610446,-0.004940526,0.167407258
23.3694038,418.2298628,387.3760036,4320.948941,28.61348369,-80.5957155,10.23131598,10.54844172,0.784865964,-0.107489286,-0.021945981,-9.649876119,-0.704851992,0.591698841,-0.285359515,0.267667889,0.750478797,9.508990937,-1.465611687,-0.54659559,-0.003928694,0.16716176
23.3794038,418.3321706,387.4814869,4320.956307,28.61348464,-80.59571446,10.23025026,10.54822738,0.688386045,-0.106879342,-0.021607199,-9.648616893,-0.703449809,0.593398523,-0.286578846,0.266287671,0.76639211,9.514441635,-1.412707163,-0.548587472,-0.002915948,0.166918808
23.3894038,418.4344678,387.5869682,4320.962709,28.61348559,-80.59571341,10.22919075,10.54801654,0.591918546,-0.106262369,-0.021260423,-9.647368932,-0.702034097,0.595099328,-0.287801329,0.264906232,0.782305371,9.519612828,-1.359573796,-0.550585708,-0.001902212,0.166678442
23.3994038,418.5367544,387.6924473,4320.968146,28.61348653,-80.59571236,10.22813752,10.54780929,0.495463343,-0.105638418,-0.020905562,-9.646132968,-0.700604791,0.596801221,-0.289026935,0.263523548,0.798217266,9.524501947,-1.306211936,-0.552590522,-8.88E-04,0.166440729
23.4094038,418.6390305,387.7979244,4320.972618,28.61348748,-80.59571131,10.22707831,10.54761557,0.399024208,-0.105007542,-0.020542543,-9.644909742,-0.699161814,0.598504158,-0.290255668,0.262139615,0.814126502,9.529106395,-1.252622001,-0.554601866,1.29E-04,0.166205733
23.4194038,418.7412959,387.9033997,4320.976126,28.61348843,-80.59571026,10.22599838,10.54744738,0.302605515,-0.106943095,-0.018111462,-9.642889017,-0.697705046,0.600208054,-0.291487657,0.260754497,0.826700548,9.532873289,-1.199152413,-0.556621158,0.001167901,0.165977142
23.4294038,418.8435504,388.0088734,4320.97867,28.61348938,-80.59570922,10.22489743,10.54730524,0.206206941,-0.109043558,-0.015521169,-9.640856338,-0.69623435,0.601912805,-0.292723071,0.259368285,0.839039427,9.536358552,-1.145478388,-0.558650029,0.002257047,0.16575926
23.4394038,418.9457938,388.1143459,4320.98025,28.61349033,-80.59570817,10.22377546,10.54718943,0.109828053,-0.111145804,-0.012902226,-9.63886578,-0.694749592,0.603618312,-0.293962078,0.257981074,0.851354671,9.539596798,-1.091577548,-0.560688683,0.003395581,0.165552075
23.4494038,419.0480259,388.2198173,4320.980867,28.61349128,-80.59570712,10.22263244,10.54710022,0.013468402,-0.113249606,-0.010255264,-9.636919267,-0.693250636,0.605324467,-0.295204842,0.256592958,0.86364714,9.542586421,-1.037449571,-0.562735795,0.004584854,0.165355495
23.4594038,419.1502464,388.3252879,4320.98052,28.61349223,-80.59570608,10.22147543,10.54703217,-0.082874558,-0.115354745,-0.007580969,-9.635018729,-0.691737356,0.607031167,-0.29645151,0.255204026,0.875917648,9.545325769,-0.983094264,-0.564790919,0.005824096,0.165169429
23.4694038,419.2524553,388.430758,4320.979209,28.61349317,-80.59570503,10.22031298,10.54697856,-0.179203715,-0.115982002,-0.006078804,-9.633597608,-0.690209651,0.608738327,-0.297702155,0.253814329,0.890091182,9.548071555,-0.928309709,-0.566851483,0.007101378,0.164991718
23.4794038,419.3546526,388.5362276,4320.976936,28.61349412,-80.59570398,10.21914535,10.54693936,-0.27551948,-0.116505904,-0.00464188,-9.632239949,-0.688667431,0.610445868,-0.298956827,0.252423906,0.90438302,9.550555406,-0.873283687,-0.568917191,0.008402132,0.164819841
23.4894038,419.4568382,388.6416968,4320.973699,28.61349507,-80.59570293,10.21797262,10.54691469,-0.371822226,-0.117019961,-0.003195092,-9.630919191,-0.687110605,0.612153711,-0.30021557,0.251032792,0.918671033,9.552757696,-0.818029509,-0.570986842,0.009725329,0.16465375
23.4994038,419.5590121,388.7471659,4320.969499,28.61349602,-80.59570189,10.21679489,10.54690462,-0.468112342,-0.117524256,-0.001738893,-9.629636544,-0.685539088,0.613861771,-0.301478428,0.249641027,0.932954511,9.554675905,-0.762547823,-0.573059901,0.011071499,0.164493443
