t,relPosX,relPosY,relPosZ,lat,lon,worldVelX,worldVelY,worldVelZ,worldAccX,worldAccY,worldAccZ,qW,qX,qY,qZ,bodyAccX,bodyAccY,bodyAccZ,bodyGyrX,bodyGyrY,bodyGyrZ
0.002,0,0,0,45,0,0,0,0,0,0,0,0.999048222,-0.030843565,0.030843565,0,0,0,0,0,0,0
0.004,0,0,0,45,0,0,0,0,0,0,0,0.999048222,-0.030843565,0.030843565,0,0,0,0,0,0,0
0.006,0,0,0,45,0,0,0,0,0,0,0,0.999048222,-0.030843565,0.030843565,0,0,0,0,0,0,0
0.008,0,0,0,45,0,0,0,0,0,0,0,0.999048222,-0.030843565,0.030843565,0,0,0,0,0,0,0
0.01,0,0,0,45,0,0,0,0,0,0,0,0.999048222,-0.030843565,0.030843565,0,0,0,0,0,0,0
0.012,0,0,0,45,0,0,0,0,0,0,0,0.999048222,-0.030843565,0.030843565,0,0,0,0,0,0,0
0.014,0,0,0,45,0,0,0,0,0,0,0,0.999048222,-0.030843565,0.030843565,0,0,0,0,0,0,0
0.016,0,0,0,45,0,0,0,0,0,0,0,0.999048222,-0.030843565,0.030843565,0,0,0,0,0,0,0
0.018,0,0,0,45,0,0,0,0,0,0,0,0.999048222,-0.030843565,0.030843565,0,0,0,0,0,0,0
0.02,0,0,0,45,0,0,0,0,0,0,0,0.999048222,-0.030843565,0.030843565,0,0,0,0,0,0,0
0.022,0,0,0,45,0,0,0,0,0,0,0,0.999048222,-0.030843565,0.030843565,0,0,0,0,0,0,0
0.024,1.25E-06,3.69E-07,1.03E-08,45,1.59E-11,0.001571801,4.69E-04,1.55E-04,0,0,0,0.999048222,-0.030843565,0.030843565,0,0,0,0,0,0,0
0.026,6.36E-06,1.94E-06,1.76E-06,45,8.09E-11,0.003561649,0.001118496,0.001877644,0.966110188,0.300713551,0.434483681,0.999048222,-0.030843565,0.030843565,0,0.936923323,0.271526686,0.510902681,0,0,0
0.028,1.56E-05,4.91E-06,8.66E-06,45,1.98E-10,0.005666812,0.001862968,0.005307395,1.023744712,0.348408517,1.288070347,0.999048222,-0.030843565,0.030843565,0,0.941752247,0.266416052,1.367732481,0,0,0
0.03,2.91E-05,9.46E-06,2.41E-05,45,3.70E-10,0.007887387,0.002702682,0.010444403,1.081426681,0.396054604,2.141685058,0.999048222,-0.030843565,0.030843565,0,0.94662689,0.261254814,2.224590132,0,0,0
0.031,3.76E-05,1.24E-05,3.61E-05,45,4.78E-10,0.009040985,0.003158223,0.013653146,1.139156962,0.443650914,2.995327816,0.999048222,-0.030843565,0.030843565,0,0.95154812,0.256042072,3.081475632,0,0,0
0.0325,5.25E-05,1.77E-05,6.10E-05,45,6.67E-10,0.010857815,0.003918333,0.019787799,1.168040574,0.467430037,3.422159712,0.999048222,-0.030843565,0.030843565,0,0.954026559,0.253416022,3.509928825,0,0,0
0.0345,7.68E-05,2.67E-05,1.11E-04,45,9.77E-10,0.013481836,0.005115223,0.031083202,1.254406557,0.546046679,4.757409854,0.999048222,-0.030843565,0.030843565,0,0.957789286,0.249429408,4.850265556,0,0,0
0.0365,1.07E-04,3.83E-05,1.88E-04,45,1.36E-09,0.016336374,0.006521655,0.045940246,1.369626603,0.650837157,6.538052831,0.999048222,-0.030843565,0.030843565,0,0.962852521,0.244063075,6.637691549,0,0,0
0.0385,1.42E-04,5.29E-05,2.97E-04,45,1.81E-09,0.019421595,0.008137541,0.064359636,1.484925591,0.755587136,8.319049519,0.999048222,-0.030843565,0.030843565,0,0.967972827,0.238634372,8.425472276,0,0,0
0.0405,1.84E-04,7.10E-05,4.47E-04,45,2.35E-09,0.022737673,0.009962782,0.086342081,1.600309366,0.860290682,10.10039992,0.999048222,-0.030843565,0.030843565,0,0.973156048,0.233137364,10.21360774,0,0,0
0.0425,2.33E-04,9.29E-05,6.45E-04,45,2.97E-09,0.026284802,0.011997261,0.111888288,1.715785136,0.964940459,11.88210396,0.999048222,-0.030843565,0.030843565,0,0.978409397,0.22756472,12.00209784,0,0,0
0.0445,2.90E-04,1.19E-04,8.97E-04,45,3.68E-09,0.030063193,0.014240844,0.140998962,1.831361488,1.069527711,13.66416144,0.999048222,-0.030843565,0.030843565,0,0.983741473,0.221907696,13.79094239,0,0,0
0.0465,3.54E-04,1.50E-04,0.0012115,45,4.50E-09,0.034073077,0.016693374,0.173674811,1.947048397,1.174042232,15.44657203,0.999048222,-0.030843565,0.030843565,0,0.989162273,0.216156108,15.58014104,0,0,0
0.0485,4.26E-04,1.86E-04,0.001594497,45,5.42E-09,0.038314712,0.019354668,0.209916538,2.062857249,1.278472348,17.22933519,0.999048222,-0.030843565,0.030843565,0,0.994683216,0.210298315,17.36969322,0,0,0
0.0505,5.07E-04,2.28E-04,0.002053544,45,6.45E-09,0.042788444,0.022224454,0.249724845,2.178800844,1.382804891,19.01245015,0.999048222,-0.030843565,0.030843565,0,1.000317151,0.204321197,19.15959816,0,0,0
0.0525,5.97E-04,2.75E-04,0.002595774,45,7.60E-09,0.047495624,0.025301446,0.293100435,2.295086354,1.486831021,20.79591594,0.999048222,-0.030843565,0.030843565,0,1.006271312,0.198015979,20.94985478,0,0,0
0.0545,6.97E-04,3.29E-04,0.003228324,45,8.87E-09,0.052437077,0.028584889,0.340044003,2.412125157,1.590135919,22.57973138,0.999048222,-0.030843565,0.030843565,0,1.012957156,0.190967918,22.7404617,0,0,0
0.0565,8.07E-04,3.90E-04,0.00395833,45,1.03E-08,0.057613215,0.032074436,0.390556243,2.529361662,1.693277898,24.36389453,0.999048222,-0.030843565,0.030843565,0,1.019819208,0.183735444,24.53141714,0,0,0
0.0585,9.28E-04,4.57E-04,0.004792929,45,1.18E-08,0.063024494,0.035769702,0.444637844,2.646814778,1.796237278,26.1484032,0.999048222,-0.030843565,0.030843565,0,1.026876512,0.176299012,26.3227189,0,0,0
0.0605,0.001059609,5.33E-04,0.005739261,45,1.35E-08,0.068671408,0.039670256,0.502289489,2.764504929,1.898992741,27.9332548,0.999048222,-0.030843565,0.030843565,0,1.034149653,0.168637466,28.11436431,0,0,0
0.0625,0.001202795,6.16E-04,0.006804467,45.00000001,1.53E-08,0.074554498,0.04377562,0.563511853,2.882454069,2.001521306,29.71844619,0.999048222,-0.030843565,0.030843565,0,1.041660783,0.16072802,29.9063502,0,0,0
0.0645,0.001357985,7.08E-04,0.007995689,45.00000001,1.73E-08,0.080674355,0.048085264,0.628305605,3.000685697,2.103798305,31.50397371,0.999048222,-0.030843565,0.030843565,0,1.049433626,0.152546234,31.69867285,0,0,0
0.0665,0.001525651,8.09E-04,0.009320071,45.00000001,1.94E-08,0.08703162,0.052598605,0.696671403,3.119224868,2.205797367,33.28983312,0.999048222,-0.030843565,0.030843565,0,1.057493502,0.144066001,33.49132794,0,0,0
0.0685,0.00170627,9.19E-04,0.010784757,45.00000001,2.17E-08,0.09362699,0.057315002,0.768609897,3.238098207,2.307490391,35.07601957,0.999048222,-0.030843565,0.030843565,0,1.065867337,0.13525952,35.28431057,0,0,0
0.0705,0.001900318,0.001038021,0.012396893,45.00000001,2.42E-08,0.100461218,0.06223375,0.844121724,3.357333922,2.40884753,36.86252758,0.999048222,-0.030843565,0.030843565,0,1.07458368,0.126097289,37.07761517,0,0,0
0.0725,0.002108274,0.001167575,0.014163626,45.00000001,2.68E-08,0.107535119,0.067354083,0.923207507,3.476961812,2.509837177,38.64935102,0.999048222,-0.030843565,0.030843565,0,1.083672712,0.116548078,38.87123551,0,0,0
0.0745,0.002330619,0.001307571,0.016092106,45.00000001,2.96E-08,0.114849575,0.072675163,1.005867857,3.597013281,2.610425944,40.43648308,0.999048222,-0.030843565,0.030843565,0,1.093166261,0.106578924,40.66516471,0,0,0
0.0765,0.002567834,0.001458409,0.018189481,45.00000001,3.27E-08,0.122405532,0.078196082,1.092103368,3.717521348,2.710578647,42.22391629,0.999048222,-0.030843565,0.030843565,0,1.103097809,0.096155108,42.45939517,0,0,0
0.0785,0.002820403,0.001620488,0.020462903,45.00000001,3.59E-08,0.130204009,0.083915855,1.181914617,3.838520655,2.810258298,44.0116425,0.999048222,-0.030843565,0.030843565,0,1.113502505,0.085240148,44.25391863,0,0,0
0.0805,0.00308656,0.001794069,0.022919671,45.00000002,3.93E-08,0.135990455,0.089702301,1.275449818,2.837910084,2.837910084,45.87349684,0.999048222,-0.030843565,0.030843565,0,4.44E-16,-8.88E-16,46.04872614,0,0,0
0.0825,0.003364512,0.001979445,0.025567087,45.00000002,4.28E-08,0.141998173,0.095710019,1.372561788,2.948538209,2.948538209,47.66174904,0.999048222,-0.030843565,0.030843565,0,2.22E-16,-8.88E-16,47.84380918,0,0,0
0.0845,0.003654701,0.002177057,0.028412303,45.00000002,4.65E-08,0.148227196,0.101939042,1.473251045,3.059182637,3.059182637,49.45026476,0.999048222,-0.030843565,0.030843565,0,2.22E-16,-1.11E-15,49.63915674,0,0,0
0.0865,0.003957568,0.002387349,0.031462476,45.00000002,5.03E-08,0.154677554,0.1083894,1.577518082,3.169842701,3.169842701,51.23903324,0.999048222,-0.030843565,0.030843565,0,8.88E-16,-6.66E-16,51.43475802,0,0,0
0.0885,0.004273558,0.002610762,0.034724761,45.00000002,5.44E-08,0.161349276,0.115061122,1.685363371,3.280517698,3.280517698,53.0280431,0.999048222,-0.030843565,0.030843565,0,6.66E-16,-1.11E-15,53.23060161,0,0,0
0.0905,0.004603113,0.002847741,0.038206316,45.00000003,5.85E-08,0.16824239,0.121954236,1.796787357,3.39120689,3.39120689,54.81728242,0.999048222,-0.030843565,0.030843565,0,6.66E-16,-4.44E-16,55.02667554,0,0,0
0.092,0.004859447,0.003034643,0.040965682,45.00000003,6.18E-08,0.17355753,0.127269376,1.882704121,3.501909509,3.501909509,56.60673878,0.999048222,-0.030843565,0.030843565,0,6.66E-16,-8.88E-16,56.82296732,0,0,0
0.094,0.005213859,0.003296478,0.044849033,45.00000003,6.63E-08,0.18091711,0.134628956,2.001668313,3.584944805,3.584944805,57.94896572,0.999048222,-0.030843565,0.030843565,0,1.11E-15,-6.66E-16,58.17032136,0,0,0
0.096,0.005583369,0.003573412,0.048976445,45.00000003,7.10E-08,0.188656184,0.14236803,2.126766832,3.774649457,3.774649457,61.01545321,0.999048222,-0.030843565,0.030843565,0,6.66E-16,-1.11E-15,61.24852233,0,0,0
0.098,0.005968737,0.003866203,0.053360191,45.00000003,7.59E-08,0.196774915,0.150486761,2.25800235,3.96443748,3.96443748,64.08328835,0.999048222,-0.030843565,0.030843565,0,1.55E-15,-2.22E-16,64.3280761,0,0,0
0.1,0.006370722,0.004175612,0.058012548,45.00000004,8.10E-08,0.205273467,0.158985313,2.395377492,4.154307457,4.154307457,67.15244823,0.999048222,-0.030843565,0.030843565,0,0,-2.22E-15,67.40895967,0,0,0
0.102,0.006790084,0.004502398,0.062945796,45.00000004,8.64E-08,0.214151999,0.167863845,2.538894834,4.344257892,4.344257892,70.22290868,0.999048222,-0.030843565,0.030843565,0,4.44E-16,-1.78E-15,70.49114878,0,0,0
0.104,0.007227583,0.004847321,0.068172224,45.00000004,9.19E-08,0.223410667,0.177122513,2.6885569,4.534287187,4.534287187,73.29464387,0.999048222,-0.030843565,0.030843565,0,4.44E-16,-8.88E-16,73.5746175,0,0,0
0.106,0.00768398,0.005211141,0.073704122,45.00000005,9.77E-08,0.233049624,0.18676147,2.84436616,4.724393737,4.724393737,76.36762784,0.999048222,-0.030843565,0.030843565,0,1.78E-15,-8.88E-16,76.65933978,0,0,0
0.108,0.008160035,0.00559462,0.079553788,45.00000005,1.04E-07,0.24306902,0.196780866,3.006325029,4.914575855,4.914575855,79.44183334,0.999048222,-0.030843565,0.030843565,0,8.88E-16,-4.44E-16,79.74528824,0,0,0
0.11,0.00865651,0.005998519,0.085733523,45.00000005,1.10E-07,0.253469,0.207180846,3.174435866,5.104831807,5.104831807,82.51723234,0.999048222,-0.030843565,0.030843565,0,4.44E-16,-8.88E-16,82.83243476,0,0,0
0.112,0.009174165,0.006423597,0.092255634,45.00000006,1.17E-07,0.264249706,0.217961552,3.348700971,5.295159824,5.295159824,85.59379622,0.999048222,-0.030843565,0.030843565,0,8.88E-16,-1.78E-15,85.92075062,0,0,0
0.114,0.009713763,0.006870619,0.099132432,45.00000006,1.24E-07,0.275411278,0.229123124,3.529122587,5.485558104,5.485558104,88.67149588,0.999048222,-0.030843565,0.030843565,0,8.88E-16,-8.88E-16,89.01020659,0,0,0
0.116,0.010276064,0.007340344,0.10637623,45.00000007,1.31E-07,0.28695385,0.240665696,3.715702897,5.676024827,5.676024827,91.75030189,0.999048222,-0.030843565,0.030843565,0,4.44E-16,-1.33E-15,92.10077314,0,0,0
0.118,0.010861832,0.007833536,0.11399935,45.00000007,1.38E-07,0.298877554,0.2525894,3.908444024,5.866558162,5.866558162,94.83018464,0.999048222,-0.030843565,0.030843565,0,8.88E-16,-1.78E-15,95.19242054,0,0,0
0.12,0.011471829,0.008350956,0.122014115,45.00000008,1.46E-07,0.311182517,0.264894363,4.107348033,6.057156272,6.057156272,97.91111446,0.999048222,-0.030843565,0.030843565,0,1.33E-15,-1.33E-15,98.28511901,0,0,0
0.122,0.012106816,0.008893367,0.130432852,45.00000008,1.54E-07,0.323868864,0.27758071,4.312416929,6.247817325,6.247817325,100.9930617,0.999048222,-0.030843565,0.030843565,0,8.88E-16,-2.22E-15,101.3788388,0,0,0
0.124,0.012767558,0.009461533,0.139267894,45.00000009,1.62E-07,0.336936714,0.29064856,4.52365266,6.438539499,6.438539499,104.075997,0.999048222,-0.030843565,0.030843565,0,1.33E-15,-2.22E-15,104.4735504,0,0,0
0.126,0.013454818,0.010056216,0.148531576,45.00000009,1.71E-07,0.350386186,0.304098032,4.741057113,6.629320988,6.629320988,107.159891,0.999048222,-0.030843565,0.030843565,0,4.44E-16,-1.33E-15,107.5692244,0,0,0
0.128,0.014169358,0.01067818,0.158236236,45.0000001,1.80E-07,0.364217392,0.317929238,4.964632121,6.820160007,6.820160007,110.244715,0.999048222,-0.030843565,0.030843565,0,1.78E-15,-1.78E-15,110.6658319,0,0,0
0.13,0.014911942,0.011328187,0.168394219,45.0000001,1.90E-07,0.378430441,0.332142287,5.194379458,7.011054796,7.011054796,113.3304405,0.999048222,-0.030843565,0.030843565,0,1.33E-15,-1.78E-15,113.7633444,0,0,0
0.132,0.015683334,0.012007003,0.17901787,45.00000011,1.99E-07,0.393025441,0.346737287,5.430300843,7.202003621,7.202003621,116.4170395,0.999048222,-0.030843565,0.030843565,0,8.88E-16,-2.22E-15,116.8617337,0,0,0
0.134,0.016484298,0.012715391,0.190119539,45.00000011,2.10E-07,0.408002494,0.36171434,5.672397941,7.393004783,7.393004783,119.5044845,0.999048222,-0.030843565,0.030843565,0,4.44E-16,-3.11E-15,119.9609722,0,0,0
0.136,0.017315599,0.013454115,0.20171158,45.00000012,2.20E-07,0.4233617,0.377073546,5.920672365,7.584056611,7.584056611,122.5927484,0.999048222,-0.030843565,0.030843565,0,1.78E-15,-1.78E-15,123.0610328,0,0,0
0.138,0.018178,0.01422394,0.213806348,45.00000013,2.31E-07,0.439103156,0.392815002,6.175125672,7.775157469,7.775157469,125.6818049,0.999048222,-0.030843565,0.030843565,0,8.88E-16,-2.66E-15,126.161889,0,0,0
0.139,0.018621102,0.014620754,0.220046117,45.00000013,2.37E-07,0.447117256,0.400829102,6.30466988,7.966305753,7.966305753,128.771628,0.999048222,-0.030843565,0.030843565,0,2.22E-15,-1.33E-15,129.2635147,0,0,0
0.1405,0.019300887,0.015231107,0.229650363,45.00000014,2.45E-07,0.459288641,0.413000487,6.501414656,8.061897188,8.061897188,130.3168191,0.999048222,-0.030843565,0.030843565,0,8.88E-16,-1.78E-15,130.8146082,0,0,0
0.1425,0.020235891,0.016073534,0.242918717,45.00000014,2.57E-07,0.475761567,0.429473413,6.767691853,8.166622315,8.166622315,132.0096521,0.999048222,-0.030843565,0.030843565,0,1.78E-15,-2.66E-15,132.5139075,0,0,0
0.1445,0.02120412,0.016949187,0.256724142,45.00000015,2.70E-07,0.492513948,0.446225794,7.038486299,8.306315586,8.306315586,134.2677289,0.999048222,-0.030843565,0.030843565,0,3.55E-15,-1.78E-15,134.7806098,0,0,0
0.1465,0.022206133,0.017858624,0.271075675,45.00000016,2.82E-07,0.509545918,0.463257763,7.313800163,8.446076404,8.446076404,136.5268975,0.999048222,-0.030843565,0.030843565,0,0,-1.78E-15,137.0484081,0,0,0
0.1485,0.02324249,0.018802404,0.285982357,45.00000017,2.96E-07,0.526857608,0.480569454,7.593635589,8.585903959,8.585903959,138.7871449,0.999048222,-0.030843565,0.030843565,0,8.88E-16,-3.55E-15,139.3172893,0,0,0
0.1505,0.02431375,0.019781088,0.301453233,45.00000018,3.09E-07,0.544449149,0.498160995,7.877994673,8.725797454,8.725797454,141.0484582,0.999048222,-0.030843565,0.030843565,0,1.78E-15,-1.78E-15,141.5872404,0,0,0
0.1525,0.025420473,0.020795235,0.317497353,45.00000019,3.23E-07,0.562320647,0.516032493,8.166879117,8.865751556,8.865751556,143.3107512,0.999048222,-0.030843565,0.030843565,0,0,-1.78E-15,143.858175,0,0,0
0.1545,0.026563219,0.021845405,0.334123768,45.0000002,3.38E-07,0.580472218,0.534184064,8.460290829,9.005756527,9.005756527,145.5738664,0.999048222,-0.030843565,0.030843565,0,8.88E-16,-3.55E-15,146.129935,0,0,0
0.1565,0.027742549,0.022932158,0.351341536,45.00000021,3.53E-07,0.598903991,0.552615837,8.758231874,9.145825591,9.145825591,147.8380177,0.999048222,-0.030843565,0.030843565,0,0,-3.55E-15,148.4027349,0,0,0
0.1585,0.028959022,0.024056055,0.369159716,45.00000022,3.68E-07,0.617616094,0.57132794,9.060704304,9.285958331,9.285958331,150.1031983,0.999048222,-0.030843565,0.030843565,0,8.88E-16,-4.44E-15,150.6765681,0,0,0
0.1605,0.0302132,0.025217657,0.387587375,45.00000023,3.84E-07,0.636608651,0.590320497,9.367710159,9.426154346,9.426154346,152.3694017,0.999048222,-0.030843565,0.030843565,0,1.78E-15,-3.55E-15,152.9514281,0,0,0
0.1625,0.031505644,0.026417524,0.406633581,45.00000024,4.01E-07,0.655881788,0.609593634,9.679251464,9.566413244,9.566413244,154.6366216,0.999048222,-0.030843565,0.030843565,0,2.66E-15,-1.78E-15,155.2273083,0,0,0
0.1645,0.032836914,0.027656218,0.426307406,45.00000025,4.18E-07,0.675435631,0.629147477,9.995330235,9.706734641,9.706734641,156.9048517,0.999048222,-0.030843565,0.030843565,0,3.55E-15,-1.78E-15,157.5042027,0,0,0
0.1665,0.034207573,0.028934301,0.446617928,45.00000026,4.35E-07,0.695270302,0.648982148,10.31594847,9.847118153,9.847118153,159.1740859,0.999048222,-0.030843565,0.030843565,0,1.78E-15,-3.55E-15,159.782105,0,0,0
0.1685,0.035618183,0.030252334,0.467574227,45.00000027,4.53E-07,0.715385925,0.669097771,10.64110817,9.9875634,9.9875634,161.444318,0.999048222,-0.030843565,0.030843565,0,0,-2.66E-15,162.0610091,0,0,0
0.1705,0.037069304,0.03161088,0.489185389,45.00000028,4.71E-07,0.735782572,0.689494418,10.97081048,10.12807,10.12807,163.7155418,0.999048222,-0.030843565,0.030843565,0,1.78E-15,-3.55E-15,164.3409086,0,0,0
0.1725,0.0385615,0.033010499,0.511460497,45.0000003,4.90E-07,0.756460202,0.710172048,11.30505476,10.26856382,10.26856382,165.9865591,0.999048222,-0.030843565,0.030843565,0,1.78E-15,-3.55E-15,166.6206008,0,0,0
0.1745,0.040095333,0.034451755,0.534408637,45.00000031,5.10E-07,0.777418902,0.731130748,11.64384239,10.40907456,10.40907456,168.2578498,0.999048222,-0.030843565,0.030843565,0,0,-5.33E-15,168.9005675,0,0,0
0.1765,0.041671363,0.03593521,0.558038897,45.00000032,5.30E-07,0.798658764,0.75237061,11.98717488,10.5496327,10.5496327,170.5299068,0.999048222,-0.030843565,0.030843565,0,1.78E-15,-3.55E-15,171.1813034,0,0,0
0.1785,0.043290155,0.037461425,0.582360367,45.00000034,5.51E-07,0.820179881,0.773891727,12.33505374,10.69023732,10.69023732,172.8027151,0.999048222,-0.030843565,0.030843565,0,1.78E-15,-3.55E-15,173.4627934,0,0,0
0.1805,0.04495227,0.039030964,0.607382143,45.00000035,5.72E-07,0.841982344,0.79569419,12.6874804,10.83088747,10.83088747,175.0762595,0.999048222,-0.030843565,0.030843565,0,8.88E-16,-4.44E-15,175.7450223,0,0,0
0.1825,0.046658272,0.04064439,0.633113322,45.00000037,5.93E-07,0.864066239,0.817778085,13.04445631,10.97158222,10.97158222,177.3505246,0.999048222,-0.030843565,0.030843565,0,8.88E-16,-5.33E-15,178.0279748,0,0,0
0.1845,0.048408723,0.042302264,0.659563002,45.00000038,6.16E-07,0.886431654,0.8401435,13.40598284,11.11232059,11.11232059,179.6254949,0.999048222,-0.030843565,0.030843565,0,2.66E-15,-2.66E-15,180.3116351,0,0,0
0.1865,0.050204186,0.044005151,0.686740288,45.0000004,6.39E-07,0.909078673,0.862790519,13.77206137,11.25310161,11.25310161,181.9011547,0.999048222,-0.030843565,0.030843565,0,1.78E-15,-4.44E-15,182.5959876,0,0,0
0.1885,0.052045226,0.045753614,0.714654284,45.00000041,6.62E-07,0.932007379,0.885719225,14.14269323,11.3939243,11.3939243,184.177488,0.999048222,-0.030843565,0.030843565,0,1.78E-15,-3.55E-15,184.8810161,0,0,0
0.1905,0.053932404,0.047548216,0.743314097,45.00000043,6.86E-07,0.95521785,0.908929696,14.51787971,11.53478765,11.53478765,186.4544785,0.999048222,-0.030843565,0.030843565,0,3.55E-15,-3.55E-15,187.1667043,0,0,0
0.192,0.055378405,0.048924785,0.765303881,45.00000044,7.04E-07,0.972810661,0.926522507,14.80225931,11.67569063,11.67569063,188.7321097,0.999048222,-0.030843565,0.030843565,0,3.55E-15,-2.66E-15,189.4530357,0,0,0
0.194,0.057347408,0.050801212,0.795286353,45.00000046,7.29E-07,0.996101727,0.949813573,15.17874856,11.78139326,11.78139326,190.4407435,0.999048222,-0.030843565,0.030843565,0,4.44E-15,-1.78E-15,191.1681962,0,0,0
0.196,0.05936245,0.052723677,0.826013016,45.00000047,7.55E-07,1.018849046,0.972560892,15.5464484,11.50963448,11.50963448,186.0478893,0.999048222,-0.030843565,0.030843565,0,3.55E-15,-1.78E-15,186.758562,0,0,0
0.198,0.061422442,0.054691093,0.857466282,45.00000049,7.81E-07,1.041052165,0.994764011,15.90535149,11.23764703,11.23764703,181.6513386,0.999048222,-0.030843565,0.030843565,0,1.78E-15,-3.55E-15,182.3452172,0,0,0
0.2,0.063526295,0.05670237,0.889628552,45.00000051,8.08E-07,1.062710636,1.016422482,16.25545061,10.96543442,10.96543442,177.2511483,0.999048222,-0.030843565,0.030843565,0,0,-3.55E-15,177.9282189,0,0,0
0.202,0.065672921,0.058756419,0.922482211,45.00000053,8.35E-07,1.08382403,1.037535876,16.59673881,10.69299999,10.69299999,172.8473724,0.999048222,-0.030843565,0.030843565,0,8.88E-16,-4.44E-15,173.5076213,0,0,0
0.204,0.067861228,0.06085215,0.956009629,45.00000055,8.63E-07,1.104391928,1.058103774,16.92920931,10.42035866,10.42035866,168.4402521,0.999048222,-0.030843565,0.030843565,0,2.66E-15,-2.66E-15,169.0836665,0,0,0
0.206,0.070090125,0.062988471,0.990193165,45.00000057,8.91E-07,1.124413906,1.078125752,17.25285527,10.14750395,10.14750395,164.0296826,0.999048222,-0.030843565,0.030843565,0,5.33E-15,0,164.6562494,0,0,0
0.208,0.072358519,0.065164289,1.025015163,45.00000059,9.20E-07,1.143889545,1.097601391,17.56766992,9.874438735,9.874438735,159.6157104,0.999048222,-0.030843565,0.030843565,0,2.66E-15,-2.66E-15,160.2254165,0,0,0
0.209,0.073510643,0.066263762,1.04266003,45.0000006,9.35E-07,1.160337865,1.101318991,17.72169549,16.51006324,3.793592019,155.1302475,0.99904822,-0.030845855,0.030841317,1.23E-05,6.91100093,-5.805470291,155.7912122,0,0,0
0.209710028,0.074338637,0.067046636,1.055281314,45.0000006,9.45E-07,1.171933966,1.103860642,17.82960845,16.38613431,3.642042777,152.9207929,0.999048217,-0.030850279,0.030836975,3.61E-05,6.924426164,-5.821318214,153.5731205,-0.010693349,-0.010522365,0.048788395
0.210412515,0.075165913,0.067822942,1.067843504,45.00000061,9.56E-07,1.183330497,1.106288724,17.93506627,16.27743805,3.517480317,151.0474446,0.999048211,-0.03085697,0.03083041,7.20E-05,6.932879538,-5.831865931,151.692395,-0.018359691,-0.018063586,0.083882521
0.211156181,0.076050375,0.068646578,1.081222272,45.00000062,9.67E-07,1.195311222,1.108766313,18.04528679,16.16857275,3.395549221,149.193747,0.9990482,-0.030866597,0.030820966,1.23E-04,6.940547677,-5.841914019,149.8313301,-0.026002708,-0.025579529,0.117275431
0.211906987,0.076952336,0.069479956,1.094812099,45.00000062,9.79E-07,1.207318431,1.111171905,18.15508492,16.05191326,3.267867589,147.2311277,0.999048182,-0.030878999,0.030808801,1.87E-04,6.947911697,-5.852119432,147.8608368,-0.034156188,-0.033594155,0.152016331
0.212665223,0.077872336,0.070323377,1.108619496,45.00000063,9.90E-07,1.219353052,1.113504713,18.26445938,15.9326832,3.140393884,145.2493942,0.999048154,-0.030894287,0.030793807,2.66E-04,6.954555888,-5.861965735,145.8710749,-0.042451923,-0.041745699,0.186752197
0.21343119,0.078810946,0.071177156,1.122651295,45.00000064,1.00E-06,1.231416006,1.115763854,18.37340797,15.81081942,3.013095823,143.2477798,0.999048112,-0.030912579,0.030775871,3.58E-04,6.960455469,-5.87143633,143.8612716,-0.050894779,-0.050037252,0.2214829
0.214205204,0.079768766,0.072041625,1.136914672,45.00000065,1.01E-06,1.243508206,1.11794835,18.48192754,15.68625612,2.885939336,141.225483,0.999048051,-0.030934002,0.03075487,4.65E-04,6.965584292,-5.880513533,141.8306191,-0.059489043,-0.058472887,0.256208302
0.214987596,0.080746426,0.07291713,1.151417171,45.00000066,1.03E-06,1.255630555,1.120057113,18.59001387,15.55892478,2.758888447,139.1816651,0.999047967,-0.030958688,0.030730676,5.88E-04,6.969914766,-5.889178476,139.7782722,-0.06823913,-0.067055325,0.290928256
0.215778712,0.08174459,0.073804036,1.166166729,45.00000066,1.04E-06,1.267783951,1.122088943,18.69766165,15.42875395,2.631904953,137.1154475,0.999047852,-0.030986779,0.030703152,7.25E-04,6.973417745,-5.897411048,137.7033452,-0.077150332,-0.075789749,0.325642607
0.216578918,0.08276396,0.074702726,1.181171702,45.00000067,1.05E-06,1.279969279,1.124042519,18.80486437,15.29566904,2.504948311,135.0259084,0.999047699,-0.031018426,0.030672152,8.78E-04,6.9760624,-5.905189766,135.6049095,-0.086227947,-0.084680151,0.360351187
0.217388595,0.083805276,0.075613603,1.196440899,45.00000068,1.07E-06,1.292187415,1.125916385,18.91161423,15.15959214,2.377975355,132.91208,0.9990475,-0.031053789,0.030637524,0.00104777,6.977816107,-5.91249168,133.4819896,-0.095476608,-0.093731306,0.395053818
0.218208146,0.084869318,0.076537091,1.211983616,45.00000069,1.08E-06,1.304439225,1.127708947,19.01790203,15.02044205,2.250939822,130.7729444,0.999047244,-0.031093038,0.030599102,0.001233566,6.97864436,-5.91929231,131.3335597,-0.104901465,-0.102946738,0.429750312
0.219037997,0.085956914,0.077473638,1.22780967,45.0000007,1.09E-06,1.316725563,1.129418454,19.1237171,14.87813392,2.123792296,128.6074299,0.999046922,-0.031136356,0.030556711,0.001436322,6.978510593,-5.925565453,129.15854,-0.114509712,-0.11233241,0.464440466
0.219878596,0.08706894,0.078423716,1.243929439,45.00000071,1.11E-06,1.32904727,1.131042993,19.22904713,14.73257981,1.996480833,126.4144207,0.999046519,-0.031183937,0.030510165,0.001656519,6.977375997,-5.931283013,126.9558061,-0.124307628,-0.121893729,0.499124063
0.220730416,0.088206321,0.079387823,1.260353914,45.00000071,1.12E-06,1.341405176,1.132580467,19.33387808,14.58368917,1.868950755,124.1927609,0.999046023,-0.03123599,0.030459265,0.001894672,6.975199396,-5.936414956,124.7241933,-0.134300791,-0.131635637,0.533800872
0.221593959,0.089370044,0.080366489,1.277094738,45.00000072,1.14E-06,1.353800092,1.134028583,19.43819395,14.43136503,1.741140809,121.9411908,0.999045417,-0.031292736,0.030403797,0.002151327,6.971937061,-5.94092907,122.4624323,-0.144496425,-0.141563631,0.568470644
0.222469757,0.090561155,0.081360271,1.294164271,45.00000073,1.15E-06,1.366232815,1.135384829,19.54197663,14.27550579,1.61298474,119.6583743,0.999044684,-0.031354414,0.030343533,0.002427067,6.9675425,-5.944790785,120.1691771,-0.154902515,-0.151683417,0.603133113
0.223358375,0.091780766,0.082369764,1.311575644,45.00000074,1.17E-06,1.37870412,1.136646456,19.64520569,14.11600495,1.484410994,117.342895,0.999043803,-0.031421281,0.03027823,0.002722515,6.961966193,-5.947962923,117.8430008,-0.165527835,-0.162002735,0.637787992
0.224260414,0.093030063,0.083395596,1.329342832,45.00000075,1.18E-06,1.391214763,1.137810451,19.74785816,13.95275091,1.355342,114.9932486,0.999042752,-0.03149361,0.030207625,0.003038335,6.955155355,-5.950405497,115.482388,-0.176379835,-0.172526765,0.672434975
0.225176512,0.094310314,0.084438439,1.347480724,45.00000076,1.20E-06,1.403765476,1.138873512,19.84990822,13.78562671,1.225693312,112.6078352,0.999041507,-0.031571699,0.030131436,0.003375239,6.947053695,-5.952075494,113.0857268,-0.18746661,-0.183263737,0.707073729
0.226107353,0.095622869,0.085499004,1.366005213,45.00000077,1.22E-06,1.416356966,1.139832016,19.95132697,13.6145096,1.095373028,110.1849497,0.999040039,-0.031655865,0.030049361,0.003733988,6.937601049,-5.952926521,110.6513001,-0.1987983,-0.194220248,0.741703896
0.227053667,0.096969178,0.086578055,1.384933292,45.00000078,1.23E-06,1.428989909,1.140681984,20.05208205,13.43927069,0.964280833,107.7227725,0.999038318,-0.031746453,0.029961071,0.0041154,6.926733071,-5.952908498,108.1772748,-0.210385502,-0.205404987,0.77632509
0.228016236,0.098350794,0.087676405,1.404283154,45.00000079,1.25E-06,1.441664953,1.141419038,20.15213725,13.25977454,0.832306947,105.2193574,0.999036309,-0.031843834,0.029866214,0.004520353,6.914380811,-5.951967295,105.661691,-0.222237645,-0.216825606,0.810936891
0.228995899,0.099769385,0.088794926,1.424074323,45.0000008,1.27E-06,1.45438271,1.142038358,20.25145211,13.07587882,0.69933098,102.6726193,0.999033973,-0.031948414,0.029764408,0.004949791,6.900470322,-5.950044311,103.1024486,-0.234366898,-0.228491681,0.845538844
0.229993561,0.101226748,0.089934552,1.444327782,45.00000081,1.29E-06,1.467143755,1.142534624,20.34998136,12.88743368,0.565220627,100.0803194,0.999031267,-0.032060628,0.029655239,0.005404733,6.884922119,-5.947075986,100.497293,-0.246785515,-0.240412492,0.880130454
0.231,0.102709735,0.091084639,1.464857702,45.00000082,1.31E-06,1.479821225,1.142898963,20.44670837,12.69428134,0.429830048,97.44004901,0.999028176,-0.032179717,0.029539457,0.005881361,6.867650639,-5.942993294,97.84379842,-0.259506589,-0.25259848,0.914711181
0.232036453,0.104250195,0.092269353,1.486100472,45.00000083,1.33E-06,1.492720638,1.143188656,20.54438308,12.49824684,0.294364785,94.7761934,0.999024584,-0.032308584,0.029414256,0.006390419,6.848762443,-5.937779593,95.16646934,-0.27241249,-0.26493476,0.948937151
0.233093953,0.105835657,0.093478418,1.507878347,45.00000084,1.35E-06,1.505768556,1.143453691,20.64289438,12.39291895,0.264924966,93.70257797,0.99902046,-0.032446628,0.029280236,0.006928497,6.827642253,-5.931104789,94.08524348,-0.28577808,-0.277679193,0.983495486
0.234173473,0.107468299,0.094712931,1.53021651,45.00000085,1.37E-06,1.518968078,1.143694301,20.74226224,12.28370302,0.236608731,92.60722681,0.999015738,-0.032594429,0.029136853,0.007496855,6.804838938,-5.923424524,92.98199294,-0.29948756,-0.290721672,1.018045115
0.235276054,0.109150458,0.095974068,1.553141902,45.00000086,1.39E-06,1.532322328,1.143910776,20.84250684,12.17042477,0.209456367,91.48913356,0.999010342,-0.032752616,0.028983516,0.008096845,6.780256832,-5.914662049,91.85569967,-0.313556415,-0.304072513,1.052585663
0.236402808,0.110884634,0.097263086,1.576683395,45.00000087,1.41E-06,1.545834447,1.144103461,20.94364858,12.05289932,0.183509265,90.34722217,0.999004189,-0.032921872,0.028819585,0.008729914,6.753793202,-5.904733862,90.70527552,-0.328002754,-0.317744548,1.087116727
0.237554931,0.112673516,0.098581334,1.600871973,45.00000089,1.43E-06,1.559507584,1.144272768,21.04570798,11.93093014,0.15880994,89.18034033,0.998997187,-0.033102937,0.028644368,0.009397615,6.725337492,-5.893548946,89.52955563,-0.342842948,-0.331750304,1.121637877
0.238733704,0.114519993,0.099930261,1.625740942,45.0000009,1.46E-06,1.573344877,1.144419183,21.14870559,11.80430825,0.135401751,87.98725208,0.998989232,-0.033296618,0.028457114,0.010101618,6.694770607,-5.881007998,88.32729107,-0.358097169,-0.346103388,1.156148653
0.239940508,0.116427179,0.101311428,1.651326163,45.00000091,1.48E-06,1.587349442,1.144543271,21.25266189,11.67281141,0.11332869,86.76662949,0.998980206,-0.033503795,0.028257001,0.010843722,6.661964149,-5.86700253,87.09714047,-0.373784274,-0.36081662,1.190648558
0.24117683,0.118398434,0.102726518,1.677666323,45.00000092,1.51E-06,1.601524346,1.144645688,21.35759717,11.53620258,0.092635067,85.51704334,0.998969978,-0.033725427,0.028043139,0.011625869,6.626779302,-5.851413836,85.83766076,-0.389925543,-0.375907554,1.225137058
0.242444276,0.120437392,0.104177348,1.704803233,45.00000094,1.53E-06,1.615872591,1.144727189,21.46353135,11.39422917,0.073365323,84.2369524,0.998958402,-0.033962566,0.027814552,0.012450155,6.589065933,-5.834111774,84.54729647,-0.406546274,-0.391391591,1.25961358
0.243744585,0.12254799,0.105665889,1.732782171,45.00000095,1.56E-06,1.630397077,1.144788636,21.57048377,11.2466216,0.055563809,82.9246915,0.998945311,-0.034216365,0.027570172,0.013318854,6.548661326,-5.814953332,83.22436782,-0.423670673,-0.407284646,1.2940775
0.245079641,0.124734501,0.107194277,1.761652275,45.00000096,1.59E-06,1.645100572,1.144831013,21.67847297,11.09309189,0.039273777,81.5784577,0.998930518,-0.034488091,0.027308829,0.014234432,6.505388861,-5.79378126,81.8670569,-0.441324085,-0.423607447,1.328528143
0.246451495,0.127001575,0.108764837,1.791466993,45.00000098,1.62E-06,1.659985668,1.144855432,21.78751641,10.93333208,0.024536842,80.19629463,0.998913813,-0.034779139,0.027029237,0.015199572,6.459056439,-5.770422247,80.47339214,-0.459536,-0.44037746,1.362964776
0.248,0.129584904,0.110537659,1.825298873,45.00000099,1.65E-06,1.676511478,1.144863062,21.90826035,10.76701298,0.011392314,78.77607436,0.99889302,-0.035122163,0.026700149,0.016317793,6.409454931,-5.744684822,79.04123022,-0.478338082,-0.457615834,1.3973866
0.249456476,0.132037879,0.112205151,1.857289481,45.00000101,1.68E-06,1.691829908,1.144916873,22.02043695,10.57677011,-0.001143072,77.17300926,0.998871488,-0.035458911,0.026377526,0.017396634,6.351064171,-5.71349217,77.42455306,-0.499661759,-0.477074331,1.435095669
0.250957152,0.134588498,0.113923411,1.890421437,45.00000102,1.71E-06,1.707438811,1.145081661,22.13554872,10.45754321,0.075600354,76.86535959,0.998847192,-0.035820268,0.026031807,0.01853486,6.293856118,-5.682067588,77.10869545,-0.519809113,-0.495366364,1.469485122
0.252503515,0.137241157,0.115694308,1.924742425,45.00000104,1.75E-06,1.723370926,1.145333458,22.25366569,10.352489,0.136339856,76.54762094,0.998819801,-0.036208013,0.025661381,0.019735221,6.253744135,-5.670454732,76.78194785,-0.540669661,-0.514208184,1.503868877
0.254097503,0.14000117,0.117520222,1.960311196,45.00000106,1.78E-06,1.739628738,1.145683057,22.37489014,10.2527208,0.189976697,76.21986197,0.998788937,-0.036624184,0.025264403,0.021000902,6.222241593,-5.669748692,76.44448569,-0.562320009,-0.533661233,1.538250729
0.25574173,0.142875177,0.119404351,1.997203006,45.00000107,1.82E-06,1.756215912,1.146146396,22.4993715,10.1454343,0.249362926,75.88221066,0.998754165,-0.037071151,0.024838732,0.02233574,6.187211046,-5.666905629,76.09669187,-0.584801783,-0.553750519,1.572620573
0.257438984,0.145870309,0.12135014,2.035498771,45.00000109,1.86E-06,1.77313473,1.146741691,22.62726726,10.03002141,0.314965298,75.53411331,0.998714989,-0.037551519,0.024382021,0.023743858,6.148355143,-5.661668262,75.73800926,-0.608165783,-0.574502827,1.606978184
0.259192239,0.148994223,0.123361306,2.07528549,45.00000111,1.89E-06,1.790385729,1.147489777,22.75874307,9.905816342,0.387293054,75.17497555,0.998670849,-0.038068155,0.023891694,0.025229688,6.105348594,-5.6537481,75.36784456,-0.632462857,-0.595949401,1.641323371
0.261004665,0.152255137,0.125441861,2.116656689,45.00000113,1.94E-06,1.807967276,1.148414496,22.89397284,9.772089192,0.466901844,74.80415912,0.998621108,-0.038624213,0.023364932,0.026797995,6.057835285,-5.642821406,74.98556624,-0.657749165,-0.618122867,1.67565598
0.262879639,0.155661862,0.127596137,2.159712866,45.00000115,1.98E-06,1.825875047,1.14954314,23.03313868,9.628040535,0.554397401,74.42097831,0.998565041,-0.039223167,0.022798642,0.028453896,6.005425817,-5.628524939,74.59050276,-0.684081353,-0.641054511,1.709975906
0.264820749,0.15922383,0.129828819,2.204561944,45.00000117,2.03E-06,1.844101418,1.15090696,23.17643072,9.472794449,0.650439879,74.02469628,0.998501823,-0.03986884,0.022189435,0.030202884,5.947694447,-5.610450914,74.18194077,-0.711522631,-0.664775972,1.744283104
0.266831809,0.162951125,0.132144967,2.251319711,45.00000119,2.07E-06,1.862634737,1.152541746,23.32404666,9.305392059,0.755747642,73.61452108,0.998430514,-0.040565445,0.021533601,0.032050855,5.884176323,-5.58814171,73.75912371,-0.740138,-0.689316577,1.778577601
0.268916857,0.166854502,0.134550054,2.300110227,45.00000121,2.12E-06,1.881458458,1.154488483,23.47619114,9.124784268,0.871102178,73.18960157,0.998350042,-0.041317619,0.020827076,0.034004118,5.81436448,-5.561083508,73.32125068,-0.769998033,-0.714708057,1.812859512
0.271080159,0.170945398,0.137050002,2.351066197,45.00000123,2.17E-06,1.90055013,1.156794099,23.63307475,8.92982401,0.997351214,72.74902318,0.998259185,-0.042130463,0.020065417,0.036069426,5.737706789,-5.528700004,72.86747585,-0.801171377,-0.740980711,1.847129054
0.273326211,0.175235937,0.139651211,2.404329267,45.00000126,2.23E-06,1.919880217,1.159512295,23.79491262,8.71925948,1.135412258,72.29180344,0.998156544,-0.043009586,0.019243776,0.038253977,5.653603516,-5.490345272,72.39690855,-0.833737618,-0.768162764,1.881386566
0.27565973,0.179738911,0.142360604,2.460050217,45.00000128,2.29E-06,1.939410718,1.162704475,23.96192265,8.491727675,1.286275935,71.81688748,0.998040525,-0.04396114,0.018356875,0.040565436,5.561405288,-5.445295917,71.90861419,-0.867770284,-0.796273431,1.915632527
0.278085639,0.18446775,0.145185663,2.518389028,45.00000131,2.35E-06,1.959093591,1.16644076,24.13432303,8.245748239,1.451005659,71.32314357,0.997909306,-0.044991863,0.017398973,0.043011927,5.460411521,-5.392743953,71.40161629,-0.903345138,-0.825340025,1.949867575
0.280609052,0.189436456,0.148134473,2.579514765,45.00000133,2.41E-06,1.978868952,1.170801104,24.31232927,7.979717535,1.630737927,70.80935882,0.997760807,-0.04610912,0.016363862,0.045602031,5.349869359,-5.331788492,70.87489982,-0.940543546,-0.855374832,1.984092533
0.283235241,0.19465951,0.151215759,2.643605234,45.00000136,2.48E-06,1.998663054,1.175876471,24.49615041,7.69190788,1.826681301,70.2742346,0.997592656,-0.047320929,0.015244851,0.048344764,5.22897543,-5.261427299,70.32741612,-0.979442676,-0.886380976,2.018308421
0.285969599,0.200151745,0.15443894,2.710846378,45.00000139,2.55E-06,2.01838605,1.181770071,24.68598449,7.380467426,2.040107673,69.71638265,0.997402151,-0.04863598,0.01403477,0.051249544,5.096878446,-5.180550842,69.75808965,-1.020108573,-0.918359534,2.05251648
0.288817588,0.205928163,0.157814161,2.781431342,45.00000142,2.62E-06,2.037929569,1.188598612,24.88201311,7.043424605,2.272343422,69.13432128,0.997186216,-0.050063661,0.012725988,0.05432614,4.952684599,-5.087935785,69.16582667,-1.062613138,-0.951284951,2.086718183
0.292,0.212446807,0.161610048,2.860962028,45.00000145,2.70E-06,2.058514108,1.197098347,25.09900887,6.67869866,2.524756584,68.5264719,0.996922778,-0.051729055,0.011205667,0.057823122,4.795466543,-4.982239848,68.54952625,-1.107017077,-0.98513128,2.120915247
0.29510063,0.218858892,0.165335892,2.939110389,45.00000149,2.78E-06,2.077254497,1.206356654,25.30887302,6.254906096,2.819041106,67.84496072,0.996642556,-0.053422756,0.009666445,0.061287717,4.611564553,-4.852870968,67.86156978,-1.156726926,-1.022333934,2.157537271
0.298330782,0.225598361,0.169249694,3.021213576,45.00000152,2.87E-06,2.095346542,1.217132563,25.52643756,5.830183857,3.155099486,67.52324573,0.996324733,-0.055261675,0.008003049,0.064954793,4.424276134,-4.715198614,67.53907826,-1.205172961,-1.057872578,2.191733204
0.301693953,0.232674794,0.173363759,3.107442623,45.00000156,2.96E-06,2.112543925,1.229648493,25.75179202,5.368552772,3.519333188,67.18466817,0.995964441,-0.057256736,0.006207484,0.068832876,4.221233419,-4.559804701,67.20398851,-1.255571957,-1.094058967,2.225938327
0.305200487,0.240110946,0.177700871,3.198152249,45.0000016,3.05E-06,2.1284053,1.244375745,25.98546096,4.830866966,3.950426118,66.82726017,0.995555441,-0.059423179,0.004268252,0.072938541,3.970491136,-4.343335774,66.85952795,-1.30782602,-1.13069931,2.260143588
0.308860636,0.247927968,0.18228648,3.293707094,45.00000164,3.15E-06,2.142611972,1.261646565,26.22793368,4.212613718,4.451596951,66.44787272,0.99509064,-0.061776633,0.002173998,0.07728867,3.671165894,-4.061751464,66.50494218,-1.361476065,-1.167292691,2.294304198
0.312676493,0.256127969,0.187138435,3.394268921,45.00000168,3.26E-06,2.154788925,1.281765578,26.47913066,3.546896594,4.987718945,66.044102,0.994563131,-0.064327852,-8.18E-05,0.08189078,3.353929011,-3.754180538,66.1357582,-1.416335769,-1.203551601,2.328484922
0.316648791,0.264707775,0.192275438,3.499968376,45.00000173,3.37E-06,2.164524959,1.305049914,26.73885995,2.83194436,5.559230841,65.61376261,0.993965535,-0.067086285,-0.002503781,0.086750659,3.018952092,-3.419176031,65.75169932,-1.472075234,-1.239083805,2.36269042
0.320776803,0.273658265,0.19771705,3.610900478,45.00000178,3.48E-06,2.171378026,1.331822968,27.00681114,2.066570928,6.165964131,65.15454042,0.993290096,-0.070059581,-0.005094626,0.091872118,2.666785386,-3.055540435,65.35255079,-1.528262862,-1.273392836,2.39692503
0.325058331,0.282963908,0.203483731,3.727122,45.00000183,3.60E-06,2.174882864,1.362406956,27.2825554,1.250330383,6.807028917,64.66401944,0.992528795,-0.073253067,-0.007854171,0.097256829,2.298412065,-2.662414203,64.93814928,-1.584366515,-1.305942221,2.431192505
0.329489783,0.292602579,0.209596923,3.848651277,45.00000188,3.72E-06,2.174560707,1.397114713,27.56555235,0.383664743,7.480710086,64.13972127,0.991673503,-0.076669291,-0.010779147,0.10290429,1.915288392,-2.239366286,64.50836361,-1.639726045,-1.336091737,2.465495765
0.334066355,0.302545696,0.216079178,3.975470771,45.00000194,3.85E-06,2.169930474,1.436241314,27.85516376,-0.531960782,8.1843937,63.57915803,0.990716142,-0.080307628,-0.013862757,0.108811927,1.519367101,-1.786475991,64.06306772,-1.693583339,-1.363136201,2.499836702
0.338782306,0.312758656,0.222954342,4.107532352,45.00000201,3.98E-06,2.160520636,1.480056133,28.15067348,-1.493960686,8.914528995,62.97989988,0.989648866,-0.084163982,-0.017094375,0.114975336,1.113091317,-1.304399706,63.6021077,-1.745047297,-1.386291274,2.534216026
0.343631296,0.323201546,0.230247784,4.244764929,45.00000207,4.11E-06,2.145880776,1.528795915,28.45131166,-2.498579936,9.666623707,62.3396582,0.988464251,-0.088230608,-0.020459269,0.121388642,0.699351324,-0.794420746,63.12526676,-1.793121772,-1.404709106,2.568633219
0.348606765,0.333830051,0.237986652,4.387083733,45.00000214,4.25E-06,2.125591767,1.582659157,28.75628138,-3.540909529,10.43527178,61.65638387,0.987155478,-0.092496021,-0.023938324,0.128044935,0.28138469,-0.258479594,62.63223307,-1.836697717,-1.417437377,2.603086566
0.353702313,0.344596426,0.246200159,4.534400409,45.00000221,4.38E-06,2.099271176,1.641802934,29.06478485,-4.615059747,11.21417368,60.92838031,0.98571654,-0.096944942,-0.027507499,0.13493672,-0.137478181,0.300811162,62.12257727,-1.874541579,-1.423399604,2.637573288
0.358912416,0.355451187,0.254920498,4.68664371,45.00000229,4.52E-06,2.066565657,1.706344899,29.37606853,-5.715548443,11.99674601,60.1542643,0.984142448,-0.101557831,-0.031136877,0.142056831,-0.555110405,0.881066464,61.59578311,-1.905218029,-1.421190266,2.672088811
0.3642321,0.366342465,0.264182134,4.843750586,45.00000238,4.66E-06,2.027120854,1.77636309,29.6894004,-6.83914484,12.77483821,59.33302774,0.982429927,-0.106307346,-0.034790291,0.149398199,-0.972804599,1.479506444,61.05115303,-1.926455127,-1.40904155,2.706629127
0.37,0.377894751,0.274657914,5.015963152,45.00000247,4.81E-06,1.977382083,1.856865561,30.02378815,-7.99256811,13.54617657,58.4622126,0.980456797,-0.111464564,-0.038658024,0.157434677,-1.400447648,2.103114845,60.48823027,-1.934818704,-1.386485675,2.741190342
0.375534157,0.388689806,0.285158271,5.182995851,45.00000256,4.94E-06,1.922716941,1.938632156,30.33978226,-9.2559963,14.36521916,57.4788241,0.978454461,-0.116384909,-0.042249755,0.165216155,-1.871065929,2.810934327,59.87024277,-1.92840393,-1.353268439,2.777930314
0.381167045,0.399346964,0.296323556,5.354791909,45.00000266,5.08E-06,1.860000282,2.026450737,30.65696332,-10.50036783,15.18210475,56.71297317,0.976311925,-0.121332719,-0.04575922,0.173203607,-2.323819581,3.525218326,59.49191587,-1.908699278,-1.314138337,2.812524094
0.386893969,0.409799081,0.308195597,5.531274031,45.00000277,5.21E-06,1.78895036,2.120356782,30.97465257,-11.76674903,15.99488177,55.89924556,0.974031769,-0.126269649,-0.049149688,0.18139018,-2.77922299,4.283568137,59.10114418,-1.875929284,-1.267440257,2.84713808
0.392711734,0.41997882,0.320819995,5.712403756,45.00000289,5.34E-06,1.709351871,2.22034436,31.29228246,-13.04299914,16.79466245,55.04212572,0.971617514,-0.131157356,-0.052384194,0.189771047,-3.229952321,5.080155881,58.69902504,-1.829962595,-1.213298235,2.88176685
0.398618541,0.42981852,0.334246094,5.898180481,45.00000301,5.47E-06,1.621060638,2.32636422,31.60939732,-14.31596327,17.57206161,54.14759481,0.969073532,-0.135957358,-0.055425563,0.19834337,-3.668275745,5.907295947,58.28665185,-1.770636903,-1.151917008,2.916405588
0.403836384,0.43806005,0.346636933,6.063834133,45.00000312,5.57E-06,1.53697854,2.423592393,31.88494849,-15.57149347,18.31754439,53.22308247,0.966755582,-0.140037021,-0.057888646,0.205966459,-4.086060555,6.755671383,57.86506167,-1.697811267,-1.083592646,2.951050286
0.408421893,0.44492955,0.357951381,6.210591147,45.00000322,5.66E-06,1.458498548,2.511674995,32.12352389,-16.65333366,18.94604607,52.39371002,0.964669101,-0.143481103,-0.059866295,0.212703376,-4.434595104,7.521819926,57.49037853,-1.623193434,-1.018726622,2.981216781
0.412579421,0.450839137,0.368563259,6.344590168,45.00000331,5.73E-06,1.38378896,2.593528488,32.33694355,-17.56960081,19.46582617,51.66294622,0.962741288,-0.146477871,-0.061498778,0.218840916,-4.717340132,8.194045175,57.16006997,-1.549769604,-0.958529976,3.007367839
0.416422715,0.456020079,0.378678904,6.469245752,45.00000341,5.80E-06,1.311857807,2.670762646,32.53181104,-18.36359804,19.90497016,51.00469637,0.960931638,-0.149133132,-0.06286533,0.224538743,-4.949951347,8.793086234,56.86025183,-1.477084551,-0.901661484,3.030797382
0.420023933,0.460619395,0.388429141,6.586725543,45.00000349,5.86E-06,1.242080792,2.744398293,32.71232189,-19.06250738,20.28193018,50.40317593,0.959214309,-0.151514323,-0.064016495,0.229898254,-5.143024676,9.33410782,56.58303413,-1.404915986,-0.847392847,3.052226277
0.423432517,0.464737693,0.397903935,6.698516811,45.00000358,5.91E-06,1.174031285,2.815136057,32.881353,-19.68370371,20.6085584,49.8483107,0.957571454,-0.153667729,-0.064986913,0.234989023,-5.303423137,9.826781258,56.32337902,-1.333113961,-0.795233971,3.072110475
0.426682494,0.468445491,0.407163848,6.805640134,45.00000366,5.96E-06,1.107436608,2.883447466,33.0409011,-20.23913767,20.89305306,49.33315582,0.955990883,-0.155625731,-0.065801124,0.239858864,-5.435927663,10.2777558,56.07781245,-1.261585997,-0.744858772,3.090761329
0.429799582,0.471795988,0.416254873,6.908868128,45.00000374,6.00E-06,1.042092189,2.949689331,33.19247704,-20.73719685,21.14124732,48.85291758,0.954463294,-0.157412797,-0.06647765,0.24454397,-5.543991361,10.69162083,55.84393102,-1.190278738,-0.696055505,3.108393883
0.432804938,0.474831561,0.425216483,7.008841293,45.00000382,6.04E-06,0.977815706,3.014164155,33.33731272,-21.18423994,21.35759109,48.40393963,0.952980797,-0.159048553,-0.067031055,0.249074277,-5.630276961,11.0718564,55.61990711,-1.119157232,-0.648638315,3.125170226
0.435713802,0.477584055,0.434075667,7.106017446,45.0000039,6.07E-06,0.914497466,3.077078543,33.47631208,-21.58537193,21.54564769,47.98318993,0.951537831,-0.160547635,-0.067472517,0.253471245,-5.696921372,11.42130747,55.40422867,-1.048175341,-0.602472494,3.141222261
0.438538923,0.480079613,0.44285561,7.200781519,45.00000398,6.11E-06,0.852042853,3.138607748,33.61022878,-21.94442006,21.7081607,47.58846743,0.950129641,-0.161922088,-0.067811144,0.257752889,-5.745614288,11.74203683,55.19580176,-0.977317511,-0.557451425,3.156646143
0.441291164,0.482339948,0.451576714,7.293463358,45.00000406,6.13E-06,0.790368438,3.198903298,33.73970195,-22.26454161,21.84740261,47.21791192,0.948752079,-0.163181939,-0.068054417,0.261934617,-5.777770368,12.03576062,54.99370742,-0.906571626,-0.513500067,3.171521833
0.44397955,0.484382971,0.460256099,7.384337668,45.00000414,6.16E-06,0.729407903,3.258090072,33.8652642,-22.54836513,21.96527817,46.86992919,0.947401657,-0.164335447,-0.068208502,0.26602925,-5.794584796,12.30392053,54.79716055,-0.835918813,-0.470543168,3.185916989
0.446612055,0.486223886,0.468909583,7.473649044,45.00000422,6.18E-06,0.66909977,3.316280462,33.98738271,-22.79806216,22.06338114,46.54318303,0.946075206,-0.16538963,-0.068278542,0.270048172,-5.797077801,12.54770056,54.60550716,-0.765354914,-0.428526165,3.199887789
0.449194783,0.487875012,0.477548563,7.561583124,45.00000429,6.20E-06,0.60941029,3.373553979,34.10642479,-23.01547504,22.14307372,46.23649391,0.944770336,-0.1663501,-0.068268818,0.274000045,-5.786130027,12.76811425,54.41816913,-0.694852328,-0.387400256,3.213483431
0.45173316,0.489346993,0.486183509,7.648305793,45.00000437,6.22E-06,0.550301099,3.42998926,34.22271109,-23.20209205,22.20550076,45.94892852,0.943484869,-0.167221691,-0.068182978,0.277892587,-5.762512984,12.96594951,54.23470263,-0.624421431,-0.347116501,3.226742245
0.454229742,0.490647882,0.494816183,7.733887686,45.00000445,6.24E-06,0.491774937,3.485621086,34.33641397,-23.36899661,22.26035332,45.674217,0.942217985,-0.168007821,-0.068024293,0.281729189,-5.730548568,13.15558604,54.05422093,-0.554033394,-0.307649109,3.239692541
0.456689289,0.491786187,0.503456724,7.818476812,45.00000453,6.25E-06,0.433800192,3.540515728,34.44781316,-23.51169183,22.30361811,45.41482729,0.940967666,-0.168712307,-0.067795549,0.285516677,-5.688591738,13.32989803,53.87681611,-0.483686644,-0.26899462,3.252337788
0.459115761,0.492769145,0.512113448,7.902196239,45.00000461,6.27E-06,0.376358708,3.594724015,34.55714638,-23.62666232,22.33206792,45.17253073,0.93973221,-0.169338347,-0.067499142,0.289260718,-5.635491664,13.48311336,53.70237286,-0.41338256,-0.23113315,3.264709047
0.461512564,0.49360302,0.520793482,7.985151797,45.00000468,6.28E-06,0.319439697,3.648287614,34.66462046,-23.71478692,22.34641141,44.94668589,0.938510127,-0.169888668,-0.067137158,0.292966184,-5.571788199,13.61570539,53.53060374,-0.343130023,-0.194035943,3.276833433
0.463884148,0.494293693,0.529508539,8.067487474,45.00000476,6.29E-06,0.26300263,3.701274288,34.77048385,-23.7768246,22.34727889,44.73671845,0.937299322,-0.170365913,-0.066711143,0.296639614,-5.497981542,13.72807831,53.36126221,-0.272931529,-0.157692713,3.288734288
0.4662337,0.494845885,0.538266505,8.149305309,45.00000484,6.29E-06,0.207033038,3.753725737,34.87492355,-23.81345724,22.33522968,44.54198302,0.936098287,-0.170772104,-0.066222481,0.300285645,-5.41448503,13.82063968,53.19402929,-0.20278248,-0.122076913,3.300439271
0.468564339,0.495263702,0.547075652,8.230706527,45.00000492,6.30E-06,0.15151499,3.80568389,34.97811966,-23.82523221,22.31075147,44.36196893,0.934905493,-0.171108974,-0.065672265,0.303908854,-5.321701592,13.89368694,53.02867681,-0.13267075,-0.087178823,3.311968999
0.47087865,0.495550612,0.555942797,8.311774975,45.000005,6.30E-06,0.096442967,3.857180082,35.08022507,-23.81260893,22.27427336,44.19618908,0.933719637,-0.171377928,-0.065061443,0.307513014,-5.219995707,13.94747242,52.8649826,-0.062606645,-0.052986004,3.32334313
0.473180146,0.495709653,0.564878898,8.39262851,45.00000508,6.30E-06,0.041787531,3.908267406,35.18143072,-23.77597108,22.226182,44.04420941,0.93253889,-0.171580221,-0.064390445,0.311103387,-5.10971949,13.98219776,52.70276332,0.007400029,-0.01949217,3.33457816
0.475,0.495746463,0.57202805,8.456726216,45.00000514,6.31E-06,-0.001314828,3.948558739,35.26123946,-23.71560588,22.16679378,43.90555258,0.931604152,-0.171693943,-0.063815149,0.313946684,-4.991146243,13.9980349,52.54177133,0.077370597,0.013318634,3.345694623
0.477285916,0.495681725,0.581111858,8.53744489,45.00000523,6.30E-06,-0.055296801,3.999054007,35.36136501,-23.65093303,22.11178445,43.80469103,0.930428556,-0.171778753,-0.063036759,0.31752343,-4.891290428,13.99723147,52.41470586,0.132887965,0.038877229,3.354446402
0.479567015,0.495494333,0.590291459,8.618221629,45.00000531,6.30E-06,-0.108965449,4.049325803,35.46128136,-23.5751755,22.06585438,43.79945352,0.929253645,-0.171798786,-0.062198451,0.321098417,-4.758428103,13.97931699,52.37383905,0.202788287,0.070476528,3.36539389
0.481846211,0.495185105,0.599577776,8.69915863,45.00000539,6.30E-06,-0.16233641,4.099414387,35.56114323,-23.4759623,22.00917989,43.8062156,0.928077719,-0.171754243,-0.061299834,0.324676081,-4.617982204,13.94276546,52.33338192,0.272642817,0.101401196,3.37627201
0.484126522,0.494754333,0.608982695,8.780363039,45.00000548,6.29E-06,-0.215426734,4.14936217,35.66110953,-23.35325737,21.9419318,43.82477207,0.926898974,-0.171645066,-0.06034023,0.328261054,-4.470143758,13.88755163,52.29328228,0.342453254,0.131661921,3.387099559
0.486410618,0.494201884,0.618517198,8.861930886,45.00000556,6.29E-06,-0.268243818,4.199203567,35.76132379,-23.20693646,21.86423747,43.85493514,0.925715731,-0.171470957,-0.059318883,0.331857448,-4.315074754,13.81359535,52.25348629,0.412218521,0.161247393,3.397895237
0.488702097,0.493526892,0.628196673,8.943992497,45.00000565,6.28E-06,-0.320814156,4.248992453,35.86197023,-23.03682062,21.77619622,43.89652597,0.924525776,-0.171231284,-0.058234384,0.335470854,-4.152944928,13.72077691,52.21394591,0.481933069,0.190156844,3.408675607
0.491003529,0.492728254,0.638032754,9.026642814,45.00000574,6.27E-06,-0.373137652,4.298759349,35.96318833,-22.84257814,21.67783573,43.94939532,0.923327362,-0.170925234,-0.057085566,0.339105272,-3.983841671,13.60888542,52.1745966,0.551603589,0.218388648,3.419461165
0.493318847,0.491803894,0.648043457,9.110027065,45.00000583,6.25E-06,-0.425241566,4.348562959,36.06517811,-22.62387802,21.56918823,44.01338297,0.922117965,-0.170551554,-0.055870353,0.342766875,-3.807916211,13.47770173,52.13539055,0.621212159,0.245923438,3.4302672
0.495651469,0.490751318,0.658245252,9.194273516,45.00000592,6.24E-06,-0.477136599,4.398449019,36.1681178,-22.38017774,21.45019061,44.08837209,0.920895249,-0.170108732,-0.054586659,0.346461045,-3.625206543,13.32687702,52.09625526,0.690769303,0.27277237,3.441115094
0.49800553,0.489567112,0.66865842,9.279537974,45.00000601,6.23E-06,-0.528843672,4.44847643,36.27221853,-22.11088608,21.32076538,44.17424102,0.919656414,-0.169594798,-0.053231751,0.350194324,-3.435782969,13.1560256,52.05712512,0.760265327,0.29890985,3.452023528
0.500385398,0.488247055,0.679305047,9.365986523,45.00000611,6.21E-06,-0.580378378,4.498703351,36.37770502,-21.81523477,21.18075931,44.2708974,0.918398428,-0.169007355,-0.051802474,0.353973649,-3.239656903,12.96464565,52.01791975,0.829698564,0.324320639,3.463014301
0.502798889,0.486784129,0.690223657,9.453913193,45.00000621,6.19E-06,-0.631751039,4.54919386,36.48499512,-21.48433191,21.02278688,44.38258974,0.917116266,-0.168342754,-0.050293228,0.35781149,-3.03578079,12.74061712,51.97892908,0.89904987,0.34898561,3.474112478
0.505263697,0.485163374,0.701499557,9.543977113,45.00000631,6.17E-06,-0.683187019,4.600232411,36.5949372,-21.08300812,20.81603536,44.52740777,0.915799349,-0.167593748,-0.048691384,0.361736144,-2.82022258,12.43432915,51.94154797,0.968139762,0.372911212,3.485408977
0.50778875,0.483372953,0.713180803,9.636523901,45.00000641,6.15E-06,-0.734741299,4.651946566,36.70797455,-20.64933299,20.59640569,44.68331804,0.914441437,-0.166754367,-0.046988859,0.365762062,-2.597785886,12.1032617,51.90345225,1.037117696,0.396183268,3.497016521
0.510384967,0.481397954,0.725326617,9.731977125,45.00000652,6.12E-06,-0.786483257,4.704493313,36.8246468,-20.18086203,20.36309314,44.85050003,0.913034892,-0.16581713,-0.045175588,0.369906923,-2.368116571,11.74572601,51.86443918,1.105985289,0.418761164,3.508974921
0.513064855,0.479220266,0.73800605,9.830824977,45.00000664,6.09E-06,-0.838480449,4.758047448,36.94557414,-19.6745504,20.11506636,45.02921691,0.91157078,-0.164772979,-0.043239637,0.37419101,-2.130737877,11.35960936,51.82425527,1.174714734,0.440616532,3.521334445
0.515844587,0.476816377,0.751308478,9.933698714,45.00000676,6.06E-06,-0.890828212,4.81283861,37.07155378,-19.1267767,19.85110201,45.21976546,0.910037598,-0.163610209,-0.041165556,0.37864055,-1.88510958,10.94240381,51.78259541,1.243295109,0.461706245,3.534153966
0.518745044,0.474155509,0.765349809,10.04141455,45.00000688,6.03E-06,-0.943651318,4.869164213,37.20361209,-18.53286455,19.56957643,45.422587,0.908420451,-0.162313606,-0.03893327,0.383289419,-1.630474243,10.4908529,51.73906029,1.311675482,0.481955455,3.54751095
0.52179399,0.471196313,0.780284687,10.15505883,45.00000702,5.99E-06,-0.997117016,4.92742049,37.34311006,-17.88675204,19.2683578,45.63828965,0.90669948,-0.160862836,-0.036515987,0.388182669,-1.365812427,10.00072349,51.6931241,1.379794699,0.501293051,3.561506701
0.525030436,0.467880565,0.796330629,10.27615846,45.00000716,5.95E-06,-1.051468874,4.988168207,37.49195411,-17.1803621,18.94457509,45.86772512,0.9048468,-0.159229421,-0.033876081,0.393383618,-1.089725383,9.466359211,51.64407533,1.447602964,0.519615227,3.576277098
0.528510274,0.464124047,0.813800453,10.40690408,45.00000732,5.90E-06,-1.10704844,5.052208229,37.65287241,-16.40238056,18.5941603,46.11216587,0.902822231,-0.157372428,-0.030959556,0.398983011,-0.800174356,8.879808562,51.59090469,1.515001689,0.536782416,3.59201422
0.532318502,0.459797839,0.83317145,10.55063178,45.00000749,5.85E-06,-1.164362389,5.120754452,37.83001016,-15.53660478,18.21126904,46.37344683,0.900564274,-0.155229602,-0.027684393,0.405118914,-0.494221815,8.22966702,51.53213856,1.581828396,0.552590457,3.608994393
0.536600371,0.454682169,0.855259437,10.71304354,45.00000769,5.78E-06,-1.22428737,5.195887872,38.0304362,-14.55848922,17.78702941,46.65433059,0.897967623,-0.152695543,-0.023911282,0.412027267,-0.167413086,7.498635881,51.46549348,1.647812213,0.566712453,3.627638924
0.541638399,0.448349528,0.881653701,10.90523937,45.00000793,5.70E-06,-1.288502743,5.281650803,38.26788381,-13.42648072,17.30635547,46.95958709,0.8948263,-0.149566954,-0.019370997,0.42016709,0.187930822,6.65736665,51.38703431,1.712441369,0.578601559,3.648668408
0.548122751,0.439753391,0.916248636,11.15437899,45.00000824,5.59E-06,-1.36091043,5.387854537,38.57588566,-12.06057597,16.74020198,47.29829758,0.890631744,-0.145351873,-0.013411187,0.430660039,0.586643685,5.649296506,51.28900571,1.774568536,0.587224835,3.673484805
0.555182372,0.429906022,0.954677949,11.42790158,45.00000859,5.47E-06,-1.426624824,5.498396516,38.91381997,-10.2679024,16.01899721,47.69116824,0.885850831,-0.140594887,-0.006844067,0.442102412,1.064073588,4.338156203,51.15206513,1.830692939,0.589980294,3.705511564
0.562313595,0.419535976,0.994272142,11.70662829,45.00000894,5.34E-06,-1.479443999,5.605292144,39.25729192,-8.36343415,15.31756718,48.02843712,0.880774102,-0.135696395,-2.09E-04,0.453677668,1.545751862,3.004834784,50.98908987,1.860154716,0.582818872,3.740288759
0.569526661,0.408714284,1.035079476,11.99105183,45.00000931,5.20E-06,-1.518747319,5.708781035,39.60636975,-6.441519282,14.66720652,48.28966929,0.875368095,-0.130732863,0.006418003,0.46540136,2.004701049,1.684784604,50.8099887,1.857972346,0.565685935,3.774986922
0.57680688,0.397557375,1.077006975,12.28068127,45.00000969,5.06E-06,-1.543802484,5.808670931,39.95992218,-4.451061398,14.03091065,48.49003157,0.869619466,-0.125805527,0.012930018,0.477250216,2.440834264,0.298665589,50.61536022,1.822292815,0.538392193,3.809724927
0.582658408,0.388491232,1.111223576,12.51534075,45.00000999,4.94E-06,-1.553373774,5.885806396,40.2446512,-2.434888818,13.41633113,48.62548822,0.864777363,-0.121967134,0.017977499,0.486786339,2.835183285,-1.130380346,50.40881575,1.75216924,0.502435253,3.844482937
0.587173163,0.381473617,1.137927409,12.69753173,45.00001023,4.85E-06,-1.55447722,5.943526165,40.46450023,-0.843422216,12.95315259,48.68513744,0.860902896,-0.119111239,0.021729399,0.494152354,3.110768554,-2.275181903,50.23828019,1.671943314,0.468634428,3.872220535
0.591040286,0.375467344,1.161005443,12.85437707,45.00001044,4.78E-06,-1.551214987,5.991809645,40.65283411,0.348059669,12.62005699,48.70212104,0.857486737,-0.116754767,0.02482933,0.500468105,3.294741946,-3.141528651,50.10547925,1.596241509,0.440235369,3.89350398
0.59450426,0.370103684,1.181834591,12.9954896,45.00001063,4.71E-06,-1.545119963,6.034217487,40.82149416,1.332876797,12.35438325,48.697653,0.854349563,-0.114724566,0.027507782,0.506130832,3.430922748,-3.863457715,49.99171149,1.522333105,0.414647488,3.91165309
0.597685487,0.365200609,1.201091881,13.12559832,45.0000108,4.64E-06,-1.536991,6.072514471,40.97631479,2.18023693,12.13346892,48.67973094,0.851403783,-0.11293439,0.029879413,0.511336135,3.53536109,-4.488819485,49.89030394,1.449397073,0.390970833,3.927846202
0.600657219,0.360646986,1.219190268,13.2475837,45.00001096,4.59E-06,-1.52731341,6.107776578,41.12084761,2.92457301,11.94589119,48.65254716,0.848595762,-0.111331777,0.032013886,0.51620304,3.616249723,-5.041354492,49.79794445,1.377105938,0.368749077,3.94266403
0.603470845,0.356364576,1.236421824,13.36347477,45.00001112,4.53E-06,-1.516481665,6.140825702,41.25757072,3.575075778,11.79492294,48.6165521,0.845886947,-0.109880429,0.033959126,0.520815075,3.682394163,-5.520262702,49.71355133,1.30526793,0.347709278,3.956455139
0.60617263,0.352283007,1.253055617,13.47512106,45.00001127,4.48E-06,-1.504684793,6.172325387,41.38872548,4.118819504,11.69945514,48.56887239,0.843239868,-0.108549982,0.035754989,0.525247567,3.746690491,-5.900394086,49.63793862,1.234001565,0.327511879,3.9694022
0.608782194,0.348372636,1.269202184,13.58329273,45.00001141,4.43E-06,-1.492077009,6.202562083,41.51526662,4.608338416,11.6202539,48.51780206,0.840640451,-0.107325981,0.037420248,0.529532332,3.798886519,-6.242901317,49.56650931,1.162956009,0.307904104,3.981715577
0.611315083,0.344609999,1.284949593,13.68860169,45.00001156,4.38E-06,-1.478780178,6.231762423,41.63795102,5.04900996,11.55538879,48.46412217,0.838077332,-0.106197165,0.038969542,0.533694596,3.840448999,-6.551297331,49.49870811,1.092077654,0.288824584,3.993510801
0.613782743,0.340977818,1.300362445,13.79149733,45.00001169,4.34E-06,-1.464899973,6.260096721,41.75733661,5.445000956,11.50332666,48.40844189,0.835542296,-0.105155085,0.040413827,0.53775292,3.872541176,-6.828301131,49.43409284,1.021330538,0.270225936,4.004877577
0.616195402,0.337460707,1.315499254,13.89238422,45.00001183,4.29E-06,-1.450521074,6.287714633,41.87392189,5.799428388,11.46284044,48.35127298,0.833027619,-0.104192569,0.041762444,0.541723908,3.896097107,-7.075935255,49.37233281,0.950723715,0.252097797,4.015882139
0.618561708,0.334045718,1.330409898,13.99160587,45.00001196,4.25E-06,-1.435715527,6.3147426,41.98812843,6.114914262,11.43289105,48.29301423,0.830526587,-0.103303754,0.043023035,0.54562161,3.911906201,-7.295904147,49.31313385,0.880224069,0.23439743,4.026581713
0.620889212,0.330721628,1.34513839,14.08946403,45.0000121,4.21E-06,-1.420545076,6.3412906,42.10032423,6.393571574,11.41259692,48.23399142,0.828033115,-0.102483768,0.044201994,0.549458298,3.920631334,-7.489578958,49.25624743,0.809818013,0.217106632,4.037023857
0.62318385,0.327479656,1.359719363,14.18619578,45.00001223,4.16E-06,-1.405068755,6.367447122,42.21079875,6.637128497,11.40120384,48.17446797,0.825542419,-0.101728808,0.045304325,0.553243601,3.922843189,-7.658077261,49.20145772,0.739493314,0.200220097,4.047249309
0.62545102,0.324311882,1.374184744,14.28201844,45.00001236,4.12E-06,-1.38933911,6.393292193,42.31981515,6.8469215,11.39806007,48.11467682,0.823049945,-0.101035625,0.046334305,0.556986286,3.919039121,-7.802255908,49.14859273,0.669244966,0.183722096,4.057290203
0.627696402,0.32121012,1.388568882,14.37716369,45.00001249,4.09E-06,-1.373398508,6.418907138,42.42764948,7.024059003,11.40258036,48.05480786,0.820550507,-0.10040126,0.047295894,0.560695596,3.909656937,-7.922824852,49.0974972,0.599078036,0.167580409,4.067175203
0.629924066,0.318168539,1.402896387,14.47179728,45.00001262,4.05E-06,-1.357294293,6.444353437,42.53449983,7.169493535,11.41424056,47.994995,0.818040418,-0.099823572,0.048191961,0.564378121,3.895081183,-8.020393386,49.04801426,0.528976406,0.151801774,4.076933286
0.632139507,0.315179483,1.417201549,14.56614756,45.00001275,4.01E-06,-1.341058679,6.469707708,42.64063206,7.28390575,11.43256652,47.93537223,0.815514125,-0.099300351,0.049025581,0.568042819,3.875667292,-8.09538874,49.0000271,0.458958906,0.136376441,4.086585701
0.634346619,0.312237613,1.431508846,14.66037676,45.00001287,3.97E-06,-1.324731895,6.495027401,42.74623455,7.36790057,11.45713523,47.87600032,0.81296763,-0.098830112,0.049798819,0.571696003,3.851721429,-8.148188435,48.95339192,0.388998598,0.121284703,4.096159301
0.636548874,0.309338238,1.445840438,14.75463078,45.000013,3.93E-06,-1.308355072,6.520364437,42.85147502,7.421846003,11.4875453,47.81695234,0.810397212,-0.098411703,0.050513298,0.57534329,3.823530851,-8.179012846,48.90800331,0.319101371,0.106516198,4.105673521
0.6387512,0.306474872,1.460228385,14.84911948,45.00001313,3.90E-06,-1.291957261,6.545787,42.95659006,7.44598111,11.52341365,47.75828504,0.807797235,-0.098043969,0.051170807,0.578992707,3.791366391,-8.187998089,48.86376689,0.249276761,0.092072089,4.115145618
0.640957556,0.303642443,1.474698902,14.94401304,45.00001326,3.86E-06,-1.275574492,6.571351873,43.06176919,7.440428064,11.56440473,47.69999096,0.80516296,-0.09772623,0.051772473,0.582650669,3.755459211,-8.175196336,48.82056181,0.179501794,0.077939843,4.124598793
0.643171127,0.300836963,1.489273544,15.03945002,45.00001339,3.83E-06,-1.259249281,6.597106702,43.1671645,7.405149804,11.61018524,47.64206581,0.802490369,-0.09745815,0.052318939,0.586322305,3.71603615,-8.140554711,48.77828947,0.109795264,0.064125426,4.134051799
0.645397135,0.298051977,1.503987689,15.13565831,45.00001353,3.79E-06,-1.243010948,6.623122746,43.2730241,7.340007497,11.66041494,47.58450313,0.799772773,-0.097239399,0.052811047,0.590016105,3.673328961,-8.083955897,48.73686732,0.040167645,0.050625433,4.143519879
0.647640782,0.295281234,1.518877173,15.23286729,45.00001366,3.76E-06,-1.226892249,6.649471391,43.37959424,7.244675648,11.71480188,47.52722267,0.797003223,-0.097069988,0.053249213,0.593740517,3.627521575,-8.005145411,48.6961758,-0.029385666,0.037421749,4.153026791
0.649906612,0.29251945,1.533974018,15.33127988,45.0000138,3.72E-06,-1.21093522,6.67621665,43.48708875,7.118646938,11.77305455,47.47012524,0.794175306,-0.096950312,0.053633341,0.597502875,3.57878771,-7.903743837,48.65609776,-0.098877598,0.024514032,4.162596038
0.65219907,0.289761564,1.54931012,15.43109674,45.00001393,3.69E-06,-1.195189405,6.703422747,43.5957156,6.961283462,11.83486105,47.41310679,0.791282478,-0.096881039,0.053962975,0.601310321,3.527315654,-7.779285973,48.6165286,-0.168288944,0.0119049,4.172248172
0.654526476,0.286998015,1.564944002,15.53268989,45.00001407,3.65E-06,-1.179685944,6.731200773,43.70586493,6.770723139,11.90083035,47.35588247,0.788312969,-0.096863069,0.054237763,0.605176399,3.473923932,-7.629910014,48.57744728,-0.237597389,-4.20E-04,4.182002433
0.656894261,0.28422289,1.580915654,15.63630848,45.00001422,3.61E-06,-1.164484784,6.759627236,43.81778846,6.546742403,11.96980865,47.29835804,0.785258273,-0.096897807,0.054456442,0.609109806,3.418155388,-7.455956915,48.53860061,-0.306821502,-0.012470718,4.191894464
0.659311523,0.281426117,1.597290698,15.74236552,45.00001436,3.58E-06,-1.149635051,6.788823626,43.93190957,6.288150808,12.04138778,47.24033917,0.782104736,-0.096987097,0.054617569,0.613125278,3.360180849,-7.256605256,48.49985948,-0.375936268,-0.024240384,4.201948444
0.661787401,0.278597796,1.614136209,15.85128013,45.00001452,3.54E-06,-1.135203387,6.818913381,44.0486509,5.993112067,12.11525218,47.18150355,0.778838089,-0.097133361,0.054719001,0.617237534,3.300128138,-7.030537079,48.46103288,-0.444948582,-0.035748328,4.212204055
0.664332988,0.275725978,1.631533929,15.96356242,45.00001467,3.51E-06,-1.121267028,6.850045248,44.16852429,5.659502607,12.19102138,47.12148894,0.77544085,-0.097339684,0.054757929,0.621464435,3.238161061,-6.776238782,48.42192265,-0.513831321,-0.046987756,4.222701043
0.666962823,0.27279503,1.649590934,16.07988101,45.00001484,3.47E-06,-1.107913949,6.882412147,44.29219998,5.284661167,12.26826936,47.05983942,0.771890112,-0.097610154,0.054730652,0.625829424,3.174438677,-6.4918156,48.38228842,-0.582551997,-0.057970496,4.233487369
0.66969385,0.269786858,1.668433127,16.20101936,45.000015,3.43E-06,-1.095259871,6.916239099,44.42045603,4.865069697,12.34654121,46.99595461,0.768158656,-0.097949981,0.054632277,0.630359734,3.109102237,-6.17475616,48.34182043,-0.651103224,-0.06870997,4.244625528
0.671,0.268359968,1.677477381,16.25907916,45.00001509,3.41E-06,-1.08967046,6.932492271,44.48173142,4.396410933,12.42526556,46.92909537,0.766358184,-0.098132884,0.054560848,0.632525244,3.042329316,-5.821986988,48.3001485,-0.719425877,-0.079211162,4.256188137
0.672959225,0.266232805,1.691083687,16.34631905,45.00001521,3.39E-06,-1.08188628,6.957023862,44.57384932,4.161014211,12.46173435,46.89683273,0.763638284,-0.098430902,0.054425056,0.635771848,3.010949414,-5.645273997,48.28029461,-0.751003109,-0.084001105,4.261716943
0.675898062,0.263068804,1.711583826,16.47751842,45.00001539,3.35E-06,-1.071639022,6.994250142,44.71291058,3.782490764,12.58003705,47.13809305,0.759515354,-0.098928659,0.054159283,0.640637432,2.964713077,-5.371091378,48.54818471,-0.796954262,-0.090906887,4.270010366
0.679129673,0.259621126,1.734253435,16.62226186,45.0000156,3.30E-06,-1.062455863,7.035760563,44.86704429,3.185524698,12.75299681,47.49850103,0.754922214,-0.099541527,0.053785654,0.64598068,2.897601583,-4.940634608,48.94985321,-0.862536628,-0.100656767,4.282463779
0.682628399,0.255917539,1.758949196,16.77953335,45.00001582,3.25E-06,-1.055111574,7.08135117,45.03534672,2.491549466,12.93582129,47.89226225,0.749879521,-0.100275265,0.053291919,0.651755741,2.82755522,-4.443145314,49.39104642,-0.929695134,-0.110557882,4.296197875
0.686499172,0.251843911,1.7864583,16.95421802,45.00001607,3.20E-06,-1.050293932,7.132528694,45.22325917,1.700179519,13.12351003,48.31488228,0.744216454,-0.101161988,0.052647361,0.658130973,2.756956984,-3.879560666,49.86775685,-0.996163234,-0.120347485,4.311139496
0.690928312,0.247196135,1.818180564,17.15499832,45.00001635,3.14E-06,-1.049240653,7.191963349,45.44045704,0.782190208,13.31684855,48.77713126,0.737628967,-0.102257795,0.051798106,0.665404995,2.686155921,-3.230656566,50.39351383,-1.061618855,-0.130138326,4.327783706
0.696292598,0.24155664,1.856955847,17.39946621,45.0000167,3.07E-06,-1.054596916,7.265052354,45.70657136,-0.31382991,13.51720407,49.29814923,0.729498905,-0.103673861,0.050636368,0.67418027,2.615727723,-2.46261064,50.99229677,-1.125397306,-0.14011805,4.347003763
0.702,0.23550197,1.898645028,17.6611485,45.00001707,3.00E-06,-1.068486001,7.343897537,45.99331198,-1.690653664,13.72662765,49.91648319,0.72066955,-0.105248475,0.049278683,0.683468924,2.547093442,-1.508012477,51.71239816,-1.185718352,-0.150699432,4.37056493
0.709727124,0.227134722,1.955800133,18.01803242,45.00001759,2.89E-06,-1.099328463,7.44864258,46.3756024,-3.156846164,13.87224394,50.56678488,0.708427868,-0.107417861,0.047321749,0.695954029,2.463025244,-0.517470067,52.46970834,-1.228489717,-0.160388525,4.396029007
0.717289047,0.218668837,2.012497899,18.37008376,45.0000181,2.78E-06,-1.141734209,7.546075384,46.73325225,-4.817161929,13.22692956,48.37712276,0.696137386,-0.109497521,0.045380054,0.708056271,2.302240815,0.731419743,50.32561409,-1.252319,-0.16902197,4.431428014
0.723,0.212037856,2.055794489,18.63771978,45.00001849,2.70E-06,-1.181559495,7.616035175,46.99246037,-6.393039884,12.53133032,46.2113628,0.686660751,-0.110984033,0.0439663,0.717109839,2.187196855,1.956420712,48.21601226,-1.236865551,-0.172567531,4.466289515
0.73073102,0.202660346,2.115028724,19.00235165,45.00001902,2.58E-06,-1.246585962,7.707341978,47.33715717,-7.546049964,11.96316247,44.56296293,0.673580007,-0.112808557,0.042218099,0.729233732,2.124986647,2.887462408,46.61614296,-1.200142628,-0.172769894,4.492299078
0.736101079,0.195827141,2.156584379,19.2571983,45.00001939,2.49E-06,-1.299338295,7.769230924,47.57677854,-9.259492949,11.6479806,44.60765946,0.664332619,-0.113906952,0.041168716,0.737558482,2.077307385,4.115406705,46.79749102,-1.117651169,-0.170741708,4.526816793
0.74045587,0.190067708,2.190525156,19.46480853,45.0000197,2.42E-06,-1.34637458,7.818401418,47.77121211,-10.37479524,11.39821527,44.63592502,0.656741405,-0.114674693,0.04044488,0.74424771,2.069422955,4.920914261,46.91933057,-1.039603135,-0.168466023,4.550468746
0.74427501,0.184842215,2.220465809,19.64757926,45.00001997,2.35E-06,-1.390536226,7.860737284,47.94182707,-11.21695039,11.18251072,44.66105329,0.6500187,-0.115246291,0.039918439,0.750066997,2.077919901,5.531260084,47.01665252,-0.964830551,-0.166454849,4.569527139
0.747748256,0.179939589,2.247833992,19.8143626,45.00002022,2.29E-06,-1.432874631,7.89858643,48.09708393,-11.90031075,10.9872156,44.68702866,0.643853706,-0.115676571,0.039536981,0.755319908,2.09579915,6.026981008,47.10148574,-0.891484502,-0.16473382,4.586179794
0.750979806,0.175243204,2.273414809,19.97002428,45.00002045,2.23E-06,-1.47395799,7.933230822,48.24163731,-12.47093049,10.8073546,44.71543987,0.638075229,-0.115995389,0.039271919,0.760172868,2.119923706,6.440421295,47.17860194,-0.819009717,-0.163357798,4.601288871
0.75403812,0.170674324,2.29772646,20.11777171,45.00002066,2.17E-06,-1.514063092,7.965391044,48.37859121,-12.93443984,10.62217167,44.75354001,0.632569653,-0.116221645,0.039105897,0.764734524,2.126526751,6.772829164,47.25056907,-0.747118697,-0.162259969,4.615332714
0.756979304,0.166163286,2.321198878,20.26025596,45.00002088,2.11E-06,-1.553578333,7.995712308,48.51046884,-13.28491631,10.40973936,44.80914767,0.627241631,-0.116368464,0.039028121,0.769092402,2.088946833,7.018262561,47.31904143,-0.675867597,-0.160871121,4.628705049
0.759826924,0.161683893,2.344008767,20.39857735,45.00002108,2.06E-06,-1.592597045,8.024515651,48.63832525,-13.57805902,10.20951883,44.86835805,0.622052393,-0.116443482,0.039032602,0.773284031,2.055753578,7.222288463,47.38544019,-0.604870615,-0.159051365,4.641655166
0.762601133,0.157212257,2.36630878,20.53368318,45.00002128,2.00E-06,-1.631212625,8.052070686,48.76306591,-13.81928671,10.02135066,44.93137819,0.6169682,-0.116452383,0.039115146,0.777341037,2.026229176,7.388345858,47.45034922,-0.534105737,-0.156890754,4.654263208
0.765318334,0.152727999,2.388224015,20.66634845,45.00002148,1.94E-06,-1.669499765,8.078596671,48.88543103,-14.01280148,9.845127419,44.99839269,0.61196124,-0.11639932,0.039272969,0.781288854,1.999781567,7.519066506,47.51426098,-0.46353253,-0.154419229,4.66660202
0.767992707,0.14821235,2.409863633,20.79724759,45.00002167,1.89E-06,-1.707525234,8.104281289,49.00606347,-14.16176037,9.680887451,45.06954615,0.607007061,-0.116287266,0.039504465,0.785149092,1.97591835,7.616378837,47.57757401,-0.393142947,-0.151680743,4.678733001
0.770634075,0.143652285,2.431303097,20.92684821,45.00002187,1.83E-06,-1.745309831,8.129263489,49.12541209,-14.26854112,9.528781719,45.14496563,0.602088704,-0.116118419,0.039808706,0.788936609,1.954220297,7.681677084,47.64063107,-0.322880014,-0.148664145,4.690711175
0.773255138,0.139028435,2.452642513,21.05576446,45.00002206,1.77E-06,-1.782926268,8.1537044,49.24405805,-14.33482834,9.389216798,45.22468279,0.597183361,-0.115893994,0.040185968,0.792669984,1.934340697,7.71588422,47.70366953,-0.252778079,-0.145432463,4.702574536
0.775864502,0.134327239,2.4739499,21.18441451,45.00002225,1.71E-06,-1.820395464,8.177722722,49.3623999,-14.36195051,9.262469952,45.30883517,0.592275408,-0.115614764,0.040636907,0.796361544,1.915930063,7.719656273,47.76699316,-0.182805141,-0.141956109,4.714375799
0.778473311,0.129529386,2.495315031,21.31334616,45.00002244,1.65E-06,-1.857777919,8.201458095,49.48095376,-14.3507354,9.149100427,45.39744912,0.587344042,-0.115280573,0.041163442,0.800026835,1.898689857,7.693303662,47.83080688,-0.112960799,-0.138271893,4.726150655
0.7810895,0.124620233,2.516802465,21.44295347,45.00002263,1.58E-06,-1.895088161,8.225019456,49.6000929,-14.30162397,9.049652037,45.49064432,0.582374094,-0.114891031,0.041767715,0.803676504,1.882316098,7.636826786,47.89537696,-0.04319926,-0.134361027,4.737947294
0.783722396,0.119581528,2.53848907,21.57370347,45.00002283,1.52E-06,-1.932357846,8.248528497,49.72025646,-14.21473761,8.964925015,45.58842789,0.577347387,-0.114445054,0.042452889,0.807322783,1.86653334,7.549999516,47.96088994,0.026413601,-0.130217785,4.749800286
0.786383757,0.11438911,2.560472821,21.70618897,45.00002303,1.45E-06,-1.969646675,8.272129617,49.84199814,-14.08987182,8.895807259,45.69084134,0.57224065,-0.113940515,0.043223674,0.810980833,1.851061415,7.432325128,48.02756471,0.09588466,-0.125824319,4.761751182
0.789083068,0.109021921,2.582834041,21.84089501,45.00002323,1.39E-06,-2.006972327,8.2959495,49.96577159,-13.92633588,8.8433175,45.79800566,0.567034483,-0.113375102,0.044085078,0.814662192,1.835597071,7.282894442,48.09568016,0.165240389,-0.121178384,4.773853231
0.79183575,0.103445669,2.605703499,21.97860897,45.00002343,1.32E-06,-2.04442001,8.320171649,50.09230728,-13.72321414,8.80875951,45.90991921,0.561697476,-0.112744648,0.04504503,0.818385933,1.819839441,7.100616984,48.16545396,0.234398484,-0.11623322,4.786149943
0.794654138,0.097630537,2.629187893,22.11997146,45.00002364,1.24E-06,-2.082011782,8.344959135,50.22219977,-13.47878734,8.793649469,46.02677512,0.556203508,-0.112044949,0.046111706,0.822166223,1.803435512,6.88368737,48.23725195,0.303423856,-0.110971684,4.798712474
0.797559273,0.091526803,2.653468296,22.26606867,45.00002386,1.16E-06,-2.119857665,8.370561894,50.3564518,-13.1911628,8.799923028,46.14856479,0.550508648,-0.111268929,0.047297932,0.826028062,1.786030268,6.630138277,48.31135287,0.372212574,-0.105309336,4.811598547
0.800572198,0.08508204,2.678728332,22.41799915,45.00002409,1.08E-06,-2.158028714,8.397247822,50.49607496,-12.85716096,8.829994043,46.2755441,0.544567815,-0.110408483,0.048618484,0.829995244,1.767180684,6.336837349,48.38825197,0.44078286,-0.09919489,4.824906404
0.803722184,0.078223034,2.705223838,22.57729149,45.00002433,9.95E-07,-2.196701098,8.425435108,50.64245594,-12.47856175,8.892272148,46.40608342,0.538318292,-0.109451886,0.050093801,0.834100901,1.753673784,6.003087527,48.46853778,0.509087803,-0.092553393,4.838732972
0.807041696,0.070865409,2.733242076,22.74565636,45.00002458,9.01E-07,-2.235994664,8.455588689,50.79715071,-12.0691742,9.00929548,46.53452396,0.531689141,-0.108384693,0.051748331,0.838380299,1.770424184,5.633322492,48.55332705,0.577128778,-0.085602284,4.85317309
0.810585368,0.062870063,2.763263847,22.92595815,45.00002485,8.00E-07,-2.276148709,8.4884029,50.96277735,-11.59881554,9.163446051,46.66843579,0.524562305,-0.107183519,0.05362093,0.842894345,1.785684475,5.207832777,48.64292316,0.644759634,-0.078400019,4.868360611
0.814437257,0.054022095,2.796030292,23.12260871,45.00002515,6.87E-07,-2.317541277,8.524943879,51.14336212,-11.05722765,9.362298749,46.80828906,0.51675562,-0.105812134,0.055771551,0.847736372,1.798574938,4.716549926,48.73858975,0.711791707,-0.070823137,4.884556178
0.818735142,0.043967509,2.832759326,23.34285116,45.00002548,5.59E-07,-2.36078081,8.566970979,51.34550477,-10.42850293,9.61737074,46.95487102,0.507969284,-0.104210915,0.058298794,0.853058346,1.807824388,4.143919038,48.84226767,0.778020973,-0.0626932,4.902155369
0.823739605,0.03203551,2.87575876,23.60039845,45.00002586,4.07E-07,-2.407009577,8.61783147,51.58168243,-9.686550186,9.947543986,47.10944631,0.497634645,-0.102267709,0.061388169,0.859146418,1.811413946,3.464407937,48.95711874,0.842970846,-0.053645177,4.921801636
0.830047,0.016686608,2.930325522,23.92668609,45.00002635,2.12E-07,-2.458713077,8.6853036,51.88044662,-8.782645046,10.38815889,47.27439937,0.484444292,-0.099728068,0.065460854,0.866650401,1.80566151,2.630211875,49.08909357,0.90568097,-0.042976005,4.944706368
0.837647294,-0.00220631,2.996662661,24.32236513,45.00002695,-2.81E-08,-2.511119536,8.772237471,52.24179863,-7.607924338,11.01954624,47.45464654,0.468294926,-0.096590375,0.070544283,0.875439127,1.782014268,1.533819828,49.25166202,0.963327602,-0.029048139,4.973636781
0.845221049,-0.021388996,3.063450558,24.71939892,45.00002755,-2.72E-07,-2.552709961,8.865584542,52.60298516,-6.185967674,11.87104424,47.62554742,0.451911643,-0.093451164,0.075683929,0.88392007,1.727985272,0.184068269,49.44047775,0.998925682,-0.011018108,5.008605616
0.85,-0.033639887,3.105967098,24.97133141,45.00002793,-4.28E-07,-2.573640389,8.928153735,52.83127851,-4.803841552,12.78931002,47.74447768,0.441419195,-0.09149805,0.078907534,0.889129238,1.64071615,-1.157830611,49.62001585,0.996070997,0.009008916,5.043573122
0.857168426,-0.052180331,3.170320007,25.35127439,45.00002851,-6.64E-07,-2.597775542,9.027479547,53.17298927,-3.96085605,13.39944799,47.7934086,0.425449131,-0.08865287,0.083632895,0.896738114,1.569750759,-1.99888141,49.72910464,0.974641714,0.022921171,5.065696154
0.863849652,-0.069591558,3.230960502,25.70759419,45.00002906,-8.85E-07,-2.613142728,9.125970687,53.48972397,-2.792563449,14.31495462,47.53811727,0.410309438,-0.086131293,0.087837566,0.903610606,1.506863657,-3.21586715,49.59815007,0.915331698,0.045023676,5.098837442
0.868777313,-0.082487914,3.276116781,25.97174653,45.00002946,-1.05E-06,-2.620628574,9.202195729,53.72215299,-1.831183262,15.16440098,47.27156199,0.398983319,-0.084373292,0.090768351,0.908545302,1.437090891,-4.276085618,49.47284835,0.832847245,0.066663,5.129594753
0.872978953,-0.093508291,3.314921745,26.19788259,45.00002981,-1.19E-06,-2.624812497,9.269486125,53.91951994,-1.222597345,15.76855642,47.06384026,0.389217758,-0.082952417,0.093128827,0.912663933,1.382067223,-4.98953778,49.37956641,0.756852864,0.083310501,5.152199615
0.876759704,-0.103436812,3.350084549,26.40207355,45.00003013,-1.32E-06,-2.627122445,9.331736891,54.0964686,-0.781485528,16.25705593,46.88356461,0.380344987,-0.081740559,0.095129908,0.916300427,1.334895257,-5.539853236,49.3000943,0.683044931,0.097972918,5.171420256
0.880262265,-0.112640703,3.3828725,26.59183599,45.00003042,-1.43E-06,-2.62825514,9.390743231,54.25985539,-0.451323928,16.66826479,46.72177291,0.37205275,-0.080677383,0.096870476,0.919610799,1.293801736,-5.982315081,49.22902387,0.610392468,0.111504501,5.188673153
0.883571971,-0.121340231,3.414046889,26.77167503,45.0000307,-1.54E-06,-2.628625416,9.447582527,54.41377802,-0.205214026,17.01985533,46.57443926,0.364153189,-0.079727332,0.09840839,0.922687269,1.258120023,-6.342895222,49.16381591,0.538498033,0.124328682,5.204620867
0.886741236,-0.129670958,3.444076218,26.94435971,45.00003097,-1.65E-06,-2.628510767,9.502898242,54.56075748,-0.027518003,17.32194073,46.43920917,0.356530751,-0.078868492,0.099778765,0.925586183,1.227569414,-6.63663768,49.10293932,0.467099319,0.136613956,5.219659212
0.889812039,-0.137742043,3.473340998,27.11212327,45.00003124,-1.75E-06,-2.628114782,9.557228247,54.70280327,0.0914888,17.58034472,46.31476415,0.349091095,-0.078084489,0.101007385,0.92835108,1.202101736,-6.872652715,49.04544693,0.396119395,0.148516246,5.234031359
0.89280936,-0.145618587,3.502067309,27.27629246,45.00003149,-1.85E-06,-2.627599249,9.610857667,54.84111988,0.158498329,17.79911315,46.20005194,0.34177841,-0.07736517,0.102109613,0.931007935,1.181772514,-7.057301996,48.9905731,0.325403814,0.160110317,5.247931327
0.895759155,-0.153368714,3.530495824,27.43826295,45.00003175,-1.95E-06,-2.627100231,9.664118058,54.97694515,0.177974514,17.98026477,46.09461426,0.3345327,-0.076701416,0.10309875,0.933582034,1.166773479,-7.194450469,48.93785428,0.25497725,0.171455706,5.261474926
0.898680118,-0.161041803,3.558801843,27.59904466,45.00003201,-2.05E-06,-2.626740362,9.717229759,55.11117271,0.153167859,18.12531132,45.99793195,0.327310263,-0.076086815,0.103983341,0.936090943,1.157338206,-7.287028813,48.88680695,0.184791442,0.182572449,5.274781572
0.901595165,-0.168698641,3.587205614,27.75989128,45.00003226,-2.15E-06,-2.626620927,9.770487596,55.24488734,0.086330603,18.23476236,45.90975561,0.320055649,-0.075515015,0.104771228,0.938554662,1.153775969,-7.336806593,48.83707344,0.114872198,0.193449611,5.287937209
0.904520823,-0.176383366,3.615868994,27.92171498,45.00003252,-2.24E-06,-2.626762778,9.823998208,55.37889765,0.001455234,18.28750764,45.83607409,0.312727927,-0.074982249,0.10546662,0.940986556,1.124975625,-7.341515629,48.78744924,0.04511073,0.204231451,5.301057671
0.907477218,-0.184149775,3.64499249,28.08563687,45.00003278,-2.34E-06,-2.627281109,9.878013314,55.51414929,-0.105007436,18.28659737,45.77573139,0.30527599,-0.074485145,0.106073056,0.943401844,1.077351587,-7.300493188,48.73777146,-0.024380884,0.215409858,5.314283998
0.910487893,-0.192061076,3.674814571,28.25297904,45.00003305,-2.44E-06,-2.628314816,9.932845585,55.65173837,-0.252107173,18.24828278,45.72338284,0.29763884,-0.07402062,0.106592649,0.945817147,1.037801043,-7.215536448,48.68829555,-0.093589791,0.227049413,5.327697905
0.913576947,-0.200182542,3.70558419,28.42510818,45.00003333,-2.55E-06,-2.630026306,9.988799297,55.79278443,-0.440957941,18.17040421,45.67894626,0.289752615,-0.073586395,0.107025205,0.948247895,1.007243477,-7.085180995,48.63856326,-0.162563298,0.239130494,5.341393968
0.916775819,-0.208599565,3.73762916,28.60381561,45.00003361,-2.65E-06,-2.632617213,10.0462815,55.93874083,-0.673442301,18.04981468,45.64246269,0.281533055,-0.073180073,0.107368974,0.950713269,0.986885684,-6.907022797,48.58809347,-0.23125653,0.251677154,5.355472537
0.920121132,-0.217412425,3.771336789,28.79120342,45.00003392,-2.77E-06,-2.636346437,10.10574519,56.09129761,-0.952680163,17.88199188,45.61401937,0.272880411,-0.072799711,0.107619553,0.953233715,0.978270678,-6.677304014,48.5362606,-0.299601868,0.264632988,5.370069613
0.923666815,-0.226768933,3.807279003,28.99037195,45.00003424,-2.88E-06,-2.641573138,10.16787614,56.2529353,-1.283008065,17.66074512,45.59381724,0.263647258,-0.072442716,0.107769764,0.955838822,0.983474941,-6.390780609,48.48231531,-0.367473577,0.277994203,5.385346374
0.927493742,-0.236891373,3.846317121,29.2059816,45.00003459,-3.01E-06,-2.648832111,10.23370397,56.42736656,-1.671277653,17.37691745,45.58213574,0.25361141,-0.072105632,0.107807512,0.95857163,1.005375309,-6.039402923,48.42516247,-0.434737618,0.291712894,5.401543881
0.931732582,-0.248140073,3.889847696,29.44557768,45.00003498,-3.16E-06,-2.658994067,10.30488018,56.62058189,-2.128320634,17.0164334,45.57941967,0.242412424,-0.071783195,0.107711897,0.961499629,1.048254314,-5.610576323,48.3631559,-0.501184289,0.305772348,5.419026511
0.936626031,-0.261186338,3.940469992,29.72319347,45.00003544,-3.32E-06,-2.673681459,10.38445166,56.84369694,-2.672094859,16.55620339,45.58640002,0.229379287,-0.071465171,0.107443713,0.964745418,1.119023877,-5.083490393,48.29362006,-0.566400162,0.319986164,5.438385312
0.942702235,-0.277498991,4.003857517,30.06942942,45.00003601,-3.53E-06,-2.696538656,10.47888769,57.12089035,-3.335937514,15.95347814,45.60436999,0.213047055,-0.07112733,0.10691794,0.968566162,1.230276972,-4.419526398,48.21156201,-0.629550394,0.334080885,5.460720046
0.950363732,-0.298292171,4.084573967,30.50840071,45.00003673,-3.79E-06,-2.732830103,10.59033702,57.47068898,-4.19088735,15.11565618,45.63579037,0.192233807,-0.070741172,0.106041642,0.973034953,1.409503152,-3.535836769,48.10595723,-0.688106119,0.347131125,5.48842417
0.958066341,-0.319513517,4.166553497,30.95242913,45.00003747,-4.06E-06,-2.779180727,10.69474624,57.82218692,-5.291747898,13.97479171,45.67360348,0.171085661,-0.070317825,0.105039099,0.977114061,1.716141803,-2.385430231,47.96603,-0.728054707,0.354620436,5.523275354
0.966228285,-0.342437454,4.254270051,31.4258882,45.00003826,-4.36E-06,-2.840007166,10.79799486,58.19394414,-6.73190945,13.12497466,45.59249194,0.148469851,-0.069692531,0.103958768,0.980964948,2.561727115,-1.45501665,47.82864588,-0.732945355,0.341237561,5.557085323
0.974669176,-0.366715493,4.345836357,31.91871685,45.00003908,-4.66E-06,-2.914215947,10.8965016,58.57763617,-8.146648573,12.16909196,45.50248231,0.124897509,-0.068698301,0.102939586,0.984420945,3.450445829,-0.539473573,47.67319971,-0.705009078,0.294332571,5.591347353
0.980733662,-0.384566018,4.412119336,32.27479474,45.00003968,-4.89E-06,-2.973400146,10.96220913,58.85284191,-9.391770069,11.17664295,45.41087926,0.107867036,-0.0676853,0.102331076,0.986565636,4.290623714,0.275454323,47.50563463,-0.644103166,0.212637254,5.625886037
0.985784554,-0.399715172,4.467619974,32.57263235,45.00004018,-5.08E-06,-3.025577811,11.01392687,59.08178028,-10.09713072,10.50136157,45.34976665,0.093632534,-0.066614573,0.101933253,0.988132106,4.801536765,0.746340298,47.3837546,-0.583767679,0.13558102,5.650371746
0.990311771,-0.413521683,4.517583291,32.84057252,45.00004063,-5.26E-06,-3.073967051,11.05818313,59.28679465,-10.54070682,9.986016884,45.30366518,0.080840227,-0.065461907,0.10167621,0.989364212,5.145642573,1.051369045,47.2828309,-0.525186925,0.061554795,5.670621674
0.994526646,-0.426574668,4.56427617,33.09086094,45.00004105,-5.43E-06,-3.119907864,11.09781883,59.47752269,-10.81667264,9.574103627,45.26673629,0.068905363,-0.06421498,0.101530736,0.990363568,5.379020755,1.251319515,47.19366077,-0.467734002,-0.010934866,5.688685771
0.998553398,-0.439226842,4.609038523,33.33072888,45.00004145,-5.59E-06,-3.164178438,11.1344878,59.65962437,-10.96506915,9.242521636,45.23619287,0.057483039,-0.0628616,0.101482151,0.991183884,5.524797755,1.372211747,47.11224616,-0.411274653,-0.082467973,5.705442514
1.002467589,-0.451696151,4.652689153,33.56459438,45.00004184,-5.74E-06,-3.207039272,11.16908237,59.83658397,-11.00686523,8.979475376,45.21018747,0.046362954,-0.061391758,0.101523548,0.991854071,5.594477668,1.427937007,47.03621931,-0.355596686,-0.15337888,5.721403877
1.006459431,-0.464583571,4.697342425,33.80381295,45.00004224,-5.91E-06,-3.249611298,11.20296201,60.01718076,-10.8297264,8.659864709,45.22381007,0.035005684,-0.059739548,0.101661636,0.99240652,5.456802405,1.537214102,46.96093598,-0.300145695,-0.223040829,5.736987279
1.010672311,-0.478365563,4.744612164,34.05705984,45.00004267,-6.08E-06,-3.292860878,11.23742963,60.20792133,-10.48539535,8.325963633,45.25871026,0.023001455,-0.057837298,0.101919957,0.992843443,5.173676099,1.665404008,46.88363836,-0.24081483,-0.291108105,5.753305335
1.015131588,-0.493147271,4.794802287,34.32599407,45.00004312,-6.27E-06,-3.336359275,11.27285291,60.40995222,-10.03213494,8.050869775,45.29149748,0.010274995,-0.05565977,0.102326047,0.993139363,4.813261981,1.747025459,46.80342285,-0.175821361,-0.358508175,5.770866967
1.019506608,-0.507832502,4.844196023,34.59072262,45.00004356,-6.46E-06,-3.37639558,11.30696556,60.60825837,-9.462856208,7.853164383,45.31832786,-0.002231154,-0.053375783,0.102861524,0.993260064,4.367546742,1.772892976,46.71991079,-0.105234898,-0.423756916,5.789702427
1.023867189,-0.522637322,4.893574649,34.85544083,45.00004401,-6.65E-06,-3.413399106,11.34076775,60.80594464,-8.828104406,7.757742415,45.33330313,-0.01471609,-0.050972485,0.103532124,0.99321012,3.872169587,1.738351612,46.63915527,-0.035244426,-0.480595931,5.808335634
1.028279826,-0.537776221,4.943693184,35.12419673,45.00004446,-6.84E-06,-3.447662777,11.37521917,61.00595436,-8.135076447,7.762556785,45.33369358,-0.027370885,-0.048432666,0.104348908,0.992983594,3.328409168,1.646534186,46.55954411,0.034207302,-0.529212882,5.826997159
1.032811935,-0.553474573,4.995328372,35.4011476,45.00004492,-7.04E-06,-3.479352954,11.41133012,61.21125127,-7.388657577,7.869361628,45.31618415,-0.040390759,-0.04573535,0.105328518,0.992563735,2.735710237,1.498034234,46.47953789,0.103182197,-0.569272498,5.845931382
1.037545338,-0.570014462,5.049434495,35.69139212,45.00004541,-7.25E-06,-3.508565815,11.45033565,61.42541532,-6.592808717,8.083587952,45.27658677,-0.054014168,-0.042850814,0.10649614,0.99191978,2.092243445,1.291232421,46.39756531,0.171565296,-0.600096511,5.865401389
1.042595759,-0.587803729,5.107372693,36.00219248,45.00004593,-7.48E-06,-3.535356144,11.49396529,61.65349561,-5.750427781,8.415108104,45.20934148,-0.068579804,-0.039732146,0.107891637,0.990998265,1.394135642,1.021880136,46.31174978,0.239241426,-0.62033301,5.885739619
1.048158436,-0.607540103,5.171450427,36.34584815,45.00004651,-7.73E-06,-3.559776411,11.54506715,61.90400611,-4.862754338,8.880738503,45.10649928,-0.084660395,-0.036294046,0.109585267,0.989700171,0.633819484,0.681699429,46.21951678,0.30596443,-0.627835913,5.907426882
1.05456649,-0.630425599,5.245633323,36.74345375,45.00004718,-8.02E-06,-3.582057203,11.60900652,62.19131019,-3.927222454,9.511245192,44.95518437,-0.103236346,-0.0323935,0.111698674,0.987834158,-0.204396124,0.254297876,46.11668914,0.371271176,-0.618765328,5.93128346
1.063,-0.660734008,5.343928982,37.26952943,45.00004806,-8.40E-06,-3.604399525,11.70382137,62.56650791,-3.085013854,10.50069833,44.6965525,-0.127769619,-0.027459794,0.114630804,0.984774422,-1.034641277,-0.459180226,46.00307003,0.432365368,-0.587101015,5.958484535
1.069932545,-0.685771708,5.425364864,37.70433567,45.00004879,-8.72E-06,-3.618295173,11.79143531,62.87222655,-2.255932461,11.99974616,44.27005507,-0.148009629,-0.023647221,0.117049488,0.98175016,-2.01387579,-1.540555261,45.85293784,0.4798783,-0.51711902,5.993267033
1.075456207,-0.705783899,5.49070437,38.05228919,45.00004938,-8.98E-06,-3.627487899,11.86751074,63.11404085,-1.786705588,13.27476936,43.92314911,-0.164183225,-0.020803064,0.118906229,0.979016042,-2.74245536,-2.436588293,45.77331998,0.48954156,-0.438123871,6.021351434
1.080331384,-0.723486724,5.548733387,38.36049876,45.0000499,-9.20E-06,-3.634882976,11.93906722,63.3261177,-1.564998202,14.26271116,43.63139054,-0.178491794,-0.018451638,0.120448067,0.97636698,-3.250070185,-3.129426868,45.70794373,0.478666838,-0.363533966,6.043535787
1.084823626,-0.739830515,5.602521125,38.64541181,45.00005038,-9.41E-06,-3.641589398,12.00839531,63.52042533,-1.487263641,15.08216565,43.37173663,-0.191703428,-0.016424417,0.121758151,0.973732503,-3.630233971,-3.708454279,45.64931522,0.456121462,-0.290623906,6.063017922
1.089089582,-0.755379426,5.653893739,38.91677904,45.00005085,-9.61E-06,-3.648254482,12.07693832,63.70399306,-1.513968649,15.77128276,43.13777392,-0.204272223,-0.01462645,0.122881328,0.971060814,-3.915194746,-4.203163968,45.59493023,0.425293093,-0.218881543,6.080906445
1.093219014,-0.770458958,5.703905454,39.18020578,45.0000513,-9.80E-06,-3.655311039,12.14546867,63.88085481,-1.624159791,16.34999912,42.9260981,-0.216458301,-0.013004487,0.123838473,0.968318501,-4.121623493,-4.629417037,45.5432869,0.387850858,-0.147800339,6.097846605
1.097278881,-0.785314538,5.753354214,39.43990527,45.00005174,-9.99E-06,-3.663113174,12.21457945,64.05400672,-1.805160929,16.82641456,42.73579823,-0.228456079,-0.011521854,0.124640114,0.96547393,-4.257616944,-4.994520697,45.49354619,0.344864494,-0.077325647,6.114205956
1.101331858,-0.800178664,5.803001754,39.69986389,45.00005219,-1.02E-05,-3.671975272,12.2848716,64.22623207,-2.048510621,17.2035095,42.566828,-0.240448254,-0.010148931,0.12529051,0.962488402,-4.327245752,-5.302201335,45.44506119,0.296828277,-0.007396046,6.130256096
1.105426062,-0.81523234,5.853444838,39.96317456,45.00005264,-1.04E-05,-3.68182272,12.3563738,64.3997841,-2.302672787,17.43638698,42.43312451,-0.252575323,-0.008866622,0.125788001,0.959325007,-4.351285593,-5.491559397,45.39613462,0.244286193,0.062020755,6.146272215
1.109583657,-0.83056234,5.904968544,40.23128865,45.0000531,-1.06E-05,-3.692813663,12.42891509,64.57573101,-2.51578632,17.47428288,42.3504898,-0.264901315,-0.007667779,0.126127484,0.955960437,-4.342108717,-5.494645729,45.3453271,0.189848873,0.131405953,6.162703711
1.113895473,-0.846511841,5.958721014,40.51012033,45.00005359,-1.08E-05,-3.705454322,12.5035872,64.7580101,-2.778342154,17.40307749,42.29272122,-0.277693464,-0.006527765,0.126304572,0.952308187,-4.253623048,-5.43818692,45.29451813,0.134914202,0.200078052,6.179629943
1.118474275,-0.863512037,6.016151882,40.80707741,45.0000541,-1.10E-05,-3.720432423,12.58170661,64.95149175,-3.09081404,17.21356767,42.26059577,-0.291283558,-0.005422074,0.126302744,0.94824686,-4.079698547,-5.319691672,45.242402,0.079246319,0.26798898,6.197344831
1.123508994,-0.882288959,6.079709331,41.1346256,45.00005468,-1.12E-05,-3.738899149,12.66554054,65.16429676,-3.456114895,16.88783746,42.2562788,-0.306227743,-0.004314784,0.126086155,0.943561463,-3.80813909,-5.132562766,45.18729642,0.0227943,0.334771734,6.216264555
1.129353289,-0.904209374,6.15400644,41.51618744,45.00005534,-1.15E-05,-3.763065304,12.75925969,65.41160203,-3.88239113,16.3914472,42.28409971,-0.323566191,-0.003144051,0.125575981,0.937830319,-3.41520781,-4.862589999,45.12636884,-0.034886015,0.399965895,6.237139203
1.136782646,-0.932293414,6.249221484,42.00332355,45.0000562,-1.19E-05,-3.797983319,12.87144593,65.72672183,-4.3870866,15.65392333,42.35320528,-0.345573371,-0.001774781,0.124581907,0.930083461,-2.852306902,-4.479543762,45.0542326,-0.094375738,0.462273303,6.261413154
1.145186538,-0.964395537,6.357887336,42.55718615,45.00005718,-1.23E-05,-3.842688272,12.9873527,66.08450712,-5.004297293,14.51471241,42.48439596,-0.370387154,-2.84E-04,0.123100857,0.920684232,-2.00996139,-3.914525163,44.95865118,-0.156001087,0.516664334,6.292283591
1.15360339,-0.996943802,6.467643889,43.11492325,45.00005816,-1.27E-05,-3.891849346,13.09050171,66.44448889,-5.614405501,13.04748453,42.66674146,-0.39511124,0.001273007,0.121385699,0.910577289,-0.957107474,-3.220491149,44.84330062,-0.20426614,0.540277392,6.327170915
1.161853543,-1.029255135,6.576009018,43.66456339,45.00005914,-1.31E-05,-3.941058756,13.17692238,66.79947949,-5.951090195,11.37151085,42.89682189,-0.419181273,0.002972164,0.11966174,0.899977385,0.128218533,-2.330212731,44.7148491,-0.22772235,0.521687251,6.362195347
1.168974344,-1.057468788,6.670070426,44.14132492,45.00005999,-1.34E-05,-3.983097273,13.24021811,67.10746086,-5.95321938,9.596856115,43.15439789,-0.439796632,0.004645984,0.118300295,0.890259725,1.187038343,-1.25811021,44.57410261,-0.215339395,0.461444693,6.397605656
1.174040432,-1.077721864,6.737248172,44.48185384,45.00006059,-1.37E-05,-4.01233412,13.27963437,67.32729761,-5.837387338,8.213104094,43.34028242,-0.454359344,0.005982035,0.117476034,0.883018224,2.024954648,-0.431614704,44.44798666,-0.176834112,0.377216863,6.42861013
1.178345434,-1.095047334,6.794483397,44.77210078,45.0000611,-1.39E-05,-4.036555714,13.31004281,67.51446255,-5.698093981,7.37101097,43.4425917,-0.466659332,0.007223562,0.116903727,0.876647253,2.537340005,0.072319982,44.35781246,-0.135860618,0.301083881,6.450762256
1.182237897,-1.110801164,6.846342437,45.03522805,45.00006157,-1.41E-05,-4.057877388,13.33555017,67.68388483,-5.551122324,6.776101304,43.50584544,-0.477717247,0.008435278,0.116505568,0.870713231,2.897951835,0.433066876,44.2820892,-0.09375682,0.227460956,6.469603938
1.185868428,-1.125568696,6.89479869,45.28124347,45.00006201,-1.43E-05,-4.077226314,13.35802942,67.84199813,-5.402400191,6.348254473,43.54213823,-0.487973839,0.00964447,0.1162476,0.865028908,3.153565567,0.699837413,44.21503495,-0.051021185,0.155081007,6.486637271
1.189336058,-1.139738324,6.941155365,45.5167563,45.00006242,-1.45E-05,-4.09520574,13.37866912,67.99303409,-5.255917114,6.052343208,43.55668412,-0.497716362,0.010871834,0.116110802,0.859464082,3.324260638,0.894560069,44.15415392,-0.008053662,0.083533586,6.502514086
1.192706065,-1.15356798,6.986274696,45.74614059,45.00006283,-1.47E-05,-4.112211906,13.39827755,68.13977251,-5.11416764,5.868213574,43.55216156,-0.507132285,0.012132548,0.116085177,0.853928497,3.421189784,1.030178003,44.09779599,0.035020295,0.01260822,6.517665132
1.196021151,-1.167227441,7.030722893,45.97226888,45.00006323,-1.48E-05,-4.128509104,13.41744632,68.28401613,-4.97946714,5.78460902,43.52975743,-0.516342787,0.013437365,0.116165869,0.848360215,3.450126841,1.114327032,44.04488026,0.078089309,-0.05781599,6.532374972
1.199332241,-1.180923706,7.075181191,46.19860176,45.00006363,-1.50E-05,-4.14439043,13.43677961,68.4279237,-4.854323135,5.795325561,43.48980301,-0.525489264,0.014803205,0.116352273,0.842676716,3.41372166,1.151685357,43.99469676,0.120930568,-0.127719383,6.546829988
1.202676897,-1.194811893,7.120156209,46.42771233,45.00006403,-1.52E-05,-4.160378632,13.45710936,68.57298375,-4.740829107,5.897690383,43.43169636,-0.534673303,0.016244463,0.116646384,0.836811925,3.312162163,1.145203826,43.9464282,0.163644101,-0.197249542,6.561252384
1.206177437,-1.209405619,7.167303146,46.66801974,45.00006446,-1.54E-05,-4.177718395,13.48017436,68.72424574,-4.85817938,6.309384686,43.29705157,-0.544224165,0.017817538,0.117058653,0.830541911,3.033752394,0.804427537,43.91120767,0.204312389,-0.265734736,6.575584464
1.209945804,-1.225185171,7.218151865,46.92730361,45.00006491,-1.56E-05,-4.197162832,13.50740241,68.88635667,-5.050878121,6.882042986,43.12182686,-0.55443383,0.019582479,0.117605056,0.823643555,2.633563789,0.344644616,43.87837052,0.240106434,-0.333133948,6.589999965
1.211,-1.229612743,7.232395561,46.99994714,45.00006504,-1.56E-05,-4.202752969,13.51550515,68.93156221,-5.27104176,7.581994018,42.91249911,-0.557276391,0.020089072,0.117774233,0.821686487,2.117016563,-0.167691814,43.8433942,0.270259612,-0.399395694,6.605038022
1.212581293,-1.236265229,7.253777395,47.10900161,45.00006523,-1.57E-05,-4.211247138,13.52804093,68.99907122,-5.334595941,7.791263593,42.85034649,-0.561528989,0.020859065,0.118039623,0.818728735,1.957856692,-0.312472408,43.83358364,0.277090756,-0.416584775,6.609178766
1.214953234,-1.246269377,7.285888186,47.27278247,45.00006552,-1.59E-05,-4.224211748,13.54767835,69.09938989,-5.408982036,8.06564446,42.5336764,-0.567882422,0.022036003,0.118460569,0.814242631,1.707996238,-0.529808714,43.59159766,0.286012925,-0.441131143,6.615345819
1.218511144,-1.261334069,7.334144797,47.51889653,45.00006596,-1.60E-05,-4.244173383,13.57910358,69.24771265,-5.523153053,8.495922791,42.05311672,-0.577354787,0.023847826,0.119131828,0.807403455,1.309943803,-0.854324229,43.22851752,0.296399663,-0.475022799,6.624503674
1.223848009,-1.284067069,7.406750321,47.88904541,45.00006661,-1.63E-05,-4.275295697,13.6308919,69.46526444,-5.698514672,9.174789046,41.32115038,-0.591432062,0.026658267,0.120187429,0.796901772,0.666798149,-1.331662822,42.68336147,0.305174513,-0.518611099,6.638046382
1.231853307,-1.318487448,7.516215091,48.44640561,45.00006759,-1.68E-05,-4.324618084,13.71931632,69.78030526,-5.964769572,10.2388504,40.20343896,-0.612250158,0.03103539,0.121735344,0.78061966,-0.378662595,-2.007451722,41.86353772,0.303281064,-0.565897662,6.657957958
1.242,-1.362703045,7.6560644,49.15638974,45.00006885,-1.73E-05,-4.391354495,13.84931088,70.16001555,-6.354857028,11.84672377,38.50136945,-0.638122666,0.036722879,0.123289427,0.759111725,-2.051286352,-2.882201688,40.62720344,0.268343019,-0.591030573,6.686983959
1.248711828,-1.392332343,7.749338192,49.62810944,45.00006969,-1.77E-05,-4.437981259,13.9460158,70.4035406,-6.778805707,13.72777808,36.35037739,-0.654921918,0.04046884,0.123866249,0.744376723,-4.189180074,-3.658856497,39.04891258,0.180757295,-0.538889098,6.722386399
1.253404592,-1.413237334,7.81495202,49.95889537,45.00007028,-1.80E-05,-4.471525109,14.01834236,70.57346841,-7.099470089,15.05097078,36.22489499,-0.666518936,0.043039856,0.123989222,0.73384382,-5.478289408,-3.911101047,39.29209651,0.105703913,-0.456383958,6.745055419
1.257365191,-1.431003386,7.870597571,50.23869262,45.00007078,-1.82E-05,-4.499856554,14.08150453,70.71694176,-7.161657959,15.72607618,36.21141037,-0.676211391,0.045161778,0.123894096,0.724809507,-6.17148322,-3.840204613,39.45922808,0.050090411,-0.379748215,6.760851108
1.260961731,-1.447233361,7.921347402,50.49326347,45.00007124,-1.84E-05,-4.525435428,14.14014184,70.84739479,-7.137999162,16.15121635,36.24441036,-0.68493713,0.047040532,0.123643573,0.716491858,-6.624619988,-3.665867081,39.59982238,0.00469544,-0.306309134,6.774405462
1.26434781,-1.462597281,7.969321684,50.7333666,45.00007167,-1.86E-05,-4.549271991,14.19614975,70.97045711,-7.080233842,16.44080227,36.30408665,-0.693085791,0.048760502,0.123262381,0.708562548,-6.943543956,-3.45080657,39.72776774,-0.03420014,-0.234189188,6.786849317
1.267608336,-1.477467286,8.015697181,50.9649612,45.00007209,-1.88E-05,-4.571898476,14.2505406,71.08926606,-6.993615505,16.62627984,36.38762063,-0.70087066,0.050366762,0.122761878,0.700837377,-7.157286008,-3.204042698,39.84859021,-0.068109826,-0.162886021,6.798654512
1.270805219,-1.492118047,8.061340018,51.19241198,45.0000725,-1.90E-05,-4.593680193,14.30405382,71.20613149,-6.880519734,16.72371504,36.49376833,-0.708443978,0.05189004,0.122145501,0.693177488,-7.280286601,-2.931007739,39.96530926,-0.09779644,-0.09225923,6.810088019
1.27398641,-1.506765267,8.106928595,51.41911784,45.00007291,-1.92E-05,-4.614871578,14.3572431,71.32286905,-6.741689835,16.74203574,36.62234561,-0.715920499,0.053351898,0.121411551,0.685471115,-7.320232437,-2.634938125,40.0800903,-0.123621765,-0.022185084,6.821351481
1.277198783,-1.521623568,8.15313531,51.64842351,45.00007332,-1.94E-05,-4.635696544,14.41065369,71.44127684,-6.576804056,16.68562338,36.77385755,-0.723408699,0.054771004,0.120552679,0.677603898,-7.280382406,-2.318041006,40.19457297,-0.145786391,0.047339561,6.832605601
1.280499608,-1.53695958,8.200792211,51.88444036,45.00007375,-1.95E-05,-4.656408853,14.46497901,71.56357032,-6.384381587,16.55547238,36.94968293,-0.731037058,0.056167669,0.11955305,0.669430415,-7.160613217,-1.981420769,40.31032936,-0.16437762,0.116295874,6.844012392
1.283954361,-1.553082585,8.250862156,52.13189695,45.0000742,-1.98E-05,-4.677254422,14.52097982,71.69232219,-6.161200911,16.34881612,37.15264436,-0.738947509,0.057561681,0.118388276,0.660777912,-6.956886994,-1.624612103,40.42926573,-0.179230939,0.18470164,6.855774789
1.287653718,-1.570425133,8.304689493,52.3973689,45.00007469,-2.00E-05,-4.698538338,14.57969499,71.83112738,-5.902440529,16.05877396,37.38694092,-0.747331921,0.058977646,0.117018642,0.651401009,-6.660660333,-1.246654722,40.55351812,-0.190034622,0.252329331,6.8681288
1.291745047,-1.589694283,8.364469626,52.69156973,45.00007522,-2.02E-05,-4.720724574,14.6428053,71.9858567,-5.600297432,15.67240535,37.65931846,-0.756497277,0.060453084,0.115374287,0.640894741,-6.256632221,-0.845341288,40.68601527,-0.196263946,0.318966062,6.881404939
1.29650415,-1.612218405,8.434325518,53.03458946,45.00007585,-2.05E-05,-4.744625536,14.71340602,72.16754798,-5.241227962,15.1656443,37.9815891,-0.767010634,0.06205504,0.113319576,0.628492269,-5.716973817,-0.416101448,40.83150032,-0.19684626,0.384002516,6.896143683
1.303,-1.643135664,8.53020026,53.5041926,45.00007671,-2.09E-05,-4.77368455,14.80416404,72.41866902,-4.799511679,14.49076653,38.37653143,-0.781090249,0.064060956,0.110336464,0.611244698,-4.98702915,0.049760021,40.9988153,-0.189653232,0.446195324,6.913360535
1.312402908,-1.688184831,8.669965677,54.18686881,45.00007797,-2.15E-05,-4.806437383,14.92100708,72.78745806,-4.085071708,13.37986262,38.96049828,-0.800878358,0.066666145,0.105878405,0.585610147,-3.753432306,0.66982533,41.22004417,-0.167465548,0.503625259,6.937063138
1.321523148,-1.732126263,8.806501022,54.85235587,45.0000792,-2.20E-05,-4.82808046,15.01753949,73.1494835,-2.894107052,11.47422935,39.47314236,-0.819345241,0.068979924,0.101724245,0.559970825,-1.66871704,1.42665275,41.15024676,-0.110685383,0.515008203,6.97262791
1.327281765,-1.759957739,8.893137041,55.27425853,45.00007998,-2.24E-05,-4.837479979,15.07072277,73.3798975,-1.889005343,9.726934643,39.9010184,-0.830608753,0.07040369,0.099333518,0.543383172,0.279412656,1.809824939,41.07212352,-0.038549844,0.443282047,7.007722259
1.331419251,-1.779983911,8.955565251,55.57821056,45.00008054,-2.26E-05,-4.8426984,15.10575323,73.54613058,-1.398375324,8.767961452,40.11471437,-0.838501798,0.071435903,0.097771982,0.53127421,1.351781945,1.860277805,41.02115262,0.008751814,0.359526044,7.029976308
1.334963213,-1.797153042,9.00914991,55.83910807,45.00008102,-2.29E-05,-4.846442683,15.13397495,73.68886859,-1.138293055,8.180942083,40.23504179,-0.8451254,0.072338503,0.096554719,0.520775753,2.002621406,1.809033569,40.98535126,0.041021843,0.283710718,7.04597314
1.338176025,-1.812728686,9.057812014,56.07606476,45.00008146,-2.31E-05,-4.849471875,15.1583828,73.81847733,-0.986219455,7.758751716,40.3139434,-0.851017978,0.073178995,0.095555104,0.511157958,2.462645514,1.712247479,40.95593333,0.066400059,0.210138163,7.059670894
1.341189467,-1.827346369,9.103524353,56.29869573,45.00008187,-2.32E-05,-4.852174227,15.18046465,73.94016524,-0.909515828,7.446872284,40.36521741,-0.856446003,0.073991882,0.094711614,0.502050949,2.792405111,1.587189739,40.93063895,0.087033912,0.137947004,7.07208183
1.344082114,-1.841385768,9.147466048,56.51274758,45.00008227,-2.34E-05,-4.854798252,15.20110592,74.05703599,-0.89319418,7.219346547,40.39526926,-0.861564807,0.074798669,0.093989754,0.493231355,3.020478713,1.442215316,40.90832754,0.1038444,0.066588702,7.083715102
1.346902877,-1.8550838,9.19037272,56.7218057,45.00008265,-2.36E-05,-4.857529694,15.22088018,74.17101357,-0.929715521,7.06225334,40.40739052,-0.866468597,0.075613738,0.093369317,0.484558463,3.161891885,1.282267911,40.88832634,0.117428035,-0.004176274,7.094874551
1.349693323,-1.868642582,9.232872821,56.92893316,45.00008303,-2.38E-05,-4.860536944,15.24026036,74.28373297,-1.015218742,6.967909887,40.40328044,-0.871233157,0.076450366,0.092836081,0.475909225,3.224662838,1.111046568,40.87021694,0.127973236,-0.07441812,7.105749411
1.352490847,-1.88224481,9.275534994,57.13690167,45.00008342,-2.39E-05,-4.864041386,15.25971695,74.39664894,-1.148198819,6.931871992,40.38369657,-0.875922303,0.07732165,0.092380082,0.467169564,3.213016903,0.931228399,40.8536595,0.135639872,-0.144203039,7.116500424
1.355354762,-1.896180987,9.319266348,57.35013274,45.00008381,-2.41E-05,-4.868345219,15.27989618,74.51208855,-1.368189122,6.990303032,40.33857974,-0.880630918,0.078249051,0.091991157,0.458152703,3.073773156,0.733917809,40.84055064,0.140409373,-0.213304777,7.127236106
1.358337689,-1.910710702,9.364877038,57.57257587,45.00008422,-2.43E-05,-4.873741243,15.30136581,74.63210877,-1.645079836,7.110901077,40.27544457,-0.885435396,0.07925434,0.091664383,0.448687587,2.850973351,0.531722006,40.82856672,0.142179447,-0.281808098,7.138146202
1.361499822,-1.926132678,9.41329886,57.80877334,45.00008466,-2.45E-05,-4.880630222,15.32481225,74.75904442,-1.980623686,7.29341983,40.19328022,-0.890416252,0.080364609,0.091397528,0.438573734,2.543981862,0.327746133,40.81712088,0.140613535,-0.349779014,7.14944538
1.364930305,-1.942890558,9.465915389,58.06546857,45.00008513,-2.47E-05,-4.889632581,15.3512554,74.89634515,-2.384438501,7.545652877,40.08859165,-0.895688014,0.081620976,0.091189415,0.427510805,2.141047437,0.124634126,40.80585726,0.135347805,-0.416971128,7.161371805
1.368796979,-1.961820115,9.525333679,58.35536664,45.00008566,-2.50E-05,-4.901884146,15.38256637,75.05051507,-2.872026965,7.880875502,39.95564752,-0.901464427,0.08310041,0.09103893,0.414931467,1.622784119,-0.073848587,40.7942597,0.125598297,-0.48292525,7.174267727
1.373415295,-1.98449831,9.596466106,58.70239711,45.0000863,-2.52E-05,-4.919688167,15.42238318,75.23372075,-3.473203294,8.325033591,39.78352226,-0.908132143,0.084950866,0.090945416,0.399760293,0.951878447,-0.262277634,40.78140638,0.11010708,-0.547135131,7.18876633
1.379736439,-2.015688521,9.694137589,59.17874811,45.00008718,-2.56E-05,-4.950007746,15.48168131,75.48261842,-4.245092222,8.929468007,39.55067748,-0.916847729,0.087615213,0.090895274,0.3787504,0.05578446,-0.427813317,40.76550208,0.086093089,-0.607701187,7.206048103
1.389088677,-2.062240515,9.839377272,59.88638527,45.00008849,-2.62E-05,-5.007759456,15.58038425,75.84651436,-5.35389855,9.844645307,39.19401047,-0.928871387,0.091770345,0.09075405,0.347188497,-1.275925406,-0.532849979,40.74113171,0.045865983,-0.658344902,7.229658984
1.398457695,-2.109487019,9.985864909,60.59867912,45.00008981,-2.68E-05,-5.080139985,15.69233941,76.20565774,-6.982688001,11.26388159,38.62090341,-0.939880801,0.096053776,0.090192406,0.315060443,-3.289270916,-0.411907234,40.69666042,-0.0207267,-0.658444248,7.264517012
1.403678249,-2.136126123,10.06796268,60.99703207,45.00009054,-2.72E-05,-5.125936981,15.760025,76.40351498,-8.418766726,12.60902788,38.05228562,-0.945570158,0.098426946,0.08957381,0.29696085,-5.105007201,0.033288798,40.64206505,-0.080580047,-0.571646618,7.299365352
1.40765604,-2.156589433,10.13075953,61.30124731,45.00009111,-2.74E-05,-5.163140979,15.81403358,76.55323108,-9.120395905,13.32408608,37.74661916,-0.949692951,0.100203554,0.088916801,0.283083644,-6.012517313,0.415137883,40.61031206,-0.105976982,-0.490758912,7.318667545
1.411094833,-2.174401616,10.1852232,61.56471965,45.0000916,-2.77E-05,-5.196585592,15.862213,76.6820208,-9.568444372,13.82008357,37.53389026,-0.95310994,0.101705265,0.088203966,0.271030519,-6.599799151,0.758135311,40.58584282,-0.119874687,-0.415282364,7.333181743
1.414244157,-2.190816647,10.23524932,61.8064013,45.00009205,-2.79E-05,-5.227996771,15.90737593,76.79952378,-9.868730126,14.19177535,37.37418671,-0.956119938,0.103044983,0.087425327,0.259948472,-6.998369273,1.078613728,40.56460987,-0.127537813,-0.342109651,7.345636219
1.417220892,-2.206423802,10.28266587,62.03517801,45.00009247,-2.81E-05,-5.258150489,15.95082861,76.91026276,-10.06639669,14.48085787,37.25070491,-0.958860212,0.104274302,0.086574229,0.249437098,-7.266243101,1.384079966,40.54538984,-0.130802179,-0.270133639,7.356988659
1.420097101,-2.221589536,10.32860487,62.25654158,45.00009289,-2.83E-05,-5.287511101,15.99338431,77.01702504,-10.18127086,14.7061318,37.15594049,-0.961411202,0.105423418,0.085643162,0.239248097,-7.4292221,1.677008632,40.52760545,-0.130539217,-0.198953293,7.367683662
1.422919482,-2.236553614,10.37380373,62.4740606,45.00009329,-2.84E-05,-5.316345422,16.03556022,77.12162321,-10.22348911,14.87783422,37.08583402,-0.963821858,0.106510301,0.084624748,0.22921962,-7.500801156,1.958269499,40.51088653,-0.127095812,-0.128337022,7.377992185
1.425730459,-2.25153793,10.4189387,62.690994,45.0000937,-2.86E-05,-5.344898882,16.07785057,77.22569464,-10.19804134,15.00157179,37.03818629,-0.966131312,0.107549503,0.083507665,0.219202786,-7.487980955,2.22736033,40.4949806,-0.120765436,-0.058313583,7.388088523
1.428575239,-2.266783695,10.46473773,62.91083384,45.00009411,-2.88E-05,-5.373440111,16.12081259,77.33097182,-10.10668718,15.08060359,37.01173341,-0.968375155,0.108554504,0.082274357,0.209036861,-7.393814135,2.483643874,40.47963891,-0.111690596,0.011167554,7.398128679
1.431493144,-2.282504928,10.51184109,63.13663582,45.00009454,-2.90E-05,-5.402147998,16.16491837,77.43896934,-9.947991709,15.11619839,37.00603248,-0.970578441,0.109534203,0.08090494,0.198580309,-7.217548617,2.726356784,40.46458209,-0.099792669,0.080260194,7.408276737
1.43453531,-2.29898368,10.5610873,63.37238943,45.00009498,-2.92E-05,-5.431258596,16.21080492,77.55164681,-9.717893805,15.10752405,37.021466,-0.972768728,0.110498633,0.079369449,0.187647396,-6.955337012,2.953225213,40.44954185,-0.085059863,0.14876828,7.418674573
1.437776563,-2.31663651,10.61370951,63.62394866,45.00009545,-2.95E-05,-5.461122511,16.2594291,77.67186021,-9.408699896,15.05186283,37.05917609,-0.974981086,0.111460788,0.077619798,0.175964606,-6.599246774,3.161311451,40.43415379,-0.067280862,0.216559916,7.429505315
1.441324025,-2.336065261,10.67148291,63.8997204,45.00009597,-2.97E-05,-5.492178122,16.31215096,77.80370289,-9.006702179,14.94342817,37.12154704,-0.977257188,0.112435858,0.075581762,0.163137868,-6.134603445,3.346342745,40.41787495,-0.046065555,0.28347964,7.441035634
1.445374047,-2.358376532,10.73766796,64.21513261,45.00009657,-3.00E-05,-5.525219139,16.3714778,77.95466802,-8.489232521,14.7716133,37.21282971,-0.979667127,0.11345032,0.073116517,0.148442983,-5.536877882,3.500637548,40.39988667,-0.020707582,0.349092212,7.453646226
1.450361832,-2.386028565,10.81950441,64.604419,45.0000973,-3.03E-05,-5.561921054,16.44295325,78.14136363,-7.813453714,14.51582077,37.34119923,-0.982353007,0.114559982,0.069914212,0.130271193,-4.759457917,3.610377244,40.37867021,0.009746258,0.41248952,7.468033666
1.45761178,-2.426522746,10.93908291,65.17192783,45.00009838,-3.09E-05,-5.607477288,16.54391886,78.41418063,-6.895769974,14.1404197,37.52113145,-0.985686691,0.115915647,0.065029985,0.103713118,-3.71310273,3.652261906,40.35111237,0.047760799,0.471435277,7.4857321
1.467203106,-2.48053951,11.09838041,65.92576465,45.00009981,-3.15E-05,-5.653501443,16.67196227,78.77767817,-5.65375739,13.69537225,37.74347907,-0.989023439,0.117287625,0.058379625,0.068323272,-2.331803033,3.675766808,40.31314723,0.102114947,0.520526954,7.510866968
1.468203106,-2.486194956,11.11505886,66.00456136,45.00009996,-3.16E-05,-5.657361622,16.6849157,78.81574567,-3.947115971,12.99183026,38.05197001,-0.989299052,0.117406527,0.057686276,0.064617235,-0.457238327,3.401084313,40.25597295,0.164668375,0.520135229,7.543243541
1.469703106,-2.494685147,11.14010072,66.12282784,45.00010019,-3.17E-05,-5.662828557,16.70420104,78.87290333,-3.773510237,12.91492606,38.08284335,-0.989686446,0.117577275,0.056649102,0.059052541,-0.26861065,3.354719589,40.24936467,0.170141035,0.515850016,7.546595897
1.471953106,-2.507435093,11.17771742,66.30038844,45.00010052,-3.19E-05,-5.670315611,16.73280189,78.95876267,-3.516502375,12.79879108,38.12721019,-0.990208599,0.117817239,0.055102228,0.050692935,0.009722108,3.279551841,40.23808451,0.17785529,0.507988606,7.551617603
1.475328106,-2.526589261,11.23426203,66.56709195,45.00010103,-3.21E-05,-5.680002566,16.77496787,79.08781622,-3.140831479,12.62417435,38.19177791,-0.990857966,0.118144088,0.052810008,0.038125691,0.414808986,3.154901254,40.22090292,0.188260758,0.49300119,7.559136919
1.480390606,-2.555374479,11.31934209,66.96796515,45.0001018,-3.25E-05,-5.691333123,16.83658877,79.28194247,-2.605988508,12.36356422,38.28322653,-0.991526745,0.11857155,0.049460347,0.019213954,0.987669709,2.944051793,40.19466877,0.200993693,0.463662631,7.570391554
1.485797253,-2.586169904,11.41054484,67.39717653,45.00010262,-3.29E-05,-5.699802727,16.90033918,79.48988646,-1.889545212,11.98335004,38.40537979,-0.9918298,0.118966094,0.046039018,-0.00106034,1.746945163,2.585985769,40.15476455,0.212744926,0.405754534,7.587231054
1.490326595,-2.611997894,11.48721028,67.75760869,45.00010331,-3.32E-05,-5.704657058,16.95224009,79.66448047,-1.271558815,11.60444414,38.5118526,-0.991751513,0.119265711,0.04332371,-0.018101997,2.392766984,2.172585781,40.11230875,0.214766867,0.328713699,7.605172913
1.494475552,-2.635673252,11.55764112,68.08846535,45.00010394,-3.35E-05,-5.707872327,16.99870851,79.82464124,-0.89485482,11.31832903,38.57944063,-0.991410582,0.119528371,0.040971483,-0.033754468,2.781097864,1.824788726,40.07760244,0.207896234,0.25537132,7.62017661
1.498464254,-2.658445309,11.62553157,68.40716935,45.00010455,-3.38E-05,-5.710348018,17.04253775,79.97875139,-0.675837156,11.08677737,38.62293156,-0.990837666,0.119780037,0.038838693,-0.048836655,3.004624865,1.52273876,40.04694403,0.194789148,0.183946313,7.633901194
1.50243035,-2.681097644,11.6932091,68.72467678,45.00010516,-3.41E-05,-5.712619556,17.08535734,80.1320712,-0.585426734,10.89493859,38.64764324,-0.990027759,0.120037467,0.03684521,-0.063862934,3.09728657,1.261340641,40.01872781,0.176626823,0.113769852,7.64708007
1.506449489,-2.704061996,11.76196317,69.04705114,45.00010578,-3.44E-05,-5.71491302,17.12782577,80.28753775,-0.554525811,10.67924369,38.67163959,-0.988960682,0.120314451,0.034954257,-0.079116381,3.124782728,0.976095044,39.98915384,0.153447022,0.044448147,7.660219652
1.510613403,-2.7278641,11.83337207,69.3816969,45.00010642,-3.47E-05,-5.717778025,17.17097745,80.44863564,-0.607282792,10.45993911,38.68845257,-0.987591629,0.120628062,0.033129205,-0.094942618,3.064872093,0.695318466,39.95871084,0.12403972,-0.024357433,7.673734284
1.515093433,-2.753488855,11.91040111,69.7424974,45.00010711,-3.50E-05,-5.722016405,17.21664186,80.62190575,-0.790128772,10.27340837,38.68640271,-0.985817281,0.121004582,0.03130876,-0.111990812,2.879886629,0.470188334,39.92856313,0.088429201,-0.091877214,7.687868513
1.520182351,-2.782624447,11.99814568,70.15327609,45.0001079,-3.54E-05,-5.729040616,17.26782851,80.81852567,-1.124892416,10.12043104,38.66204419,-0.983421078,0.121489929,0.029401199,-0.131372561,2.555589792,0.315072606,39.89751694,0.045681535,-0.157736863,7.703157392
1.526520188,-2.818973003,12.10778681,70.66626547,45.00010889,-3.59E-05,-5.742195837,17.33102423,81.06289297,-1.661452814,10.00671281,38.60702082,-0.979869284,0.122186189,0.027217476,-0.155518266,2.056059058,0.259897802,39.86354045,-0.005883712,-0.220878433,7.720573335
1.53365241,-2.86000114,12.23164872,71.24540192,45.00011,-3.64E-05,-5.764156845,17.40207188,81.33691997,-2.52055867,9.950224385,38.50010265,-0.97512021,0.123087071,0.024925108,-0.182671533,1.294252062,0.378357131,39.82210244,-0.069995935,-0.278049636,7.742287821
1.542196647,-2.909402817,12.3807024,71.94176025,45.00011134,-3.70E-05,-5.801632504,17.48803737,81.66344339,-3.659825678,9.988644063,38.33487156,-0.968389003,0.124295073,0.022239439,-0.21512527,0.348323496,0.749380915,39.77495205,-0.134752584,-0.309721186,7.766719329
1.552196647,-2.9677026,12.55609512,72.76029387,45.00011292,-3.77E-05,-5.860965411,17.59106958,82.04273871,-5.114655126,10.15151709,38.08971925,-0.959087948,0.125784701,0.018896709,-0.252925741,-0.746773344,1.467116973,39.7156091,-0.191256972,-0.300005251,7.795951141
1.55937118,-3.009934686,12.68257598,73.34988182,45.00011406,-3.83E-05,-5.91299262,17.66765423,82.31273142,-6.730203149,10.49213435,37.76070807,-0.951487353,0.126805202,0.016195259,-0.279874921,-1.758046987,2.579187383,39.64225845,-0.213645278,-0.229455094,7.830046732
1.565023021,-3.043480748,12.78260584,73.81569837,45.00011496,-3.87E-05,-5.958382272,17.72988763,82.52418888,-7.728854475,10.86135685,37.50630644,-0.944964915,0.127519461,0.013817635,-0.300980347,-2.190938459,3.504586027,39.58970766,-0.19348015,-0.14946813,7.854178376
1.570273726,-3.074882548,12.87585538,74.24952238,45.0001158,-3.91E-05,-6.00287956,17.78921744,82.71978337,-8.297113963,11.16148716,37.32522729,-0.938489133,0.128074602,0.011382975,-0.320476943,-2.292770332,4.16074666,39.54775442,-0.155946991,-0.076551719,7.873013047
1.575537816,-3.106602362,12.96965911,74.68548134,45.00011664,-3.95E-05,-6.048603812,17.8501179,82.91519203,-8.616823169,11.43627111,37.1812846,-0.931598672,0.128497615,0.008712772,-0.339906407,-2.18982314,4.660690511,39.50909391,-0.106235028,-0.006398461,7.890430398
1.581141789,-3.140635075,13.06987579,75.15071737,45.00011754,-3.99E-05,-6.097189674,17.91641679,83.12264514,-8.718145412,11.69945343,37.0658996,-0.92382861,0.128774847,0.005620645,-0.360452697,-1.902839967,5.017737563,39.47107412,-0.045168029,0.061530323,7.907839494
1.586298972,-3.172192196,13.16243401,75.57988753,45.00011837,-4.03E-05,-6.140641088,17.97864371,83.3132077,-8.580039199,11.95801882,36.97791873,-0.916283671,0.128854651,0.002563389,-0.37922835,-1.417495951,5.207872659,39.43154229,0.028069394,0.126339107,7.926329512
1.591400963,-3.203626829,13.2543201,76.00543127,45.0001192,-4.07E-05,-6.18141508,18.04120715,83.50155281,-8.238073781,12.16994261,36.92868803,-0.908447869,0.128758683,-6.35E-04,-0.397672312,-0.838371482,5.193150225,39.39580798,0.098550395,0.175507951,7.943314046
1.596797911,-3.237096706,13.35186822,76.45662231,45.00012008,-4.12E-05,-6.221205196,18.10829725,83.70073753,-7.717624923,12.35040381,36.90746097,-0.899755853,0.128465302,-0.00416916,-0.417035597,-0.177320911,4.9965694,39.36061148,0.16675093,0.211496648,7.96009162
1.602933179,-3.27539141,13.46320373,76.97084353,45.00012108,-4.17E-05,-6.261080384,18.18524832,83.92732425,-7.002998092,12.50584752,36.91011792,-0.889368621,0.127898881,-0.008314115,-0.438857845,0.573091252,4.601705158,39.32290536,0.232748745,0.234113642,7.97781481
1.61213608,-3.333228319,13.6310814,77.74478845,45.00012259,-4.24E-05,-6.304967003,18.29771546,84.26887181,-5.842735561,12.44418023,36.99673891,-0.872757883,0.126689525,-0.014595112,-0.471201045,1.395927966,3.670267935,39.27256534,0.293142176,0.239430512,7.998094624
1.621868673,-3.394733484,13.80972643,78.56670936,45.00012419,-4.32E-05,-6.330840969,18.41223811,84.63212972,-3.703393813,11.99702048,37.22416121,-0.85380514,0.125203135,-0.021004132,-0.504876009,2.373158351,1.62449983,39.17921545,0.317567272,0.213628122,8.030528709
1.628062303,-3.433970066,13.92398483,79.0916076,45.00012522,-4.37E-05,-6.338150356,18.48296332,84.86408664,-1.688322771,11.54523408,37.4111014,-0.840984089,0.124287903,-0.024814445,-0.5260062,2.995175074,-0.443021346,39.0712942,0.251685827,0.156177176,8.06574609
1.632436749,-3.461701232,14.00494519,79.46319973,45.00012595,-4.40E-05,-6.340215598,18.53206098,85.02812497,-0.724100569,11.299112,37.48414958,-0.831568025,0.123702302,-0.027340286,-0.54078172,3.138778785,-1.514880536,39.00139649,0.16656257,0.113072109,8.088274379
1.636232395,-3.485767559,14.07536639,79.78620661,45.00012658,-4.43E-05,-6.340644582,18.57417793,85.1705194,-0.251365457,11.15195342,37.51086381,-0.82315466,0.123252039,-0.029409536,-0.553498347,3.126302247,-2.092278306,38.95308408,0.091150686,0.083230038,8.104191447
1.639751158,-3.508078519,14.14079269,80.08613368,45.00012717,-4.46E-05,-6.340441183,18.6128805,85.30252163,-1.55E-04,11.04296941,37.5169571,-0.81515297,0.122891354,-0.031222579,-0.565197755,3.047298492,-2.4498455,38.91248479,0.018330403,0.05933674,8.117994525
1.64314278,-3.529582379,14.20398342,80.3756633,45.00012774,-4.49E-05,-6.34015676,18.64992048,85.42970441,0.093086297,10.95702274,37.50849,-0.807256631,0.122600261,-0.032874176,-0.576389795,2.925851295,-2.651852023,38.87619978,-0.052933588,0.039721638,8.130780123
1.646511444,-3.550940184,14.26687039,80.6636599,45.00012831,-4.52E-05,-6.34021751,18.68649321,85.55593622,0.053539018,10.88687343,37.48770719,-0.799235779,0.12236858,-0.034423905,-0.587420714,2.77342914,-2.724093318,38.84253437,-0.123092731,0.023885785,8.143092496
1.649957853,-3.572792335,14.33133589,80.95874301,45.00012888,-4.54E-05,-6.34106166,18.72372224,85.68494711,-0.109912909,10.82818189,37.45510111,-0.790847263,0.122191072,-0.035920841,-0.59861477,2.59669763,-2.676318364,38.81031672,-0.192310689,0.011519887,8.155310043
1.653586651,-3.595806619,14.39935169,81.26992253,45.0001295,-4.57E-05,-6.343534255,18.76301079,85.82051756,-0.399999855,10.77766984,37.40981369,-0.781817035,0.122065902,-0.037408575,-0.610297172,2.399489523,-2.507384716,38.77844503,-0.260583437,0.002668051,8.167797707
1.656,-3.611119067,14.44466512,81.47714593,45.0001299,-4.59E-05,-6.346439383,18.78934333,85.91046369,-0.983153154,10.87740937,37.30717094,-0.775700596,0.122012965,-0.038353542,-0.6180052,2.292019039,-2.019627071,38.75277259,-0.326044335,-0.003202838,8.180746367
1.659620023,-3.634104284,14.51275488,81.78838742,45.00013052,-4.62E-05,-6.352942567,18.82912651,86.0449819,-1.431617204,10.94470367,37.23264323,-0.766362599,0.121968777,-0.039714426,-0.629471801,2.226778671,-1.638180997,38.73581815,-0.364118716,-0.005663529,8.18918996
1.665050057,-3.668638963,14.61516093,82.25616022,45.00013144,-4.67E-05,-6.368038215,18.889351,86.2457286,-2.174247409,11.03323782,37.08509949,-0.751995861,0.121951162,-0.041659092,-0.646447723,2.141793551,-0.998413151,38.68048842,-0.411644557,-0.007441012,8.201689411
1.673195109,-3.720641338,14.76938655,82.9598546,45.00013282,-4.73E-05,-6.403620279,18.98053945,86.54444387,-3.403145968,11.14290121,36.85267074,-0.729664929,0.121920179,-0.04447221,-0.671376783,2.053901448,0.067278573,38.59588,-0.459175493,-0.006455395,8.220199598
1.683195109,-3.784982458,14.95975349,83.8271168,45.00013454,-4.81E-05,-6.468121056,19.09279301,86.90732549,-5.332884638,11.23015622,36.49696363,-0.701035623,0.12160725,-0.048015387,-0.701038697,2.033338134,1.740979354,38.46321553,-0.471959969,2.85E-04,8.247662983
1.688738359,-3.820957079,15.06576128,84.30941933,45.00013549,-4.86E-05,-6.512342002,19.15465846,87.10683131,-7.492746959,11.19617553,36.08887002,-0.684622513,0.121182477,-0.050131166,-0.717003269,2.197751365,3.588683334,38.29090471,-0.393103856,0.009599774,8.281100264
1.692921652,-3.848275422,15.14598791,84.6741264,45.00013621,-4.89E-05,-6.548707031,19.20102682,87.25674328,-8.420461616,11.12014304,35.89793033,-0.671991418,0.120704781,-0.05183415,-0.728814867,2.3594839,4.353228833,38.19300186,-0.311408943,0.011793716,8.299540981
1.696604099,-3.872452057,15.21676943,84.99568716,45.00013685,-4.93E-05,-6.582221319,19.2415812,87.38832531,-8.936698645,11.04703926,35.77739947,-0.660703342,0.120158837,-0.053420421,-0.739039381,2.50047527,4.754022052,38.1191667,-0.236575078,0.011112551,8.313412936
1.700036694,-3.895100958,15.28288255,85.29586603,45.00013744,-4.95E-05,-6.614234311,19.27915944,87.51071852,-9.241150148,10.97887949,35.68997895,-0.6500415,0.119537463,-0.054977665,-0.748421205,2.628907581,4.96351803,38.05471827,-0.164041155,0.008504834,8.325593423
1.70336868,-3.917191286,15.34718053,85.58764823,45.00013802,-4.98E-05,-6.645214661,19.31509759,87.62945038,-9.387588373,10.9155104,35.62541232,-0.639565169,0.118828782,-0.056563864,-0.757388041,2.742451737,5.028083977,37.99529597,-0.093052101,0.004423178,8.336923557
1.706826929,-3.940226443,15.41404019,85.89090592,45.00013862,-5.01E-05,-6.676457269,19.35152761,87.75276615,-9.188390157,10.65884163,35.6443548,-0.62856001,0.117989702,-0.05828822,-0.766546298,2.600071888,4.79064999,37.93213343,-0.024432596,0.001110599,8.348152687
1.710532189,-3.965024259,15.48581359,86.21629774,45.00013927,-5.04E-05,-6.708444639,19.38968357,87.88501556,-8.860434608,10.4143215,35.67379777,-0.616619786,0.116985239,-0.06022169,-0.776188019,2.437841663,4.442193243,37.86699207,0.04320629,5.29E-04,8.360172079
1.714646177,-3.992691922,15.56566814,86.57815797,45.00013999,-5.08E-05,-6.741640521,19.43117713,88.0320203,-8.385796632,10.18855581,35.71142433,-0.603181594,0.115760107,-0.062466251,-0.786682611,2.250980206,3.964813748,37.79745259,0.109639304,0.003378198,8.373294784
1.719524524,-4.025668514,15.66057843,87.00803434,45.00014084,-5.12E-05,-6.777204059,19.47955278,88.2065465,-7.732614716,9.994443434,35.75383665,-0.586999222,0.114188745,-0.0652463,-0.798834003,2.032872605,3.327334873,37.72022451,0.174081069,0.010956183,8.38803065
1.726089593,-4.070298968,15.78867498,87.58788802,45.00014199,-5.18E-05,-6.81768576,19.54410684,88.44163919,-6.828670917,9.856104649,35.79493297,-0.564795513,0.111942066,-0.069147306,-0.814673955,1.769061622,2.458651016,37.62813081,0.235230197,0.026192348,8.405615082
1.735746235,-4.136359871,15.9778681,88.44360661,45.00014369,-5.26E-05,-6.861246495,19.64046916,88.78725751,-5.49199624,9.843674564,35.81617239,-0.531240144,0.108565261,-0.075063738,-0.83687689,1.42662437,1.175944779,37.50253396,0.287161015,0.057159934,8.429343421
1.744784876,-4.198500835,16.15581478,89.24758046,45.00014529,-5.34E-05,-6.886757769,19.73510508,89.10951297,-3.569772205,10.17911083,35.74221992,-0.49886232,0.105556646,-0.080572871,-0.856447425,1.010385104,-0.718904727,37.31388687,0.296490553,0.122153533,8.464222913
1.752135182,-4.249172241,16.30117101,89.90352081,45.0001466,-5.40E-05,-6.900292917,19.81694579,89.36983744,-2.168839033,10.79740837,35.54385874,-0.471845812,0.103341315,-0.084875594,-0.871480485,0.799776561,-2.23073299,37.13540052,0.238110554,0.197145668,8.49675364
1.757688554,-4.287520617,16.41140582,90.40036616,45.00014759,-5.45E-05,-6.910912477,19.88406267,89.56449799,-1.738798953,11.60758096,35.23834201,-0.451038197,0.101810611,-0.087948706,-0.882306165,1.100376637,-3.034794295,37.00107161,0.155319188,0.259464979,8.522886583
1.762935794,-4.323815648,16.51591877,90.87081096,45.00014853,-5.50E-05,-6.923551295,19.95200397,89.74652813,-2.129363286,12.54905542,34.86584776,-0.431081225,0.100429506,-0.090665719,-0.892111327,1.952000322,-3.307261445,36.91736768,0.083082308,0.287681025,8.541203618
1.768202796,-4.360323082,16.62119382,91.34398336,45.00014948,-5.55E-05,-6.93980845,20.02384246,89.92746674,-2.719492834,13.32232286,34.51802617,-0.410775365,0.099052006,-0.093181343,-0.901537319,2.774624046,-3.415576648,36.8376079,0.013079662,0.292140305,8.557654802
1.773771051,-4.399024201,16.73290991,91.84525097,45.00015048,-5.59E-05,-6.961653931,20.10258159,90.11702707,-3.475594348,13.92251539,34.19449511,-0.38902789,0.097541874,-0.095591703,-0.911046162,3.564530985,-3.381389119,36.75649621,-0.055208999,0.274965324,8.573757423
1.7800499,-4.442828725,16.85941442,92.41174861,45.00015162,-5.65E-05,-6.992476782,20.19297357,90.32906408,-4.38202372,14.31407444,33.90167641,-0.364184092,0.095690895,-0.097998093,-0.921200072,4.304970902,-3.199934855,36.66941729,-0.12144923,0.23498558,8.590548062
1.785628851,-4.48192853,16.97229367,92.91621303,45.00015264,-5.70E-05,-7.02521348,20.27294299,90.51641235,-5.429973933,14.41766601,33.65463735,-0.341846321,0.093848468,-0.099873246,-0.929709036,4.958067175,-2.840372045,36.56963469,-0.184083688,0.166688321,8.609320792
1.790397505,-4.515503262,17.0691285,93.34823539,45.00015351,-5.74E-05,-7.05669796,20.33981418,90.67613483,-6.285820427,14.20444659,33.52205112,-0.322572028,0.092087536,-0.101301287,-0.936592345,5.329869083,-2.413565258,36.47976084,-0.225635586,0.090522106,8.625907185
1.794874635,-4.547167692,17.1603293,93.75453974,45.00015433,-5.78E-05,-7.088588888,20.40054179,90.826023,-6.895602742,13.81205326,33.47674714,-0.304335302,0.090257604,-0.102518593,-0.942721341,5.469225002,-1.995412212,36.4022068,-0.248784292,0.01813494,8.640030915
1.799309333,-4.578676469,17.2509283,94.15765519,45.00015514,-5.82E-05,-7.121714122,20.45815571,90.97464998,-7.324609666,13.29474678,33.48888319,-0.286146058,0.088266431,-0.103631246,-0.948467203,5.442344465,-1.580729723,36.32888212,-0.259459415,-0.052228554,8.653252319
1.803925975,-4.611635371,17.34550806,94.57801062,45.00015599,-5.87E-05,-7.156443397,20.51449889,91.12992264,-7.585674775,12.67390039,33.54720852,-0.267086142,0.086005142,-0.104720956,-0.954097285,5.266194527,-1.169774375,36.25581657,-0.259090683,-0.120862662,8.666314036
1.809756605,-4.653484927,17.46531194,95.10993048,45.00015707,-5.92E-05,-7.198101442,20.57891808,91.32742259,-7.396388958,11.69804074,33.73431702,-0.24284081,0.082908987,-0.106057781,-0.960680065,4.559584316,-0.678437398,36.17049606,-0.246666917,-0.184244523,8.680254566
1.81850255,-4.716686816,17.645669,95.90998118,45.00015869,-6.00E-05,-7.253011566,20.66226058,91.62663694,-6.851154237,10.40847889,34.01242006,-0.206127102,0.077910417,-0.108147902,-0.969404774,3.452206363,-0.068287468,36.05824557,-0.212022755,-0.239706015,8.698746973
1.821,-4.734818046,17.69729876,96.1389215,45.00015916,-6.02E-05,-7.266615832,20.68355731,91.71265454,-5.645642549,8.723894764,34.39662152,-0.195570561,0.076436436,-0.108791767,-0.971634694,1.707488587,0.680311973,35.88493904,-0.124209532,-0.265242797,8.727216695
1.824746175,-4.762073659,17.77483627,96.48271916,45.00015985,-6.06E-05,-7.283696117,20.71062759,91.82903063,-5.24651654,8.33974805,34.48561478,-0.179677528,0.07421213,-0.109814059,-0.974756081,1.224824549,0.836426356,35.8348316,-0.092569241,-0.259790063,8.735383457
1.829628141,-4.79767151,17.87600722,96.93131921,45.00016076,-6.10E-05,-7.29828449,20.73403468,91.94211562,-3.87297425,6.136991853,27.64075683,-0.158865936,0.071321652,-0.111263499,-0.978414672,0.540143152,1.007341931,28.55464138,-0.041165158,-0.241624363,8.747458592
1.834,-4.829593926,17.96667993,97.33342998,45.00016158,-6.14E-05,-7.304214502,20.74457169,92.00614721,-2.11411187,3.496499017,18.67833632,-0.140140607,0.068774236,-0.112684361,-0.98129147,-0.249778415,1.100781015,19.08667372,0.03086903,-0.20165815,8.761651266
1.838613259,-4.863291186,18.06238662,97.75795886,45.00016244,-6.19E-05,-7.303494345,20.74576756,92.03412469,-0.614510271,1.359130352,10.60696149,-0.120301113,0.066160011,-0.114311232,-0.983912312,-0.829373182,1.048602426,10.62756149,0.097228437,-0.152806345,8.771970498
1.843426513,-4.898428661,18.16222387,98.20092323,45.00016334,-6.23E-05,-7.295675739,20.73690234,92.01849723,0.902351939,-0.804497611,1.514927744,-0.099526492,0.063540063,-0.11613958,-0.986188996,-1.285511806,0.849582636,1.175640353,0.165878831,-0.091227293,8.779891659
1.847,-4.92448286,18.23630572,98.52968386,45.000164,-6.26E-05,-7.285722041,20.72420507,91.9771747,2.314823831,-2.846255387,-8.015277738,-0.084062046,0.061677254,-0.117572467,-0.987575923,-1.577184757,0.489818844,-8.658915755,0.232392367,-0.020007829,8.784553599
1.851561738,-4.95768163,18.33079541,98.94907636,45.00016485,-6.31E-05,-7.269048605,20.70196653,91.89109469,3.237461881,-4.246031101,-15.11496222,-0.064281824,0.059408694,-0.119474745,-0.988971304,-1.670378685,0.130832702,-15.94254498,0.276411471,0.03468798,8.785516842
1.85651513,-4.993637998,18.43327017,99.40393725,45.00016577,-6.35E-05,-7.248546735,20.6728318,91.75837788,3.957290822,-5.406939964,-22.65395099,-0.042771135,0.057074285,-0.121592688,-0.99001433,-1.497402521,-0.53185718,-23.57056553,0.323222672,0.103210819,8.783569137
1.86,-5.018871829,18.50527234,99.72350362,45.00016642,-6.38E-05,-7.233301638,20.64951124,91.64043954,4.293667387,-6.354830741,-30.93245401,-0.0276295,0.055494992,-0.123081817,-0.99045837,-0.882585429,-1.575731071,-31.81782958,0.353721853,0.164395303,8.776867639
1.865227304,-5.056625175,18.61312261,100.2020329,45.00016739,-6.43E-05,-7.21203688,20.61563181,91.44772908,4.44604331,-7.033840283,-36.75193615,-0.004922935,0.053188614,-0.125256097,-0.990685443,-0.410616974,-2.342052155,-37.60708984,0.360333595,0.196614549,8.769545182
1.873068261,-5.113074314,18.77460124,100.9179305,45.00016884,-6.50E-05,-7.188114001,20.57462729,91.15654576,3.675104708,-5.945556628,-36.97929842,0.029080149,0.049762896,-0.128234837,-0.990067586,0.309813382,-3.484220108,-37.4711726,0.346553625,0.226915117,8.755335156
1.878568014,-5.152574966,18.88769109,101.4187044,45.00016986,-6.55E-05,-7.177180451,20.55141622,90.95109138,2.420532036,-4.580148469,-37.27967076,0.052860397,0.047300333,-0.130017058,-0.988971193,1.313140199,-5.043779303,-37.27528055,0.275142056,0.232987527,8.730494206
1.882744934,-5.182541542,18.97349973,101.7982732,45.00017063,-6.59E-05,-7.171864974,20.53584416,90.79465388,1.568067014,-3.904768669,-37.42211012,0.070868747,0.045355876,-0.131158429,-0.987784355,1.890729433,-5.915244316,-37.14236672,0.193763462,0.211828627,8.712157858
1.886426645,-5.208940583,19.04908291,102.1322988,45.00017131,-6.62E-05,-7.169037788,20.52297484,90.65666932,0.990640443,-3.579328634,-37.47470223,0.086697671,0.043569561,-0.131996798,-0.986489763,2.228312185,-6.403936728,-37.04281966,0.118950156,0.184237164,8.69802924
1.889871872,-5.233636907,19.11976893,102.4444093,45.00017195,-6.66E-05,-7.167690542,20.51120834,90.52762223,0.55909969,-3.433527215,-37.47450334,0.101467371,0.041825456,-0.13263243,-0.985070374,2.44190997,-6.691012536,-36.95548037,0.046572328,0.153427261,8.685512017
1.893216478,-5.257609142,19.18835162,102.7469793,45.00017256,-6.69E-05,-7.167298753,20.49966595,90.40255004,0.237390514,-3.415677634,-37.43220562,0.115762427,0.040058096,-0.133109834,-0.983501999,2.566010485,-6.828930889,-36.87376464,-0.024396075,0.120437722,8.673776434
1.896562936,-5.281594436,19.25693299,103.0492987,45.00017318,-6.72E-05,-7.167507378,20.48766464,90.27774095,0.011942262,-3.502805955,-37.35181449,0.130019074,0.038211937,-0.133451214,-0.981746231,2.615376073,-6.838763255,-36.79427895,-0.094243027,0.085806206,8.662378927
1.90001209,-5.306317112,19.32757568,103.3604594,45.00017382,-6.75E-05,-7.168013737,20.47450629,90.14957775,-0.120603338,-3.684503918,-37.23389196,0.144661076,0.036225235,-0.133665219,-0.979742065,2.595884153,-6.727254624,-36.71455101,-0.163192298,0.049564376,8.650979982
1.903675691,-5.332578638,19.40255859,103.6904831,45.00017449,-6.78E-05,-7.168356009,20.45922674,90.01414868,-0.155473853,-3.958934811,-37.07602256,0.160151541,0.034022241,-0.133748795,-0.977397171,2.507044853,-6.490136856,-36.63224857,-0.231114395,0.011825712,8.639242835
1.907830058,-5.362357977,19.48751422,104.0641177,45.00017526,-6.82E-05,-7.1678457,20.43982333,89.86164473,-0.012513033,-4.393853817,-36.85095337,0.177635277,0.031414559,-0.133683672,-0.974467808,2.299511455,-6.028855889,-36.54673742,-0.296945485,-0.027127903,8.626879171
1.912971691,-5.399206552,19.5925395,104.5256717,45.0001762,-6.87E-05,-7.165112974,20.4124193,89.67463589,0.280295263,-4.956915628,-36.56287217,0.199146147,0.028043502,-0.133408063,-0.970441478,1.997711816,-5.37258626,-36.45048235,-0.360235607,-0.067903462,8.613027806
1.920684142,-5.454433117,19.74978821,105.2162129,45.00017761,-6.94E-05,-7.154956805,20.36405983,89.39791631,0.810904054,-5.707605521,-36.17650278,0.231128623,0.022756136,-0.132715478,-0.963560232,1.550301378,-4.412149811,-36.33322418,-0.418243333,-0.111798535,8.596039429
1.930684142,-5.525863644,19.95306666,106.1084249,45.00017944,-7.03E-05,-7.128622223,20.28975602,89.0456042,1.861959976,-6.815715155,-35.58588321,0.272050473,0.015692385,-0.131633368,-0.953108045,0.793305507,-2.810217946,-36.16281644,-0.456715808,-0.160403895,8.57075564
1.938513066,-5.581556474,20.11166299,106.8044912,45.00018087,-7.10E-05,-7.097392246,20.2250598,88.77407801,3.411654811,-7.97063853,-34.89999527,0.303626093,0.010189445,-0.130894977,-0.943702218,-0.194208729,-0.785422157,-35.95171111,-0.416008454,-0.189644601,8.538198608
1.943190319,-5.614701105,20.20616725,107.2193335,45.00018172,-7.14E-05,-7.07488222,20.18501215,88.61322209,4.532216214,-8.492172912,-34.48630903,0.322286527,0.006979681,-0.130573561,-0.937567717,-0.884374773,0.487281549,-35.79027708,-0.321373467,-0.187382421,8.512828744
1.947195433,-5.642995116,20.28694147,107.5739647,45.00018244,-7.18E-05,-7.053825529,20.15054265,88.47607311,5.072146242,-8.607433515,-34.30430816,0.338140009,0.004302484,-0.130390221,-0.932009234,-1.238776693,1.028349039,-35.69324961,-0.245350867,-0.177348418,8.497719267
1.950921122,-5.669237257,20.36195673,107.903362,45.00018312,-7.21E-05,-7.033137383,20.11869475,88.34885587,5.424016813,-8.587696412,-34.18871938,0.352780972,0.001883353,-0.130302353,-0.926586928,-1.501593678,1.3355043,-35.6089689,-0.17266311,-0.164605129,8.484808818
1.95446205,-5.694104622,20.43314201,108.2159854,45.00018376,-7.24E-05,-7.012351134,20.08842742,88.22831226,5.701235548,-8.530481386,-34.09750842,0.366598882,-3.43E-04,-0.130296824,-0.921210008,-1.716789786,1.563029035,-35.5319976,-0.101315721,-0.149868622,8.472849446
1.957761686,-5.717209661,20.49938003,108.5069219,45.00018436,-7.27E-05,-6.992138296,20.06026818,88.11627249,6.020623018,-8.552469746,-33.99311562,0.379388812,-0.002348052,-0.130364949,-0.916004146,-1.895506499,1.878426562,-35.46552014,-0.028845547,-0.133816711,8.461850106
1.960963955,-5.739568315,20.56357493,108.78892,45.00018493,-7.30E-05,-6.972076615,20.03318327,88.00772929,6.213530126,-8.505263298,-33.92121252,0.391720269,-0.004224057,-0.130500744,-0.910772718,-2.019777266,2.049265275,-35.40221929,0.042194676,-0.117529347,8.451916378
1.964143008,-5.761701071,20.62721927,109.0685301,45.00018551,-7.33E-05,-6.95204887,20.00670261,87.90009048,6.299234788,-8.402014296,-33.87375847,0.403881825,-0.006016602,-0.130702977,-0.905405988,-2.103835781,2.09888563,-35.33941525,0.112411355,-0.101204116,8.442461425
1.967390371,-5.784243923,20.69214512,109.3537952,45.00018609,-7.36E-05,-6.931805859,19.98022406,87.79019536,6.283918478,-8.249912368,-33.84697911,0.416220133,-0.007775484,-0.130976021,-0.899747534,-2.154986785,2.03587694,-35.2757412,0.181606844,-0.084926255,8.433194457
1.97079688,-5.807821794,20.76016168,109.6526569,45.0001867,-7.39E-05,-6.911158811,19.95320547,87.6749117,6.166594545,-8.0514083,-33.83873183,0.429069154,-0.009543827,-0.131328905,-0.893622568,-2.178160464,1.860334514,-35.20946759,0.249942438,-0.068744978,8.423812085
1.97449124,-5.833314343,20.83382341,109.9763286,45.00018736,-7.42E-05,-6.889851925,19.92490554,87.54981515,5.938118489,-7.806244127,-33.84850772,0.44289241,-0.01137735,-0.131778729,-0.886764476,-2.175984682,1.563647118,-35.13887124,0.317203676,-0.05262249,8.414033922
1.978684682,-5.86215896,20.91731234,110.3431657,45.00018811,-7.46E-05,-6.867531073,19.89415274,87.40765166,5.57835844,-7.510482102,-33.87728976,0.4584384,-0.013362141,-0.132357041,-0.878713435,-2.149644215,1.125481327,-35.06149608,0.383068781,-0.03663969,8.403483685
1.983879181,-5.897767694,21.02055797,110.7967465,45.00018904,-7.50E-05,-6.843328193,19.85813772,87.23120658,5.047546088,-7.154894326,-33.92822208,0.477474896,-0.015701165,-0.133138149,-0.868357893,-2.099009782,0.505002187,-34.97332724,0.446301863,-0.020960197,8.39156045
1.991670929,-5.950973771,21.17509005,111.4753963,45.00019043,-7.57E-05,-6.815453316,19.80819306,86.96568653,4.249466791,-6.7147768,-34.00956757,0.505551202,-0.019038036,-0.134334286,-0.852062108,-2.021062868,-0.397251051,-34.86480142,0.504081747,-0.005424893,8.37685273
2.001670929,-6.019014096,21.3728757,112.3433433,45.00019221,-7.66E-05,-6.795589061,19.74990615,86.62344378,2.886946113,-6.126749623,-34.14423371,0.540693706,-0.023226539,-0.135644,-0.829886467,-1.907570908,-1.883333869,-34.70611533,0.541816519,0.009841457,8.354898555
2.009187688,-6.070079153,21.52117978,112.9935,45.00019354,-7.72E-05,-6.793152604,19.71026841,86.36493801,1.06207641,-5.533508033,-34.30966486,0.566410374,-0.026476731,-0.136236775,-0.812353256,-1.864206254,-3.80839133,-34.50973356,0.500573901,0.016570665,8.326770441
2.01326541,-6.097784481,21.60151126,113.3453856,45.00019427,-7.76E-05,-6.795885555,19.6900104,86.22434556,-0.357605149,-5.052379415,-34.45699519,0.580098719,-0.028324507,-0.136346182,-0.802553996,-2.059389491,-5.302045421,-34.35965899,0.400025284,0.019677482,8.304760909
2.016703185,-6.121153701,21.66917231,113.6416016,45.00019488,-7.79E-05,-6.799889627,19.67332313,86.10575317,-0.959574812,-4.895756792,-34.49356923,0.59149156,-0.029943397,-0.136300886,-0.794143058,-2.191756029,-5.897549915,-34.27988692,0.323533717,0.022985857,8.292541607
2.019840968,-6.14249739,21.73087925,113.911613,45.00019543,-7.81E-05,-6.804555918,19.65824597,85.99754325,-1.35110461,-4.820809635,-34.49556263,0.60177066,-0.031475794,-0.13614104,-0.786350408,-2.309807163,-6.257729735,-34.21279205,0.250214836,0.026980796,8.282169444
2.022806755,-6.162685571,21.78916034,114.1665119,45.00019595,-7.84E-05,-6.809560753,19.64401352,85.8953642,-1.606352357,-4.795792614,-34.47268538,0.61137999,-0.032975534,-0.135881441,-0.778885971,-2.417442594,-6.464397312,-34.15133337,0.178276914,0.03158769,8.272673312
2.025698245,-6.18238278,21.84594066,114.4147336,45.00019647,-7.86E-05,-6.814727899,19.63006095,85.79589969,-1.753163032,-4.80727064,-34.4289395,0.620647929,-0.034487318,-0.135524703,-0.771517872,-2.514884533,-6.548870814,-34.09285781,0.107449567,0.036820287,8.26368564
2.028571099,-6.201967929,21.90231486,114.6610709,45.00019697,-7.89E-05,-6.819885736,19.61604471,85.69728444,-1.805959036,-4.84796353,-34.36589774,0.629756644,-0.036038236,-0.135068643,-0.764110121,-2.602205259,-6.526855032,-34.03539124,0.037339883,0.042673312,8.254919722
2.031485648,-6.221852199,21.95946581,114.9106945,45.00019749,-7.91E-05,-6.82488587,19.60160085,85.59750395,-1.7702694,-4.913466843,-34.284243,0.638895193,-0.037660719,-0.134503873,-0.75650731,-2.67820705,-6.404647802,-33.97783133,-0.032051905,0.04912083,8.246212139
2.034502758,-6.242450827,22.01858307,115.1687961,45.00019802,-7.94E-05,-6.829548583,19.5863517,85.49454708,-1.646471204,-5.001186391,-34.18354563,0.648245666,-0.039390266,-0.133814171,-0.748545076,-2.74143662,-6.182433225,-33.91901487,-0.100716034,0.056164085,8.237383763
2.037700123,-6.264294186,22.08118145,115.4419795,45.00019858,-7.97E-05,-6.833631842,19.56981062,85.385863,-1.429873258,-5.109742977,-34.06252148,0.658031881,-0.04127508,-0.132972292,-0.740005933,-2.789408863,-5.854712344,-33.85780445,-0.168570503,0.063803238,8.228253547
2.041196843,-6.288195405,22.14957927,115.740343,45.0001992,-8.00E-05,-6.83675862,19.55123103,85.26755525,-1.109416131,-5.238722077,-33.91864543,0.668588194,-0.043391513,-0.131930369,-0.730548685,-2.818443587,-5.408691026,-33.79277967,-0.235541817,0.07195761,8.218590075
2.045204932,-6.315601493,22.22789859,116.0818324,45.0001999,-8.03E-05,-6.838221759,19.52928088,85.13270801,-0.6636088,-5.388981578,-33.7471719,0.680498693,-0.045877407,-0.130597137,-0.719556238,-2.82254643,-4.819461784,-33.72179014,-0.301070805,0.080496005,8.208038424
2.050187491,-6.349670433,22.32513444,116.5055959,45.00020077,-8.08E-05,-6.836334967,19.50104296,84.9662582,-0.05032284,-5.563279486,-33.53895387,0.695019741,-0.049034523,-0.128767094,-0.705664375,-2.790588567,-4.038149941,-33.64104633,-0.364224485,0.089314186,8.195967073
2.057661328,-6.400728025,22.47071863,117.1396942,45.00020208,-8.14E-05,-6.8249466,19.45702007,84.71900305,0.824042254,-5.767321162,-33.27410304,0.716201777,-0.053838602,-0.125768966,-0.684352677,-2.698097303,-2.956093627,-33.5423427,-0.422348923,0.097752587,8.180997376
2.067661328,-6.468834155,22.66498549,117.985247,45.00020383,-8.23E-05,-6.793304183,19.39610011,84.39227465,2.23372083,-5.998342526,-32.89698355,0.743404329,-0.060198181,-0.121564763,-0.654941365,-2.481067907,-1.251099568,-33.39850596,-0.462953433,0.102846899,8.158576757
2.076315374,-6.527454692,22.83260964,118.7143696,45.00020534,-8.30E-05,-6.752472715,19.3428465,84.1125888,4.057209845,-6.15353109,-32.46602148,0.765881295,-0.06543999,-0.11803527,-0.628658194,-2.069346676,0.916406244,-33.21516899,-0.429161779,0.091057447,8.128653348
2.081140037,-6.559969311,22.92586123,119.1198104,45.00020618,-8.34E-05,-6.725650298,19.31341805,83.95759437,5.306489453,-6.131269102,-32.18602015,0.777979731,-0.068197297,-0.116197649,-0.613673181,-1.693846462,2.409050303,-33.06083098,-0.330011456,0.061346538,8.102856613
2.085289148,-6.587824162,23.00594279,119.467884,45.0002069,-8.38E-05,-6.701073028,19.28843036,83.82470734,5.782458794,-6.062434918,-32.06926785,0.788134946,-0.070454507,-0.11471748,-0.600599176,-1.518677853,3.002538269,-32.97432742,-0.254226422,0.037573275,8.08851564
2.089148811,-6.613642708,23.08034531,119.791181,45.00020757,-8.41E-05,-6.677511943,19.26552225,83.70135835,6.040329372,-5.97958344,-31.98930083,0.797373767,-0.072452062,-0.113433025,-0.58828456,-1.403866687,3.354247775,-32.89885325,-0.181635705,0.013966452,8.076205737
2.092910581,-6.638718462,23.15277634,120.1058205,45.00020822,-8.44E-05,-6.654389475,19.24354208,83.58133555,6.146952889,-5.889583071,-31.92984908,0.806184365,-0.074300578,-0.112270476,-0.576143674,-1.335166966,3.544510776,-32.82744665,-0.110741702,-0.009911841,8.064774105
2.096698288,-6.663879662,23.22562388,120.4221735,45.00020887,-8.48E-05,-6.631416767,19.22176603,83.46064124,6.126145687,-5.796222991,-31.88375598,0.814861189,-0.07606294,-0.11118864,-0.563784319,-1.308989402,3.603852795,-32.75665656,-0.040942786,-0.03416283,8.053651112
2.100626708,-6.689885088,23.30109129,120.7497963,45.00020955,-8.51E-05,-6.608387514,19.1995375,83.33559458,5.984376872,-5.702790061,-31.84716674,0.823652826,-0.077787669,-0.110156413,-0.550827255,-1.326889759,3.543285959,-32.68426378,0.027828709,-0.05877657,8.042470842
2.104859595,-6.717807285,23.38231047,121.1022615,45.00021028,-8.54E-05,-6.584837648,19.17579718,83.20102034,5.727011909,-5.621753525,-31.81474013,0.832887575,-0.079534013,-0.109137861,-0.536713663,-1.382033215,3.368295398,-32.60866508,0.09535746,-0.083567829,8.030901767
2.109589812,-6.748896623,23.47295357,121.4954651,45.0002111,-8.58E-05,-6.560563707,19.14934057,83.05083432,5.380073692,-5.59807702,-31.77146314,0.842912284,-0.081359781,-0.108100282,-0.520762707,-1.428412696,3.08854223,-32.52891135,0.161684816,-0.109423002,8.018570914
2.115356552,-6.786652941,23.58328976,121.9738704,45.00021209,-8.63E-05,-6.534680627,19.11703071,82.867982,4.862949219,-5.592377047,-31.73022526,0.854707745,-0.083431782,-0.106947127,-0.501074965,-1.548269603,2.64927269,-32.43939529,0.225409822,-0.136433416,8.004959857
2.123803426,-6.841719532,23.74456733,122.672716,45.00021354,-8.70E-05,-6.505428141,19.06914809,82.60057277,4.093038068,-5.620097166,-31.68681869,0.871128106,-0.086241524,-0.105376797,-0.471798636,-1.784609029,1.982264708,-32.33077061,0.284459071,-0.164202048,7.9885142
2.133803426,-6.90665847,23.93496891,123.4971415,45.00021525,-8.78E-05,-6.484783338,19.01081762,82.28464696,2.818975138,-5.731079728,-31.6288279,0.889227618,-0.089398069,-0.103469569,-0.436550429,-2.272567495,0.881423243,-32.17503971,0.327941472,-0.189569516,7.964606674
2.143803426,-6.971461222,24.12477548,124.3184118,45.00021696,-8.87E-05,-6.477695835,18.95009448,81.96958474,1.336262896,-5.947314089,-31.55369138,0.905850132,-0.092584078,-0.101216931,-0.400772829,-2.963547345,-0.35704683,-31.9981482,0.310817819,-0.188295991,7.936484148
2.150409277,-7.014252719,24.24982071,124.8592049,45.00021808,-8.92E-05,-6.478488571,18.90869061,81.76209236,0.152260419,-6.195213793,-31.453142,0.916011846,-0.094791438,-0.099413358,-0.376900339,-3.619521415,-1.261475048,-31.82784543,0.230150432,-0.150492096,7.908511039
2.155910378,-7.049898247,24.35374314,125.3085123,45.00021902,-8.97E-05,-6.481134847,18.8736612,81.58977591,-0.350826882,-6.332682128,-31.36482035,0.923973906,-0.096721484,-0.097676194,-0.356898496,-3.944453893,-1.572161938,-31.71667524,0.152657162,-0.108116135,7.890105001
2.161101631,-7.083551628,24.45163479,125.7316444,45.0002199,-9.01E-05,-6.484314771,18.84039914,81.42761917,-0.579354988,-6.395428212,-31.28103433,0.931069472,-0.098627583,-0.095825447,-0.337934495,-4.129442097,-1.629452093,-31.62329611,0.080333551,-0.064831623,7.874787274
2.166313706,-7.117356346,24.54974538,126.1556281,45.00022078,-9.05E-05,-6.487265111,18.80704799,81.26531021,-0.617407992,-6.411282105,-31.19038224,0.937784631,-0.100623525,-0.093757524,-0.31881722,-4.196493075,-1.514099654,-31.53446723,0.010430813,-0.019584167,7.860334961
2.171895278,-7.153571696,24.65461933,126.6087325,45.00022172,-9.10E-05,-6.489208512,18.77168903,81.09209187,-0.48800368,-6.377441676,-31.09033003,0.944521446,-0.10284334,-0.091318497,-0.29826736,-4.149054072,-1.243959224,-31.44449789,-0.057351782,0.027346096,7.845843732
2.178308922,-7.195191568,24.7748862,127.1281921,45.00022281,-9.15E-05,-6.488773628,18.73194769,80.89384027,-0.181970329,-6.281883207,-30.97703688,0.951682803,-0.105475996,-0.088256016,-0.27456426,-3.969196915,-0.806615689,-31.34751714,-0.122995668,0.075879943,7.830356402
2.18674569,-7.249913563,24.93271007,127.8095789,45.00022423,-9.22E-05,-6.48227039,18.68188317,80.63431339,0.343945633,-6.097961234,-30.84517578,0.960161206,-0.109008959,-0.083885277,-0.243250418,-3.608057134,-0.159153969,-31.23595512,-0.184623985,0.125508852,7.812607801
2.19674569,-7.314656231,25.11924945,128.614391,45.0002259,-9.30E-05,-6.464426726,18.62681639,80.32838086,1.221544331,-5.752786084,-30.68052432,0.968831366,-0.113158304,-0.07838635,-0.205952816,-2.927484734,0.828020729,-31.09060156,-0.237397894,0.172866249,7.789344881
2.20674569,-7.379166299,25.30526452,129.4161514,45.00022758,-9.39E-05,-6.436071558,18.57715059,80.02390378,2.342130866,-5.250005016,-30.5116862,0.976017233,-0.11708179,-0.072792738,-0.168473833,-1.939846696,2.010954854,-30.92255131,-0.253091396,0.193606476,7.761898055
2.21674569,-7.443351878,25.49081182,130.2148723,45.00022924,-9.47E-05,-6.400065318,18.53313491,79.72042859,3.270484276,-4.668952524,-30.39480491,0.981735393,-0.120596608,-0.067335052,-0.130836027,-1.011956791,3.056553453,-30.75667041,-0.221292108,0.172757801,7.734429603
2.225176851,-7.497170951,25.64692344,130.8859322,45.00023065,-9.54E-05,-6.366360884,18.49928946,79.46533522,3.87199466,-4.161919448,-30.29978616,0.985429194,-0.123140721,-0.062960275,-0.099003386,-0.256214941,3.79994811,-30.59224911,-0.151734152,0.118441475,7.706724371
2.232700645,-7.544954861,25.78599908,131.4829588,45.0002319,-9.60E-05,-6.335798639,18.4703531,79.23841531,4.075359515,-3.896674337,-30.20897337,0.987862617,-0.125049514,-0.05927774,-0.070542316,0.177982886,4.111174241,-30.45392038,-0.076523735,0.054381909,7.683373731
2.240462927,-7.594016563,25.9292555,132.0971239,45.00023319,-9.66E-05,-6.305611543,18.44042827,79.00519823,4.012489148,-3.822482597,-30.10770165,0.989525565,-0.126661009,-0.055701554,-0.041151931,0.363148488,4.140541116,-30.33000467,-0.00694337,-0.009053174,7.66258518
2.249467854,-7.65065332,26.09514791,132.807347,45.00023468,-9.73E-05,-6.274225787,18.4039221,78.73605558,3.73382972,-3.916415856,-29.9774633,0.990380776,-0.128113398,-0.051797494,-0.007063641,0.344603211,3.956265673,-30.20194222,0.058651575,-0.072477147,7.64120318
2.259467854,-7.713245843,26.27896692,133.5932219,45.00023633,-9.81E-05,-6.245353564,18.35893742,78.43935432,3.210082064,-4.2236504,-29.79378527,0.989982227,-0.129303797,-0.047667418,0.030717025,0.084854585,3.541665855,-30.05433235,0.118192321,-0.133116837,7.616492002
2.269467854,-7.775582742,26.46230558,134.3761428,45.00023798,-9.89E-05,-6.223091916,18.30773478,78.1452476,2.556490615,-4.797594515,-29.54211448,0.988166738,-0.130209769,-0.043606459,0.068340254,-0.3643813,2.897709837,-29.89581224,0.154110909,-0.174357926,7.589340505
2.279467854,-7.83772794,26.64510032,135.1561356,45.00023963,-9.97E-05,-6.206819729,18.25025365,77.85373253,1.90724977,-5.443726971,-29.27933609,0.984938541,-0.131006113,-0.039448823,0.105722555,-0.917115707,2.264966398,-29.74189155,0.154720672,-0.180970074,7.56248126
2.289467854,-7.89973396,26.8272934,135.9332254,45.00024126,-1.00E-04,-6.194928055,18.18770107,77.56460757,1.374337218,-6.032239028,-29.02711054,0.980306958,-0.131841935,-0.035047748,0.142785247,-1.430898293,1.770683057,-29.59167228,0.124524787,-0.15078161,7.535795935
2.299023411,-7.95888479,27.00078983,136.6730862,45.00024282,-1.01E-04,-6.185634886,18.12528982,77.29023002,1.040482904,-6.43965052,-28.80411206,0.97458431,-0.132766939,-0.030523156,0.177838968,-1.761568482,1.499032005,-29.44279801,0.073634956,-0.089778279,7.509244612
2.307300079,-8.010044936,27.15057854,137.3118137,45.00024417,-1.02E-04,-6.176265018,18.06978325,77.05418821,0.938628756,-6.57855154,-28.63112007,0.968615988,-0.133702203,-0.026331787,0.207878392,-1.807562836,1.471868274,-29.29958568,0.01727681,-0.013668824,7.483986038
2.316499921,-8.066798882,27.31652713,138.0195012,45.00024566,-1.03E-04,-6.160851895,18.00656595,76.79386369,1.37494656,-6.827056304,-28.40435242,0.960885209,-0.13494438,-0.021442684,0.240893839,-1.41317651,1.131081191,-29.18955292,-0.038372583,0.052266583,7.463113572
2.324390412,-8.115344298,27.4583957,138.6245658,45.00024694,-1.03E-04,-6.143311831,17.95308368,76.57180495,1.976116631,-6.8645329,-28.2019551,0.953339845,-0.136205631,-0.017139884,0.26888174,-0.801265798,0.88379816,-29.06809238,-0.114818739,0.109844268,7.441460602
2.332205151,-8.163273456,27.59849463,139.2220973,45.0002482,-1.04E-04,-6.122550087,17.90246036,76.35249076,2.457330718,-6.657698876,-28.09335566,0.945043529,-0.137621337,-0.012858946,0.296289966,-0.204088086,0.858468005,-28.9624143,-0.185503582,0.142087485,7.423408947
2.340712031,-8.215251102,27.75056813,139.8706041,45.00024957,-1.04E-04,-6.09725078,17.85138008,76.11394946,2.834925206,-6.273255211,-28.0440455,0.935096765,-0.139301968,-0.008257714,0.325761895,0.406372198,0.996645261,-28.85655177,-0.252881985,0.156623338,7.405758659
2.350712031,-8.276067799,27.92880788,140.6303406,45.00025117,-1.05E-04,-6.066128197,17.79782391,75.83322901,3.081021733,-5.720026244,-28.04619687,0.922214588,-0.141350911,-0.003019419,0.359904232,1.040964653,1.303541974,-28.74052409,-0.316208558,0.153061868,7.386699978
2.360712031,-8.336591544,28.10656148,141.3872618,45.00025277,-1.06E-04,-6.040183093,17.75506658,75.55051396,3.060396931,-4.958074532,-28.11547677,0.908101365,-0.143266171,0.001994815,0.393475203,1.676065101,1.88670761,-28.60174307,-0.368388706,0.126140408,7.364367379
2.370712031,-8.396904658,28.28394878,142.1413413,45.00025436,-1.07E-04,-6.024046173,17.72400563,75.26501702,2.109548403,-3.633979303,-28.42249199,0.892847394,-0.144677835,0.006849166,0.426432814,2.168865232,3.48261417,-28.43697369,-0.361416053,0.08155435,7.33956743
2.376740742,-8.433204686,28.39075605,142.5945711,45.00025532,-1.07E-04,-6.018861856,17.70922414,75.09199022,1.129349043,-2.649241975,-28.65817522,0.883137259,-0.145142824,0.009737171,0.44599028,2.593077067,4.799401332,-28.28120608,-0.278122359,0.023538695,7.312873736
2.381532676,-8.462041138,28.47559193,142.9540769,45.00025609,-1.08E-04,-6.016830468,17.69868496,74.95425864,0.604184994,-2.285529187,-28.73258466,0.875157272,-0.145260141,0.01203011,0.461361591,2.783781065,5.358726411,-28.19015287,-0.198840496,-0.015919688,7.296497336
2.385845961,-8.487991886,28.55191174,143.2771087,45.00025677,-1.08E-04,-6.01628326,17.68958833,74.83031967,0.255753869,-2.133448597,-28.74488409,0.867782378,-0.145159108,0.014101217,0.475061821,2.889523843,5.646723472,-28.11850885,-0.124889358,-0.048488165,7.283425597
2.389936297,-8.512600933,28.62425042,143.5829497,45.00025742,-1.08E-04,-6.016605269,17.68090995,74.71296772,0.009701657,-2.100524609,-28.71743115,0.86062461,-0.144876436,0.01607786,0.487931963,2.945534778,5.778182344,-28.05422577,-0.052993136,-0.077790818,7.2716468
2.393959105,-8.536806136,28.69535957,143.883274,45.00025806,-1.09E-04,-6.017440192,17.67199565,74.59785744,-0.155451577,-2.156327129,-28.65721157,0.853432033,-0.144420347,0.018038498,0.500470919,2.962304004,5.788797368,-27.99328967,0.017520841,-0.104906877,7.260478358
2.398038584,-8.561356327,28.76743257,144.187357,45.00025871,-1.09E-04,-6.018516044,17.6622752,74.48155848,-0.247661513,-2.287400143,-28.56659726,0.845985302,-0.143781287,0.020047345,0.513063266,2.943530594,5.692775687,-27.9333483,0.087012641,-0.130294751,7.249502868
2.402291448,-8.586954548,28.84252453,144.5038601,45.00025939,-1.09E-04,-6.01954327,17.65112246,74.36090712,-0.267226107,-2.48864205,-28.44532831,0.838059798,-0.142934426,0.022166614,0.526055288,2.889273925,5.492808418,-27.87261386,0.15562167,-0.154044184,7.238386163
2.406900111,-8.614698114,28.92384188,144.8462648,45.00026012,-1.10E-04,-6.020064687,17.63750149,74.23099975,-0.194821623,-2.772615859,-28.28661491,0.829285123,-0.141824968,0.024493798,0.539973997,2.790842742,5.165323027,-27.80986465,0.223017466,-0.176024225,7.226824916
2.412185563,-8.646515808,29.01701794,145.2382181,45.00026096,-1.10E-04,-6.019393231,17.61963901,74.08322069,-0.016892554,-3.146075846,-28.08492738,0.81898363,-0.140337897,0.02720207,0.555725773,2.639788263,4.693768031,-27.74276994,0.288484689,-0.195626742,7.214390716
2.418853816,-8.686644688,29.1344251,145.7316075,45.00026201,-1.10E-04,-6.015843848,17.59344864,73.89874997,0.287655166,-3.618396526,-27.83125899,0.805622492,-0.138200549,0.030674523,0.575266966,2.424636172,4.051135861,-27.66701924,0.351288465,-0.211675125,7.200220382
2.428853816,-8.746748254,29.31013273,146.4692285,45.00026359,-1.11E-04,-6.003347543,17.54666755,73.62626785,0.796974229,-4.236379802,-27.49580604,0.784816537,-0.134656278,0.03597227,0.603851543,2.108132386,3.136126217,-27.57393555,0.408257363,-0.220691779,7.182440645
2.438853816,-8.806679114,29.48533254,147.2041482,45.00026517,-1.12E-04,-5.981234079,17.49222331,73.35835132,1.72294331,-5.095156434,-27.00842805,0.763077825,-0.13101661,0.041317357,0.631537614,1.599254275,1.690816197,-27.44025992,0.442100334,-0.208407753,7.155930144
2.448853816,-8.866341809,29.65996003,147.9364079,45.00026674,-1.13E-04,-5.94993529,17.43270973,73.09410207,2.692763483,-5.749903456,-26.59016983,0.74040143,-0.127597752,0.046625116,0.65829373,1.132892043,0.338661182,-27.31211015,0.413952539,-0.166122791,7.129557212
2.455827928,-8.90774587,29.78138702,148.4455371,45.00026783,-1.13E-04,-5.922901692,17.38915229,72.91161724,3.530004842,-6.096853252,-26.27941023,0.724033934,-0.125478328,0.050258274,0.676390536,0.813680319,-0.745006976,-27.18497461,0.334402683,-0.099825868,7.103302629
2.46103996,-8.938556675,29.87193215,148.8252016,45.00026864,-1.14E-04,-5.899680786,17.3553818,72.7762016,4.229912652,-6.399848051,-26.05267713,0.711505122,-0.124095973,0.052915849,0.689608994,0.468816419,-1.576263116,-27.1088142,0.252714534,-0.040659306,7.085641387
2.465607424,-8.965453659,29.95113382,149.1573342,45.00026936,-1.14E-04,-5.87776708,17.32539866,72.65803763,4.658465118,-6.540785675,-25.91661621,0.700317524,-0.123053631,0.055194603,0.700975553,0.256190847,-2.065729645,-27.0521958,0.177621051,0.012108646,7.073177078
2.469891471,-8.990588662,30.02529638,149.4683678,45.00027002,-1.14E-04,-5.856369555,17.2972963,72.54750668,4.917946634,-6.574660587,-25.82995391,0.689648902,-0.122231309,0.057283911,0.711450948,0.142094743,-2.356559558,-27.00046881,0.10527543,0.062758263,7.062543967
2.474088189,-9.01512153,30.09783097,149.7726024,45.00027068,-1.15E-04,-5.835066129,17.27007117,72.4394049,5.053560323,-6.533743329,-25.77539615,0.679035511,-0.121575735,0.059282207,0.721537064,0.103959271,-2.509454667,-26.94978943,0.034513332,0.112397381,7.052719289
2.478329779,-9.039825933,30.17102613,150.0796291,45.00027133,-1.15E-04,-5.813639687,17.24311177,72.33022695,5.081420843,-6.431170732,-25.7456336,0.668148406,-0.121062624,0.061251257,0.731553027,0.135229578,-2.548923882,-26.89801376,-0.035109235,0.161709946,7.043185452
2.482749097,-9.06546992,30.24716834,150.399028,45.00027202,-1.15E-04,-5.7919031,17.21584927,72.21646339,5.004125366,-6.272403912,-25.73758204,0.656637718,-0.120680593,0.063247949,0.741797007,0.237209771,-2.483863171,-26.84365113,-0.103713547,0.210816887,7.033612485
2.487536481,-9.093143919,30.3295188,150.7444607,45.00027276,-1.16E-04,-5.769572273,17.18748755,72.09310996,4.815048325,-6.058328806,-25.75043411,0.643981274,-0.120426928,0.065348543,0.752671935,0.417264982,-2.313932846,-26.78515447,-0.170994946,0.259558679,7.023687758
2.492978061,-9.12447523,30.42296193,151.1363791,45.0002736,-1.16E-04,-5.746388721,17.15693781,71.95263596,4.495099421,-5.784374804,-25.78562056,0.62936811,-0.120311029,0.067660835,0.764750319,0.692021369,-2.028181587,-26.72023062,-0.236856777,0.307807992,7.012981052
2.499739973,-9.163245726,30.53885465,151.6223249,45.00027464,-1.17E-04,-5.721771141,17.12164923,71.77752861,4.005577678,-5.44014205,-25.84760061,0.610890124,-0.120356991,0.070432722,0.779337335,1.093152832,-1.60099404,-26.64545159,-0.299899166,0.354635273,7.000858592
2.509739973,-9.220328286,30.70983806,152.3387978,45.00027618,-1.17E-04,-5.697470886,17.07663065,71.51658083,3.253769006,-4.998232382,-25.94794013,0.582972733,-0.120580607,0.074362187,0.800045858,1.69522591,-0.968210876,-26.55284756,-0.357397343,0.397451437,6.985856868
2.519739973,-9.27725103,30.88041712,153.0526467,45.00027771,-1.18E-04,-5.689717459,17.04045518,71.25274162,1.593788542,-4.026559256,-26.24333412,0.554451248,-0.120569554,0.07814105,0.819719936,3.190820067,0.296797213,-26.4044789,-0.38797348,0.411243547,6.962486347
2.527288385,-9.320210063,31.00895701,153.5897348,45.00027887,-1.19E-04,-5.693829572,17.01749634,71.0520076,-0.013759118,-3.251452001,-26.51477069,0.532588731,-0.120128674,0.080925512,0.833888126,4.649239577,1.373692555,-26.26980652,-0.35239653,0.353579978,6.93793957
2.532399962,-9.349330584,31.09590664,153.952574,45.00027965,-1.19E-04,-5.700578963,17.00330186,70.91558484,-1.037562944,-2.862012563,-26.65941805,0.517645364,-0.119526522,0.08279,0.843150344,5.571698335,1.955868884,-26.17485392,-0.28933207,0.266558095,6.919174698
2.536778652,-9.374308003,31.17033315,154.2628353,45.00028032,-1.19E-04,-5.708297624,16.9916151,70.79858848,-1.580013082,-2.706288756,-26.71169092,0.504765546,-0.118782757,0.084379149,0.850871647,6.052793316,2.205568404,-26.11195192,-0.233864256,0.190602143,6.906430855
2.540791187,-9.397228891,31.23849138,154.546702,45.00028093,-1.20E-04,-5.716485979,16.98104214,70.69139844,-1.926179035,-2.641956586,-26.72174674,0.492904202,-0.117902104,0.085831799,0.857774704,6.351579777,2.318535749,-26.05808273,-0.180808038,0.117445572,6.895508816
2.544620605,-9.419135693,31.30349949,154.8172132,45.00028152,-1.20E-04,-5.724901775,16.97088819,70.58923004,-2.137847698,-2.636010518,-26.70104637,0.481535602,-0.116877193,0.087216682,0.864208561,6.523961097,2.339084439,-26.00829555,-0.129459457,0.045809497,6.885502702
2.548366976,-9.440599097,31.36705981,155.0814798,45.00028209,-1.20E-04,-5.73333998,16.96074456,70.48949694,-2.241247035,-2.67368888,-26.65440477,0.470370329,-0.115697952,0.088571211,0.870356754,6.593226819,2.286333174,-25.96018364,-0.079516444,-0.024895944,6.875959459
2.552128102,-9.462178589,31.43083158,155.3464118,45.00028266,-1.20E-04,-5.741542245,16.95011361,70.38972148,-2.247939505,-2.746955654,-26.58421027,0.45912007,-0.114340218,0.089931556,0.87638313,6.56924261,2.169773791,-25.91247511,-0.030930536,-0.094676643,6.866631798
2.55617787,-9.485446049,31.49945025,155.6312576,45.00028328,-1.21E-04,-5.748928797,16.93734404,70.28303932,-2.032089021,-2.972540075,-26.44478112,0.446960772,-0.112695855,0.091399251,0.882707137,6.274921721,1.956382032,-25.86676932,0.016329677,-0.162951597,6.857374166
2.560921495,-9.512732645,31.57975549,155.9643597,45.000284,-1.21E-04,-5.755128291,16.92048842,70.15917726,-1.601304334,-3.335992634,-26.23834662,0.432656418,-0.110559464,0.093127434,0.88989455,5.721239508,1.65342669,-25.82009788,0.063534335,-0.227733647,6.848014345
2.567123219,-9.548437832,31.68461557,156.3989701,45.00028495,-1.21E-04,-5.758531704,16.89537268,69.99909734,-0.996295868,-3.770615247,-25.98254083,0.413851173,-0.107492482,0.095410245,0.898926837,4.979511532,1.260436411,-25.76661285,0.112959124,-0.289497946,6.837612328
2.576289069,-9.601202549,31.83928382,157.0395011,45.00028634,-1.22E-04,-5.752557125,16.85235561,69.76627552,-0.082499383,-4.322977942,-25.64241605,0.385830823,-0.1026053,0.098850077,0.911501723,3.90507877,0.709445098,-25.69971776,0.166731905,-0.343979562,6.824561554
2.586289069,-9.658630866,32.00754498,157.735913,45.00028785,-1.23E-04,-5.730476539,16.79895006,69.51682387,1.398154362,-5.036686752,-25.16938977,0.354931448,-0.097175602,0.102706164,0.924138525,2.234889943,-0.115902812,-25.60884737,0.222185544,-0.364332062,6.805879586
2.593287986,-9.698656098,32.1249801,158.2218515,45.00028891,-1.23E-04,-5.705925803,16.75887881,69.34451752,2.998334229,-5.601183822,-24.73901314,0.333090446,-0.093547231,0.105466832,0.932296314,0.498060173,-0.944672833,-25.51943512,0.249934372,-0.304435173,6.785889155
2.598050769,-9.725784688,32.20473265,158.5518469,45.00028962,-1.24E-04,-5.685531242,16.73095948,69.22807737,3.990415752,-5.824395701,-24.50968722,0.318123944,-0.091237173,0.10736947,0.937520523,-0.540369844,-1.447167863,-25.45948696,0.251547398,-0.217629473,6.772019749
2.602115338,-9.748855167,32.27268815,158.833028,45.00029024,-1.24E-04,-5.666288709,16.70711653,69.12906872,4.556431982,-5.887743941,-24.39123206,0.30528486,-0.089396514,0.10900452,0.941768248,-1.116040583,-1.741478292,-25.4181138,0.245851109,-0.141593398,6.762620887
2.606015882,-9.770920004,32.33781189,159.1024836,45.00029082,-1.24E-04,-5.647406124,16.68519405,69.03403301,4.812776349,-5.756873017,-24.35579237,0.292907947,-0.087752748,0.1105769,0.945662275,-1.31478974,-1.985395287,-25.37397404,0.237425448,-0.068957266,6.754528118
2.610024277,-9.793518068,32.40464953,159.3790033,45.00029142,-1.25E-04,-5.627989823,16.66385603,68.9362554,4.855999521,-5.478596788,-24.37627627,0.28013496,-0.086187587,0.11218628,0.949478985,-1.251959197,-2.224704826,-25.3235441,0.225892633,2.94E-05,6.746139158
2.614251597,-9.817266649,32.47504788,159.6702007,45.00029206,-1.25E-04,-5.607862157,16.64276276,68.83295105,4.818011708,-5.16421343,-24.41246054,0.266608844,-0.084668195,0.113865201,0.953302542,-1.107611866,-2.45441129,-25.27052884,0.210766358,0.068098969,6.737070712
2.618863864,-9.843082478,32.55175895,159.9874162,45.00029274,-1.25E-04,-5.58673901,16.62146653,68.71996194,4.68993345,-4.813054207,-24.46418433,0.251790749,-0.083153372,0.115661588,0.957240478,-0.875160798,-2.676984679,-25.21359015,0.191514135,0.135138791,6.72720063
2.624118511,-9.872378958,32.63903989,160.3481763,45.00029353,-1.26E-04,-5.564285113,16.59939129,68.59082548,4.453571999,-4.421468421,-24.53253522,0.234839286,-0.081588268,0.117644282,0.961433142,-0.53922899,-2.894960894,-25.15069391,0.167118842,0.200808591,6.7162175
2.630645705,-9.908615387,32.74730613,160.7953566,45.0002945,-1.26E-04,-5.539585922,16.57505268,68.42975704,4.074816235,-3.984115849,-24.61992971,0.213692758,-0.07983564,0.119982215,0.966212163,-0.070891436,-3.109811849,-25.07872186,0.135663418,0.264015358,6.703554877
2.640436495,-9.962702651,32.90943243,161.46415,45.00029596,-1.27E-04,-5.510755267,16.54402514,68.18681925,3.472362857,-3.484334972,-24.7329794,0.181826286,-0.077449733,0.123159843,0.9725083,0.600929369,-3.325222642,-24.98999684,0.092472188,0.322161244,6.68772417
2.649997687,-10.01529978,33.06748713,162.1149578,45.00029738,-1.27E-04,-5.493213373,16.51823105,67.94832267,2.393720098,-2.890644165,-24.88720575,0.150596172,-0.075168466,0.125814314,0.977671342,1.68979559,-3.541135628,-24.86088653,0.022486364,0.362263181,6.663932497
2.659727946,-10.0687047,33.22809356,162.7749295,45.00029883,-1.28E-04,-5.485323846,16.49344377,67.70516344,1.278822433,-2.547046855,-24.99113875,0.118768642,-0.072637385,0.128025899,0.981950706,2.712011259,-3.632147249,-24.74130861,-0.047030624,0.346177709,6.640732991
2.667948764,-10.11379341,33.36359351,163.3306781,45.00030005,-1.29E-04,-5.484889007,16.47132827,67.50014758,0.369649871,-2.590594093,-24.97477865,0.091888254,-0.070181284,0.129529082,0.984811329,3.410830613,-3.509008207,-24.63007275,-0.111774979,0.282466233,6.617636209
2.674304914,-10.14866326,33.46822921,163.759217,45.00030099,-1.29E-04,-5.487447864,16.45262873,67.34225321,-0.231762133,-2.814739229,-24.89186522,0.071134607,-0.06801941,0.130490159,0.986552353,3.800668725,-3.310534549,-24.53928896,-0.155925526,0.20179482,6.598536104
2.680039252,-10.18014023,33.56252197,164.1449734,45.00030183,-1.29E-04,-5.491119976,16.4341632,67.20047856,-0.549843143,-3.079997811,-24.78458598,0.05244675,-0.06584656,0.131231736,0.987771128,3.948013841,-3.110592287,-24.47042743,-0.181647582,0.127905256,6.583900693
2.685556109,-10.21044509,33.65313418,164.5153343,45.00030265,-1.30E-04,-5.495190253,16.41478154,67.06482315,-0.710207548,-3.365696821,-24.65888454,0.034508439,-0.063547607,0.131855302,0.988627861,3.956718139,-2.905480937,-24.4089217,-0.197584341,0.056589288,6.570760872
2.691112527,-10.24098991,33.74428347,164.8875968,45.00030347,-1.30E-04,-5.499166087,16.39359009,66.92903404,-0.745974008,-3.662464797,-24.51662754,0.016489264,-0.061025795,0.132416986,0.989176273,3.853269612,-2.694451428,-24.35010054,-0.206071027,-0.013254196,6.55816271
2.696930193,-10.27299253,33.8395871,165.2765564,45.00030433,-1.31E-04,-5.502516735,16.36964674,66.78783712,-0.666280396,-3.963975575,-24.35784417,-0.002319139,-0.058173242,0.132958656,0.989410173,3.642813167,-2.476629355,-24.29110585,-0.207610816,-0.081721663,6.545510534
2.7033248,-10.30818632,33.94417528,165.7031453,45.00030527,-1.31E-04,-5.504297383,16.34126974,66.63389313,-0.466987382,-4.262655317,-24.18191259,-0.02291775,-0.054810341,0.133529338,0.989262614,3.318097102,-2.251837484,-24.22958241,-0.201767141,-0.148692441,6.532299016
2.711497087,-10.35315837,34.07755708,166.2469014,45.00030647,-1.32E-04,-5.500459826,16.30038874,66.43974479,0.020718681,-4.690233341,-23.93549414,-0.049125053,-0.050248917,0.134294386,0.988446657,2.709909859,-1.864990051,-24.16784638,-0.185895456,-0.212595389,6.517978059
2.721229966,-10.40663155,34.23594754,166.8924401,45.00030789,-1.32E-04,-5.485886431,16.24634768,66.21195628,0.931822297,-5.288739862,-23.58533465,-0.080166039,-0.044629031,0.1353992,0.986533685,1.694070339,-1.227641724,-24.09834214,-0.140963195,-0.2649842,6.501228816
2.727861078,-10.44295839,34.34355063,167.3309895,45.00030886,-1.33E-04,-5.469809303,16.20748996,66.0584903,2.058561321,-5.769590951,-23.23764126,-0.10120803,-0.040808275,0.136342374,0.984633118,0.500173314,-0.589636249,-24.01907537,-0.05415189,-0.281464393,6.482409307
2.733585555,-10.47422156,34.43623269,167.7087627,45.00030969,-1.33E-04,-5.45230104,16.17346407,65.92684507,2.778251048,-5.926157087,-23.05731547,-0.11930335,-0.037584585,0.137308126,0.982598895,-0.248413936,-0.27398747,-23.9654133,0.021452918,-0.26587263,6.469897713
2.738914763,-10.5032287,34.52234031,168.0597752,45.00031047,-1.34E-04,-5.433424009,16.14195709,65.80478264,3.32428235,-5.943865597,-22.94295138,-0.136090661,-0.034685702,0.138341862,0.980376337,-0.822422904,-0.101001423,-23.918044,0.094046624,-0.237183356,6.459209019
2.74409211,-10.53130774,34.60583481,168.400163,45.00031122,-1.34E-04,-5.413195792,16.11195729,65.68648141,3.744066176,-5.865947999,-22.87141141,-0.152344739,-0.031991833,0.139470752,0.977913857,-1.280521515,-0.032619989,-23.87232787,0.165018656,-0.19987447,6.449319774
2.749289269,-10.55938522,34.68949503,168.7412378,45.00031197,-1.34E-04,-5.391566886,16.08283095,65.56785137,4.052519501,-5.710867068,-22.83307763,-0.168605381,-0.029429643,0.140721916,0.975142792,-1.645162154,-0.056062197,-23.82596587,0.234879083,-0.155693354,6.439754322
2.754679461,-10.58838564,34.77610727,169.0943292,45.00031275,-1.35E-04,-5.36904861,16.05464134,65.44458361,4.25163715,-5.487674457,-22.82333253,-0.185408585,-0.02693523,0.142129422,0.97195544,-1.925647032,-0.169141526,-23.77727427,0.303638329,-0.105742416,6.430186409
2.761466093,-10.62473315,34.88495633,169.5379482,45.00031373,-1.35E-04,-5.342959774,16.02370599,65.28841054,4.055936458,-4.939617331,-22.92711873,-0.206467214,-0.024021356,0.144002708,0.967500638,-1.960943094,-0.732246221,-23.70910649,0.366951767,-0.052113809,6.419773227
2.769345743,-10.66672853,35.01109685,170.0516787,45.00031486,-1.36E-04,-5.317128261,15.99417722,65.10553788,3.607355781,-4.177446904,-23.10015324,-0.230765209,-0.020912275,0.146201905,0.961735461,-1.897681858,-1.601619492,-23.62021966,0.42292293,0.011133823,6.405395542
2.778728812,-10.71650437,35.1610382,170.6615382,45.00031621,-1.36E-04,-5.294057074,15.96714551,64.88555926,2.925360288,-3.330402251,-23.31721782,-0.259460856,-0.017494324,0.148652677,0.954084061,-1.748056443,-2.66828908,-23.51949172,0.450877785,0.075567007,6.387819567
2.788728812,-10.76936395,35.32059889,171.3092115,45.00031765,-1.37E-04,-5.279599349,15.94608611,64.64875769,1.976109077,-2.463968528,-23.56673957,-0.289723153,-0.01402977,0.150808041,0.945050578,-1.507332191,-3.907342238,-23.40572554,0.430629385,0.1359761,6.366396274
2.795175807,-10.80338694,35.42336784,171.7255068,45.00031857,-1.37E-04,-5.275764815,15.93538149,64.49513463,0.919598142,-1.79900862,-23.78079796,-0.309039564,-0.011806054,0.151836491,0.938776249,-1.219571368,-5.057013911,-23.29265336,0.349466655,0.178719784,6.343385817
2.800268514,-10.83025324,35.50450254,172.0536519,45.0003193,-1.38E-04,-5.275500295,15.9277819,64.37348301,0.280303868,-1.54600113,-23.86861037,-0.324182007,-0.010014708,0.152409913,0.933582857,-1.03500676,-5.637605888,-23.22338071,0.269970429,0.194095068,6.328533482
2.80481788,-10.85425573,35.57694827,172.3462633,45.00031995,-1.38E-04,-5.276648057,15.92081933,64.26489662,-0.159727657,-1.460176135,-23.89801889,-0.337617419,-0.008369263,0.152731626,0.928772031,-0.900234023,-5.966709675,-23.17025871,0.195662249,0.199783135,6.316816821
2.809385937,-10.87836373,35.64965798,172.6395807,45.0003206,-1.38E-04,-5.278478512,15.91299097,64.15621649,-0.33579719,-1.611576954,-23.83439456,-0.35101802,-0.00666321,0.152876054,0.923780744,-0.813497033,-5.937382916,-23.12734336,0.125852802,0.200715737,6.306690584
2.814088977,-10.90319395,35.72447625,172.9410477,45.00032128,-1.39E-04,-5.280788439,15.90377976,64.04481605,-0.45568776,-1.825334428,-23.74401928,-0.364716974,-0.004842052,0.152846424,0.918474852,-0.72515827,-5.821914245,-23.08457079,0.056890615,0.197933886,6.296978972
2.819076972,-10.92954095,35.80377674,173.2602097,45.00032199,-1.39E-04,-5.283370131,15.89247739,63.92733355,-0.515645714,-2.099979621,-23.62582538,-0.37913352,-0.002831527,0.15263177,0.912662752,-0.635467663,-5.618410932,-23.04094332,-0.010999262,0.191329951,6.287285073
2.824575418,-10.95859858,35.89112176,173.6113567,45.00032278,-1.39E-04,-5.285939508,15.8779494,63.79875332,-0.507100323,-2.438693159,-23.47659853,-0.394885793,-5.15E-04,0.152200474,0.906035298,-0.544646399,-5.31756386,-22.99525883,-0.077745269,0.180240381,6.27722011
2.831005185,-10.99259317,35.99315087,174.021088,45.00032369,-1.40E-04,-5.28796029,15.85799986,63.64976217,-0.412964078,-2.850655759,-23.28980233,-0.413112388,0.002332128,0.151479924,0.897990283,-0.453356964,-4.898633217,-22.94579548,-0.142696976,0.16319383,6.266290408
2.839433095,-11.037162,36.12667361,174.5567076,45.00032489,-1.40E-04,-5.287925295,15.82694243,63.45684355,-0.197718469,-3.356303461,-23.05192337,-0.436671669,0.00628428,0.150278446,0.886958144,-0.363608404,-4.31711945,-22.88941469,-0.204551579,0.137354397,6.25365016
2.849433095,-11.0900192,36.28473082,175.1901459,45.00032632,-1.41E-04,-5.282428355,15.78339138,63.23141605,0.230238288,-4.006326053,-22.72894527,-0.464113474,0.011265615,0.148659409,0.87313925,-0.283036865,-3.458086083,-22.81819761,-0.258694013,0.094887541,6.237229029
2.859433095,-11.14279189,36.44232652,175.8213457,45.00032773,-1.42E-04,-5.271420675,15.73544562,63.00889631,0.889301151,-4.679095276,-22.36261857,-0.490973193,0.016498985,0.147039371,0.858517636,-0.255109816,-2.391257052,-22.73737687,-0.27965261,0.034438232,6.217886803
2.869433095,-11.19543361,36.59943738,176.4503297,45.00032915,-1.42E-04,-5.256232339,15.6867779,62.78813525,1.307782382,-4.865365399,-22.15427835,-0.517226088,0.021908896,0.145540373,0.843098556,-0.424947659,-1.816233079,-22.6432074,-0.264951052,-0.030303425,6.197522517
2.879433095,-11.24790301,36.75606629,177.0771123,45.00033056,-1.43E-04,-5.237034947,15.63936171,62.56854294,1.727048516,-4.83555265,-22.00771043,-0.542858098,0.027401679,0.144221632,0.826894403,-0.741260302,-1.341421916,-22.54674489,-0.230621155,-0.090036617,6.175912921
2.889433095,-11.30016338,36.91223454,177.7017025,45.00033196,-1.44E-04,-5.214597768,15.59489408,62.34953918,2.099008532,-4.619356035,-21.92050206,-0.567862846,0.03287157,0.143098637,0.809922236,-1.173858336,-0.970547596,-22.44844742,-0.18169462,-0.137958354,6.153888946
2.899433095,-11.35218822,37.06797822,178.3241034,45.00033336,-1.44E-04,-5.190164819,15.55459883,62.13062199,2.367176896,-4.253967782,-21.88862268,-0.592238175,0.038212978,0.142144647,0.792204905,-1.685249044,-0.720632515,-22.34842714,-0.124079717,-0.169078533,6.131765451
2.909433095,-11.40396009,37.22333803,178.9443156,45.00033476,-1.45E-04,-5.163756803,15.51769776,61.91191765,2.493977942,-3.795320579,-21.90075056,-0.615984426,0.043329964,0.141312101,0.773767789,-2.230432121,-0.594229813,-22.2472318,-0.064056804,-0.18024116,6.109659324
2.91929561,-11.45475066,37.37620997,179.5538614,45.00033613,-1.46E-04,-5.135806975,15.48321007,61.69673649,2.769276377,-3.592989851,-21.84054575,-0.638789089,0.048078491,0.140605348,0.75489542,-2.543078489,-0.213722802,-22.16021166,0.001324315,-0.175482422,6.088674743
2.92864111,-11.50262288,37.52076219,180.1294967,45.00033743,-1.46E-04,-5.109308018,15.45218531,61.49314832,2.865790242,-3.402416748,-21.79861343,-0.659829926,0.052264162,0.140031145,0.736399487,-2.776450138,0.005233712,-22.07396743,0.073798489,-0.163282115,6.06929935
2.938636855,-11.55355925,37.67505856,180.7430792,45.00033882,-1.47E-04,-5.082743493,15.42042312,61.27564264,2.777348766,-3.24308256,-21.77187532,-0.681712382,0.056396285,0.139484023,0.715983166,-2.938830916,0.043095094,-21.99107139,0.141922474,-0.147313715,6.051453806
2.948636855,-11.60426732,37.82910779,181.3547487,45.00034021,-1.48E-04,-5.059526533,15.38950407,61.05830201,2.511919708,-3.122946469,-21.74761695,-0.702945538,0.060204289,0.138948371,0.694936231,-3.053908538,-0.081180459,-21.90179058,0.205736073,-0.127801164,6.032629785
2.958636855,-11.65476358,37.98284806,181.9642467,45.00034159,-1.48E-04,-5.040391625,15.35839579,60.8414049,2.114567977,-3.07397957,-21.71902716,-0.72350131,0.063750881,0.138356114,0.673304734,-3.11772165,-0.337378866,-21.81290618,0.252915351,-0.107988948,6.013950677
2.968636855,-11.70508882,38.13627114,182.5715792,45.00034297,-1.49E-04,-5.025335956,15.32594733,60.62523314,1.712094981,-3.166573567,-21.65578599,-0.743358711,0.067125212,0.137650809,0.6511254,-3.07114331,-0.608547675,-21.72853591,0.279464772,-0.091322095,5.995610125
2.978636855,-11.7552838,38.28936068,183.1767542,45.00034434,-1.50E-04,-5.014291574,15.29162227,60.40991299,1.300196062,-3.331888623,-21.57652018,-0.762494786,0.070430219,0.136785029,0.628435471,-2.989396943,-0.908453947,-21.64662635,0.284442989,-0.081336207,5.977705273
2.988636855,-11.80538644,38.44209633,183.7797807,45.00034572,-1.50E-04,-5.006745139,15.25514455,60.19555352,0.917237943,-3.537859081,-21.48567749,-0.780886697,0.073769274,0.13571826,0.605272348,-2.902978586,-1.197789461,-21.56687565,0.266976033,-0.078463503,5.960021835
2.998636855,-11.85542742,38.59445639,184.3806688,45.00034709,-1.51E-04,-5.001785652,15.2165373,59.98224036,0.607290733,-3.757214441,-21.38482018,-0.798513473,0.077233985,0.134421466,0.581671741,-2.826031056,-1.426757404,-21.48892525,0.228794912,-0.082016523,5.942472131
3.008636855,-11.90542741,38.74642147,184.979429,45.00034845,-1.51E-04,-4.99839822,15.17627961,59.76996428,0.404090303,-3.958459821,-21.27708907,-0.815357274,0.080893512,0.132878787,0.557666552,-2.768345641,-1.5516983,-21.41204585,0.17393242,-0.090927341,5.925021489
3.018618531,-11.95530563,38.89770179,185.5749799,45.00034982,-1.52E-04,-4.995538938,15.13524546,59.55903288,0.291059137,-4.079773293,-21.17942259,-0.831375929,0.084778453,0.13108486,0.533332391,-2.778024188,-1.562891007,-21.33394385,0.10775452,-0.10255505,5.907535043
3.028363305,-12.00397007,39.04499533,186.1543695,45.00035114,-1.53E-04,-4.992060613,15.09505702,59.35399758,0.302560898,-4.129921481,-21.0848794,-0.846240494,0.088800027,0.129092011,0.50924143,-2.811744625,-1.421983608,-21.25539905,0.036579818,-0.113814579,5.889978084
3.038363305,-12.05386588,39.19574197,186.746861,45.0003525,-1.53E-04,-4.98673325,15.05443515,59.14443733,0.428171024,-4.105865942,-20.99739973,-0.86069514,0.093135856,0.12681769,0.484197131,-2.850202047,-1.137688567,-21.17815558,-0.030981808,-0.123486534,5.872841275
3.048363305,-12.10369616,39.34608852,187.3372608,45.00035385,-1.54E-04,-4.97885635,15.01514764,58.9356286,0.649949605,-4.006392058,-20.91650341,-0.874339661,0.097629632,0.124342389,0.458843745,-2.88369415,-0.716579319,-21.09844897,-0.091572883,-0.13153851,5.855303299
3.058363305,-12.15343293,39.49605121,187.9255757,45.0003552,-1.55E-04,-4.967982072,14.97772947,58.72745915,0.932001894,-3.841449168,-20.84743481,-0.88717665,0.102206826,0.121707477,0.433195853,-2.901016898,-0.199954257,-21.01868256,-0.137974676,-0.137885629,5.837831975
3.068363305,-12.20304542,39.6456504,188.5118117,45.00035654,-1.55E-04,-4.954025466,14.94248104,58.51982572,1.244036851,-3.637164907,-20.78822937,-0.899211003,0.106781812,0.118959965,0.407266181,-2.8846177,0.369008601,-20.93967263,-0.166519714,-0.143214377,5.82046296
3.078363305,-12.25250415,39.79490849,189.0959737,45.00035788,-1.56E-04,-4.937307969,14.90950933,58.31262729,1.54155719,-3.410740627,-20.7402052,-0.910449097,0.111265964,0.116146984,0.381067193,-2.843047219,0.940012136,-20.86142665,-0.175697241,-0.148631418,5.803216292
3.088363305,-12.3017843,39.94384777,189.6780655,45.00035922,-1.56E-04,-4.918426235,14.87867271,58.10580532,1.791886605,-3.185969547,-20.70048083,-0.920897707,0.115578159,0.113308556,0.354612849,-2.781892844,1.469476984,-20.78395717,-0.166038799,-0.154671728,5.786064169
3.098363305,-12.35086807,40.09248784,190.258091,45.00036056,-1.57E-04,-4.898173514,14.84958487,57.89935895,1.971130038,-2.987886834,-20.66391506,-0.930562853,0.11965367,0.110473915,0.32791964,-2.708239978,1.920590398,-20.70717209,-0.140901102,-0.161528947,5.768993722
3.108363305,-12.39974724,40.24084438,190.8360537,45.00036189,-1.58E-04,-4.877784814,14.82198055,57.69321659,2.064624082,-2.83972241,-20.62429924,-0.939449375,0.123447303,0.107656098,0.301007974,-2.630726311,2.265471401,-20.63093147,-0.104554657,-0.169238373,5.75199912
3.118363305,-12.44842806,40.38893175,191.411956,45.00036323,-1.58E-04,-4.858645345,14.79562977,57.48728963,1.989346323,-2.684446806,-20.60588534,-0.947562063,0.126929604,0.104836236,0.273905781,-2.669811551,2.505752005,-20.5513887,-0.0621561,-0.174732158,5.734784647
3.128363305,-12.49692634,40.53675822,191.9858009,45.00036456,-1.59E-04,-4.841346287,14.76964783,57.28177313,1.829310022,-2.601030128,-20.57600918,-0.954904715,0.130092397,0.101978562,0.24664413,-2.723168004,2.639129097,-20.47201114,-0.018480573,-0.173594664,5.717158592
3.138363305,-12.54526216,40.68432287,192.5575936,45.00036588,-1.60E-04,-4.826179002,14.74312172,57.07690969,1.625874678,-2.610727397,-20.52316385,-0.961478679,0.132952527,0.099042981,0.219255247,-2.759380207,2.670876719,-20.3939172,0.021783697,-0.165774763,5.699400697
3.148363305,-12.5934571,40.83161613,193.1273421,45.00036721,-1.60E-04,-4.813147237,14.71525011,56.87294337,1.407775898,-2.707910434,-20.44540238,-0.967282717,0.135548868,0.095990078,0.191772142,-2.770732334,2.617936361,-20.31744427,0.054140751,-0.151935831,5.681630987
3.158363305,-12.64153145,40.97862135,193.6950562,45.00036853,-1.61E-04,-4.802000369,14.68544123,56.67008498,1.203146492,-2.876391251,-20.34426597,-0.972313572,0.137936272,0.092785423,0.164227795,-2.750832511,2.504382114,-20.24280951,0.075392026,-0.132969039,5.663897327
3.168363305,-12.68950193,41.12531733,194.260748,45.00036985,-1.61E-04,-4.792287403,14.65336786,56.46848936,1.033906921,-3.090721807,-20.22485083,-0.976566757,0.140178572,0.089403379,0.13665421,-2.697257599,2.358897267,-20.16994102,0.08363126,-0.110197916,5.646211497
3.178363305,-12.73738,41.2716809,194.8244305,45.00037117,-1.62E-04,-4.783409289,14.61897334,56.26824851,0.918795565,-3.32481434,-20.09275339,-0.980037382,0.142341877,0.085829752,0.109081504,-2.604462452,2.208472079,-20.0986751,0.078402746,-0.084932894,5.628575786
3.188363305,-12.78517072,41.41768975,195.3861175,45.00037248,-1.63E-04,-4.774711499,14.58248415,56.06937762,0.867781937,-3.550141382,-19.95521327,-0.982721182,0.144486897,0.082062799,0.081537185,-2.470155519,2.078805908,-20.02857917,0.060397141,-0.058957942,5.610998937
3.198363305,-12.83287273,41.56332512,195.9458225,45.00037379,-1.63E-04,-4.765569038,14.54437434,55.87181497,0.882157587,-3.739638131,-19.82004551,-0.984615229,0.146663451,0.078113687,0.054045676,-2.294604828,1.991789543,-19.9590797,0.031727206,-0.033852877,5.593484148
3.208363305,-12.88048283,41.70857773,196.5035562,45.00037509,-1.64E-04,-4.756737501,14.50650242,55.67493324,0.95485323,-3.87111583,-19.69475216,-0.985720742,0.148896736,0.073994436,0.026630877,-2.080823638,1.963369202,-19.88959275,-0.004840136,-0.011348113,5.576032346
3.218363305,-12.92801414,41.85346492,197.0593201,45.0003764,-1.64E-04,-4.749795341,14.47144613,55.47779974,0.782120493,-3.657595513,-19.69831696,-0.986053192,0.151143079,0.069673648,-6.75E-04,-2.145843797,2.272703472,-19.80514029,-0.040050436,0.014133966,5.557532124
3.228363305,-12.97548298,41.99801731,197.6131113,45.0003777,-1.65E-04,-4.74411789,14.43956483,55.28038871,0.618229906,-3.349147728,-19.72821627,-0.985635502,0.153321973,0.065113915,-0.027842558,-2.169475996,2.698319403,-19.71836611,-0.060161278,0.051089243,5.537245861
3.238363305,-13.02289816,42.14226692,198.1649273,45.00037899,-1.66E-04,-4.73893664,14.41087296,55.08279828,0.529967001,-3.026741016,-19.75241174,-0.984490531,0.155348394,0.060302166,-0.05485362,-2.068628783,3.143321189,-19.63262852,-0.062258468,0.094403338,5.516242002
3.248363305,-13.07026085,42.28624471,198.7147672,45.00038029,-1.66E-04,-4.733498687,14.38514573,54.88519991,0.518796935,-2.715254315,-19.76286157,-0.982639513,0.157140838,0.055249501,-0.081693559,-1.841938115,3.561596126,-19.54826721,-0.046048917,0.138110228,5.494991224
3.258363305,-13.11756131,42.42997492,199.2626335,45.00038158,-1.67E-04,-4.725945132,14.36085518,54.68828381,0.580173738,-2.437183243,-19.75309527,-0.980098593,0.158639277,0.049997389,-0.108353996,-1.502370612,3.911211892,-19.46552184,-0.013390038,0.176613613,5.473686261
3.268363305,-13.1647645,42.57345878,199.8085384,45.00038287,-1.67E-04,-4.713940976,14.3357433,54.49298905,0.97203453,-2.460814747,-19.61355179,-0.976868427,0.159854233,0.044646918,-0.134838248,-0.865289572,3.84141516,-19.39553241,0.025050964,0.200401811,5.453405831
3.278363305,-13.21182527,42.71668597,200.3524989,45.00038416,-1.68E-04,-4.697512359,14.30949603,54.29937091,1.426818575,-2.56514388,-19.44518892,-0.972942641,0.160834347,0.039320061,-0.161148576,-0.201035171,3.610827181,-19.33009722,0.053161689,0.200309209,5.434865154
3.288363305,-13.25870151,42.8596445,200.8945312,45.00038545,-1.69E-04,-4.677144906,14.28199842,54.1073652,1.850961333,-2.686158291,-19.27953273,-0.968314981,0.161637712,0.034128598,-0.187282105,0.397072704,3.313464033,-19.26668565,0.067061206,0.177988543,5.417119615
3.298363305,-13.30535771,43.00232169,201.4346511,45.00038673,-1.69E-04,-4.653666834,14.25323418,53.91684381,2.208771216,-2.813687183,-19.1237333,-0.962980751,0.162326212,0.029163674,-0.21323169,0.890974329,2.984786335,-19.20442387,0.064791848,0.137697121,5.399741414
3.308363305,-13.35176408,43.14470151,201.972874,45.00038801,-1.70E-04,-4.626888167,14.22209485,53.7281013,2.468508994,-2.938036766,-18.98342317,-0.956935319,0.162970884,0.024495573,-0.238987977,1.253322988,2.66454852,-19.14223902,0.046310329,0.085239268,5.382550094
3.318363305,-13.39788156,43.28674963,202.5092209,45.00038929,-1.70E-04,-4.596067784,14.1868855,53.54164629,2.902742781,-3.321131329,-18.75552735,-0.950163716,0.163695947,0.020197929,-0.264546015,1.60380108,1.999684331,-19.09593464,0.005041745,0.02436006,5.366560323
3.326274703,-13.43414014,43.3988688,202.9322314,45.0003903,-1.71E-04,-4.569933751,14.15648563,53.39551188,3.231076063,-3.710574353,-18.54225993,-0.944281855,0.164414785,0.01709238,-0.284618002,1.780504681,1.370881002,-19.05187934,-0.06886641,-0.041122816,5.352517953
3.332886141,-13.46428045,43.49237554,203.284851,45.00039114,-1.71E-04,-4.547685097,14.1296806,53.27413656,3.354715016,-3.965937757,-18.40542962,-0.939007762,0.165155391,0.014700186,-0.301283959,1.783634057,1.000757217,-19.01472453,-0.145906123,-0.09022049,5.342079846
3.338972399,-13.49189692,43.57829503,203.6087523,45.00039191,-1.72E-04,-4.527411611,14.10412836,53.16286829,3.360829947,-4.135962615,-18.31502959,-0.933863436,0.165969943,0.012654373,-0.316532666,1.705999188,0.798133994,-18.98141782,-0.219030546,-0.126107985,5.333602682
3.344846064,-13.51843337,43.66106404,203.9206986,45.00039265,-1.72E-04,-4.508460769,14.07888771,53.0557954,3.289087976,-4.254706904,-18.25196184,-0.928636822,0.166887325,0.010809905,-0.331157696,1.582054677,0.705674397,-18.94871679,-0.29037372,-0.153056267,5.32592389
3.350726343,-13.54489092,43.74377659,204.2323669,45.0003934,-1.72E-04,-4.490485578,14.05326871,52.94879032,3.153205507,-4.334173111,-18.20968446,-0.923148543,0.167939348,0.009074791,-0.345703328,1.426658874,0.704430616,-18.91530575,-0.360384117,-0.17233724,5.318593809
3.356893959,-13.57253319,43.83036959,204.5585884,45.00039418,-1.73E-04,-4.473623256,14.02675728,52.83643371,2.938574428,-4.362243918,-18.19248833,-0.917121579,0.169180661,0.007350586,-0.360848836,1.245716271,0.814855788,-18.87896248,-0.429010908,-0.184244073,5.311296655
3.364342806,-13.60579153,43.93473707,204.951652,45.00039511,-1.73E-04,-4.456846692,13.99592682,52.70023354,2.522395496,-4.230557,-18.24469672,-0.909485709,0.170834692,0.005350808,-0.378975755,1.036208117,1.208547139,-18.83068604,-0.492991991,-0.188019762,5.303172792
3.374342806,-13.65027389,44.07449873,205.4777357,45.00039637,-1.74E-04,-4.440881978,13.95686195,52.51629137,1.976250352,-4.043434983,-18.32797753,-0.898650954,0.173230381,0.002699515,-0.403001749,0.808552246,1.764956651,-18.77234305,-0.552849821,-0.180701762,5.292632265
3.384342806,-13.69463443,44.21388366,206.001973,45.00039762,-1.74E-04,-4.432444728,13.92058581,52.33091559,1.215968119,-3.767392966,-18.46381529,-0.887191531,0.175688236,-5.86E-05,-0.426643678,0.5770864,2.59166952,-18.69584242,-0.598468531,-0.152604177,5.277860977
3.394342806,-13.73894636,44.35291954,206.5243491,45.00039888,-1.75E-04,-4.431028146,13.88702378,52.14406083,0.479534824,-3.489373152,-18.6121593,-0.875158194,0.178048636,-0.00306695,-0.449874886,0.455606568,3.434499282,-18.62296404,-0.601142219,-0.108055884,5.262800355
3.404342806,-13.78327498,44.49163248,207.0448497,45.00040012,-1.75E-04,-4.435743133,13.85611776,51.95578091,-0.178504093,-3.226709839,-18.75667502,-0.86260069,0.18015894,-0.006441762,-0.472674634,0.461983472,4.218314719,-18.55394217,-0.561835876,-0.053378575,5.247649266
3.411331859,-13.81430013,44.58840537,207.4075079,45.00040099,-1.76E-04,-4.442968269,13.83692797,51.82301689,-0.810567672,-2.894188066,-18.92571821,-0.853542004,0.181395398,-0.009067072,-0.488343675,0.63194798,5.016858093,-18.4837207,-0.484258068,0.004621558,5.232279165
3.41675615,-13.83841966,44.66342364,207.6883302,45.00040167,-1.76E-04,-4.450415707,13.82337086,51.71938079,-1.239409944,-2.602361633,-19.06189239,-0.846366132,0.182172961,-0.011273521,-0.500350168,0.863234983,5.581264973,-18.43280964,-0.404016265,0.042020197,5.220536916
3.421521361,-13.85964447,44.72926828,207.9345663,45.00040226,-1.76E-04,-4.457948636,13.81231792,51.6280029,-1.494551959,-2.400038465,-19.14653206,-0.839964366,0.182702758,-0.013339051,-0.510785312,1.087072622,5.92114217,-18.39407265,-0.32915762,0.067387138,5.211037384
3.42592341,-13.87928499,44.79004948,208.1616492,45.00040281,-1.77E-04,-4.465475695,13.80273636,51.54338963,-1.657206205,-2.242131529,-19.20253383,-0.833973371,0.183051936,-0.015353977,-0.520331298,1.309449166,6.139723004,-18.36028148,-0.256314224,0.086271029,5.202523932
3.430116323,-13.89802393,44.8479049,208.377597,45.00040333,-1.77E-04,-4.472936967,13.79409992,51.46268755,-1.753887648,-2.113943161,-19.23735178,-0.828200966,0.183250902,-0.017367652,-0.529339807,1.53116052,6.270618845,-18.32908802,-0.184622522,0.100423866,5.194569196
3.434194593,-13.91628074,44.90414452,208.5873156,45.00040383,-1.77E-04,-4.480273809,13.78609275,51.38415442,-1.797123802,-2.008245868,-19.25453094,-0.822526606,0.183313742,-0.01941243,-0.53802343,1.752391553,6.329648053,-18.29929907,-0.113686566,0.110780833,5.186939464
3.438226443,-13.934359,44.95971256,208.7943323,45.00040433,-1.77E-04,-4.48742358,13.77849569,51.30653966,-1.793407696,-1.921037222,-19.2559185,-0.816860329,0.183245601,-0.021513967,-0.54653216,1.972860768,6.324902492,-18.27020858,-0.043369087,0.117726831,5.179486026
3.442279374,-13.95256034,45.01554082,209.0021162,45.00040483,-1.77E-04,-4.49433241,13.77111751,51.22860308,-1.746107237,-1.849942166,-19.24248092,-0.811108807,0.183044716,-0.023702129,-0.555009319,2.192017932,6.260428479,-18.24133605,0.026310342,0.121499963,5.172097776
3.446415452,-13.97116307,45.07248403,209.2138374,45.00040535,-1.78E-04,-4.5009214,13.76379332,51.14921378,-1.656272502,-1.793389502,-19.21453771,-0.805182421,0.1827026,-0.026007497,-0.563581972,2.409727436,6.13723396,-18.21223537,0.095532344,0.122235287,5.164659695
3.450701728,-13.99046873,45.13146346,209.4329011,45.00040588,-1.78E-04,-4.507082404,13.75635934,51.06715658,-1.523051223,-1.750657744,-19.17185627,-0.798980439,0.182203431,-0.028466157,-0.572382604,2.625432783,5.953759351,-18.18253043,0.164219162,0.119819546,5.157063986
3.455222387,-14.01085682,45.19363386,209.6635632,45.00040644,-1.78E-04,-4.512721593,13.74867883,50.9808827,-1.347463998,-1.718321277,-19.11538873,-0.792372611,0.181520881,-0.031126351,-0.581572838,2.84041539,5.71072328,-18.1517507,0.232305351,0.114084175,5.149189407
3.460068986,-14.03274057,45.26024854,209.9104237,45.00040704,-1.78E-04,-4.517625801,13.74058292,50.88874565,-1.140578319,-1.68232754,-19.051065,-0.785211848,0.180616777,-0.034042104,-0.59132146,3.063771892,5.421229431,-18.11898992,0.299880061,0.104560256,5.140822653
3.465433583,-14.05698686,45.33393736,210.1831488,45.0004077,-1.79E-04,-4.521445138,13.73168774,50.78726802,-0.876380443,-1.66142666,-18.96804088,-0.777192179,0.1794185,-0.037328426,-0.601986634,3.281823847,5.049991952,-18.08430728,0.366467266,0.090589342,5.131773174
3.471667898,-14.08518273,45.41951272,210.499407,45.00040847,-1.79E-04,-4.523482404,13.72130201,50.67009569,-0.540681886,-1.658068598,-18.86215253,-0.767745956,0.177785526,-0.041197176,-0.614215961,3.492364706,4.576243976,-18.04670901,0.431550139,0.071160562,5.121699976
3.47962419,-14.12116999,45.52862979,210.9019623,45.00040945,-1.80E-04,-4.521966597,13.70775301,50.52185083,-0.106123658,-1.677558701,-18.72533158,-0.755486309,0.175373016,-0.046157487,-0.629566699,3.690827492,3.960031928,-18.00442856,0.493931314,0.04438045,5.109956904
3.48962419,-14.16635202,45.665619,211.406258,45.00041068,-1.80E-04,-4.513154236,13.68991096,50.33767402,0.493086657,-1.733344426,-18.53798503,-0.739736627,0.171928045,-0.052320586,-0.648454336,3.865726167,3.10514483,-17.95323768,0.550263357,0.005695507,5.094954911
3.49962419,-14.21140735,45.80242395,211.9087237,45.00041191,-1.81E-04,-4.496673571,13.67085927,50.15585492,1.269297702,-1.840352778,-18.29804824,-0.723585348,0.168182445,-0.058271827,-0.666890773,3.958817458,1.988325277,-17.89387916,0.580959961,-0.045514816,5.076118075
3.50962419,-14.25625619,45.93902663,212.4093845,45.00041314,-1.81E-04,-4.471441191,13.64894246,49.97687441,2.01852361,-1.973166522,-18.06843362,-0.707006102,0.16433295,-0.063887267,-0.684876245,3.92051294,0.899250875,-17.83976018,0.566385857,-0.093738662,5.057327956
3.517198014,-14.29002887,46.04232872,212.7873943,45.00041407,-1.82E-04,-4.445979552,13.62934858,49.84347936,3.018278148,-2.417764852,-17.73050031,-0.694140144,0.161509281,-0.067856902,-0.698197432,3.464289003,-0.436972251,-17.80825618,0.5015501,-0.125931559,5.04004737
3.522700905,-14.3144366,46.11728667,213.0614134,45.00041474,-1.82E-04,-4.424520248,13.61355495,49.74760155,3.687835946,-2.753744734,-17.49933773,-0.684615413,0.159580035,-0.070569242,-0.707711757,3.044709201,-1.315167658,-17.78792132,0.418140766,-0.131294935,5.02830508
3.527450221,-14.33540264,46.18190738,213.2974853,45.00041532,-1.82E-04,-4.404324377,13.59893825,49.66548271,4.099775264,-2.983966085,-17.34966078,-0.676271799,0.158030994,-0.072788037,-0.715810422,2.723077083,-1.85006312,-17.77315553,0.342589992,-0.124206542,5.020170632
3.531799721,-14.35451695,46.24102548,213.5133426,45.00041586,-1.83E-04,-4.38471792,13.58481067,49.5907351,4.395109886,-3.168999871,-17.23374165,-0.668528746,0.156725797,-0.074719194,-0.723134415,2.444970186,-2.231759534,-17.75958256,0.269421831,-0.110602385,5.013317484
3.535916726,-14.37252931,46.29692565,213.7173629,45.00041636,-1.83E-04,-4.365398447,13.57084144,49.520343,4.611433402,-3.324906612,-17.13870262,-0.661109027,0.15560325,-0.076458517,-0.729983957,2.19721359,-2.511533766,-17.74598264,0.197480123,-0.092209663,5.007134357
3.539896136,-14.38986299,46.35090189,213.9142897,45.00041684,-1.83E-04,-4.34622042,13.55684158,49.45259806,4.765331875,-3.458947095,-17.05867919,-0.653853222,0.154631822,-0.078059086,-0.736526811,1.974546426,-2.712473362,-17.73174817,0.126367,-0.069827198,5.00134052
3.543812049,-14.40684495,46.40396163,214.1078117,45.00041732,-1.83E-04,-4.32705468,13.54264127,49.38618134,4.865173418,-3.574951371,-16.99054861,-0.64663252,0.153791727,-0.079558951,-0.742889535,1.7749862,-2.846715434,-17.7165055,0.055880943,-0.043910426,4.995780626
3.547720012,-14.42371735,46.45685747,214.3006819,45.0004178,-1.83E-04,-4.307824401,13.52810488,49.32010966,4.915509437,-3.675393213,-16.93234367,-0.639347009,0.15307273,-0.08098446,-0.749163306,1.597719633,-2.921413181,-17.69993354,-0.014061864,-0.014591207,4.990339062
3.55167863,-14.44073193,46.5103804,214.4957892,45.00041828,-1.84E-04,-4.288472526,13.51310349,49.25334542,4.91817684,-3.761668683,-16.88295937,-0.631886745,0.152469165,-0.08235967,-0.755439726,1.443284958,-2.940296743,-17.68175657,-0.083505881,0.01804644,4.984931741
3.555799822,-14.45836542,46.56603864,214.6986284,45.00041878,-1.84E-04,-4.26917204,13.49770479,49.18379573,4.807049336,-3.775912438,-16.86520929,-0.624036261,0.151971993,-0.0837225,-0.761888313,1.38563312,-2.849584726,-17.65673838,-0.152356093,0.05387518,4.979426847
3.56026432,-14.4773808,46.62626261,214.9180409,45.00041932,-1.84E-04,-4.249552582,13.48142249,49.1083256,4.552097495,-3.695278362,-16.88834414,-0.615439387,0.151574302,-0.085125608,-0.768773843,1.459308444,-2.630227781,-17.62229163,-0.219563201,0.090958385,4.973203468
3.565239363,-14.4984718,46.69328924,215.1621474,45.00041992,-1.84E-04,-4.229506618,13.46381711,49.0240241,4.229483453,-3.597308918,-16.92208418,-0.605751825,0.151287178,-0.08660836,-0.776322039,1.574462202,-2.348962409,-17.58378626,-0.285867512,0.129565453,4.965973386
3.571035552,-14.52292551,46.77127043,215.4460145,45.00042062,-1.85E-04,-4.208860871,13.44406948,48.92548147,3.821367272,-3.478964078,-16.96922076,-0.594331061,0.151131317,-0.088243108,-0.784947813,1.743595953,-1.992219439,-17.53999507,-0.35081282,0.169798312,4.957506887
3.578384215,-14.55377246,46.869978,215.8050905,45.00042151,-1.85E-04,-4.187272929,13.42024559,48.79994708,3.294622273,-3.334416261,-17.03512226,-0.579660637,0.151149411,-0.090201221,-0.795619973,1.989791737,-1.534682541,-17.48867452,-0.413326609,0.211712761,4.947290035
3.588384215,-14.59553352,47.00402698,216.2922309,45.00042272,-1.86E-04,-4.166624888,13.38993865,48.62789583,2.573323166,-3.150266046,-17.13224783,-0.559396022,0.151407194,-0.092730266,-0.809662306,2.365844091,-0.91869037,-17.4246628,-0.470694803,0.254915373,4.934015708
3.598384215,-14.63713878,47.13778404,216.7776434,45.00042392,-1.86E-04,-4.156071994,13.36179932,48.45433272,1.555272,-2.916061553,-17.27994245,-0.538842437,0.15171189,-0.095197949,-0.823146209,2.959159385,-0.079263581,-17.34231213,-0.507719096,0.291845158,4.915670547
3.608384215,-14.67868475,47.27126651,217.2613136,45.00042512,-1.87E-04,-4.154344571,13.33467016,48.2796059,0.562317777,-2.719375718,-17.43267636,-0.518061561,0.151830845,-0.09770263,-0.836070458,3.598819466,0.693955963,-17.26778313,-0.498842705,0.299728319,4.8972064
3.618384215,-14.72024741,47.40447534,217.743234,45.00042632,-1.87E-04,-4.159155556,13.30697455,48.10442225,-0.177134953,-2.734109866,-17.50009173,-0.49710112,0.151593426,-0.100341269,-0.848434759,4.001057512,1.267010249,-17.20889793,-0.450009223,0.282543152,4.879493503
3.625974108,-14.75184037,47.50539237,218.1078364,45.00042723,-1.88E-04,-4.166274754,13.28541894,47.97131749,-0.761324648,-2.807995546,-17.53264411,-0.481097319,0.151098325,-0.102484181,-0.857444843,4.325953845,1.686247449,-17.1551962,-0.370746991,0.24941854,4.863159317
3.63251129,-14.77910112,47.59217979,218.4210589,45.00042801,-1.88E-04,-4.174161867,13.2664595,47.85668984,-1.097718239,-2.872434262,-17.53859915,-0.467260926,0.150418653,-0.104450763,-0.864945948,4.532595223,1.889539727,-17.1155936,-0.2950039,0.214974705,4.851237612
3.638562918,-14.80438623,47.67240957,218.7103489,45.00042873,-1.88E-04,-4.18241689,13.2486005,47.75067689,-1.301488835,-2.92744988,-17.52841588,-0.454416876,0.149563707,-0.106382389,-0.87167585,4.671987361,1.974937801,-17.08160865,-0.222227854,0.180022205,4.841151457
3.644396434,-14.82880881,47.74964468,218.9886056,45.00042942,-1.89E-04,-4.190813771,13.23114236,47.64865086,-1.41441491,-2.973592222,-17.50565076,-0.442008778,0.148525843,-0.108351234,-0.877968294,4.762893668,1.976631466,-17.04987979,-0.150952171,0.144286843,4.83190871
3.650173229,-14.85304246,47.82602789,219.2635708,45.00043011,-1.89E-04,-4.19915535,13.21367213,47.54784372,-1.452964592,-3.010267096,-17.47171964,-0.429698945,0.147288519,-0.110406247,-0.884010955,4.811801679,1.907706387,-17.01884315,-0.080625814,0.107715661,4.823057666
3.656040205,-14.87770291,47.90349988,219.5422332,45.00043081,-1.89E-04,-4.207287487,13.19583436,47.4457437,-1.42424279,-3.03600896,-17.42739377,-0.417176768,0.145820415,-0.112599203,-0.889955825,4.820550236,1.773302781,-16.98757088,-0.011253267,0.070392615,4.814334069
3.662151689,-14.90343978,47.98408922,219.8318729,45.00043153,-1.90E-04,-4.215016343,13.17725902,47.33973559,-1.337287343,-3.04237733,-17.37611359,-0.404112904,0.144071133,-0.114991964,-0.895942586,4.798139073,1.574779266,-16.95498902,0.057289125,0.032208267,4.805483173
3.668705584,-14.93108837,48.07038659,220.1417612,45.00043231,-1.90E-04,-4.222030798,13.15745722,47.2264991,-1.18148011,-3.033666587,-17.31408074,-0.390081611,0.141959283,-0.117670962,-0.902129394,4.729257994,1.305761633,-16.92056516,0.12490929,-0.006872216,4.796256887
3.676016096,-14.96197615,48.16649446,220.4865512,45.00043317,-1.90E-04,-4.227808688,13.13566631,47.10077843,-0.94859597,-3.00575438,-17.24046911,-0.374403099,0.139340658,-0.12077919,-0.908745777,4.605166535,0.956206137,-16.88331365,0.191289544,-0.046650462,4.786367752
3.684703218,-14.99872152,48.2804953,220.8950755,45.0004342,-1.91E-04,-4.231266802,13.11041039,46.95221608,-0.621671468,-2.95168646,-17.15358294,-0.355730842,0.13591818,-0.124602137,-0.916218382,4.409571776,0.506324346,-16.84172344,0.255790318,-0.08684804,4.775353778
3.694703218,-15.04103286,48.41145877,221.3637471,45.00043537,-1.91E-04,-4.23004125,13.08251903,46.7822875,-0.164477666,-2.857631318,-17.04982662,-0.334171536,0.131652736,-0.12911251,-0.924298059,4.108721905,-0.085732922,-16.792878,0.316794925,-0.126388643,4.762298818
3.704703218,-15.08330258,48.54215094,221.8307248,45.00043655,-1.92E-04,-4.222951317,13.05622187,46.61339301,0.415279572,-2.715105751,-16.937997,-0.312528547,0.12716044,-0.133656254,-0.931821944,3.690767246,-0.804814866,-16.73829468,0.363573414,-0.15782728,4.747322892
3.714703218,-15.12547364,48.6725902,222.2960174,45.00043772,-1.92E-04,-4.21038707,13.03198528,46.44523603,0.989353845,-2.530521797,-16.84880161,-0.29078742,0.122570401,-0.138139239,-0.938795358,3.248499179,-1.521735479,-16.68520457,0.383954479,-0.17163045,4.732370157
3.724703218,-15.16749344,48.80279792,222.7596313,45.00043889,-1.93E-04,-4.192788014,13.00991634,46.27762786,1.517255455,-2.315391514,-16.78550736,-0.26893553,0.118003604,-0.142467327,-0.945225841,2.810660481,-2.201415905,-16.6334096,0.378019756,-0.168255396,4.717203229
3.734703218,-15.20931492,48.93279554,223.2215713,45.00044006,-1.93E-04,-4.170871077,12.98993793,46.11041957,1.990594661,-2.099682057,-16.73864223,-0.246962787,0.113568401,-0.146557395,-0.951121722,2.372611748,-2.814009198,-16.583285,0.348558951,-0.147937777,4.701936861
3.744703218,-15.2508998,49.06260287,223.6818407,45.00044123,-1.94E-04,-4.14565577,12.9718055,45.94350762,2.3757637,-1.900162441,-16.70472523,-0.224863138,0.109354421,-0.150341897,-0.956491241,1.963938264,-3.328463019,-16.53381371,0.299673694,-0.111972713,4.686644394
3.754703218,-15.29222109,49.19223651,224.1404422,45.0004424,-1.94E-04,-4.118223613,12.95499211,45.77690676,2.646859055,-1.733101928,-16.67834947,-0.202635688,0.105427188,-0.153771711,-0.961341847,1.612254089,-3.722592372,-16.48392517,0.236614051,-0.062893669,4.671358624
3.764396435,-15.33200149,49.31773147,224.5833885,45.00044352,-1.95E-04,-4.08937403,12.93822352,45.61629622,2.875152842,-1.689668273,-16.61786092,-0.180965925,0.101953496,-0.156745886,-0.965550385,1.225464069,-3.945510662,-16.43794293,0.165228171,-0.003353937,4.656267584
3.773000697,-15.36707363,49.42898824,224.9752726,45.00044453,-1.95E-04,-4.062839371,12.92246588,45.47451077,3.054263637,-1.777582111,-16.52098121,-0.1616274,0.099188223,-0.159115546,-0.968875907,0.834840905,-3.982307848,-16.39742082,0.097152936,0.069179129,4.642956883
3.780965268,-15.39933461,49.53184885,225.3369371,45.00044545,-1.96E-04,-4.038359536,12.90690464,45.34390945,3.095262501,-1.890500181,-16.43623565,-0.143644895,0.096910507,-0.161106818,-0.971606449,0.599415264,-3.911846997,-16.35978721,0.04246275,0.142167386,4.631793551
3.788803421,-15.43089584,49.63295159,225.6918478,45.00044636,-1.96E-04,-4.015053097,12.89049101,45.21596572,3.037111088,-2.021088694,-16.35967184,-0.12587907,0.09493142,-0.162904978,-0.973963271,0.482242215,-3.775988618,-16.32351244,-3.05E-04,0.212866417,4.621763696
3.796926145,-15.46341567,49.73758404,226.0585881,45.0004473,-1.97E-04,-3.992370165,12.87217793,45.08395818,2.896989717,-2.170193061,-16.287278,-0.107407689,0.093138472,-0.164633432,-0.976055657,0.461837887,-3.592851786,-16.28667657,-0.03291569,0.281752817,4.612066951
3.805858949,-15.49897725,49.85247381,226.4606676,45.00044833,-1.97E-04,-3.970423498,12.85091699,44.9391596,2.676500212,-2.341393432,-16.21685616,-0.087041527,0.091429415,-0.166418438,-0.977941378,0.534587359,-3.370178431,-16.24771719,-0.055465589,0.348717531,4.602138805
3.815858949,-15.53858602,49.98086641,226.9092462,45.00044949,-1.98E-04,-3.952547738,12.8277094,44.77644084,2.154749564,-2.355915007,-16.23464793,-0.064218978,0.089723908,-0.168296349,-0.979541669,0.958032104,-3.268580148,-16.19122086,-0.068415622,0.409405743,4.590663163
3.825858949,-15.57805252,50.10902955,227.356194,45.00045064,-1.98E-04,-3.941933904,12.80496842,44.61299825,1.42062692,-2.29168165,-16.30879482,-0.041424875,0.088064272,-0.170050401,-0.98061793,1.614086067,-3.267846213,-16.12335825,-0.077513998,0.443525292,4.575360971
3.835858949,-15.61744789,50.23696623,227.801504,45.00045179,-1.99E-04,-3.938244478,12.78236272,44.44889249,0.707540245,-2.261798268,-16.37889982,-0.018707227,0.086277319,-0.171682022,-0.981188844,2.249482402,-3.298455934,-16.06065756,-0.082771332,0.441458,4.558701687
3.845858949,-15.65683836,50.3646762,228.2451701,45.00045294,-1.99E-04,-3.940804737,12.75958004,44.28426006,0.041558723,-2.264628339,-16.4400017,0.003890399,0.08419807,-0.173191678,-0.981274779,2.832077248,-3.358861705,-16.00316566,-0.087164268,0.404247258,4.54141711
3.854241397,-15.6898956,50.47155161,228.6158013,45.0004539,-2.00E-04,-3.947016166,12.74019788,44.14600011,-0.535428736,-2.295802332,-16.4827416,0.022712477,0.082126052,-0.174364611,-0.980987481,3.313750333,-3.443703222,-15.949863,-0.091715415,0.335166997,4.523853273
3.860992133,-15.71656456,50.55750445,228.913443,45.00045467,-2.00E-04,-3.954336988,12.72452462,44.03450756,-0.944073471,-2.317738498,-16.50832391,0.037776505,0.08018823,-0.175246696,-0.980526073,3.629245151,-3.549682948,-15.90648533,-0.09674401,0.256810969,4.508999343
3.866985341,-15.74028664,50.63372335,229.1770543,45.00045536,-2.00E-04,-3.962157345,12.71055593,43.9355008,-1.212548816,-2.326184434,-16.52029509,0.051071867,0.078240928,-0.175980725,-0.979949389,3.810335786,-3.656666892,-15.87172602,-0.103115247,0.182368393,4.496795603
3.872594763,-15.7625345,50.70498544,229.4232472,45.000456,-2.00E-04,-3.970260049,12.69743348,43.84288603,-1.386850301,-2.335304936,-16.51715648,0.06344455,0.076211637,-0.176624347,-0.979270348,3.896609529,-3.750991892,-15.84108441,-0.110681066,0.10997676,4.48584734
3.878004876,-15.7840362,50.77364566,229.6602008,45.00045662,-2.01E-04,-3.978492299,12.68474202,43.75367264,-1.492792246,-2.343072318,-16.50204363,0.075309314,0.074058289,-0.177204137,-0.978489944,3.910975733,-3.835351428,-15.81234356,-0.119410992,0.038706408,4.4755431
3.883346982,-15.80531178,50.84137539,229.8937026,45.00045723,-2.01E-04,-3.986744873,12.67219316,43.66574404,-1.541813882,-2.348098258,-16.47643523,0.086957086,0.071740547,-0.177736124,-0.977599933,3.863281978,-3.910332639,-15.78442347,-0.129258531,-0.031693262,4.46557521
3.888718457,-15.8267485,50.90940988,230.1280151,45.00045784,-2.01E-04,-3.99489785,12.65958264,43.57754785,-1.539540161,-2.349203429,-16.44104896,0.098599546,0.069219344,-0.178229563,-0.97658642,3.757659229,-3.975789413,-15.75658997,-0.140234082,-0.101435874,4.455718312
3.894231347,-15.84879409,50.97916517,230.3680044,45.00045847,-2.02E-04,-4.002844357,12.64667988,43.48730341,-1.488113887,-2.345167661,-16.39624431,0.110475435,0.066437705,-0.17869195,-0.975423188,3.594875312,-4.030846384,-15.72832702,-0.152359736,-0.170461135,4.445802965
3.899999417,-15.87190505,51.05207335,230.6185707,45.00045912,-2.02E-04,-4.010421717,12.6332646,43.3932241,-1.386895085,-2.334561813,-16.34191713,0.122821583,0.063326015,-0.179127263,-0.974072943,3.37223351,-4.074179123,-15.69907697,-0.165726,-0.238834008,4.435629796
3.906195355,-15.89677439,51.1303028,230.8871211,45.00045983,-2.02E-04,-4.016764822,12.61841849,43.29289918,-1.232643614,-2.315544272,-16.27774324,0.135994496,0.059772396,-0.179542602,-0.972469646,3.084065344,-4.103477096,-15.66831508,-0.180392962,-0.306312103,4.424995478
3.913621284,-15.92661993,51.22393649,231.2081689,45.00046067,-2.03E-04,-4.020755913,12.59942022,43.17403499,-0.808638363,-2.473748728,-16.1067254,0.151668285,0.055273945,-0.179993978,-0.970331742,2.566270207,-3.860081466,-15.64333596,-0.1926749,-0.370400123,4.41427788
3.923576383,-15.96664724,51.3492312,231.6371865,45.00046179,-2.03E-04,-4.019549808,12.57226921,43.01689777,-0.260726227,-2.637858896,-15.90842599,0.172500695,0.048953075,-0.18058007,-0.967077011,1.913932493,-3.549641866,-15.61541547,-0.197064374,-0.43141969,4.402796115
3.933576383,-16.00680459,51.4748115,232.0665757,45.00046292,-2.04E-04,-4.010651585,12.54361376,42.86129815,0.505448944,-2.806511309,-15.66635593,0.193239483,0.042440246,-0.181224228,-0.963335407,1.020360199,-3.120215456,-15.58171407,-0.184060806,-0.484402955,4.388788773
3.943576383,-16.04683518,51.60010093,232.4944186,45.00046405,-2.04E-04,-3.994263861,12.51420009,42.70755149,1.270586522,-2.914310985,-15.46022978,0.213811408,0.035956458,-0.18199804,-0.959097768,0.140068243,-2.692925212,-15.55168281,-0.148696714,-0.502920299,4.375591175
3.953576383,-16.08666676,51.72509522,232.9207315,45.00046517,-2.05E-04,-3.970922611,12.48464448,42.55523463,1.997094507,-2.957161616,-15.29662588,0.234236102,0.029681472,-0.182957123,-0.9543475,-0.693256295,-2.291550563,-15.52379292,-0.093080566,-0.487728765,4.362853349
3.962055229,-16.12023259,51.83084382,233.2810069,45.00046613,-2.05E-04,-3.945870564,12.45945002,42.42708992,2.678203654,-2.965118294,-15.1646888,0.251452592,0.024644811,-0.183952157,-0.949908328,-1.462379781,-1.896975403,-15.49823917,-0.020035798,-0.442933014,4.350436567
3.969222524,-16.14842798,51.92006829,233.5847079,45.00046693,-2.05E-04,-3.921489927,12.43825804,42.31930664,3.213436516,-2.970008032,-15.06793135,0.26594186,0.020658732,-0.184946153,-0.945855731,-2.045881198,-1.553226188,-15.47874464,0.05634633,-0.384717016,4.340578679
3.975743372,-16.17392154,52.00111416,233.8603467,45.00046766,-2.06E-04,-3.897336226,12.41926108,42.2215255,3.574652277,-2.938445713,-15.01229568,0.279077413,0.01728572,-0.1859826,-0.941927531,-2.455294412,-1.324407171,-15.45959568,0.129781437,-0.323982794,4.332615365
3.98190642,-16.19786738,52.0776003,234.1202756,45.00046834,-2.06E-04,-3.873286572,12.40169063,42.12924923,3.819545859,-2.884454916,-14.98089093,0.291453167,0.014341601,-0.187081906,-0.938003055,-2.754563292,-1.17416705,-15.43922979,0.201783255,-0.26195557,4.325552879
3.987879721,-16.22093229,52.15162958,234.3716594,45.00046901,-2.06E-04,-3.849311407,12.38511377,42.03986034,3.971764201,-2.81479066,-14.96641948,0.303412427,0.011726964,-0.188258734,-0.934003226,-2.97066197,-1.087959563,-15.41697703,0.272802886,-0.199281101,4.318985038
3.993809187,-16.24368549,52.22501914,234.6206701,45.00046967,-2.07E-04,-3.82531266,12.3691672,41.95110332,4.043085293,-2.733694187,-14.96496583,0.315249172,0.009370219,-0.18953265,-0.929842746,-3.117879698,-1.058928376,-15.39244366,0.342973907,-0.13649018,4.312690295
3.999808924,-16.26656401,52.29918388,234.8720961,45.00047034,-2.07E-04,-3.801273589,12.35359081,41.86120913,4.039378109,-2.643937427,-14.97428789,0.327189836,0.007228214,-0.190923396,-0.92544196,-3.204839167,-1.084211782,-15.36521295,0.41245506,-0.073656664,4.306494284
4.006015982,-16.29008419,52.37581568,235.1316417,45.00047103,-2.07E-04,-3.777558195,12.33846318,41.7678902,3.961915231,-2.547990082,-14.99320121,0.339501953,0.005262596,-0.192458844,-0.920690134,-3.235767535,-1.164116412,-15.3349193,0.481180042,-0.011080646,4.300268242
4.013208459,-16.31716286,52.46450183,235.4316654,45.00047182,-2.08E-04,-3.752667134,12.32264348,41.65906221,3.665680247,-2.325110759,-15.07777227,0.353709268,0.003280338,-0.194328565,-0.914940109,-3.186452688,-1.496232825,-15.2902052,0.546367495,0.050809536,4.293408253
4.021236511,-16.34719059,52.56336445,235.7656159,45.00047271,-2.08E-04,-3.728756033,12.30697572,41.53666283,3.244052365,-2.077499929,-15.18475044,0.369480753,0.00139703,-0.196476362,-0.908228529,-3.081276856,-1.938582313,-15.23693405,0.608817303,0.116906157,4.284600722
4.030626349,-16.38209391,52.67884783,236.1549614,45.00047375,-2.08E-04,-3.706599849,12.29090911,41.39223857,2.702494542,-1.832281769,-15.30849489,0.387794786,-4.49E-04,-0.198983665,-0.90001139,-2.917651471,-2.476434156,-15.17779078,0.659857158,0.18180361,4.274112453
4.040626349,-16.41907219,52.80168007,236.5681087,45.00047486,-2.09E-04,-3.690322948,12.27582333,41.23697626,2.009348613,-1.600881194,-15.45258546,0.407117859,-0.002121649,-0.201535071,-0.890861472,-2.685099923,-3.133767983,-15.1113347,0.69236911,0.243797585,4.261364059
4.050626349,-16.45592585,52.92436873,236.9796963,45.00047596,-2.09E-04,-3.681652928,12.2620555,41.08032902,1.245321995,-1.42945058,-15.597936,0.426227483,-0.00364249,-0.203846035,-0.881341965,-2.415377737,-3.830086151,-15.04613418,0.693595368,0.291563421,4.24750573
4.060626349,-16.49272859,53.04692178,237.3897119,45.00047706,-2.10E-04,-3.679960885,12.24847203,40.92266722,0.49550959,-1.339830874,-15.72723021,0.445097341,-0.00516773,-0.205814283,-0.871494195,-2.144718592,-4.487530626,-14.98828535,0.66096587,0.31984966,4.233530341
4.070072374,-16.52750451,53.16255766,237.7755628,45.0004781,-2.10E-04,-3.683964597,12.23485269,40.7732082,-0.147613001,-1.389656361,-15.80035745,0.462679908,-0.006743469,-0.207295813,-0.861922429,-1.872921416,-4.988926459,-14.94011406,0.599412889,0.328860172,4.219925632
4.077514147,-16.5549422,53.2535639,238.0785491,45.00047892,-2.11E-04,-3.690442242,12.22319864,40.6553032,-0.686222118,-1.503970659,-15.83901638,0.476353032,-0.008151688,-0.208177875,-0.854215026,-1.634713168,-5.379613396,-14.89948794,0.51987415,0.320273695,4.207516032
4.084081416,-16.57920278,53.33380077,238.3452018,45.00047964,-2.11E-04,-3.698167775,12.212036,40.55128807,-1.043542091,-1.63308939,-15.84444577,0.488280321,-0.009558804,-0.208737727,-0.847301315,-1.469815026,-5.614531926,-14.87007391,0.445231467,0.302816061,4.19791139
4.090174074,-16.60175977,53.40817084,238.5919733,45.00048031,-2.11E-04,-3.706664728,12.20083595,40.45493334,-1.299246136,-1.769285535,-15.82921192,0.499223531,-0.011028056,-0.209071366,-0.84079927,-1.3467126,-5.760253174,-14.84547777,0.372572859,0.280296365,4.189514519
4.095994986,-16.62336178,53.4791577,238.8271905,45.00048095,-2.11E-04,-3.71565875,12.18931706,40.36310038,-1.48070245,-1.908933934,-15.79782245,0.509564702,-0.012596756,-0.209224165,-0.834512064,-1.254686255,-5.839477773,-14.8234262,0.301016656,0.254147781,4.181770462
4.101679701,-16.64451053,53.54841662,239.056389,45.00048157,-2.12E-04,-3.72495882,12.17726043,40.27371516,-1.600673238,-2.049577743,-15.75252572,0.519553025,-0.014296948,-0.209220378,-0.828303739,-1.188812996,-5.862562209,-14.80277266,0.230255048,0.225101389,4.174402626
4.107354723,-16.66567639,53.61748656,239.284691,45.00048219,-2.12E-04,-3.734330434,12.1643152,40.18491778,-1.656285982,-2.197802231,-15.68954378,0.529412192,-0.016168698,-0.20907267,-0.822040098,-1.14261987,-5.821451913,-14.78311602,0.160177006,0.193398864,4.167242496
4.113185477,-16.68747788,53.68837257,239.5187347,45.00048283,-2.12E-04,-3.743703417,12.15005318,40.09422747,-1.638154138,-2.36356324,-15.60275906,0.539422745,-0.018278566,-0.208782343,-0.815535977,-1.108485227,-5.700945364,-14.76436768,0.091226301,0.15879726,4.160267544
4.11928657,-16.71034705,53.76245314,239.7630654,45.0004835,-2.13E-04,-3.752916459,12.13414522,39.99998054,-1.568445953,-2.526843631,-15.50328188,0.549765659,-0.020690836,-0.208343014,-0.808654931,-1.095668993,-5.529653248,-14.74514004,0.022895072,0.120631803,4.153279209
4.125826532,-16.73492059,53.84175144,240.0243355,45.00048421,-2.13E-04,-3.761765622,12.11607594,39.89973963,-1.443096215,-2.685441616,-15.39061718,0.560700413,-0.023506596,-0.207737966,-0.801191253,-1.106585456,-5.302366392,-14.72499914,-0.044653165,0.078501248,4.146104913
4.133050296,-16.76212523,53.92919981,240.3121648,45.000485,-2.13E-04,-3.769898254,12.09506187,39.78999722,-1.254231257,-2.836695802,-15.26351886,0.572592909,-0.026884234,-0.206936301,-0.792837919,-1.145510017,-5.009393416,-14.70335783,-0.111258747,0.031598235,4.138527808
4.141439189,-16.79378109,54.03055773,240.6454288,45.00048591,-2.14E-04,-3.776674254,12.06956067,39.66384792,-0.988210814,-2.976038941,-15.12012154,0.586156573,-0.03113628,-0.20587332,-0.782986066,-1.219981125,-4.634461376,-14.6794025,-0.17630583,-0.021358141,4.130258329
4.151000172,-16.82991089,54.14581168,241.0239733,45.00048694,-2.14E-04,-3.780337141,12.03955766,39.52169061,-0.617704332,-3.095703193,-14.95632159,0.601290176,-0.036366429,-0.204555791,-0.771546846,-1.345008005,-4.144734646,-14.65157399,-0.238717302,-0.082997382,4.120753473
4.160989927,-16.86767531,54.2659268,241.4180496,45.00048803,-2.15E-04,-3.779535574,12.00820939,39.37458989,-0.146132324,-3.164425432,-14.78647649,0.616733226,-0.042191968,-0.203135944,-0.759339024,-1.538065451,-3.547018642,-14.61943376,-0.290484309,-0.151549759,4.110001126
4.170989927,-16.9054473,54.38585575,241.8110637,45.0004891,-2.15E-04,-3.774085884,11.97778992,39.22839038,0.310650143,-3.100486413,-14.66803582,0.631818355,-0.048296867,-0.20173363,-0.746844375,-1.837510476,-2.979408903,-14.58106554,-0.323548926,-0.217416813,4.098317466
4.180989927,-16.94314156,54.50548776,242.2026199,45.00049018,-2.15E-04,-3.76401671,11.94891054,39.08295381,0.778589964,-2.97370481,-14.57678116,0.64653838,-0.054566953,-0.200404551,-0.734063067,-2.172342575,-2.395313233,-14.54218257,-0.335922932,-0.274248771,4.086099446
4.190989927,-16.98071309,54.62484068,242.5927243,45.00049125,-2.16E-04,-3.749602571,11.92203792,38.93797702,1.230502902,-2.794418318,-14.51563393,0.660905915,-0.060887535,-0.199193289,-0.720984128,-2.527523983,-1.817900295,-14.5028756,-0.327233275,-0.320324824,4.073631327
4.200989927,-17.01812068,54.74393641,242.98138,45.00049232,-2.16E-04,-3.731389909,11.89757934,38.79313493,1.644256204,-2.574313506,-14.4846539,0.674936103,-0.067143782,-0.198131835,-0.707599283,-2.89023779,-1.26668813,-14.46298357,-0.298288748,-0.354435057,4.061052365
4.210989927,-17.05533804,54.86280775,243.368583,45.00049339,-2.17E-04,-3.712257694,11.87768193,38.64713322,1.960926515,-2.290771929,-14.50039325,0.688643901,-0.073228191,-0.197207667,-0.693913789,-3.285587939,-0.802563702,-14.41926061,-0.251466576,-0.375620192,4.048341241
4.220989927,-17.09237026,54.98150957,243.7543158,45.00049446,-2.17E-04,-3.69444868,11.86361932,38.49908827,1.856043839,-1.692506342,-14.7015695,0.702044114,-0.07904576,-0.196314333,-0.67996067,-3.994287513,-0.757882761,-14.34980499,-0.200993373,-0.373860826,4.033096135
4.230989927,-17.12923314,55.10009818,244.138558,45.00049553,-2.18E-04,-3.678469013,11.85494693,38.34901629,1.697350418,-1.127411007,-14.90718706,0.71515553,-0.084517089,-0.195325733,-0.665775704,-4.673149486,-0.722927454,-14.2833935,-0.157072605,-0.342323756,4.01508127
4.240738629,-17.16502619,55.21564614,244.5116906,45.00049657,-2.18E-04,-3.665053692,11.85103596,38.20091098,1.491598629,-0.618398745,-15.10463471,0.727677811,-0.08945818,-0.194156267,-0.651755768,-5.29581687,-0.694270858,-14.22074488,-0.120265579,-0.283340747,3.995660847
4.248247085,-17.1925115,55.30462613,244.7980887,45.00049737,-2.19E-04,-3.656354307,11.85056763,38.08579663,1.256086982,-0.198020715,-15.27521502,0.73715779,-0.0929725,-0.193053746,-0.640846907,-5.82229983,-0.668734335,-14.16343107,-0.091336716,-0.202825363,3.976055289
4.254813667,-17.21649863,55.38244568,245.0478506,45.00049807,-2.19E-04,-3.649410539,11.85109544,37.98481911,1.059732989,0.063647581,-15.38346607,0.745336229,-0.095827456,-0.191914076,-0.631236874,-6.159145459,-0.64823838,-14.12171475,-0.073609406,-0.127847832,3.960729175
4.261550612,-17.24105836,55.46228578,245.3034049,45.00049878,-2.19E-04,-3.641507,11.85091526,37.88182517,1.109265895,0.040411907,-15.33969742,0.753621265,-0.098541764,-0.190579612,-0.621308233,-6.1371685,-0.433318271,-14.09559573,-0.058784449,-0.05779285,3.94792739
4.268974645,-17.2680578,55.55026289,245.5842222,45.00049958,-2.20E-04,-3.631862878,11.84946533,37.76921724,1.235251269,-0.100311635,-15.2335178,0.762628334,-0.101284422,-0.188944896,-0.610278065,-5.959143382,-0.162738761,-14.07331159,-0.038337679,0.008944597,3.936762825
4.277596385,-17.2993186,55.6524116,245.9092994,45.00050049,-2.20E-04,-3.619577896,11.84575363,37.63975879,1.360369653,-0.297029713,-15.0999458,0.77292326,-0.104155659,-0.186876932,-0.597342653,-5.703306492,0.099050786,-14.05025549,-0.010217919,0.074063599,3.926067729
4.287596385,-17.33543801,55.77083465,246.2849541,45.00050156,-2.20E-04,-3.604109884,11.83825254,37.49153123,1.485797991,-0.571273075,-14.92829674,0.784630227,-0.107096907,-0.184325558,-0.582159556,-5.343132176,0.34933562,-14.02558004,0.028007892,0.13629294,3.914986898
4.297596385,-17.37139741,55.88916387,246.6591373,45.00050262,-2.21E-04,-3.587629845,11.82693439,37.34546282,1.602709449,-0.935768518,-14.71556682,0.796067456,-0.109676031,-0.181700324,-0.566773999,-4.866115785,0.562406262,-13.99988798,0.076912934,0.18777174,3.903216603
4.307596385,-17.40718989,56.00736126,247.0318698,45.00050369,-2.21E-04,-3.57101073,11.81207012,37.20128982,1.688206678,-1.331474424,-14.49811691,0.807211564,-0.111965309,-0.17908703,-0.551181546,-4.356082144,0.692202498,-13.97725523,0.126879034,0.21501109,3.892117897
4.317596385,-17.44282241,56.12539697,247.4031672,45.00050475,-2.22E-04,-3.555744778,11.79465874,37.05838266,1.601252037,-1.616463645,-14.35140964,0.818038514,-0.114041371,-0.176528889,-0.535392479,-4.021469139,0.656217556,-13.94765521,0.172491259,0.220820973,3.88073408
4.327596385,-17.47831006,56.24324618,247.7730414,45.00050581,-2.22E-04,-3.542055753,11.7747823,36.9166408,1.449539405,-1.865559508,-14.23109173,0.828526873,-0.115982696,-0.174041686,-0.519423456,-3.760761946,0.54576883,-13.9163305,0.207035614,0.213456978,3.867975724
4.337596385,-17.51366904,56.36088475,248.1415036,45.00050687,-2.23E-04,-3.53001516,11.75255542,36.77597097,1.287135082,-2.107855119,-14.11881936,0.838657863,-0.117869166,-0.17163411,-0.503290751,-3.529190124,0.406842859,-13.88596867,0.22866374,0.194786023,3.854439504
4.347596385,-17.54891592,56.47829011,248.508564,45.00050792,-2.23E-04,-3.519635205,11.7281838,36.63625669,1.120778724,-2.334164981,-14.0170696,0.848415288,-0.119778103,-0.169308014,-0.487010782,-3.335388706,0.254258757,-13.85616275,0.236371693,0.166499921,3.840499221
4.357596385,-17.58406614,56.59544132,248.8742319,45.00050897,-2.24E-04,-3.510525853,11.70164655,36.49752722,0.955872901,-2.535194653,-13.92807065,0.857785594,-0.121781558,-0.167061513,-0.470599169,-3.186450543,0.102731466,-13.82635296,0.22993883,0.130916126,3.826355009
4.367596385,-17.61912775,56.71231465,249.2385186,45.00051003,-2.24E-04,-3.501855662,11.67264351,36.35998213,0.885737758,-2.782784661,-13.81166253,0.866756741,-0.123948423,-0.164908246,-0.454064765,-2.964186375,-0.002652144,-13.80231994,0.210478537,0.088162422,3.812536458
4.377596385,-17.6541044,56.82888756,249.6014349,45.00051107,-2.25E-04,-3.493528371,11.64165967,36.22343879,0.849053895,-3.009023484,-13.70078503,0.875317953,-0.126338986,-0.1628666,-0.437414463,-2.760587205,-0.080740508,-13.77894279,0.180304581,0.035815507,3.799691163
4.387596385,-17.68899932,56.94514328,249.9629899,45.00051212,-2.25E-04,-3.485501799,11.60931148,36.08767029,0.817029174,-3.177463383,-13.61167516,0.883460869,-0.128999608,-0.160946597,-0.420656852,-2.621962528,-0.129720265,-13.75318131,0.14065288,-0.023317505,3.787424618
4.397596385,-17.72381534,57.06107146,250.3231901,45.00051316,-2.25E-04,-3.477745006,11.57626742,35.95243761,0.788703692,-3.281020708,-13.54602058,0.891180141,-0.131961425,-0.15914952,-0.403801397,-2.551203253,-0.138332487,-13.724214,0.093127589,-0.086050585,3.775487619
4.407596385,-17.75855596,57.17666943,250.6820392,45.0005142,-2.26E-04,-3.470552606,11.54350377,35.81734735,0.762832514,-3.316416659,-13.50456474,0.898473894,-0.135238534,-0.157465817,-0.386858783,-2.54693169,-0.097751202,-13.69150778,0.039697308,-0.149195995,3.763745093
4.417596385,-17.79323059,57.29194686,251.0395356,45.00051524,-2.26E-04,-3.464573531,11.51229039,35.68184338,0.659424483,-3.210153809,-13.52534863,0.905345564,-0.138821446,-0.1558598,-0.369845561,-2.718139973,-0.006338322,-13.64868706,-0.017477695,-0.207666311,3.751740377
4.427596385,-17.82785134,57.40692224,251.395674,45.00051627,-2.27E-04,-3.459762328,11.4831675,35.5457234,0.537743497,-3.024202102,-13.57848831,0.911803915,-0.142680945,-0.154280392,-0.352779434,-2.967471295,0.150766499,-13.60079758,-0.075941506,-0.254190063,3.73889492
4.437596385,-17.86242935,57.52161847,251.7504475,45.0005173,-2.27E-04,-3.456002863,11.45651392,35.4088456,0.426334872,-2.794080783,-13.64788735,0.917861442,-0.146774207,-0.152674528,-0.335675727,-3.239291485,0.37366566,-13.55067683,-0.132690794,-0.28673177,3.72557224
4.447596385,-17.89697445,57.63606161,252.1038481,45.00051833,-2.28E-04,-3.453155855,11.43257886,35.27111207,0.327800875,-2.532494691,-13.72932323,0.923533584,-0.151046787,-0.150989659,-0.318547814,-3.5150492,0.655969785,-13.4992382,-0.184833194,-0.304377498,3.712003831
4.457596385,-17.93149491,57.75027947,252.4558668,45.00051936,-2.28E-04,-3.451036241,11.41145678,35.13248573,0.244130438,-2.252516821,-13.81826747,0.928837962,-0.155435285,-0.149176487,-0.301407181,-3.777454706,0.988142332,-13.44739225,-0.229682168,-0.306892182,3.698316641
4.467596385,-17.96599683,57.86429997,252.8064949,45.00052039,-2.28E-04,-3.449416489,11.39309726,34.99299163,0.184039598,-1.973202381,-13.90633879,0.933793384,-0.159871073,-0.147192805,-0.284262965,-4.001018457,1.357136366,-13.39640582,-0.264958423,-0.295077711,3.684617349
4.477596385,-18.00048435,57.97815035,253.1557238,45.00052141,-2.29E-04,-3.448127906,11.3774102,34.8526647,0.142601949,-1.700132022,-13.99195856,0.938418937,-0.164283489,-0.145005191,-0.26712231,-4.182127093,1.750685461,-13.34655768,-0.288890213,-0.270750986,3.670996326
4.487596385,-18.03495992,58.09185653,253.5035456,45.00052243,-2.29E-04,-3.446997793,11.36422275,34.71158084,0.117977256,-1.440116525,-14.07219314,0.942733191,-0.168603373,-0.142588887,-0.249990886,-4.31528454,2.15668372,-13.29817689,-0.300512418,-0.235952745,3.657435728
4.497596385,-18.06942423,58.20544231,253.8499533,45.00052345,-2.30E-04,-3.445846826,11.35327998,34.56986097,0.111038597,-1.201582884,-14.14258601,0.946753466,-0.17276603,-0.139928437,-0.232872942,-4.393150318,2.562216354,-13.25157152,-0.299501833,-0.193046258,3.643921543
4.507596385,-18.10387562,58.31892805,254.1949416,45.00052447,-2.30E-04,-3.444300114,11.34408254,34.42777385,0.122181555,-0.992398382,-14.19867625,0.95049497,-0.176714544,-0.137018961,-0.21577091,-4.410756738,2.953784036,-13.20691391,-0.28625516,-0.144570314,3.630445182
4.517596385,-18.13830687,58.43232722,254.538509,45.00052549,-2.31E-04,-3.441772522,11.33588163,34.28574171,0.200254538,-0.862450168,-14.20990476,0.953968541,-0.180407391,-0.133874728,-0.198682543,-4.298839171,3.29690563,-13.16646158,-0.26209867,-0.094388137,3.617246151
4.527596385,-18.17270733,58.54564765,254.8806573,45.00052651,-2.31E-04,-3.438127063,11.32827179,34.14397319,0.307152062,-0.784074749,-14.1932809,0.957180804,-0.183816864,-0.130523038,-0.181603977,-4.111553734,3.590505573,-13.12866079,-0.229405636,-0.047582931,3.604673907
4.537596385,-18.20706543,58.65889334,255.22139,45.00052753,-2.32E-04,-3.433292541,11.32086947,34.00265878,0.423174483,-0.744254023,-14.15724921,0.960135275,-0.186925816,-0.126996953,-0.164531966,-3.878764089,3.83322575,-13.0928326,-0.190236056,-0.006370418,3.592490542
4.547596385,-18.2413691,58.7720645,255.5607126,45.00052855,-2.32E-04,-3.427238117,11.31330505,33.86197596,0.544295058,-0.742341469,-14.10267202,0.962832585,-0.189727973,-0.123333361,-0.147463864,-3.610096719,4.02031215,-13.05898074,-0.146776537,0.027769768,3.580542082
4.557596385,-18.2756066,58.88515816,255.8986319,45.00052957,-2.32E-04,-3.420130167,11.30537537,33.72199648,0.666496272,-0.776222671,-14.03128083,0.965270972,-0.192226914,-0.119570453,-0.130398127,-3.316219439,4.149857546,-13.02708531,-0.101374638,0.053702499,3.5687422
4.567596385,-18.30976952,58.99817081,256.2351547,45.00053058,-2.33E-04,-3.412347996,11.29707059,33.58267347,0.74615223,-0.807515725,-13.96682194,0.96744818,-0.194430461,-0.115739167,-0.113336932,-3.058623453,4.249341317,-12.99495521,-0.055900495,0.071636137,3.556837549
4.577596385,-18.34385152,59.11109741,256.5702879,45.0005316,-2.33E-04,-3.403953827,11.28812071,33.44412044,0.809652884,-0.8582393,-13.89568955,0.969361254,-0.196352258,-0.111865735,-0.096283998,-2.807519067,4.30573347,-12.96382646,-0.011513291,0.083476649,3.54450394
4.587596385,-18.37784674,59.22393024,256.90404,45.00053261,-2.34E-04,-3.395003125,11.27828025,33.30643712,0.868301771,-0.935820541,-13.8132469,0.971005725,-0.198014353,-0.107975641,-0.079243039,-2.554017595,4.314681262,-12.93429618,0.029904229,0.089172063,3.531922854
4.597596385,-18.41174995,59.33665939,257.2364198,45.00053363,-2.34E-04,-3.38556361,11.26735432,33.16969459,0.920749572,-1.03551542,-13.72222624,0.972375921,-0.199445981,-0.104092552,-0.06221824,-2.305258061,4.281767245,-12.90627055,0.066559977,0.088971339,3.519214768
4.607596385,-18.44555616,59.44927282,257.5674374,45.00053464,-2.35E-04,-3.375549801,11.25506112,33.03401748,0.96589545,-1.151998761,-13.6255896,0.973464997,-0.200683163,-0.100239049,-0.04521395,-2.067406179,4.214054762,-12.87960874,0.096937767,0.083357429,3.506448072
4.617596385,-18.47925807,59.56175469,257.8971044,45.00053565,-2.35E-04,-3.364698534,11.24101633,32.89959083,1.044038449,-1.315422904,-13.50535625,0.974263518,-0.20177307,-0.096442499,-0.028232424,-1.799109601,4.084160377,-12.85682075,0.119123798,0.072089395,3.493876162
4.627596385,-18.51284766,59.67408722,258.2254333,45.00053666,-2.35E-04,-3.353109128,11.22519816,32.7663878,1.124229349,-1.493573646,-13.38061059,0.974760844,-0.202768943,-0.092730246,-0.011276256,-1.541382269,3.923879797,-12.83599243,0.130790344,0.054242435,3.481834061
4.637596385,-18.54631826,59.7862529,258.552436,45.00053767,-2.36E-04,-3.34092464,11.20765931,32.6343431,1.191288899,-1.669206203,-13.26107096,0.974946902,-0.203724078,-0.089124163,0.005650015,-1.313552133,3.753866547,-12.81579058,0.131336516,0.031116309,3.47012899
4.647596385,-18.57966472,59.89823502,258.8781237,45.00053868,-2.36E-04,-3.328311677,11.18850922,32.50336546,1.242831246,-1.836767117,-13.14938056,0.974812746,-0.204689629,-0.085639935,0.022540346,-1.118790146,3.583960936,-12.79562756,0.120803036,0.004303419,3.458631074
4.657596385,-18.61288292,60.01001758,259.2025069,45.00053968,-2.37E-04,-3.315193634,11.16768166,32.37346938,1.276652853,-1.9905198,-13.04805023,0.974350438,-0.20571437,-0.082288457,0.039388213,-0.958807364,3.42439101,-12.77489182,0.099736161,-0.024466254,3.447264991
4.667596385,-18.64596557,60.12158198,259.5255973,45.00054069,-2.37E-04,-3.301206975,11.14488882,32.24479695,1.35747112,-2.183794564,-12.9265937,0.973550052,-0.206853731,-0.079085265,0.056190302,-0.77004841,3.215328797,-12.75841673,0.067815211,-0.054793217,3.436326303
4.677596385,-18.6789049,60.23290965,259.8474064,45.00054169,-2.38E-04,-3.28657547,11.12039024,32.11719126,1.435502321,-2.3699581,-12.81079161,0.972401669,-0.208162235,-0.076044562,0.072943144,-0.603242805,3.011327892,-12.74212511,0.023462345,-0.087515639,3.426290915
4.687596385,-18.71169589,60.34398524,260.167944,45.00054269,-2.38E-04,-3.271588496,11.09453212,31.99045695,1.48592529,-2.524017988,-12.71359392,0.970897744,-0.209685201,-0.073172351,0.089640919,-0.479187002,2.845775558,-12.72344499,-0.031765185,-0.120740324,3.416826686
4.697596385,-18.74433651,60.45479703,260.4872177,45.00054368,-2.38E-04,-3.256554173,11.06769862,31.86438481,1.506270852,-2.641239757,-12.63674427,0.969033349,-0.211457188,-0.070466822,0.106276308,-0.395312922,2.728525495,-12.70162121,-0.095751012,-0.152643916,3.40771168
4.707207592,-18.77556893,60.56104611,260.7928916,45.00054464,-2.39E-04,-3.242915295,11.04187403,31.74335548,1.495295898,-2.718788072,-12.58127207,0.966900906,-0.213412726,-0.068011379,0.122196966,-0.34708763,2.6668136,-12.67610984,-0.16605375,-0.181522858,3.398817652
4.717207592,-18.80793717,60.67133674,261.1096926,45.00054563,-2.39E-04,-3.231171869,11.01654609,31.61669979,1.305632622,-2.619463681,-12.62357528,0.96433928,-0.215687297,-0.065565343,0.138672019,-0.442323877,2.846292287,-12.63423481,-0.234033647,-0.202968265,3.389662118
4.727207592,-18.84020129,60.78138324,261.4252225,45.00054662,-2.40E-04,-3.222097289,10.99307633,31.48911851,1.041543743,-2.442664756,-12.70988107,0.961447766,-0.218155694,-0.063169926,0.155034988,-0.576776433,3.147764197,-12.5837757,-0.2947695,-0.213134177,3.378214484
4.737207592,-18.87238802,60.89120488,261.7394716,45.00054761,-2.40E-04,-3.215687302,10.9715855,31.36051666,0.773427672,-2.249328189,-12.80795093,0.958248557,-0.220758601,-0.060763473,0.171269216,-0.691877432,3.48733199,-12.53240184,-0.342530126,-0.210980842,3.365558843
4.747207592,-18.90452367,61.00082169,262.0524293,45.00054859,-2.40E-04,-3.211861894,10.95211178,31.23084342,0.509913612,-2.048267705,-12.91324898,0.954765446,-0.223430984,-0.058286318,0.187361265,-0.778343711,3.849999201,-12.48114975,-0.375539893,-0.197448131,3.352213996
4.757207592,-18.9366345,61.11025469,262.3640842,45.00054958,-2.41E-04,-3.210870506,10.93496371,31.09987567,0.257344739,-1.846908697,-13.02163036,0.951024159,-0.226101507,-0.05568153,0.203299594,-0.830418696,4.221857839,-12.43086789,-0.392591774,-0.173918464,3.338480349
4.767207592,-18.96875338,61.21953147,262.6744206,45.00055056,-2.41E-04,-3.213493754,10.92090256,30.9670887,-0.082590496,-1.561122895,-13.18644036,0.947058155,-0.228675767,-0.052884883,0.219069474,-0.902520473,4.726843424,-12.37612796,-0.390704084,-0.141205498,3.323999449
4.777207592,-19.00091561,61.3286827,262.98342,45.00055154,-2.42E-04,-3.21947725,10.90982026,30.83251754,-0.436723312,-1.253804228,-13.36983184,0.942904121,-0.231049974,-0.049833704,0.2346579,-0.942656276,5.269101473,-12.32327572,-0.364095,-0.099098372,3.307925481
4.787207592,-19.0331527,61.43773704,263.2910655,45.00055252,-2.42E-04,-3.22838301,10.9014803,30.69632277,-0.752660119,-0.966558134,-13.54174938,0.938595964,-0.233128731,-0.046477657,0.250056871,-0.920216857,5.775887006,-12.2748539,-0.313902045,-0.050435175,3.290876411
4.795817232,-19.06098811,61.5315712,263.5548409,45.00055337,-2.42E-04,-3.23798412,10.89626836,30.57795047,-1.019519106,-0.706400147,-13.69309137,0.934786435,-0.234616716,-0.04331576,0.263159766,-0.832710364,6.225953274,-12.23042399,-0.242471872,0.001859009,3.273272365
4.803123487,-19.0846789,61.61116989,263.7778822,45.00055408,-2.43E-04,-3.247136393,10.89302015,30.47690516,-1.20326303,-0.508579129,-13.80061043,0.931493845,-0.235623577,-0.040422462,0.274165591,-0.706099383,6.553425306,-12.19497369,-0.166237858,0.047612279,3.257862072
4.810043663,-19.10717878,61.6865411,263.9884571,45.00055476,-2.43E-04,-3.255448577,10.88998794,30.38141448,-1.243948919,-0.427793567,-13.82456583,0.928329073,-0.236347983,-0.037504834,0.28449631,-0.534478246,6.670595646,-12.16825885,-0.09317753,0.085473688,3.244814148
4.817154684,-19.13035657,61.76396835,264.2041524,45.00055546,-2.43E-04,-3.26324709,10.88665546,30.28373175,-1.153946587,-0.450881252,-13.77069985,0.925028624,-0.236864809,-0.034337891,0.295022061,-0.317075024,6.598238993,-12.14618321,-0.024208586,0.118211206,3.233654397
4.82460088,-19.15468271,61.84501852,264.4292719,45.00055619,-2.44E-04,-3.270412065,10.88282859,30.18203103,-1.035169847,-0.488582192,-13.70059759,0.921517018,-0.237168022,-0.030853277,0.305950635,-0.082703893,6.480828969,-12.12471359,0.044110894,0.148069263,3.223232976
4.832584449,-19.18081857,61.93188438,264.6697995,45.00055697,-2.44E-04,-3.276753197,10.8782377,30.07376313,-0.885201943,-0.541354619,-13.61343206,0.917684042,-0.237237586,-0.026946961,0.317566038,0.170541551,6.31464506,-12.1036504,0.111676501,0.174890663,3.213116697
4.84142331,-19.20980573,62.02801062,264.9350913,45.00055783,-2.44E-04,-3.28193479,10.87245479,29.95493432,-0.699399802,-0.610679096,-13.50736934,0.913350805,-0.237030542,-0.022447569,0.330307335,0.446150355,6.092468745,-12.08279314,0.17817758,0.198373356,3.20289761
4.85142331,-19.24264391,62.13669836,265.2339742,45.00055881,-2.45E-04,-3.285234438,10.86491026,29.82190596,-0.469314975,-0.699651019,-13.37890763,0.90832237,-0.2364772,-0.017183182,0.344577631,0.750314847,5.801064654,-12.06190755,0.243138268,0.217950497,3.192099099
4.86142331,-19.27550104,62.24530523,265.5315344,45.00055979,-2.45E-04,-3.285723309,10.85628807,29.69037706,-0.18889156,-0.80955086,-13.22669281,0.903144971,-0.235637168,-0.011791258,0.358699391,1.085404409,5.42869084,-12.04108253,0.303725897,0.2320483,3.180309784
4.87142331,-19.30834886,62.35382051,265.8277867,45.00056076,-2.46E-04,-3.283366201,10.84658628,29.56031588,0.092684678,-0.915696972,-13.07908629,0.897802727,-0.234567739,-0.006331748,0.372677003,1.402826785,5.039566419,-12.02266347,0.349573387,0.238064088,3.16870556
4.88142331,-19.34115886,62.46223332,266.1227455,45.00056174,-2.46E-04,-3.278164545,10.83579756,29.43167333,0.37869893,-1.024757093,-12.93399612,0.892279653,-0.233329736,-8.64E-04,0.386514565,1.6989606,4.629096217,-12.00694785,0.379850505,0.236662822,3.15716708
4.89142331,-19.37390289,62.57053294,266.4164246,45.00056271,-2.46E-04,-3.270187524,10.82395575,29.3043633,0.660335328,-1.132355981,-12.79602544,0.886560305,-0.231985579,0.004553895,0.400215915,1.969818972,4.210764536,-11.99357391,0.393873122,0.22882951,3.145682284
4.90142331,-19.40655366,62.67870908,266.7088369,45.00056368,-2.47E-04,-3.259502712,10.81108385,29.17830532,0.933633257,-1.235221546,-12.66753595,0.880630407,-0.230596919,0.00986854,0.413784678,2.215070415,3.793390848,-11.98196809,0.391731114,0.215615898,3.134241833
4.91142331,-19.43908184,62.78674918,266.9999958,45.00056465,-2.47E-04,-3.245523585,10.79660936,29.05376219,1.212466089,-1.348224809,-12.53987064,0.874473619,-0.229233691,0.015026617,0.427225942,2.431613608,3.358243825,-11.97270201,0.373626216,0.198062602,3.122883292
4.92142331,-19.47145234,62.89463486,267.2899175,45.00056562,-2.48E-04,-3.228016862,10.78021638,28.9308264,1.579389767,-1.545316282,-12.37122554,0.868068022,-0.227984872,0.019974007,0.440547213,2.606388926,2.791206927,-11.97270213,0.335447139,0.17787468,3.112525643
4.93142331,-19.50363161,63.00234759,267.5786171,45.00056659,-2.48E-04,-3.207351411,10.76205202,28.80932372,1.915797034,-1.730859579,-12.21883186,0.861393766,-0.226936511,0.024664065,0.453753549,2.740733832,2.259512459,-11.97284372,0.275862942,0.156936354,3.103315023
4.93944948,-19.52930099,63.08866319,267.8094574,45.00056737,-2.48E-04,-3.188805546,10.74632869,28.71271092,2.20914669,-1.898629787,-12.08489151,0.855831483,-0.226292074,0.028217454,0.464271628,2.836161184,1.781346263,-11.97132917,0.197383258,0.136923652,3.094819752
4.946532511,-19.5518258,63.1647284,268.0125303,45.00056805,-2.49E-04,-3.17124562,10.73171699,28.62803181,2.405970085,-2.016735163,-11.9917083,0.850765001,-0.225898636,0.031184965,0.47349363,2.886943301,1.447145351,-11.96780304,0.122800338,0.122519165,3.088335612
4.953062895,-19.57248018,63.23476519,268.1992286,45.00056868,-2.49E-04,-3.154364535,10.71780205,28.55033299,2.546969304,-2.106795694,-11.92042023,0.845959413,-0.225699375,0.033775177,0.481945746,2.914865041,1.194870776,-11.96235365,0.04992284,0.111633959,3.082782421
4.959537253,-19.59284975,63.30411261,268.3838239,45.00056931,-2.49E-04,-3.138139228,10.70447737,28.47315613,2.559742419,-2.104232348,-11.90352466,0.841069235,-0.225659262,0.03620493,0.490275069,2.950887064,1.11939475,-11.94626282,-0.021392373,0.10334625,3.077631459
4.966405019,-19.61434509,63.37758187,268.579089,45.00056997,-2.49E-04,-3.12179906,10.69103045,28.391022,2.44849174,-2.010657964,-11.93827975,0.835751308,-0.225775689,0.038637087,0.499051365,3.008277221,1.209248185,-11.91840458,-0.089256972,0.095739655,3.07132762
4.973842127,-19.63750007,63.45704066,268.7899043,45.00057068,-2.50E-04,-3.105299465,10.67731353,28.3017218,2.306067725,-1.904307144,-11.98143374,0.829848708,-0.226068322,0.041110866,0.508482184,3.06900494,1.334063915,-11.88699166,-0.15643814,0.088148229,3.063556915
4.982141242,-19.66320057,63.54559305,269.0243684,45.00057148,-2.50E-04,-3.088563679,10.66307801,28.20158231,2.127070941,-1.783831127,-12.03427621,0.823096097,-0.226571731,0.043689097,0.518911678,3.135529194,1.498493974,-11.85129784,-0.222715119,0.080407204,3.054253999
4.991837899,-19.69306432,63.64891436,269.2972594,45.00057241,-2.50E-04,-3.07149825,10.64788396,28.08386933,1.902138317,-1.646658306,-12.09918796,0.815001354,-0.227349888,0.046482968,0.530965305,3.211681205,1.710840953,-11.81008425,-0.287595504,0.0722049,3.043129121
5.001837899,-19.72370381,63.75532144,269.5774876,45.00057337,-2.51E-04,-3.05684017,10.63372231,27.96166791,1.613940557,-1.488011429,-12.18067875,0.806443464,-0.228304287,0.049152979,0.543240348,3.304239133,1.986557409,-11.76110158,-0.349967299,0.062966788,3.029488516
5.011837899,-19.75420562,63.86158865,269.8564929,45.00057432,-2.51E-04,-3.043616802,10.61958773,27.83946385,1.349344466,-1.37421726,-12.24332616,0.797687483,-0.229366202,0.051645119,0.555354488,3.380751526,2.222077794,-11.71499588,-0.398371154,0.053669476,3.015107169
5.021837899,-19.78457847,63.96771059,270.1342783,45.00057528,-2.52E-04,-3.031087727,10.60467319,27.71768775,1.291350542,-1.452656506,-12.19820943,0.788732112,-0.23053647,0.053989926,0.567309156,3.347928391,2.185421458,-11.68714759,-0.44032613,0.048351082,3.002698429
5.031837899,-19.81483038,64.07367956,270.4108479,45.00057623,-2.52E-04,-3.019459922,10.58899627,27.59628934,1.211007654,-1.529985674,-12.15783695,0.779576392,-0.231820765,0.056219742,0.579101997,3.308919137,2.180165907,-11.65840151,-0.480360229,0.049496286,2.992588067
5.041837899,-19.84497125,64.17948807,270.6862052,45.00057718,-2.52E-04,-3.008904904,10.57258653,27.47521376,1.111686061,-1.60493313,-12.12274765,0.770222368,-0.23322036,0.058369771,0.590727295,3.269284271,2.203632572,-11.62877684,-0.517078096,0.057159663,2.983938161
5.051837899,-19.87501251,64.28512898,270.9603531,45.00057813,-2.53E-04,-2.999643524,10.55555975,27.35435593,0.997081111,-1.676364932,-12.09332724,0.760674517,-0.234732214,0.060477305,0.602177351,3.234147156,2.252202242,-11.5983107,-0.549161156,0.071235231,2.976227264
5.061837899,-19.90497481,64.39060263,271.2332895,45.00057908,-2.53E-04,-2.993485658,10.53945719,27.23271186,0.818904973,-1.698130816,-12.09797459,0.750949637,-0.236322283,0.062583685,0.613440873,3.244741462,2.38621111,-11.56256426,-0.57493533,0.091026984,2.968986321
5.071837899,-19.93489542,64.49592366,271.5050029,45.00058003,-2.54E-04,-2.991283317,10.52501454,27.10973727,0.415635161,-1.524824716,-12.23084128,0.741085573,-0.23789902,0.064735143,0.624504277,3.435641451,2.799877589,-11.50862176,-0.583040126,0.109865894,2.959638498
5.081837899,-19.96481321,64.60110804,271.7754798,45.00058097,-2.54E-04,-2.992895092,10.5121077,26.98542137,0.026823324,-1.365683395,-12.364407,0.731120974,-0.239363531,0.066975491,0.635359351,3.643914449,3.188550992,-11.45859507,-0.56826788,0.123289088,2.947821911
5.091837899,-19.99476535,64.70617057,272.0447069,45.00058192,-2.54E-04,-2.998107144,10.50062407,26.85978222,-0.345635692,-1.217513451,-12.49851938,0.721091428,-0.240622467,0.069343384,0.64600269,3.870056709,3.548033747,-11.41266434,-0.532112198,0.130256063,2.934479899
5.101837899,-20.02478633,64.81112484,272.3126712,45.00058286,-2.55E-04,-3.00653345,10.49037777,26.7329387,-0.691496485,-1.081346044,-12.62806166,0.711029241,-0.241590658,0.071871295,0.656434223,4.10971039,3.864553563,-11.3706167,-0.476735441,0.130093902,2.920194886
5.110865085,-20.05196658,64.90578209,272.5534765,45.00058371,-2.55E-04,-3.015391661,10.48112001,26.61823599,-0.959142831,-0.992923262,-12.72132681,0.70193562,-0.242167587,0.074311703,0.665671853,4.32006061,4.077487334,-11.33354229,-0.405033602,0.122647655,2.905436856
5.119723861,-20.0787186,64.99858952,272.7887841,45.00058455,-2.55E-04,-3.024282595,10.47143009,26.50601144,-0.997941068,-1.059177957,-12.68920009,0.693003938,-0.242455687,0.076866441,0.674575668,4.360687511,4.03082374,-11.30797982,-0.334423161,0.114374875,2.893438894
5.128583489,-20.1055518,65.09131724,273.0231219,45.00058538,-2.56E-04,-3.033090293,10.46110893,26.39421655,-1.004070823,-1.129011862,-12.64519494,0.684062838,-0.242475545,0.079588789,0.683322229,4.391646465,3.945440523,-11.28409152,-0.264472323,0.107700561,2.883256123
5.137598257,-20.13293354,65.18557192,273.260549,45.00058623,-2.56E-04,-3.041687403,10.44995138,26.28101141,-0.979123061,-1.201045817,-12.59000695,0.67495476,-0.242232709,0.082535921,0.692060119,4.414120974,3.822096564,-11.26128687,-0.19516122,0.102688024,2.874135816
5.146954582,-20.16143178,65.28328822,273.5058956,45.00058711,-2.56E-04,-3.049936196,10.4376861,26.16418717,-0.923258918,-1.274067575,-12.52398936,0.665487691,-0.241718333,0.085785379,0.700955954,4.428797689,3.659824934,-11.23910126,-0.126534243,0.099527048,2.865598448
5.156867843,-20.19170652,65.38669297,273.7646573,45.00058804,-2.57E-04,-3.057929318,10.4242192,26.04104233,-0.83512719,-1.34704044,-12.44703732,0.655438116,-0.240905346,0.089437498,0.710187598,4.436042807,3.455397086,-11.2170606,-0.058588527,0.098550805,2.857279169
5.166867843,-20.22232532,65.49086833,274.0244474,45.00058897,-2.57E-04,-3.065778855,10.41091045,25.91701103,-0.797908105,-1.347988812,-12.41212543,0.645284203,-0.239814264,0.093330423,0.719296079,4.52523323,3.288385445,-11.19032503,0.009814839,0.098806471,2.848415064
5.176867843,-20.25302053,65.5949124,274.2829983,45.00058991,-2.58E-04,-3.073160851,10.39796832,25.79321204,-0.766683407,-1.313118804,-12.39279975,0.635119681,-0.238450898,0.097417779,0.728199105,4.64798499,3.11435059,-11.16201711,0.077475415,0.096266923,2.838277981
5.186867843,-20.283786,65.69882903,274.5403127,45.00059084,-2.58E-04,-3.079785457,10.38542663,25.66971614,-0.704886516,-1.27470627,-12.36583397,0.624947052,-0.236820544,0.101679711,0.736897855,4.760789358,2.897927273,-11.13429356,0.142405258,0.090823638,2.82731616
5.196867843,-20.31461286,65.80262237,274.7963938,45.00059178,-2.58E-04,-3.085398934,10.37331463,25.54658133,-0.615807917,-1.233108859,-12.33239442,0.614766056,-0.234933664,0.106092225,0.745394735,4.860979161,2.643575312,-11.10721028,0.203073234,0.082752356,2.81583836
5.206867843,-20.34548986,65.90629681,275.0512456,45.00059271,-2.59E-04,-3.089778139,10.3616464,25.42385781,-0.503353236,-1.188878523,-12.29385771,0.604574164,-0.232805673,0.110627954,0.753692944,4.946407423,2.356654972,-11.08083774,0.258104344,0.072442072,2.804041243
5.216867843,-20.37640363,66.00985674,275.3048725,45.00059364,-2.59E-04,-3.092724482,10.35041187,25.30159302,-0.368767314,-1.145244425,-12.24981893,0.594366762,-0.230457044,0.115256786,0.761796283,5.011926032,2.040592792,-11.0554157,0.306290622,0.0604611,2.792067023
5.226867843,-20.40733916,66.11330652,275.5572791,45.00059457,-2.60E-04,-3.09411753,10.33961805,25.17980041,-0.218539987,-1.101490922,-12.20295503,0.584137759,-0.227912436,0.119946734,0.769708894,5.058609076,1.703619949,-11.03092501,0.346559783,0.047451788,2.78003349
5.236867843,-20.43828055,66.21665058,275.8084701,45.0005955,-2.60E-04,-3.093886794,10.32926595,25.05847823,-0.058899696,-1.057236391,-12.15561029,0.5738802,-0.225199489,0.124664632,0.777435165,5.087890331,1.353602879,-11.00732532,0.378215531,0.034017599,2.767974854
5.246867843,-20.46921139,66.31989329,276.0584502,45.00059643,-2.60E-04,-3.092007768,10.31934878,24.93761311,0.105448728,-1.013284585,-12.10905962,0.563586605,-0.222348112,0.129376936,0.784979658,5.100121296,0.99705018,-10.9846185,0.400784609,0.020696664,2.755910091
5.256867843,-20.50011495,66.4230387,276.307224,45.00059736,-2.61E-04,-3.088379261,10.30975489,24.81725181,0.270045372,-0.970360277,-12.06435613,0.553248859,-0.21939071,0.134050726,0.792347032,5.096193365,0.640127146,-10.96276712,0.414063638,0.008029447,2.743850848
5.266867843,-20.53097207,66.5260884,276.5547975,45.00059828,-2.61E-04,-3.082706494,10.30018478,24.69756084,0.465016779,-0.957185485,-12.00249777,0.542855154,-0.216369572,0.138655997,0.799541746,5.034690404,0.265766968,-10.94411521,0.417685651,-0.002714432,2.731993516
5.276867843,-20.56176243,66.62904241,276.8011773,45.00059921,-2.62E-04,-3.075041642,10.29061845,24.57850464,0.668325468,-0.956774644,-11.93654903,0.532392335,-0.21333249,0.143165872,0.806567532,4.941904653,-0.106707104,-10.92746409,0.410850821,-0.008859664,2.720772651
5.286867843,-20.59246661,66.73190076,277.0463695,45.00060013,-2.62E-04,-3.065493081,10.28105053,24.46003402,0.862859355,-0.956597525,-11.87550082,0.521848842,-0.210325283,0.147556158,0.813427466,4.838782923,-0.463684058,-10.91138404,0.394219675,-0.009944757,2.710003629
5.296867843,-20.62306651,66.83466339,277.2903798,45.00060106,-2.62E-04,-3.054214657,10.27147388,24.34209763,1.044289991,-0.957113689,-11.81947568,0.511214739,-0.207390667,0.151805931,0.820124114,4.728223282,-0.799980826,-10.89543706,0.368749722,-0.005832364,2.699536447
5.306867843,-20.65354682,66.937331,277.5332126,45.00060198,-2.63E-04,-3.04180063,10.26219391,24.22443262,1.208121415,-0.958347331,-11.76867245,0.500483121,-0.204564305,0.155897171,0.826659641,4.614017147,-1.110772409,-10.8791851,0.335611774,0.003489526,2.689273057
5.316867843,-20.68390367,67.03991148,277.774867,45.0006029,-2.63E-04,-3.029642351,10.25410722,24.1063809,1.236241141,-0.870771671,-11.78333155,0.489660677,-0.201849306,0.159808965,0.833036838,4.6455565,-1.333919996,-10.85232234,0.296977934,0.015396686,2.678552356
5.326867843,-20.71414144,67.14241711,278.0153387,45.00060383,-2.63E-04,-3.018013897,10.24720925,23.98789477,1.192304633,-0.74781084,-11.82702141,0.478761148,-0.199226321,0.163519899,0.839260317,4.743134353,-1.509678891,-10.82048026,0.25670211,0.022462722,2.665981844
5.336867843,-20.74426628,67.24485932,278.2546235,45.00060475,-2.64E-04,-3.007082483,10.24140357,23.86899086,1.130607639,-0.633408959,-11.86991497,0.467796842,-0.196673443,0.167012655,0.845335699,4.837580602,-1.666672557,-10.78862264,0.215695998,0.024064021,2.652129768
5.346867843,-20.7742859,67.34724845,278.4927172,45.00060567,-2.64E-04,-2.996992559,10.23657474,23.74970199,1.053276728,-0.529667541,-11.91030754,0.4567793,-0.194166788,0.170273976,0.851268878,4.926432921,-1.805382991,-10.75714721,0.174627477,0.020262369,2.637458206
5.356867843,-20.80420818,67.44959271,278.729617,45.00060659,-2.65E-04,-2.9874209,10.23223916,23.6303194,0.962736474,-0.438286603,-11.94667008,0.445717997,-0.191684917,0.173295529,0.857065353,5.007385629,-1.926567805,-10.72643036,0.134139174,0.01116326,2.622267762
5.366867843,-20.83403175,67.55189073,278.9653261,45.00060751,-2.65E-04,-2.977177728,10.22723235,23.51160738,0.98834675,-0.46173488,-11.90776622,0.434608573,-0.189237325,0.176082379,0.86272801,4.906988275,-2.072715039,-10.70561737,0.094102475,-8.02E-05,2.60741627
5.376867843,-20.86374967,67.65413459,279.1998516,45.00060843,-2.65E-04,-2.966317192,10.22139539,23.39363542,1.057774296,-0.540988308,-11.83436858,0.423440359,-0.186852984,0.17864957,0.868256043,4.72340804,-2.209573662,-10.68976311,0.053247694,-0.004699372,2.594549741
5.386867843,-20.89335656,67.75631565,279.4332013,45.00060935,-2.66E-04,-2.954996125,10.21466494,23.27640879,1.111729506,-0.627468892,-11.75992756,0.412206036,-0.184558352,0.181015576,0.873646244,4.540067592,-2.316614587,-10.67457911,0.012595082,-0.002135384,2.583117564
5.396867843,-20.92284859,67.85842475,279.6653823,45.00061027,-2.66E-04,-2.94337355,10.20699564,23.1599226,1.149841457,-0.719388411,-11.68547051,0.40090094,-0.182376771,0.183202132,0.878893696,4.361308598,-2.395213161,-10.65982257,-0.02665929,0.007346368,2.572650193
5.406867843,-20.95222298,67.9604519,279.8964024,45.00061118,-2.66E-04,-2.931387675,10.19818905,23.04427646,1.172043379,-0.814938873,-11.61200423,0.389521855,-0.180329577,0.185234311,0.883992205,4.191120025,-2.447373317,-10.64524918,-0.063412197,0.023333128,2.562836318
5.416867843,-20.98147333,68.06238289,280.1262717,45.0006121,-2.67E-04,-2.918545202,10.18772828,22.92978093,1.241796304,-0.96154737,-11.50767387,0.378060955,-0.178448792,0.187144996,0.888933458,3.94734317,-2.486382082,-10.63623878,-0.096826713,0.046668077,2.553796772
5.426867843,-21.01059145,68.16420087,280.3550018,45.00061302,-2.67E-04,-2.904973229,10.17559177,22.81641439,1.3237826,-1.130366829,-11.39219855,0.366509227,-0.176771107,0.188972478,0.893707091,3.680990046,-2.503387108,-10.62994274,-0.126298146,0.080764129,2.546160212
5.436867843,-21.03957099,68.26588927,280.5826036,45.00061393,-2.68E-04,-2.890862528,10.16182371,22.70411559,1.387427524,-1.296221748,-11.28211977,0.354860915,-0.17532735,0.190755905,0.898301862,3.437002476,-2.495086785,-10.62322589,-0.150816404,0.124828873,2.539541912
5.446867843,-21.06840758,68.36743214,280.8090874,45.00061484,-2.68E-04,-2.876415852,10.14649765,22.59280911,1.431323652,-1.456184614,-11.178887,0.343113077,-0.174141721,0.192534503,0.902706233,3.220894757,-2.464924472,-10.6153973,-0.169447066,0.177592737,2.533631745
5.456867843,-21.09710008,68.46881534,281.0344622,45.00061575,-2.68E-04,-2.862298486,10.13008731,22.48216528,1.454495646,-1.607354322,-11.08387382,0.331266751,-0.173228274,0.194345389,0.906909132,3.037446687,-2.417077767,-10.60580299,-0.181468483,0.237538548,2.528221625
5.466867843,-21.12566003,68.57003458,281.2587301,45.00061666,-2.69E-04,-2.850023918,10.1138022,22.37137812,1.326337164,-1.640325557,-11.06754744,0.319337971,-0.172566241,0.196211106,0.910903592,3.071742693,-2.361014223,-10.57971895,-0.186439275,0.300247428,2.522488069
5.476867843,-21.15410731,68.67109234,281.4818888,45.00061757,-2.69E-04,-2.839771161,10.09780276,22.26031872,1.12726846,-1.615403846,-11.09114562,0.307350115,-0.172110964,0.198143548,0.9146873,3.216127722,-2.312825515,-10.54519491,-0.184531189,0.355998981,2.514750145
5.486867843,-21.18246232,68.77199179,281.7039353,45.00061848,-2.69E-04,-2.831572441,10.0821502,22.14892223,0.922743929,-1.583482493,-11.12180973,0.295324498,-0.171814235,0.200152244,0.918260523,3.380317445,-2.276546211,-10.50924908,-0.176243802,0.4030837,2.505572755
5.496867843,-21.21074559,68.87273665,281.924866,45.00061939,-2.70E-04,-2.825419173,10.06688826,22.03713605,0.717145639,-1.546318055,-11.15836039,0.283280886,-0.171625927,0.202244074,0.921625637,3.558017874,-2.254847705,-10.47237196,-0.162236721,0.440712787,2.495440609
5.506867843,-21.23897619,68.97332993,282.1446773,45.00062029,-2.70E-04,-2.820812935,10.05165279,21.92519309,0.514204199,-1.505635249,-11.1995386,0.271236125,-0.171498793,0.204425158,0.924786182,3.743214757,-2.249406912,-10.43501414,-0.143312068,0.468368179,2.484676562
5.516867843,-21.26716207,69.07376578,282.3633721,45.00062119,-2.70E-04,-2.816376737,10.03532939,21.81386508,0.447385059,-1.574986846,-11.16574493,0.259192109,-0.17141554,0.206716405,0.927741608,3.745060967,-2.227171318,-10.41003473,-0.119725771,0.488924942,2.474265207
5.526867843,-21.29530402,69.1740329,282.5809567,45.0006221,-2.71E-04,-2.812029176,10.01792396,21.70315957,0.439509703,-1.688157459,-11.1007281,0.247143996,-0.171377718,0.209147293,0.930487471,3.673349934,-2.196841592,-10.3898795,-0.090421971,0.511071927,2.46615965
5.536867843,-21.32340302,69.27412102,282.7974371,45.000623,-2.71E-04,-2.807789822,9.999548666,21.59301556,0.429660187,-1.791063906,-11.04139108,0.235090059,-0.171385485,0.211743919,0.93301886,3.615573559,-2.175029503,-10.36830311,-0.055623795,0.534816259,2.459780164
5.546867843,-21.35146024,69.37402107,283.0128187,45.0006239,-2.72E-04,-2.803677852,9.980332861,21.4833644,0.417872607,-1.881842552,-10.98855659,0.223030743,-0.171437297,0.214528741,0.935330936,3.572175078,-2.164898859,-10.3449071,-0.015774154,0.559458836,2.454608952
5.556867843,-21.37947897,69.47372704,283.2271046,45.00062479,-2.72E-04,-2.800437866,9.96106119,21.37366516,0.404191753,-1.958931756,-10.94292895,0.210970574,-0.17152497,0.217517093,0.937420352,3.543146997,-2.169321261,-10.31933299,0.028586913,0.58429275,2.450294277
5.566867843,-21.40747938,69.57324909,283.4402867,45.00062569,-2.72E-04,-2.800148634,9.943682337,21.26248611,0.181636499,-1.838540071,-11.03854622,0.198936899,-0.171595546,0.22069055,0.939294821,3.818110298,-2.28722599,-10.2690484,0.075374833,0.604050013,2.445284999
5.576867843,-21.43549177,69.67260722,283.652349,45.00062658,-2.73E-04,-2.802805882,9.928262449,21.14971285,-0.121028564,-1.638600425,-11.19743544,0.186966174,-0.171569062,0.224009173,0.940971624,4.208840161,-2.474138348,-10.21011869,0.119306243,0.605088297,2.436367479
5.586867843,-21.46354481,69.77182063,283.8632756,45.00062747,-2.73E-04,-2.808253358,9.914729194,21.03533434,-0.407900173,-1.446592974,-11.35743295,0.175088388,-0.171368927,0.227432982,0.942470682,4.576036919,-2.684188637,-10.15407871,0.15912327,0.587325326,2.424626918
5.596867843,-21.49166556,69.8709079,284.0730503,45.00062836,-2.73E-04,-2.81631594,9.903024324,20.91935021,-0.678727731,-1.260991556,-11.5183233,0.163328598,-0.170922718,0.23092109,0.943813882,4.917368807,-2.916537909,-10.1012788,0.193884369,0.551667143,2.410997704
5.606867843,-21.5198778,69.96988601,284.2816583,45.00062925,-2.74E-04,-2.826262665,9.892700122,20.80214989,-0.930222363,-1.080893955,-11.67805265,0.151705898,-0.170167231,0.23443392,0.945023371,5.227010452,-3.170188561,-10.05180707,0.222566303,0.499289226,2.396104888
5.616867843,-21.54819083,70.06876223,284.4890934,45.00063014,-2.74E-04,-2.836326519,9.882559112,20.68487657,-1.009927123,-1.018778067,-11.72911711,0.140221297,-0.169074561,0.237952853,0.946113217,5.300778906,-3.361426529,-10.01162347,0.245532204,0.43474219,2.381238117
5.626867843,-21.5766036,70.16753749,284.6953561,45.00063103,-2.74E-04,-2.84617338,9.872507741,20.56769888,-0.999158649,-1.009523477,-11.72404686,0.1288668,-0.167642137,0.241473189,0.947090366,5.249329662,-3.521966895,-9.975520922,0.266191864,0.368259728,2.36872768
5.636867843,-21.60511287,70.26621267,284.9004479,45.00063192,-2.75E-04,-2.855591717,9.862542655,20.45070387,-0.96668656,-1.000785131,-11.71004974,0.11763583,-0.165873453,0.244989592,0.947959867,5.164227202,-3.6850827,-9.940434677,0.284619801,0.301687819,2.357999382
5.646867843,-21.63371334,70.36478863,285.1043711,45.00063281,-2.75E-04,-2.864383841,9.852663527,20.33397241,-0.913683988,-0.992217093,-11.68761209,0.106522337,-0.163777676,0.24849643,0.948725139,5.046683977,-3.848869245,-9.90640076,0.300705026,0.236165412,2.348516927
5.656867843,-21.66239822,70.46326651,285.3071282,45.00063369,-2.76E-04,-2.872512522,9.842979358,20.21747448,-0.841738517,-0.983557239,-11.65748313,0.095520771,-0.161368178,0.251987331,0.949388476,4.898576886,-4.011449541,-9.873451199,0.314409187,0.17279941,2.339912088
5.666867843,-21.69116233,70.56164998,285.5087205,45.00063458,-2.76E-04,-2.880231243,9.833802202,20.10097593,-0.79367071,-0.943975849,-11.64992804,0.084629313,-0.158655582,0.255449434,0.949953616,4.773802888,-4.199605289,-9.839509555,0.325286371,0.111792849,2.331671622
5.676867843,-21.72000104,70.65994426,285.7091479,45.00063546,-2.76E-04,-2.887406629,9.825137185,19.98452631,-0.747323253,-0.891748068,-11.648588,0.073847253,-0.155650023,0.258866065,0.950425175,4.642790366,-4.397273008,-9.805702257,0.331975478,0.051869747,2.323002233
5.686867843,-21.74890815,70.75815436,285.9084114,45.00063634,-2.77E-04,-2.893890512,9.816960727,19.86819374,-0.685282967,-0.841631364,-11.64020863,0.063172063,-0.152365768,0.262221536,0.950806936,4.483284491,-4.589082013,-9.77307012,0.334471787,-0.006107476,2.314002175
5.696867843,-21.7778761,70.85628501,286.1065124,45.00063723,-2.77E-04,-2.899553504,9.809244474,19.75204079,-0.609335369,-0.794117292,-11.62527129,0.052599754,-0.148820782,0.265501285,0.951101839,4.297702494,-4.772619633,-9.741699012,0.332966858,-0.061183778,2.304781988
5.706867843,-21.80689613,70.95434068,286.303453,45.00063811,-2.77E-04,-2.904290723,9.801958934,19.63612023,-0.521441259,-0.749664106,-11.60439497,0.042125236,-0.145036071,0.268692023,0.951312041,4.088868382,-4.945771588,-9.71166199,0.327724914,-0.112536639,2.295418237
5.716867843,-21.83595858,71.05232554,286.4992357,45.00063899,-2.78E-04,-2.908026458,9.795076853,19.52047151,-0.4249056,-0.707763221,-11.5791865,0.031742615,-0.141035212,0.27178166,0.951439018,3.861347742,-5.10779098,-9.682948852,0.31904083,-0.159469196,2.285955883
5.726867843,-21.86505309,71.15024343,286.6938635,45.00063987,-2.78E-04,-2.910693809,9.788558606,19.4051353,-0.321108731,-0.66931386,-11.54987452,0.021445326,-0.136844,0.274759486,0.951483601,3.617525051,-5.256705067,-9.655633472,0.307270336,-0.201422627,2.276412402
5.736867843,-21.89416873,71.24809778,286.8873396,45.00064075,-2.78E-04,-2.912245811,9.782361271,19.2901452,-0.211577575,-0.635041697,-11.51681445,0.01122623,-0.132490189,0.277616484,0.951445957,3.360107813,-5.390945768,-9.629768285,0.292800068,-0.237860714,2.266820081
5.746867843,-21.9232942,71.34589158,287.0796676,45.00064163,-2.79E-04,-2.912655739,9.776440264,19.17552725,-0.098376241,-0.605160268,-11.48077687,0.001077766,-0.128003087,0.280345362,0.951325668,3.092519549,-5.509779967,-9.605351736,0.276111706,-0.268358322,2.257202546
5.756867843,-21.95241726,71.4436268,287.2708519,45.00064251,-2.79E-04,-2.911631553,9.7705372,19.06150053,0.016517425,-0.579788584,-11.44250478,-0.009008908,-0.123414771,0.282942271,0.951121078,2.818128717,-5.61283627,-9.582356855,0.257690379,-0.292569361,2.247576009
5.766867843,-21.98151914,71.54130003,287.4609017,45.00064339,-2.80E-04,-2.908366519,9.763992045,18.94863917,0.212569602,-0.619948325,-11.34566043,-0.019051591,-0.118772867,0.285419962,0.950823584,2.45358197,-5.622360399,-9.5667409,0.239308083,-0.308812735,2.238509881
5.776867843,-22.01057715,71.63890435,287.6498286,45.00064426,-2.80E-04,-2.902866731,9.756759127,18.83692528,0.439141463,-0.689023033,-11.22773113,-0.029072016,-0.114136096,0.287803276,0.950419404,2.059081184,-5.582469511,-9.556451382,0.225316555,-0.312618969,2.231360518
5.786867843,-22.03956914,71.73643291,287.8376438,45.00064514,-2.80E-04,-2.895169496,9.748835363,18.72631079,0.66037162,-0.757603435,-11.11581038,-0.039088791,-0.109561505,0.290119803,0.949894122,1.675199395,-5.530943015,-9.548490475,0.216963617,-0.303754346,2.225691672
5.796867843,-22.06847336,71.83387871,288.0243583,45.00064602,-2.81E-04,-2.885323311,9.740206369,18.61675863,0.878299211,-0.827432478,-11.00767317,-0.049117587,-0.10510154,0.292397297,0.949233875,1.30103127,-5.466338301,-9.542084982,0.214878531,-0.283349454,2.221100974
5.806867843,-22.09726975,71.93123538,288.2099818,45.00064689,-2.81E-04,-2.873810479,9.731141485,18.50798305,1.089466273,-0.898485184,-10.9034913,-0.059170533,-0.100802454,0.294660628,0.948426501,0.94127076,-5.390032621,-9.536345875,0.219153172,-0.252499625,2.217302675
5.816867843,-22.12594865,72.02850301,288.3945178,45.00064777,-2.81E-04,-2.861934981,9.722459541,18.39922189,1.176259987,-0.890305921,-10.87355256,-0.069246575,-0.096688641,0.296914278,0.947469329,0.708633856,-5.415627835,-9.517310052,0.228050199,-0.213992604,2.213353779
5.826867843,-22.15450804,72.12568602,288.577966,45.00064864,-2.82E-04,-2.84993619,9.714213494,18.29038788,1.196268622,-0.846213791,-10.87924577,-0.079338343,-0.092768433,0.299149608,0.946366186,0.543119959,-5.48953444,-9.490793292,0.236203988,-0.173707181,2.207336063
5.836867843,-22.18294747,72.22278869,288.7603253,45.00064951,-2.82E-04,-2.837965285,9.706387906,18.18145426,1.200965964,-0.803263447,-10.88799457,-0.08944024,-0.089046133,0.301358314,0.945121366,0.394976305,-5.562097158,-9.462718745,0.243194593,-0.13269054,2.199748567
5.846867843,-22.21126793,72.31981511,288.9415947,45.00065039,-2.82E-04,-2.826167569,9.698959693,18.07240171,1.190789936,-0.762249245,-10.89904261,-0.099547599,-0.085522267,0.303532413,0.943739525,0.263901877,-5.6331272,-9.433258614,0.248981487,-0.091573953,2.19106276
5.856867843,-22.23947185,72.4167691,289.1217729,45.00065126,-2.83E-04,-2.814678104,9.691897724,17.96321893,1.16647527,-0.723905672,-10.91166259,-0.109656168,-0.082193957,0.305664194,0.942225599,0.149272812,-5.702424194,-9.402614551,0.253520161,-0.050985782,2.181609064
5.866867843,-22.26756292,72.51365415,289.3008586,45.00065213,-2.83E-04,-2.803618038,9.685162752,17.85390294,1.129456503,-0.689192198,-10.92489991,-0.119761796,-0.079055314,0.307746364,0.940584682,0.049815055,-5.769302327,-9.371059969,0.256777004,-0.011477872,2.171622449
5.876867843,-22.29554602,72.61047331,289.4788505,45.000653,-2.84E-04,-2.793099937,9.678713365,17.74445406,1.080675831,-0.658498102,-10.93828686,-0.12986013,-0.076097612,0.309772194,0.938821968,-0.035357843,-5.833786271,-9.338805432,0.258758902,0.02641057,2.161273154
5.886867843,-22.32342706,72.70722922,289.6557472,45.00065387,-2.84E-04,-2.78322222,9.672504367,17.63487757,1.021305753,-0.632141348,-10.95139384,-0.13994646,-0.073309543,0.311735412,0.936942758,-0.107396189,-5.895856046,-9.306075576,0.259453443,0.062179272,2.150673936
5.896867843,-22.35121288,72.80392404,289.8315476,45.00065474,-2.84E-04,-2.774067698,9.666487699,17.52518326,0.952859318,-0.610467346,-10.96373471,-0.150015642,-0.070677475,0.313630285,0.93495243,-0.167785439,-5.955263795,-9.2731209,0.258837703,0.095361799,2.139903963
5.906867843,-22.37891102,72.90055943,290.0062506,45.00065561,-2.85E-04,-2.765690764,9.660605426,17.41539249,0.876940999,-0.593702676,-10.97489438,-0.160062125,-0.068185855,0.315451742,0.932856368,-0.218127735,-6.011750842,-9.240188692,0.256906593,0.125538232,2.129019247
5.916867843,-22.40652933,72.99713634,290.1798553,45.00065648,-2.85E-04,-2.758106977,9.654783797,17.3055445,0.798650067,-0.58430026,-10.98230307,-0.17008027,-0.065817964,0.317196117,0.930659616,-0.262593785,-6.061053791,-9.207871676,0.25372737,0.152404403,2.118083577
5.926867843,-22.43407592,73.09365514,290.3523613,45.00065735,-2.85E-04,-2.751350682,9.648973349,17.1956588,0.717494294,-0.580825771,-10.98699282,-0.180064203,-0.063556149,0.318860906,0.928366965,-0.301114399,-6.105214368,-9.176156907,0.249533827,0.17579042,2.107183091
5.936867843,-22.46155918,73.1901157,290.5237684,45.00065821,-2.86E-04,-2.745443737,9.643128531,17.08575457,0.633404923,-0.582028092,-10.98982334,-0.190007622,-0.061381754,0.32044431,0.925983168,-0.334129824,-6.145924701,-9.145061086,0.244364919,0.195463314,2.096318305
5.946867843,-22.48898765,73.28651745,290.6940764,45.00065908,-2.86E-04,-2.740393714,9.637206888,16.97585177,0.547863405,-0.587647299,-10.99068576,-0.199903919,-0.05927549,0.321945304,0.923512892,-0.363262033,-6.183048792,-9.1147466,0.238244139,0.211249617,2.085485419
5.956867843,-22.5163697,73.38285931,290.8632857,45.00065995,-2.86E-04,-2.736121395,9.631117858,16.86602198,0.462235875,-0.597323916,-10.9895367,-0.209746548,-0.057218123,0.323364114,0.920960434,-0.390058396,-6.216482746,-9.085349274,0.231239142,0.223040031,2.074681589
5.966867843,-22.54371186,73.4791386,291.0313977,45.00066081,-2.87E-04,-2.732397924,9.624676386,16.75643546,0.398856562,-0.625552774,-10.97161572,-0.219530972,-0.055193315,0.324706199,0.918327684,-0.428304914,-6.219139178,-9.059007513,0.223854008,0.231026554,2.064063964
5.976867843,-22.5710194,73.57535156,291.1984153,45.00066168,-2.87E-04,-2.729196602,9.617850468,16.64711606,0.346014748,-0.66308301,-10.9454766,-0.229253413,-0.053186854,0.325980535,0.915614942,-0.470330456,-6.206377118,-9.034519111,0.217504782,0.235812449,2.054018016
5.986867843,-22.59829748,73.67149428,291.364341,45.00066254,-2.87E-04,-2.726501974,9.610625745,16.53807308,0.294516287,-0.702334463,-10.9182498,-0.238909522,-0.051185111,0.32719622,0.912822523,-0.511167035,-6.191181847,-9.010891628,0.21231801,0.237430524,2.044419882
5.996867843,-22.62555107,73.76756271,291.5291777,45.00066341,-2.88E-04,-2.724296424,9.602991523,16.42931376,0.244698668,-0.742784913,-10.89023057,-0.248494576,-0.049174785,0.32836201,0.90995092,-0.551565297,-6.174077145,-8.988062969,0.20821248,0.235960752,2.035153265
6.006867843,-22.65278488,73.86355265,291.6929283,45.00066427,-2.88E-04,-2.72252393,9.594915032,16.32086994,0.196757725,-0.784199764,-10.86151899,-0.258003548,-0.047142602,0.329486901,0.907000621,-0.592022329,-6.155275634,-8.965956119,0.20506092,0.231367466,2.026134239
6.016867843,-22.68000254,73.95945926,291.8555964,45.00066513,-2.88E-04,-2.721056409,9.586320688,16.2128208,0.161209252,-0.83329837,-10.82496564,-0.267432112,-0.045076736,0.330582413,0.903970918,-0.637863043,-6.121424704,-8.945476283,0.203077187,0.223653727,2.017380809
6.026867843,-22.70720691,74.05527733,292.017186,45.00066599,-2.89E-04,-2.719860049,9.57720822,16.10517274,0.132729421,-0.885485278,-10.78484703,-0.276776239,-0.042966744,0.331661583,0.900860348,-0.686698522,-6.080337505,-8.925949122,0.202933749,0.213090304,2.009041748
6.036867843,-22.73440055,74.15100174,292.1777012,45.00066686,-2.89E-04,-2.718905601,9.567589986,15.99792323,0.107029275,-0.936801932,-10.74480677,-0.286031658,-0.040802919,0.332737242,0.8976675,-0.737240496,-6.038740208,-8.906740073,0.204636642,0.199744674,2.001026988
6.046867843,-22.76158572,74.24662751,292.3371458,45.00066772,-2.89E-04,-2.718161408,9.557485613,15.8910662,0.084386278,-0.986516938,-10.70519722,-0.295194046,-0.038576327,0.333821724,0.894391077,-0.790402806,-5.997199155,-8.887657167,0.208112391,0.183732172,1.993257664
6.056867843,-22.78876431,74.34214987,292.4955238,45.00066857,-2.90E-04,-2.717571592,9.546905159,15.78460902,0.065006481,-1.033912555,-10.66636895,-0.304259247,-0.036278997,0.33492692,0.891029799,-0.847055725,-5.956239031,-8.868502735,0.213228345,0.165195793,1.985676406
6.066867843,-22.81593732,74.43756396,292.6528395,45.00066943,-2.90E-04,-2.717036219,9.535832876,15.67858855,0.055476395,-1.083072378,-10.62381025,-0.313223865,-0.033904533,0.336065457,0.887581716,-0.909875022,-5.907174063,-8.849796025,0.220033801,0.144345189,1.978293989
6.076867843,-22.84310509,74.53286501,292.809097,45.00067029,-2.91E-04,-2.716518771,9.52430544,15.57299104,0.05212111,-1.130711022,-10.58057631,-0.322084982,-0.031447995,0.337250046,0.88404451,-0.978003424,-5.855558868,-8.83095458,0.228808329,0.121462074,1.971209368
6.086867843,-22.87026766,74.62804871,292.9643006,45.00067115,-2.91E-04,-2.715988903,9.512369288,15.46779523,0.051869994,-1.17400069,-10.53928215,-0.330839756,-0.028905277,0.338492312,0.880416092,-1.051145478,-5.806147408,-8.811423375,0.239438374,0.096743672,1.964362489
6.096867843,-22.89742474,74.72311121,293.1184542,45.000672,-2.91E-04,-2.715417999,9.500076179,15.36297638,0.054576424,-1.212365665,-10.50029339,-0.339485574,-0.026273265,0.339802698,0.87669458,-1.129895878,-5.759425459,-8.790979693,0.251705748,0.070383783,1.957700482
6.106867843,-22.92457517,74.81804875,293.2715618,45.00067285,-2.92E-04,-2.714540249,9.487297713,15.25869333,0.060038686,-1.245319393,-10.46394475,-0.348020803,-0.023550467,0.341192108,0.872877335,-1.214760924,-5.715794625,-8.769413459,0.265423068,0.042634356,1.951184729
6.116867843,-22.95171191,74.91285376,293.4236317,45.00067371,-2.92E-04,-2.712625073,9.473539334,15.15547107,0.136801822,-1.325679673,-10.37678312,-0.356449861,-0.020742582,0.342686464,0.86895295,-1.314473559,-5.57408314,-8.75531414,0.28202022,0.013901882,1.945364953
6.126867843,-22.978824,75.00751632,293.5746748,45.00067456,-2.92E-04,-2.709611637,9.458819066,15.05331381,0.246376627,-1.425033354,-10.26827439,-0.364779365,-0.01786034,0.344320636,0.864904806,-1.418916931,-5.389840832,-8.744436576,0.306140013,-0.015170809,1.941664562
6.136867843,-23.00590049,75.10202718,293.7247014,45.00067541,-2.93E-04,-2.705503798,9.443210928,14.95217331,0.356244321,-1.517788853,-10.16398164,-0.373013907,-0.014914942,0.346127051,0.860717279,-1.524017298,-5.211815912,-8.732208306,0.337732839,-0.044552648,1.939682393
6.146867843,-23.03293049,75.19637788,293.8737214,45.00067626,-2.93E-04,-2.700320724,9.426804429,14.85198901,0.464998647,-1.60234915,-10.06512678,-0.381156606,-0.011917705,0.348135319,0.856375741,-1.630547527,-5.042852403,-8.717882659,0.376299444,-0.074283161,1.939019632
6.156867843,-23.05990412,75.29056149,294.0217436,45.0006771,-2.93E-04,-2.694360765,9.409912036,14.75247966,0.571006396,-1.6772264,-9.972944603,-0.389208804,-0.008879173,0.35037013,0.851867618,-1.739209649,-4.885798371,-8.700740476,0.421260743,-0.104358382,1.939379314
6.166867843,-23.08681806,75.38457707,294.1687708,45.00067795,-2.94E-04,-2.688449137,9.393258722,14.65294469,0.597201829,-1.681185292,-9.948575028,-0.397165344,-0.005804139,0.352836321,0.847190965,-1.853724001,-4.856069849,-8.66830272,0.470322686,-0.134812246,1.939912948
6.176867843,-23.1136736,75.47842792,294.314802,45.00067879,-2.94E-04,-2.68268804,9.376981674,14.55325851,0.584363651,-1.647958549,-9.959755248,-0.405018856,-0.002693159,0.355524786,0.842350639,-1.977685109,-4.891660133,-8.626377897,0.517925375,-0.165583484,1.938901212
6.186867843,-23.14047246,75.57211823,294.4598352,45.00067964,-2.94E-04,-2.677120182,9.361161571,14.45334527,0.567132079,-1.606110211,-9.978746443,-0.412764136,4.54E-04,0.35842389,0.837351704,-2.11056553,-4.939522645,-8.580398508,0.563194765,-0.196408617,1.936658803
6.196867843,-23.16721678,75.66565291,294.6038679,45.00068048,-2.95E-04,-2.671785265,9.345867417,14.3531342,0.545767202,-1.556764385,-10.00508055,-0.420397652,0.003637183,0.361519712,0.832199545,-2.252176554,-4.998083849,-8.530525929,0.605673532,-0.226994051,1.933524156
6.206867843,-23.19390902,75.75903749,294.7468967,45.00068132,-2.95E-04,-2.666702898,9.331143512,14.25257368,0.52060645,-1.501126069,-10.03821827,-0.427917231,0.006857695,0.364796283,0.826899926,-2.402196683,-5.06564509,-8.476964528,0.644953905,-0.257071012,1.929745814
6.216867843,-23.22055162,75.8522777,294.8889181,45.00068216,-2.95E-04,-2.66185789,9.316999191,14.1516438,0.496733295,-1.443974361,-10.0737053,-0.435322141,0.010115888,0.368236757,0.821458455,-2.559420966,-5.133490121,-8.420688086,0.680758729,-0.286374834,1.925548474
6.226867843,-23.24714707,75.94537952,295.0299282,45.00068299,-2.96E-04,-2.657277575,9.303467642,14.05029292,0.471743255,-1.384295247,-10.11318129,-0.442612629,0.013412165,0.371823304,0.815880877,-2.723513934,-5.204105706,-8.361519391,0.713084651,-0.314649969,1.921170285
6.236867843,-23.27369814,76.03834918,295.1699224,45.00068383,-2.96E-04,-2.65298853,9.290572957,13.94847309,0.443869099,-1.321617167,-10.15779382,-0.449789512,0.016747,0.375536551,0.810173581,-2.894174501,-5.279042595,-8.299393371,0.74167176,-0.341668711,1.916680488
6.246867843,-23.30020788,76.13119314,295.3088959,45.00068466,-2.96E-04,-2.649012608,9.278327686,13.84614346,0.413568694,-1.257115259,-10.20685339,-0.456854112,0.020120909,0.379355814,0.804343606,-3.070706616,-5.356596553,-8.234614028,0.766259579,-0.367199631,1.91212299
6.256867843,-23.32667999,76.22391825,295.446843,45.0006855,-2.97E-04,-2.645555366,9.266863301,13.74311033,0.381326715,-1.191917048,-10.25962914,-0.463807702,0.023534789,0.383257826,0.798399629,-3.252338282,-5.435085657,-8.167509168,0.786653616,-0.39103055,1.907530202
6.266867843,-23.35312267,76.31653425,295.5837541,45.00068633,-2.97E-04,-2.643159092,9.256520207,13.63889465,0.293955376,-1.090393832,-10.36106168,-0.470647786,0.026992877,0.387205147,0.792359906,-3.45217004,-5.590679815,-8.090351586,0.801334481,-0.412795061,1.902384944
6.276867843,-23.3795467,76.40905219,295.719617,45.00068716,-2.97E-04,-2.641820955,9.247236673,13.53348672,0.186081622,-0.979779886,-10.48160469,-0.477371451,0.030501905,0.391150738,0.786248836,-3.661730093,-5.770711078,-8.009323202,0.806236733,-0.431701812,1.895375602
6.286867843,-23.40596251,76.50148222,295.8544199,45.00068799,-2.98E-04,-2.64151073,9.2389261,13.42690425,0.082012134,-0.878398487,-10.59968198,-0.483978901,0.034067638,0.395047566,0.780090533,-3.872896916,-5.93822635,-7.929041892,0.801033802,-0.447255825,1.886907834
6.296867843,-23.43238025,76.59383372,295.9881512,45.00068882,-2.98E-04,-2.642200969,9.231517089,13.31915508,-0.019537793,-0.784878305,-10.71672501,-0.490472782,0.037693844,0.398851062,0.773907911,-4.085703055,-6.094886206,-7.850095756,0.786206065,-0.458848522,1.877370494
6.306867843,-23.45880966,76.68611531,296.1207992,45.00068965,-2.98E-04,-2.643820975,9.224926359,13.21028336,-0.11786297,-0.6980014,-10.83286661,-0.496857126,0.041383244,0.402520861,0.767722203,-4.300666214,-6.240022667,-7.772932776,0.762677409,-0.466287457,1.867047597
6.316867843,-23.48525927,76.77833457,296.2523535,45.00069048,-2.99E-04,-2.646226402,9.219036395,13.1004076,-0.202512274,-0.62277437,-10.93841123,-0.503137386,0.045137696,0.406022419,0.761551807,-4.514111906,-6.358406771,-7.69877629,0.731513264,-0.469695393,1.85623936
6.326867843,-23.51173659,76.87049814,296.3828042,45.00069131,-2.99E-04,-2.64935268,9.213778455,12.98958593,-0.277610798,-0.556295672,-11.03587689,-0.509319697,0.048958215,0.409325977,0.755412989,-4.725796619,-6.455169577,-7.627236943,0.69408152,-0.469322676,1.845326008
6.336867843,-23.53824851,76.96261202,296.5121423,45.00069214,-2.99E-04,-2.653134789,9.20908603,12.87788643,-0.346557642,-0.496398546,-11.12732375,-0.515410188,0.052845111,0.412405175,0.749320828,-4.935480576,-6.534479162,-7.558138731,0.651153427,-0.465299069,1.834353147
6.346867843,-23.56480124,77.05468153,296.6403593,45.00069297,-3.00E-04,-2.657501546,9.204892024,12.7653919,-0.408673214,-0.44320136,-11.21119764,-0.521414888,0.056798025,0.415237019,0.743289121,-5.141654299,-6.594842164,-7.49171821,0.603467792,-0.457789245,1.82333817
6.356867843,-23.59140033,77.14671135,296.7674477,45.0006938,-3.00E-04,-2.662413482,9.20114834,12.65216269,-0.463405508,-0.396705141,-11.28611425,-0.527339544,0.060815961,0.417801652,0.737330458,-5.342846543,-6.635093182,-7.428191158,0.551755713,-0.446976337,1.812293891
6.366867843,-23.61805144,77.23870597,296.8934001,45.00069462,-3.00E-04,-2.66789749,9.19784247,12.53820105,-0.520817819,-0.3515369,-11.36103937,-0.533188946,0.064897485,0.420080544,0.731457586,-5.542288172,-6.669188842,-7.367021576,0.496551038,-0.433010399,1.801124004
6.376867843,-23.64475993,77.33066945,297.0182096,45.00069545,-3.01E-04,-2.67387453,9.194911276,12.42361686,-0.574526088,-0.310753193,-11.42932846,-0.538967358,0.069040812,0.422057261,0.72568259,-5.736560395,-6.687908003,-7.308895823,0.437999571,-0.415954436,1.789573201
6.386867843,-23.67153028,77.42260523,297.1418708,45.00069628,-3.01E-04,-2.680255154,9.192290706,12.3085355,-0.619384662,-0.276547471,-11.48542062,-0.544678942,0.073243706,0.42371882,0.720015674,-5.922328326,-6.683984201,-7.254335611,0.376809325,-0.396069458,1.77772033
6.396867843,-23.69836607,77.5145161,297.2643791,45.0006971,-3.01E-04,-2.686948893,9.189920536,12.19308734,-0.655225652,-0.248564356,-11.52867767,-0.550327632,0.077503469,0.425055515,0.714465198,-6.098438929,-6.657351034,-7.203487602,0.313714799,-0.373632831,1.765643014
6.406867843,-23.72526927,77.60640395,297.3857325,45.00069793,-3.02E-04,-2.693586359,9.187614926,12.07768238,-0.682011259,-0.226395812,-11.55874708,-0.555917585,0.08181695,0.426062369,0.709036306,-6.263910791,-6.6082758,-7.156475458,0.249400952,-0.348961108,1.753399689
6.416867843,-23.75223442,77.6982671,297.5059362,45.00069876,-3.02E-04,-2.699271015,9.184950117,11.96325173,-0.619920007,-0.246701307,-11.49615827,-0.561457366,0.086179944,0.42675163,0.703719894,-6.373931905,-6.427334258,-7.118228973,0.185906966,-0.322912097,1.741841503
6.426867843,-23.77925117,77.79010158,297.6250012,45.00069958,-3.02E-04,-2.703901963,9.181876579,11.84992665,-0.516352152,-0.286597625,-11.38881182,-0.566956239,0.090586776,0.427147539,0.698498131,-6.450435375,-6.182796504,-7.086515588,0.12787306,-0.297475058,1.73305008
6.436867843,-23.80630884,77.88190321,297.7429386,45.00070041,-3.03E-04,-2.707449542,9.178376855,11.73776001,-0.409338567,-0.328394864,-11.27532669,-0.572420544,0.095030672,0.42727642,0.693353267,-6.513914589,-5.92852589,-7.059029014,0.075971026,-0.273192627,1.726563158
6.446867843,-23.83339648,77.97366765,297.8597604,45.00070123,-3.03E-04,-2.709893693,9.174436443,11.62678772,-0.29983905,-0.37178635,-11.15740744,-0.577854295,0.099504099,0.427166497,0.688267485,-6.565263123,-5.666934345,-7.035555735,0.030510155,-0.250495015,1.721882046
6.456867843,-23.86050349,78.06539066,297.975478,45.00070206,-3.03E-04,-2.711409756,9.170130529,11.5168533,-0.18881231,-0.416486724,-11.0367312,-0.583259209,0.103999091,0.426846439,0.683223976,-6.60546195,-5.400393841,-7.015851027,-0.008255385,-0.22978676,1.718623449
6.466867843,-23.88762351,78.15706992,298.0900991,45.00070288,-3.04E-04,-2.712534831,9.165702939,11.40745954,-0.130413918,-0.437330602,-10.96512613,-0.588632126,0.108507678,0.42633535,0.678215655,-6.669465476,-5.200403155,-6.994018461,-0.041180315,-0.210965215,1.715876424
6.476867843,-23.91475294,78.24870432,298.203629,45.00070371,-3.04E-04,-2.713287573,9.161156081,11.29860386,-0.094225064,-0.448463314,-10.91301844,-0.593967949,0.113022631,0.425646124,0.673240921,-6.740270469,-5.026175334,-6.972107618,-0.071177938,-0.192882744,1.71185682
6.486867843,-23.94188796,78.3402926,298.3160731,45.00070453,-3.05E-04,-2.713650115,9.15647577,11.19031513,-0.056023171,-0.461141735,-10.85763892,-0.599262397,0.117537596,0.424792584,0.668296906,-6.802907865,-4.846523852,-6.952392702,-0.098329438,-0.175673117,1.706770846
6.496867843,-23.9690246,78.43183335,298.4274372,45.00070535,-3.05E-04,-2.713609104,9.151650296,11.08261465,-0.016260691,-0.475112899,-10.7997539,-0.604511762,0.122046924,0.423789346,0.663379732,-6.857820361,-4.662694809,-6.934713977,-0.122520823,-0.159551051,1.700882683
6.506867843,-23.99615848,78.52332495,298.5377276,45.00070618,-3.05E-04,-2.713046135,9.146619348,10.97561598,0.024613106,-0.490134752,-10.74010992,-0.60971293,0.126545653,0.42265245,0.658484052,-6.905520858,-4.475875978,-6.918895492,-0.143672382,-0.144733137,1.694392281
6.516867843,-24.02328262,78.61476449,298.6469529,45.000707,-3.06E-04,-2.711639039,9.141226592,10.86960896,0.09751398,-0.520594663,-10.6510168,-0.614864863,0.131029471,0.421405233,0.653597818,-6.924078991,-4.248704188,-6.908714022,-0.161134716,-0.131762577,1.687821459
6.526867843,-24.05038842,78.70614824,298.7551231,45.00070782,-3.06E-04,-2.709380128,9.135460342,10.76458846,0.183630994,-0.557963136,-10.55084585,-0.619967049,0.135494227,0.420076049,0.648705084,-6.926397159,-4.006182001,-6.902240188,-0.173069437,-0.12188975,1.682223522
6.536867843,-24.07746746,78.79747246,298.8622479,45.00070864,-3.06E-04,-2.706291884,9.129322856,10.66051877,0.267769602,-0.595250535,-10.45385423,-0.625018064,0.139935822,0.418693577,0.643790396,-6.923831843,-3.767723712,-6.897383762,-0.179420368,-0.115413982,1.677459629
6.546867843,-24.10451155,78.88873347,298.9683365,45.00070946,-3.07E-04,-2.702389398,9.122817213,10.5573669,0.349528651,-0.632139673,-10.3607576,-0.630015732,0.144350316,0.417286883,0.63883865,-6.917530184,-3.534285928,-6.893741219,-0.180263935,-0.112516445,1.673356256
6.556867843,-24.1315128,78.97992769,299.073398,45.00071028,-3.07E-04,-2.697777606,9.11598842,10.45503191,0.431061608,-0.669143115,-10.26971344,-0.634957041,0.148734418,0.415883785,0.633836182,-6.906719977,-3.30362957,-6.890851293,-0.175742873,-0.113442904,1.669779276
6.566867843,-24.15846591,79.0710527,299.1774389,45.0007111,-3.07E-04,-2.692785599,9.108986385,10.35323189,0.481710768,-0.692165656,-10.20540943,-0.639837124,0.15308498,0.414504335,0.628776272,-6.91451356,-3.110797302,-6.882874584,-0.166823941,-0.117828759,1.66626413
6.576867843,-24.1853674,79.1621069,299.2804643,45.00071192,-3.08E-04,-2.687460373,9.101827667,10.25192373,0.516290767,-0.708148854,-10.15498842,-0.644650654,0.157399448,0.413163098,0.623656317,-6.930912475,-2.938114855,-6.871808648,-0.155500035,-0.12446795,1.661818244
6.586867843,-24.21221409,79.25308875,299.3824789,45.00071274,-3.08E-04,-2.68182943,9.094519899,10.1510809,0.548294495,-0.723468568,-10.10708532,-0.64939308,0.161676202,0.41187358,0.618473595,-6.946029574,-2.770189749,-6.859732442,-0.142147963,-0.133246794,1.656601983
6.596867843,-24.23900307,79.34399683,299.4834873,45.00071356,-3.08E-04,-2.675923518,9.0870726,10.05067449,0.57737985,-0.737927629,-10.06196092,-0.654060476,0.165914377,0.410648127,0.613225431,-6.960488743,-2.60752334,-6.846413719,-0.127029069,-0.144093858,1.650801611
6.606867843,-24.2657316,79.4348297,299.5834939,45.00071437,-3.09E-04,-2.669713295,9.079466944,9.950725333,0.603240556,-0.751346582,-10.01983708,-0.658649498,0.170113802,0.409498328,0.607908918,-6.974899589,-2.450518522,-6.831638938,-0.11040224,-0.156933804,1.644559334
6.616867843,-24.29239577,79.52558536,299.6825038,45.00071519,-3.09E-04,-2.663047004,9.071625938,9.851354791,0.64373632,-0.772216802,-9.965992096,-0.663157943,0.174275155,0.408438188,0.602518016,-6.974358582,-2.280118228,-6.818438013,-0.092219879,-0.171895541,1.638181554
6.626867843,-24.3189911,79.61626146,299.7805228,45.00071601,-3.09E-04,-2.655949303,9.063557037,9.75253897,0.68888085,-0.795753074,-9.908701257,-0.667583979,0.17839966,0.407482851,0.597045156,-6.967128024,-2.107635871,-6.804934864,-0.071869085,-0.189605537,1.632252816
6.636867843,-24.34551347,79.7068558,299.8775563,45.00071682,-3.10E-04,-2.648463521,9.055276948,9.654239295,0.729934853,-0.81775033,-9.85510453,-0.67192552,0.182488734,0.4066461,0.591483649,-6.961008385,-1.942495597,-6.789379863,-0.049604524,-0.209982617,1.626717033
6.646867843,-24.37195923,79.79736636,299.9736092,45.00071763,-3.10E-04,-2.640637489,9.046804784,9.556414199,0.766421369,-0.837950879,-9.805521878,-0.676180273,0.186544079,0.405940286,0.585827644,-6.956867374,-1.785122221,-6.771495971,-0.025736725,-0.232895645,1.621495422
6.656867843,-24.39832565,79.88779151,300.0686857,45.00071845,-3.10E-04,-2.632675348,9.038233838,9.458894609,0.79791942,-0.856131053,-9.760231404,-0.680345633,0.190567505,0.405375342,0.580072994,-6.955526752,-1.635831172,-6.751033759,-5.88E-04,-0.258184175,1.616527144
6.666867843,-24.42461406,79.97813153,300.1627867,45.00071926,-3.11E-04,-2.625076134,9.029796121,9.361269622,0.780380482,-0.851446712,-9.755294665,-0.684417376,0.194560157,0.404951636,0.574224149,-6.998463959,-1.538361237,-6.719722919,0.024885726,-0.285085792,1.611307739
6.676867843,-24.45082861,80.06838797,300.2559106,45.00072007,-3.11E-04,-2.617908801,9.021519134,9.263480304,0.738869024,-0.835906002,-9.770225086,-0.688391239,0.198523194,0.40466271,0.568290538,-7.064232441,-1.46596448,-6.682030581,0.048526472,-0.311664955,1.604646405
6.686867843,-24.47697378,80.15856248,300.3480556,45.00072088,-3.11E-04,-2.611203011,9.013411629,9.165499429,0.69410088,-0.819348117,-9.788090268,-0.692264136,0.202458474,0.404500881,0.562281041,-7.13394739,-1.397489738,-6.641809658,0.070043945,-0.337592029,1.596800436
6.696867843,-24.50305429,80.24865679,300.4392198,45.00072169,-3.12E-04,-2.604982605,9.005479572,9.06730398,0.64665777,-0.802056045,-9.808466284,-0.696033904,0.206368395,0.404457413,0.556204182,-7.207148066,-1.332144931,-6.599233111,0.089310214,-0.362680132,1.588048264
6.706867843,-24.52907477,80.33867251,300.5294012,45.0007225,-3.12E-04,-2.599136016,8.997666479,8.968983528,0.597119982,-0.784302668,-9.83093655,-0.699699239,0.210255886,0.404523504,0.550067425,-7.283337863,-1.269149217,-6.55448291,0.106225623,-0.386768651,1.578603276
6.716867843,-24.55503696,80.4286099,300.6186002,45.00072331,-3.12E-04,-2.593302568,8.989802354,8.870837146,0.58313597,-0.783421381,-9.824040334,-0.70326053,0.214125249,0.404696678,0.543870944,-7.324495762,-1.173448629,-6.514625488,0.12124618,-0.410266634,1.569041399
6.726867843,-24.58094088,80.51846839,300.7068185,45.00072412,-3.13E-04,-2.587487662,8.981887304,8.772858736,0.582982264,-0.789181947,-9.805735732,-0.70671855,0.217981275,0.40497844,0.537610935,-7.351392262,-1.066271583,-6.47574138,0.135863842,-0.434704068,1.560539026
6.736867843,-24.60678689,80.60824752,300.7940578,45.00072493,-3.13E-04,-2.581724935,8.973934518,8.675018049,0.579435543,-0.793609886,-9.790449381,-0.71007344,0.221828452,0.405369472,0.531284705,-7.381474392,-0.963545864,-6.434584404,0.150029943,-0.460046004,1.552952127
6.746867843,-24.63257567,80.697947,300.8803192,45.00072573,-3.13E-04,-2.576047206,8.965956786,8.57728485,0.572560213,-0.79673572,-9.778190848,-0.713324872,0.22567104,0.405869599,0.524890539,-7.414935567,-0.864953502,-6.391104383,0.163567435,-0.486141852,1.546093596
6.756867843,-24.65830838,80.78756669,300.9656036,45.00072654,-3.14E-04,-2.570546061,8.957993002,8.479577768,0.562454993,-0.798608666,-9.768948198,-0.716472131,0.229513012,0.406477451,0.518427955,-7.451908783,-0.770146842,-6.345266713,0.176327087,-0.512828934,1.539817304
6.766867843,-24.68398789,80.87710721,301.0499102,45.00072734,-3.14E-04,-2.565423588,8.950130302,8.381718726,0.532126951,-0.791685533,-9.777388887,-0.719513829,0.233357584,0.407187634,0.511900691,-7.511017128,-0.693311721,-6.293742852,0.187931154,-0.539674132,1.533808503
6.776867843,-24.70961821,80.96656966,301.1332374,45.00072815,-3.14E-04,-2.560707998,8.942377503,8.283676772,0.492116936,-0.780808572,-9.794745109,-0.722448512,0.237207685,0.407991828,0.505315081,-7.581545885,-0.62459705,-6.238502494,0.197561966,-0.565702187,1.527464786
6.786867843,-24.73520345,81.05595513,301.2155831,45.00072895,-3.15E-04,-2.556410187,8.934735717,8.185435023,0.450817446,-0.769734667,-9.813925999,-0.725275105,0.241066427,0.408881021,0.498677562,-7.654530734,-0.556538818,-6.18120499,0.205095583,-0.590704124,1.520830522
6.796867843,-24.76074783,81.14526474,301.2969454,45.00072976,-3.15E-04,-2.552537136,8.927204436,8.086979317,0.408626672,-0.75863272,-9.834658885,-0.72799287,0.244937071,0.409845568,0.491994739,-7.729525506,-0.488606343,-6.12198612,0.210456833,-0.614542054,1.513976567
6.806867843,-24.78625539,81.23449949,301.3773221,45.00073056,-3.15E-04,-2.549005121,8.919745094,7.988375453,0.365927668,-0.747658514,-9.85667233,-0.730601451,0.248823118,0.410875784,0.485272774,-7.806066361,-0.42029852,-6.060986953,0.213585845,-0.637075382,1.506958257
6.816867843,-24.81172817,81.3236595,301.4567132,45.00073136,-3.16E-04,-2.54556501,8.912251734,7.889837347,0.347926885,-0.747361237,-9.857597299,-0.733101353,0.252729126,0.411966433,0.478512334,-7.855072344,-0.331891782,-6.003291827,0.214781713,-0.658614387,1.500144328
6.826867843,-24.83716699,81.41274441,301.5351191,45.00073216,-3.16E-04,-2.54221433,8.904724162,7.791360649,0.33981247,-0.751178193,-9.850380937,-0.735493155,0.256659925,0.413115188,0.47171108,-7.892924147,-0.235599821,-5.946090054,0.215060675,-0.68037337,1.494408394
6.836867843,-24.86257281,81.5017539,301.6125405,45.00073296,-3.16E-04,-2.538969022,8.897170062,7.692923782,0.330055661,-0.754209149,-9.845318028,-0.73777696,0.260619935,0.414319231,0.464867703,-7.932892446,-0.140292992,-5.887069777,0.214416778,-0.702310448,1.489602607
6.846867843,-24.88794677,81.59068774,301.6889776,45.00073376,-3.17E-04,-2.535843967,8.889596711,7.594505177,0.318755585,-0.756490646,-9.842414791,-0.73995255,0.264613197,0.415575221,0.457981785,-7.974969176,-0.045664533,-5.826216055,0.212762267,-0.724292593,1.485550328
6.856867843,-24.91329022,81.67954582,301.7644305,45.00073456,-3.17E-04,-2.532885865,8.882023713,7.496053286,0.306025474,-0.758067154,-9.841662531,-0.74201947,0.268643383,0.416879076,0.451053961,-8.019105617,0.048590523,-5.763525209,0.210022059,-0.746163158,1.4821116
6.866867843,-24.93860543,81.76832837,301.8388982,45.00073536,-3.17E-04,-2.530201661,8.874492945,7.397460226,0.282557217,-0.755351529,-9.851659624,-0.743976981,0.27271349,0.418224168,0.444087998,-8.076571738,0.136173324,-5.697020067,0.205987505,-0.767599409,1.479039664
6.876867843,-24.96389521,81.85703584,301.9123792,45.00073616,-3.18E-04,-2.52780209,8.867007978,7.298704909,0.254225203,-0.750791666,-9.867192611,-0.745824465,0.276826108,0.419601941,0.437089674,-8.140480599,0.22172305,-5.627896864,0.200185525,-0.787873685,1.475895506
6.886867843,-24.98916242,81.94566868,301.9848717,45.00073695,-3.18E-04,-2.525688268,8.859568701,7.199774618,0.225668593,-0.746204522,-9.88408289,-0.747561697,0.280983749,0.421003164,0.430065085,-8.205203709,0.308695976,-5.557173829,0.192553177,-0.806774018,1.472681221
6.896867843,-25.01440992,82.03422736,302.056374,45.00073775,-3.18E-04,-2.523859117,8.852174291,7.100658372,0.197112046,-0.741665568,-9.902158575,-0.749188895,0.285188727,0.422417947,0.423020646,-8.270365053,0.397379956,-5.48496276,0.183062646,-0.824112419,1.469423268
6.906867843,-25.03964068,82.12271236,302.1268841,45.00073855,-3.18E-04,-2.522365756,8.844841119,7.001297009,0.168769366,-0.737240917,-9.921244705,-0.750706777,0.28944291,0.423835378,0.415963591,-8.335575602,0.488038676,-5.411386273,0.171717843,-0.839692289,1.466142627
6.916867843,-25.0648589,82.21112455,302.1963986,45.00073934,-3.19E-04,-2.521358268,8.837614357,6.90154127,0.125347293,-0.727974545,-9.95540576,-0.752116778,0.293746523,0.425240212,0.408905974,-8.419389344,0.571033049,-5.333251077,0.158336798,-0.852906067,1.462606166
6.926867843,-25.09006945,82.29946497,302.2649136,45.00074014,-3.19E-04,-2.520830391,8.830484606,6.801387144,0.076454161,-0.717604604,-9.99562346,-0.753421699,0.298098191,0.426614481,0.401862286,-8.509696845,0.652891274,-5.25281663,0.142399599,-0.862350604,1.458185533
6.936867843,-25.11527704,82.38773452,302.3324251,45.00074093,-3.19E-04,-2.520762628,8.823439056,6.700843133,0.029443785,-0.708560001,-10.03506162,-0.754625643,0.302495524,0.427940934,0.394845733,-8.597179155,0.738337446,-5.171919798,0.12425711,-0.86779321,1.453028716
6.946867843,-25.14048617,82.47593399,302.3989292,45.00074172,-3.20E-04,-2.521133761,8.816465982,6.599919513,-0.015539265,-0.700745612,-10.07357144,-0.755733536,0.306935382,0.429203738,0.387868078,-8.681414148,0.827439557,-5.090827012,0.104375756,-0.869294179,1.447297417
6.956867843,-25.16570106,82.56406404,302.4644223,45.00074252,-3.20E-04,-2.521903603,8.809551061,6.498644262,-0.058300358,-0.694044451,-10.1109433,-0.756750655,0.311414424,0.430388805,0.3809396,-8.761928954,0.920282881,-5.009785568,0.083159773,-0.867069505,1.441118851
6.966867843,-25.19092531,82.65212514,302.5289011,45.00074331,-3.20E-04,-2.522997844,8.802675061,6.397077148,-0.093788162,-0.6894016,-10.1425307,-0.757682298,0.315929853,0.43148455,0.374068104,-8.832348574,1.01984438,-4.92996307,0.060964382,-0.861520244,1.434675051
6.976867843,-25.216162,82.74011765,302.5923629,45.0007441,-3.21E-04,-2.524388227,8.795831553,6.295237373,-0.124651592,-0.68589056,-10.17062954,-0.758533613,0.320479224,0.432481313,0.367259771,-8.895601927,1.124339831,-4.850960258,0.038130985,-0.853250857,1.428255972
6.986867843,-25.24141397,82.82804186,302.654805,45.00074489,-3.21E-04,-2.52604897,8.789015945,6.193143177,-0.152995367,-0.682887025,-10.19702251,-0.759309563,0.325060095,0.433370654,0.360520178,-8.953973743,1.232377678,-4.77248465,0.014850114,-0.842519606,1.421880274
6.996867843,-25.26668379,82.91589805,302.716225,45.00074568,-3.21E-04,-2.527953304,8.782224626,6.090815003,-0.178707103,-0.680294166,-10.22147731,-0.760014923,0.329670029,0.434145252,0.353854333,-9.007072221,1.343894334,-4.694670678,-0.0087237,-0.829544763,1.415547831
7.006867843,-25.29197357,83.0036864,302.7766208,45.00074647,-3.22E-04,-2.530001858,8.775444004,5.988340071,-0.201701621,-0.678012624,-10.24378515,-0.760654242,0.334306888,0.434799146,0.347266082,-9.054550188,1.458788596,-4.617637449,-0.032456039,-0.814541661,1.409258642
7.016867843,-25.31728347,83.09140685,302.8359921,45.00074726,-3.22E-04,-2.531958182,8.768643531,5.885928984,-0.201339386,-0.679029424,-10.24522981,-0.761231675,0.338970804,0.435330103,0.340753331,-9.070979237,1.588306911,-4.545433893,-0.056086155,-0.798127558,1.403379692
7.026867843,-25.34261232,83.17905922,302.8943397,45.00074805,-3.22E-04,-2.533788687,8.761826915,5.783608322,-0.189630161,-0.680960005,-10.23678535,-0.761750657,0.34366295,0.435738553,0.334310674,-9.070902907,1.725171226,-4.475929525,-0.079128158,-0.781672934,1.398870216
7.036867843,-25.36795877,83.26664336,302.9516646,45.00074883,-3.23E-04,-2.535476492,8.75500057,5.681389478,-0.176189432,-0.682255448,-10.22715865,-0.762213963,0.348383884,0.436025607,0.327933246,-9.066026162,1.863917613,-4.407297367,-0.101500383,-0.765363377,1.395554249
7.046867843,-25.39332132,83.35415922,303.0079678,45.00074962,-3.23E-04,-2.537005653,8.748170975,5.579282936,-0.161105872,-0.68290458,-10.21643691,-0.762623836,0.353133633,0.436192969,0.321616565,-9.056424873,2.00442757,-4.339508686,-0.123146745,-0.749288005,1.393221376
7.056867843,-25.41869824,83.44160678,303.0632507,45.00075041,-3.23E-04,-2.538338829,8.741342078,5.477317621,-0.144477102,-0.682906082,-10.20471405,-0.762982054,0.357911901,0.43624294,0.315356233,-9.04218937,2.146559439,-4.272530524,-0.144021816,-0.733520965,1.391701427
7.066867843,-25.44408716,83.52898606,303.1175149,45.00075119,-3.24E-04,-2.539396831,8.734513486,5.375557641,-0.119987585,-0.682972231,-10.18654543,-0.763289942,0.362718764,0.43617908,0.309146199,-9.015663339,2.293364999,-4.207712862,-0.164050994,-0.718278384,1.39098206
7.076867843,-25.46948521,83.61629708,303.1707625,45.00075198,-3.24E-04,-2.540164509,8.727692037,5.274010387,-0.091442335,-0.682621871,-10.16540057,-0.763548315,0.367554352,0.436005912,0.302979559,-8.981523564,2.442694105,-4.144295239,-0.183080299,-0.704012119,1.391281275
7.086867843,-25.49488945,83.70353995,303.2229958,45.00075276,-3.24E-04,-2.540633093,8.720884711,5.172677369,-0.061946947,-0.681550689,-10.14402641,-0.763757546,0.372418351,0.435728352,0.29684977,-8.943562105,2.592892181,-4.081571712,-0.201093853,-0.690816299,1.392451354
7.096867843,-25.52029685,83.79071484,303.2742168,45.00075355,-3.25E-04,-2.540795308,8.714097977,5.071558548,-0.031648505,-0.679805956,-10.12257928,-0.763917666,0.377310045,0.435351631,0.290750558,-8.901980712,2.743803815,-4.019456307,-0.218063542,-0.678736868,1.394348725
7.106867843,-25.54570454,83.87782201,303.3244275,45.00075433,-3.25E-04,-2.540730866,8.707344517,4.970583118,-6.99E-04,-0.677441828,-10.10121198,-0.764028419,0.382228096,0.434880933,0.284676715,-8.856985374,2.895263892,-3.957861599,-0.233978886,-0.667829059,1.396856509
7.116867843,-25.57111159,83.96486192,303.3736282,45.00075511,-3.25E-04,-2.540685198,8.700646846,4.869550162,0.006250696,-0.672623963,-10.09985231,-0.764089718,0.387167968,0.434318858,0.278630574,-8.837686794,3.035981496,-3.890705242,-0.248981796,-0.657619544,1.399365372
7.126867843,-25.59651833,84.05183514,303.4218183,45.0007559,-3.26E-04,-2.540665589,8.69400584,4.76845668,0.003074974,-0.666921915,-10.10653319,-0.764102025,0.392123669,0.433666152,0.2726184,-8.827281482,3.172494955,-3.82114968,-0.263459251,-0.646661988,1.400464958
7.136867843,-25.62192495,84.13874223,303.4689972,45.00075668,-3.26E-04,-2.540660913,8.687420821,4.667315513,0.001032131,-0.661290181,-10.11194997,-0.764066184,0.397089949,0.432923569,0.266645123,-8.812344695,3.309704457,-3.751969519,-0.277401963,-0.634955753,1.400356753
7.146867843,-25.64733156,84.22558374,303.5151645,45.00075746,-3.26E-04,-2.540660482,8.680891163,4.56613981,8.10E-05,-0.655723721,-10.11606518,-0.763983295,0.402062183,0.432091924,0.260714587,-8.792874357,3.447323674,-3.683214411,-0.290786033,-0.622615057,1.399295195
7.156867843,-25.67273793,84.31236022,303.5603201,45.00075824,-3.27E-04,-2.540571901,8.67441404,4.465004932,1.75E-04,-0.650216888,-10.11885388,-0.763854564,0.40703662,0.431172372,0.254828925,-8.768890149,3.585087789,-3.614926974,-0.303594232,-0.609748945,1.39748278
7.166867843,-25.69814181,84.39907218,303.6044654,45.00075902,-3.27E-04,-2.540144866,8.667984293,4.364100844,0.024835912,-0.645372751,-10.10260429,-0.763681019,0.412012515,0.430168297,0.24898238,-8.713332294,3.732768079,-3.553029551,-0.315689255,-0.596924736,1.395583851
7.176867843,-25.72353963,84.48572008,303.6476029,45.0007598,-3.27E-04,-2.539359648,8.661604483,4.263438499,0.060599051,-0.640523668,-10.07826212,-0.763463112,0.416990555,0.429084857,0.243164839,-8.642186345,3.884201657,-3.494410238,-0.326678294,-0.585543889,1.39504082
7.186867843,-25.74892781,84.57230444,303.689735,45.00076058,-3.27E-04,-2.538216281,8.655276989,4.163013583,0.096444147,-0.635398439,-10.05427975,-0.763200742,0.42197096,0.427927636,0.237366962,-8.568259675,4.034636773,-3.436307051,-0.336560463,-0.575759876,1.395712047
7.196867843,-25.77430277,84.6588258,303.730864,45.00076135,-3.28E-04,-2.536716518,8.649003439,4.062820396,0.132200008,-0.630072929,-10.03079921,-0.76289335,0.426953587,0.42670253,0.231580055,-8.491797249,4.183984461,-3.37861734,-0.345380709,-0.567606269,1.397387836
7.206867843,-25.79966124,84.74528469,303.7709919,45.00076213,-3.28E-04,-2.534971306,8.64278526,3.962779172,0.167694854,-0.624622236,-10.00795598,-0.762540008,0.431937635,0.425415443,0.225797069,-8.413045148,4.332149132,-3.321236612,-0.353177442,-0.561117393,1.399897222
7.216867843,-25.82500252,84.83168168,303.8101193,45.00076291,-3.28E-04,-2.533300838,8.636621647,3.862675269,0.171925557,-0.619014216,-10.00662482,-0.762140252,0.436918457,0.424069715,0.220021306,-8.366284863,4.466807281,-3.255485757,-0.360154718,-0.55569465,1.402405834
7.226867843,-25.85032758,84.91801729,303.8482452,45.00076369,-3.29E-04,-2.531726284,8.630507759,3.762503601,0.162208571,-0.61379285,-10.01397035,-0.761694415,0.441889807,0.422666542,0.214261548,-8.331795237,4.594959454,-3.185936482,-0.36677455,-0.549464747,1.403004765
7.236867843,-25.87563736,85.00429199,303.8853692,45.00076446,-3.29E-04,-2.530244971,8.624438831,3.662275957,0.152746929,-0.609064068,-10.02016704,-0.761203196,0.446846611,0.421206747,0.208525003,-8.293823652,4.722031729,-3.116559588,-0.373095496,-0.542381016,1.401969132
7.246867843,-25.90093278,85.0905062,303.9214906,45.00076524,-3.29E-04,-2.528854008,8.61841045,3.562004626,0.143563914,-0.604794882,-10.02515732,-0.760667496,0.451784792,0.419690937,0.202817601,-8.252399223,4.847813317,-3.047421843,-0.379145657,-0.534552968,1.399643479
7.256867843,-25.92621454,85.17666033,303.9566093,45.00076601,-3.30E-04,-2.527477445,8.612421618,3.461746722,0.134679995,-0.600948483,-10.02889816,-0.760088313,0.456701347,0.41811969,0.197143505,-8.20756253,4.972127894,-2.978579793,-0.384961755,-0.526072039,1.396300678
7.266867843,-25.9514816,85.26275479,303.9907261,45.00076679,-3.30E-04,-2.525898674,8.606479125,3.361640618,0.147011717,-0.596583535,-10.0186929,-0.75946645,0.461595969,0.416494687,0.191499473,-8.136987801,5.102831264,-2.915865975,-0.390461853,-0.517407629,1.392626672
7.276867843,-25.9767318,85.34879006,304.0238426,45.00076756,-3.30E-04,-2.524104937,8.600582617,3.261695555,0.168688303,-0.591930819,-10.00254026,-0.75880226,0.46646962,0.414818652,0.185878212,-8.053868934,5.235197419,-2.856142957,-0.395341356,-0.50973612,1.390013913
7.286867843,-26.001963,85.43476659,304.0559605,45.00076833,-3.31E-04,-2.52210051,8.594730751,3.161910047,0.189988005,-0.587393046,-9.98649766,-0.758095687,0.471322982,0.413094618,0.18027316,-7.968744372,5.365514803,-2.796716929,-0.399622956,-0.503151648,1.38836252
7.296867843,-26.02717312,85.52068482,304.0870813,45.00076911,-3.31E-04,-2.519890677,8.588921811,3.062281853,0.210809153,-0.583008584,-9.970641727,-0.757346317,0.476156559,0.411325839,0.174678395,-7.881778204,5.493773766,-2.737527735,-0.403364161,-0.497670562,1.38750386
7.306867843,-26.05236017,85.60654517,304.1172067,45.00076988,-3.31E-04,-2.51748894,8.583153278,2.962804138,0.231053567,-0.578813885,-9.955046899,-0.756553373,0.48097079,0.40951573,0.169088616,-7.793135081,5.619962589,-2.678513793,-0.406636301,-0.493293795,1.387301223
7.316867843,-26.07752236,85.69234801,304.1463379,45.00077065,-3.32E-04,-2.514923849,8.577421352,2.863462312,0.248541587,-0.574973593,-9.940885361,-0.755715703,0.485765988,0.407667816,0.163499641,-7.705124671,5.743300251,-2.618993192,-0.409533271,-0.490007756,1.387595103
7.326867843,-26.10265813,85.77809371,304.1744763,45.00077142,-3.32E-04,-2.512204612,8.571723145,2.764252223,0.264349839,-0.571458151,-9.92753443,-0.754831528,0.490542739,0.405786023,0.157907848,-7.616674176,5.864216216,-2.559224059,-0.412198763,-0.487751111,1.388168606
7.336867843,-26.12776597,85.86378258,304.2016233,45.00077219,-3.32E-04,-2.50933966,8.566055616,2.665169769,0.279357541,-0.568233626,-9.914551648,-0.753898218,0.495301832,0.403875727,0.152308794,-7.52696254,5.983063212,-2.49941073,-0.414766927,-0.486755224,1.388972728
7.346867843,-26.15284447,85.94941491,304.2277801,45.00077296,-3.33E-04,-2.506338402,8.56041538,2.566210033,0.293476566,-0.565328139,-9.9020218,-0.752913703,0.500042555,0.401943338,0.146696805,-7.436182266,6.099838603,-2.439451258,-0.417057932,-0.487484695,1.389976824
7.356867843,-26.17789248,86.03499095,304.2529479,45.00077373,-3.33E-04,-2.503274444,8.55479319,2.467338401,0.306598066,-0.562783866,-9.890017987,-0.751877279,0.504763038,0.399993321,0.141067983,-7.344535421,6.214508872,-2.379256771,-0.418608647,-0.489701048,1.391156051
7.366867843,-26.20291045,86.12051076,304.2771269,45.0007745,-3.33E-04,-2.500343749,8.54916801,2.368467687,0.300529203,-0.562214366,-9.886861784,-0.75078795,0.509461977,0.398026888,0.135427263,-7.270230839,6.320520602,-2.313266438,-0.419863126,-0.492455662,1.392062985
7.376867843,-26.22789987,86.20597427,304.3003172,45.00077527,-3.34E-04,-2.497565746,8.543533191,2.269595855,0.285516627,-0.562913569,-9.887206178,-0.749645259,0.514138575,0.396042198,0.129784774,-7.20284546,6.421557389,-2.244516744,-0.421911379,-0.49424756,1.391578609
7.386867843,-26.25286229,86.29138137,304.3225188,45.00077604,-3.34E-04,-2.494944734,8.53788385,2.170727908,0.270012488,-0.564131572,-9.887076956,-0.748450117,0.518791466,0.3940365,0.124149397,-7.13400083,6.520605513,-2.175586772,-0.424667532,-0.494588638,1.389917106
7.396867843,-26.2777993,86.37673189,304.3437318,45.0007768,-3.34E-04,-2.492483901,8.532215674,2.071869391,0.254137021,-0.565808424,-9.886419791,-0.747203707,0.523419163,0.39200778,0.118528057,-7.063654917,6.61764458,-2.106556552,-0.427762814,-0.493617467,1.387327124
7.406867843,-26.30271239,86.46202563,304.3639563,45.00077757,-3.35E-04,-2.490141625,8.526529956,1.973043055,0.237992424,-0.567889941,-9.885183737,-0.745906854,0.528020935,0.389954598,0.112925944,-6.991776175,6.712650049,-2.037496533,-0.431117329,-0.491647318,1.38400646
7.416867843,-26.32760207,86.54726247,304.383193,45.00077834,-3.35E-04,-2.487791087,8.520838948,1.874301307,0.234242629,-0.568853576,-9.878575817,-0.744559651,0.532597885,0.387876061,0.107343278,-6.906222451,6.810195142,-1.972322933,-0.434737113,-0.48909971,1.380414541
7.426867843,-26.35246817,86.63244238,304.4014426,45.0007791,-3.35E-04,-2.485427712,8.515141519,1.775646664,0.235780318,-0.569385004,-9.869795322,-0.743161726,0.537151898,0.385771694,0.101777638,-6.814093589,6.907742303,-1.908893966,-0.438519659,-0.486760625,1.377460602
7.436867843,-26.3773106,86.71756528,304.4187062,45.00077987,-3.35E-04,-2.483056598,8.509435454,1.677077499,0.23680944,-0.570137876,-9.861160623,-0.741712629,0.541684591,0.383641137,0.096227113,-6.721046384,7.003257386,-1.845412211,-0.442460942,-0.484656794,1.375091168
7.446867843,-26.40212929,86.80263106,304.4349845,45.00078063,-3.36E-04,-2.480682846,8.503718539,1.578591858,0.237328141,-0.571112148,-9.85270522,-0.740211851,0.546197393,0.381484079,0.090690246,-6.627114942,7.096804725,-1.781854126,-0.446578717,-0.482748794,1.373206783
7.456867843,-26.4269244,86.88763958,304.4502782,45.0007814,-3.36E-04,-2.478364186,8.497981446,1.480171458,0.237337111,-0.572307844,-9.844460692,-0.738658961,0.550691368,0.379300156,0.08516659,-6.532331799,7.188442662,-1.718198142,-0.450872298,-0.480992824,1.371727064
7.466867843,-26.45169733,86.97259053,304.4645879,45.00078216,-3.36E-04,-2.47625937,8.492200503,1.381770636,0.221748499,-0.575779373,-9.840985067,-0.737054108,0.555166176,0.377088619,0.079661362,-6.450824673,7.272628368,-1.649672402,-0.455412686,-0.479019622,1.370213335
7.476867843,-26.47645034,87.05748344,304.4779137,45.00078293,-3.37E-04,-2.474379175,8.486371789,1.283392266,0.199227906,-0.580449121,-9.839070156,-0.735397752,0.55962111,0.374848367,0.074182623,-6.374337851,7.352458254,-1.578951889,-0.460407591,-0.47595275,1.367646625
7.486867843,-26.50118566,87.1423178,304.4902559,45.00078369,-3.37E-04,-2.472721732,8.480493636,1.18504303,0.176842126,-0.585321735,-9.836492646,-0.733690329,0.564056046,0.372578098,0.068737465,-6.296322025,7.430475623,-1.50825171,-0.465896608,-0.471815837,1.364179956
7.496867843,-26.5259055,87.22709314,304.5016147,45.00078445,-3.37E-04,-2.471284182,8.474565105,1.086729666,0.154693885,-0.590324584,-9.833242565,-0.73193224,0.568471324,0.370276356,0.063332215,-6.216767174,7.506677187,-1.437593883,-0.471882236,-0.466675441,1.360004132
7.506867843,-26.5506119,87.31180896,304.5119906,45.00078521,-3.38E-04,-2.470001222,8.46859591,0.98847249,0.13287893,-0.595385378,-9.829318694,-0.730123844,0.572867773,0.367941498,0.057971904,-6.135662652,7.581070222,-1.366991094,-0.478367647,-0.460587558,1.355271473
7.516867843,-26.57530538,87.39646503,304.5213845,45.00078597,-3.38E-04,-2.468688222,8.462616046,0.890313426,0.129127256,-0.597572631,-9.820907306,-0.728265192,0.577247622,0.365571368,0.052655184,-6.036974357,7.660537126,-1.301959589,-0.485254082,-0.453872678,1.350544793
7.526867843,-26.59998552,87.48106126,304.5297972,45.00078674,-3.38E-04,-2.46733206,8.45662831,0.792251623,0.133465693,-0.598389655,-9.810973095,-0.726356058,0.581613504,0.363163876,0.047377289,-5.930023834,7.74142824,-1.239428283,-0.492245039,-0.447368523,1.347072952
7.536867843,-26.62465188,87.56559757,304.5372298,45.0007875,-3.39E-04,-2.46593327,8.450633205,0.694282644,0.137757622,-0.599149262,-9.801461909,-0.724396102,0.585967515,0.360717428,0.042134253,-5.822213269,7.820709079,-1.17684099,-0.499304069,-0.441112083,1.344719673
7.546867843,-26.64930405,87.6500739,304.5436832,45.00078826,-3.39E-04,-2.464492537,8.444631082,0.596401645,0.141988623,-0.59986592,-9.792415269,-0.722384913,0.590311303,0.358230808,0.036922777,-5.713530545,7.898455237,-1.114167972,-0.50641855,-0.435095599,1.343290812
7.556867843,-26.67394187,87.73449012,304.5491581,45.00078901,-3.39E-04,-2.463114963,8.43860438,0.498589819,0.14614391,-0.600555702,-9.783871959,-0.720322122,0.594645904,0.355703217,0.031741304,-5.603971708,7.97472708,-1.051382322,-0.513576475,-0.429290853,1.342627801
7.566867843,-26.69856765,87.81884572,304.5536551,45.00078977,-3.40E-04,-2.462105735,8.432500671,0.400810105,0.120324103,-0.606339076,-9.779616188,-0.718207753,0.598970407,0.353135351,0.026598851,-5.519803652,8.037195608,-0.978913758,-0.520939518,-0.423208118,1.341827808
7.576867843,-26.72318525,87.90313987,304.5571744,45.00079053,-3.40E-04,-2.461477321,8.42631743,0.303071383,0.081696241,-0.614380571,-9.776123685,-0.716042171,0.603283471,0.350528166,0.021509723,-5.445660957,8.092440801,-0.902169984,-0.529029994,-0.415526497,1.338791782
7.586867843,-26.74779843,87.98737181,304.5597167,45.00079129,-3.40E-04,-2.461217995,8.420057246,0.205385614,0.044181765,-0.62222462,-9.771421875,-0.71382581,0.607584684,0.347881829,0.01648627,-5.369423418,8.146015622,-0.825543824,-0.537865555,-0.406254902,1.333846793
7.596867843,-26.7724108,88.07154077,304.5612824,45.00079205,-3.41E-04,-2.461314952,8.413723895,0.107764431,0.007896793,-0.629749263,-9.765538492,-0.711559096,0.61187436,0.345195983,0.011539211,-5.291147259,8.197872672,-0.749021279,-0.54742736,-0.395494864,1.32739337
7.606867843,-26.7970257,88.15564609,304.5618722,45.0007928,-3.41E-04,-2.46168961,8.407334772,0.010221188,-0.027060022,-0.636839627,-9.758511907,-0.709242429,0.616153441,0.34246975,0.006677215,-5.210883611,8.247980522,-0.672577798,-0.557689149,-0.383348688,1.319749209
7.616867843,-26.82164479,88.23968743,304.5614871,45.00079356,-3.41E-04,-2.462138363,8.40093242,-0.087232579,-0.042015864,-0.639797577,-9.749871734,-0.706876062,0.620424054,0.339700764,0.001901826,-5.112706757,8.304760783,-0.601899539,-0.568503355,-0.370160644,1.311640402
7.626867843,-26.84626864,88.32366472,304.5601279,45.00079431,-3.41E-04,-2.46263906,8.394524814,-0.184597217,-0.047604129,-0.640585807,-9.740899832,-0.704460109,0.624688608,0.336886209,-0.002789355,-5.005993106,8.363789701,-0.533667247,-0.579481298,-0.356720022,1.304499361
7.636867843,-26.87089772,88.40757793,304.5577954,45.00079507,-3.42E-04,-2.463183816,8.388117232,-0.281874195,-0.052404296,-0.640847648,-9.732053187,-0.70199459,0.628949065,0.334023853,-0.007398271,-4.898120789,8.421299548,-0.465207264,-0.590567449,-0.34311796,1.298250554
7.646867843,-26.89553244,88.49142708,304.5544907,45.00079582,-3.42E-04,-2.463764759,8.381714951,-0.379065408,-0.056416021,-0.640580985,-9.723375032,-0.699479481,0.633206995,0.331111936,-0.011926508,-4.789069069,8.477332389,-0.39648682,-0.601737456,-0.329384181,1.292743397
7.656867843,-26.92017325,88.57521224,304.5502144,45.00079658,-3.42E-04,-2.464427045,8.375312923,-0.476169385,-0.059642914,-0.639788193,-9.714906863,-0.696914725,0.637463559,0.328149268,-0.016374832,-4.678830353,8.531917047,-0.32747459,-0.61296114,-0.315543039,1.287855101
7.666867843,-26.94482178,88.65893325,304.5449676,45.00079733,-3.43E-04,-2.465318141,8.368886412,-0.573173138,-0.077283858,-0.641422602,-9.705522301,-0.694300231,0.641719155,0.325136299,-0.020738927,-4.580119847,8.577458935,-0.253494166,-0.62431852,-0.301438511,1.283092235
7.676867843,-26.96948037,88.7425899,304.5387513,45.00079808,-3.43E-04,-2.466437782,8.362439912,-0.670070124,-0.100737211,-0.643767105,-9.695130965,-0.6916359,0.645974017,0.322074146,-0.025011895,-4.485674267,8.617858941,-0.17715008,-0.63611566,-0.286543544,1.277351163
7.686867843,-26.99415126,88.82618201,304.5315666,45.00079883,-3.43E-04,-2.467773895,8.355980602,-0.766855032,-0.122990168,-0.645413531,-9.684178795,-0.688921603,0.650228662,0.318963609,-0.029187805,-4.389731238,8.656509464,-0.100537006,-0.648344385,-0.270882875,1.270761962
7.696867843,-27.01883653,88.90970949,304.5234146,45.00079958,-3.44E-04,-2.46931432,8.349516014,-0.863523149,-0.144030048,-0.646323104,-9.672725141,-0.686157137,0.654483832,0.315805267,-0.033261542,-4.29239925,8.693379162,-0.02360691,-0.660981838,-0.254525446,1.263502282
7.706867843,-27.04353798,88.99317238,304.5142965,45.00080033,-3.44E-04,-2.470968334,8.343069533,-0.960084514,-0.1638528,-0.64646488,-9.660831139,-0.683342254,0.658740486,0.312599269,-0.037229464,-4.193784572,8.728442652,0.053690888,-0.67400928,-0.237535314,1.255715346
7.716867843,-27.06825541,89.07657113,304.5042131,45.00080108,-3.44E-04,-2.472491875,8.336694124,-1.056584303,-0.159897158,-0.641354187,-9.652743788,-0.680476773,0.663000104,0.309343466,-0.041095534,-4.075405364,8.774272136,0.124838033,-0.687232596,-0.220229691,1.248083849
7.726867843,-27.09298729,89.15990653,304.493165,45.00080183,-3.45E-04,-2.47385846,8.330398088,-1.153035868,-0.14465664,-0.633646855,-9.647390786,-0.677560595,0.667263922,0.306034911,-0.044867928,-3.94769668,8.824557789,0.193529323,-0.700101647,-0.203434946,1.242196836
7.736867843,-27.11773202,89.24317937,304.4811525,45.00080258,-3.45E-04,-2.475059386,8.324185484,-1.249449942,-0.12851573,-0.625493045,-9.643102214,-0.674593658,0.671532458,0.302671541,-0.048554011,-3.819143682,8.873683653,0.262789094,-0.712541073,-0.187241595,1.237880904
7.746867843,-27.1424879,89.32639052,304.4681761,45.00080333,-3.45E-04,-2.476086589,8.318059536,-1.345837383,-0.11153557,-0.616974415,-9.639894624,-0.671575988,0.675805581,0.299252048,-0.052160526,-3.689720116,8.921658679,0.332622717,-0.724503227,-0.171681598,1.234883131
7.756867843,-27.16725316,89.40954086,304.4542358,45.00080408,-3.46E-04,-2.47693788,8.312021697,-1.442207623,-0.093782193,-0.60817595,-9.637776615,-0.66850771,0.68008261,0.295775763,-0.055693648,-3.559420955,8.968472645,0.403028607,-0.735945969,-0.156786062,1.232992643
7.766867843,-27.1920261,89.49263125,304.439332,45.00080483,-3.46E-04,-2.477622104,8.306070876,-1.538566697,-0.07682136,-0.599445129,-9.636315909,-0.665389051,0.684362376,0.292242707,-0.059158681,-3.429469983,9.013183136,0.474431953,-0.74683467,-0.142562196,1.231995997
7.776867843,-27.21680503,89.57566257,304.4234645,45.00080557,-3.46E-04,-2.47813463,8.30020779,-1.634924174,-0.059927701,-0.59070398,-9.635664409,-0.662220342,0.688643328,0.288653402,-0.062560361,-3.299247364,9.056199875,0.546591043,-0.757172526,-0.128986977,1.231646791
7.786867843,-27.24158821,89.6586357,304.4066334,45.00080632,-3.46E-04,-2.47847043,8.294432543,-1.731289783,-0.042494043,-0.581911697,-9.635994125,-0.659002048,0.692923603,0.285008671,-0.065903255,-3.168250428,9.097883063,0.619292127,-0.766922096,-0.11607775,1.231838763
7.796867843,-27.26637384,89.74155151,304.3888386,45.00080706,-3.47E-04,-2.47862523,8.288744424,-1.827673039,-0.024594931,-0.573149903,-9.637287143,-0.655734768,0.697201067,0.281309584,-0.069191792,-3.036536089,9.138177356,0.692511657,-0.77604925,-0.103860426,1.232490721
7.806867843,-27.29116008,89.82441087,304.3700799,45.00080781,-3.47E-04,-2.478590366,8.283142675,-1.924085153,-0.006307053,-0.564499124,-9.639518962,-0.652419258,0.70147334,0.277557395,-0.072430367,-2.904167849,9.177022429,0.766220143,-0.784520612,-0.092349989,1.233535169
7.816867843,-27.31594495,89.90721465,304.3503568,45.00080855,-3.47E-04,-2.478347688,8.277627045,-2.020541295,0.013778925,-0.555826853,-9.643233172,-0.649056459,0.705737806,0.273753368,-0.075623778,-2.770017986,9.215343378,0.839956027,-0.792282029,-0.081584967,1.234952445
7.826867843,-27.34072633,89.98996369,304.3296689,45.0008093,-3.48E-04,-2.477894005,8.272194261,-2.117051196,0.034790999,-0.547356714,-9.648151306,-0.645647504,0.709991614,0.269898845,-0.078777037,-2.634790494,9.25258358,0.913897999,-0.799256247,-0.071636485,1.236792212
7.836867843,-27.36550212,90.0726588,304.3080156,45.00081004,-3.48E-04,-2.477228146,8.266840096,-2.213623657,0.055965145,-0.539270808,-9.65397634,-0.642193695,0.714231716,0.265995332,-0.081895036,-2.499097302,9.288229366,0.988186318,-0.805413742,-0.062522105,1.23899978
7.846867843,-27.39027019,90.15530074,304.2853962,45.00081079,-3.48E-04,-2.476349857,8.261559582,-2.310266901,0.077210813,-0.531645313,-9.660653544,-0.638696515,0.718454874,0.262044484,-0.084982611,-2.363011539,9.322207179,1.062762875,-0.810716965,-0.054253552,1.241522661
7.856867843,-27.41502861,90.2378902,304.2618101,45.00081153,-3.49E-04,-2.475337096,8.256339215,-2.406952367,0.09843563,-0.524551998,-9.668122385,-0.635157544,0.722657776,0.258048323,-0.088043718,-2.226610219,9.354442275,1.137563829,-0.815137013,-0.046845401,1.244317127
7.866867843,-27.43977731,90.32042763,304.2372574,45.00081227,-3.49E-04,-2.4744212,8.251152207,-2.503574281,0.09731977,-0.520265709,-9.665823177,-0.631577702,0.726837794,0.254011282,-0.091075224,-2.107874521,9.369074675,1.218847808,-0.818910145,-0.040000687,1.246820984
7.876867843,-27.46451742,90.40291334,304.2117388,45.00081301,-3.49E-04,-2.473621538,8.245996123,-2.600120908,0.085817246,-0.517146298,-9.658492283,-0.627957331,0.730993266,0.249938495,-0.094070101,-1.99738822,9.374089233,1.303138301,-0.822809191,-0.032855791,1.247636
7.886867843,-27.48925013,90.48534765,304.1852552,45.00081375,-3.50E-04,-2.472940312,8.240870576,-2.696588514,0.074078288,-0.51407721,-9.6507713,-0.624296666,0.735123115,0.245833984,-0.097022321,-1.887198171,9.376583166,1.38755931,-0.826914388,-0.025325203,1.246997901
7.896867843,-27.51397663,90.56773086,304.1578073,45.00081449,-3.50E-04,-2.472379398,8.235775409,-2.792973704,0.062135523,-0.511034976,-9.642693721,-0.620595833,0.739226717,0.241700909,-0.099926693,-1.777453019,9.376570416,1.472123556,-0.83122822,-0.017404468,1.245195553
7.906867843,-27.53869797,90.65006327,304.1293959,45.00081524,-3.50E-04,-2.471880523,8.23071505,-2.889306578,0.050021049,-0.507997598,-9.634294014,-0.616854952,0.743303738,0.237541468,-0.102779241,-1.66827743,9.374074166,1.556845771,-0.835767098,-0.00908307,1.242463053
7.916867843,-27.56341382,90.73234531,304.100021,45.00081598,-3.51E-04,-2.471267092,8.225700446,-2.985686655,0.05497357,-0.50372658,-9.635208028,-0.613074854,0.747353304,0.233355471,-0.105581658,-1.545626819,9.382140472,1.637215381,-0.840326837,-5.75E-04,1.239367911
7.926867843,-27.58812289,90.81457742,304.069682,45.00081671,-3.51E-04,-2.470526951,8.220728048,-3.082125922,0.067697683,-0.499270968,-9.640889722,-0.609256971,0.751373877,0.229141693,-0.108338935,-1.417036451,9.394090714,1.715714563,-0.84427754,0.007465891,1.237053818
7.936867843,-27.61282394,90.89676,304.0383783,45.00081745,-3.51E-04,-2.469661513,8.215792943,-3.178628786,0.080306796,-0.495290806,-9.64703752,-0.605402861,0.755363692,0.22489932,-0.111055682,-1.288921142,9.404044977,1.794356551,-0.847553894,0.014976456,1.235470048
7.946867843,-27.63751571,90.97889339,304.0061092,45.00081819,-3.52E-04,-2.46867271,8.210889922,-3.275199139,0.092748501,-0.491817333,-9.65360057,-0.601514237,0.759320793,0.220627837,-0.113736159,-1.161289972,9.411985341,1.873079838,-0.850143789,0.021958758,1.23450255
7.956867843,-27.66219685,91.06097789,303.972874,45.00081893,-3.52E-04,-2.467508872,8.206014461,-3.371874028,0.104971066,-0.488877977,-9.660526677,-0.597593031,0.763242975,0.216326807,-0.116384895,-1.034159838,9.41789304,1.951819763,-0.852030336,0.028418818,1.234056696
7.966867843,-27.68686474,91.14301375,303.938671,45.00081967,-3.52E-04,-2.466010954,8.201160301,-3.468759945,0.132508333,-0.486284944,-9.677511397,-0.593642209,0.767126933,0.21199435,-0.119010892,-0.894529834,9.434073107,2.026410457,-0.852995762,0.034138423,1.2343865
7.976867843,-27.71151592,91.22500112,303.903498,45.00082041,-3.52E-04,-2.464167993,8.196314502,-3.565874685,0.16705861,-0.484768917,-9.699844723,-0.589665657,0.770968296,0.207628222,-0.121625744,-0.749164349,9.45429633,2.0987927,-0.852390923,0.038467125,1.236311129
7.986867843,-27.73614695,91.30694002,303.8673527,45.00082114,-3.53E-04,-2.461979925,8.191463244,-3.663230702,0.201531646,-0.484623705,-9.723313597,-0.585667617,0.774762254,0.203227018,-0.124240381,-0.603843919,9.473224594,2.170642936,-0.850119954,0.041328695,1.239639879
7.996867843,-27.76075436,91.38883032,303.8302326,45.00082188,-3.53E-04,-2.459444776,8.186593065,-3.760841364,0.236120085,-0.485851473,-9.748117482,-0.581652655,0.778503671,0.198789999,-0.126865127,-0.458240544,9.491150798,2.24180082,-0.846147803,0.042704388,1.244147579
8.006867843,-27.78533463,91.47067177,303.7921349,45.00082261,-3.53E-04,-2.456542547,8.181689779,-3.858731453,0.270946229,-0.488403572,-9.774217321,-0.577625652,0.782187134,0.194316919,-0.129509953,-0.312060153,9.508104387,2.312108036,-0.840457263,0.042586952,1.249644223
8.016867843,-27.80988379,91.55246395,303.7530568,45.00082335,-3.54E-04,-2.453217126,8.176736129,-3.956951322,0.311125442,-0.492578901,-9.805128336,-0.573592088,0.785806689,0.189807436,-0.132185858,-0.160805338,9.528356595,2.380028768,-0.832957985,0.040899581,1.256072955
8.026867843,-27.83439754,91.63420627,303.7129948,45.00082409,-3.54E-04,-2.449462258,8.171716208,-4.055516438,0.354000769,-0.498413176,-9.839059563,-0.569557943,0.789355951,0.185261359,-0.134904265,-0.006517012,9.549744567,2.446050197,-0.823433028,0.037427415,1.263573303
8.036867843,-27.8588716,91.715898,303.6719453,45.00082482,-3.54E-04,-2.445278821,8.166613988,-4.154436668,0.39695974,-0.505838067,-9.87412864,-0.565529447,0.792828398,0.18067897,-0.137676017,0.148748594,9.570089507,2.510602771,-0.811858717,0.03216301,1.271988613
8.046867843,-27.8833017,91.79753823,303.6299048,45.00082555,-3.55E-04,-2.440671318,8.161413338,-4.253718671,0.439654213,-0.514874691,-9.910028805,-0.561513011,0.796217468,0.176060891,-0.14051137,0.304825819,9.589119231,2.57350661,-0.798247478,0.025125476,1.281166944
8.056867843,-27.90768383,91.87912591,303.5868699,45.00082629,-3.55E-04,-2.435721676,8.156106097,-4.353309125,0.481708564,-0.525521797,-9.946425183,-0.557515036,0.799516785,0.171408214,-0.143419381,0.46150723,9.606537864,2.634583758,-0.782622323,0.016343351,1.290980406
8.066867843,-27.93201583,91.96066004,303.5428382,45.00082702,-3.55E-04,-2.430665098,8.150704017,-4.453032961,0.501490055,-0.535427806,-9.966583186,-0.553540543,0.802721702,0.166724094,-0.146402913,0.599807441,9.603458269,2.699032405,-0.765295429,0.006149473,1.300948404
8.076867843,-27.95629691,92.04213965,303.4978088,45.00082775,-3.56E-04,-2.425541022,8.145202175,-4.552861386,0.509433387,-0.545095589,-9.977904406,-0.549593415,0.805829083,0.162012296,-0.149460971,0.728551127,9.588781882,2.764001299,-0.747154306,-0.00452544,1.310005577
8.086867843,-27.98052651,92.12356373,303.4517807,45.00082849,-3.56E-04,-2.420373771,8.139595046,-4.652776213,0.514977599,-0.555364131,-9.98747704,-0.545677228,0.808836336,0.157275684,-0.152592604,0.855882752,9.570731361,2.826993951,-0.728335866,-0.01552443,1.318258253
8.096867843,-28.00470432,92.20493119,303.4047531,45.00082922,-3.56E-04,-2.415188195,8.133878095,-4.752757928,0.518059357,-0.566136363,-9.995162791,-0.541795267,0.811741349,0.15251633,-0.15579679,0.981637786,9.549261818,2.887933705,-0.708930889,-0.02675076,1.325863532
8.106867843,-28.0288302,92.2862409,303.3567253,45.00082995,-3.56E-04,-2.409974483,8.128042071,-4.852814682,0.518637913,-0.577311595,-10.00083438,-0.537950606,0.814542368,0.147735499,-0.159072619,1.105678283,9.524342476,2.946750436,-0.689008371,-0.038103251,1.332949847
8.116867843,-28.05290343,92.36749156,303.3076963,45.00083068,-3.57E-04,-2.40465387,8.12206568,-4.953012103,0.526751265,-0.59046805,-10.01271424,-0.534146697,0.817237242,0.142932965,-0.162421561,1.237146851,9.504989238,3.000868716,-0.668526314,-0.049619118,1.339791625
8.126867843,-28.07692299,92.44868172,303.2576647,45.00083141,-3.57E-04,-2.39924424,8.115942758,-5.053336283,0.536947774,-0.604892314,-10.0264342,-0.530387246,0.819823543,0.138107701,-0.165846286,1.371182541,9.486388798,3.051536712,-0.647172947,-0.061618109,1.346916127
8.136867843,-28.10088811,92.52980991,303.2066292,45.00083214,-3.57E-04,-2.393772179,8.109669569,-5.153764897,0.544536514,-0.619753534,-10.03802957,-0.526675683,0.822299122,0.133258635,-0.169348797,1.503489046,9.464322722,3.099801327,-0.62500393,-0.074035368,1.354308376
8.146867843,-28.12479831,92.61087461,303.1545891,45.00083287,-3.58E-04,-2.388265119,8.103243677,-5.254273537,0.549419864,-0.634924025,-10.04728619,-0.523015151,0.824662122,0.128384594,-0.172930424,1.63394297,9.438671039,3.14557941,-0.602119229,-0.086761519,1.361923959
8.156867843,-28.14865358,92.69187431,303.1015438,45.0008336,-3.58E-04,-2.382824763,8.096680188,-5.35477079,0.551526779,-0.650271796,-10.05400214,-0.519408327,0.82691119,0.123484508,-0.176591195,1.762429131,9.409326125,3.188795946,-0.578608061,-0.099686406,1.369726361
8.166867843,-28.1724559,92.77280793,303.0474945,45.00083433,-3.58E-04,-2.377694722,8.090030282,-5.455035278,0.529680131,-0.660950068,-10.03927556,-0.515855935,0.829047218,0.118559109,-0.180324992,1.868421578,9.356836404,3.234668936,-0.554852976,-0.112377117,1.37733334
8.176867843,-28.19620863,92.85367467,302.992444,45.00083505,-3.59E-04,-2.372910604,8.083304184,-5.555024836,0.496006161,-0.668916364,-10.01315491,-0.512357091,0.831072928,0.113609518,-0.18412191,1.962954696,9.292107949,3.280286759,-0.531795755,-0.123783761,1.383810551
8.186867843,-28.21991532,92.93447379,302.936395,45.00083578,-3.59E-04,-2.368488637,8.076509036,-5.654713235,0.460548786,-0.676183078,-9.984319509,-0.508910341,0.832991622,0.108635771,-0.187972054,2.055398099,9.224266226,3.323283925,-0.50960246,-0.13370584,1.389326547
8.196867843,-28.24357965,93.01520464,302.8793508,45.00083651,-3.59E-04,-2.364441831,8.069652191,-5.75407618,0.42362954,-0.682722885,-9.952955228,-0.505513734,0.834807086,0.103637019,-0.191865476,2.145846067,9.153556155,3.363724819,-0.488352373,-0.14201577,1.394082327
8.206867843,-28.26720559,93.09586669,302.8213148,45.00083723,-3.60E-04,-2.360840083,8.062757513,-5.853035055,0.385569576,-0.688521257,-9.91926376,-0.50216464,0.836523772,0.098611925,-0.195791576,2.234412725,9.080222191,3.401688358,-0.468129297,-0.148593126,1.39823951
8.216867843,-28.29079857,93.17645986,302.7622921,45.00083796,-3.60E-04,-2.357860811,8.055881205,-5.951407558,0.329551574,-0.688848436,-9.867329479,-0.498858576,0.838148318,0.093560282,-0.199734805,2.303752017,8.988621154,3.441616458,-0.449254668,-0.153048191,1.401622542
8.226867843,-28.31436489,93.25698441,302.7022887,45.00083868,-3.60E-04,-2.355506152,8.049033098,-6.049174982,0.266495665,-0.686307941,-9.807069998,-0.495589596,0.839689031,0.0884819,-0.203676797,2.364257747,8.888941482,3.481043679,-0.432514579,-0.154423203,1.403554747
8.236867843,-28.33791074,93.33744063,302.6413106,45.0008394,-3.60E-04,-2.35376415,8.042217359,-6.146334087,0.204640678,-0.683244001,-9.746365378,-0.492351232,0.841154647,0.083375442,-0.20759976,2.423975457,8.78903916,3.518163141,-0.417993432,-0.15258346,1.404294889
8.246867843,-28.36144218,93.41782887,302.579364,45.00084013,-3.61E-04,-2.352624343,8.035436355,-6.242882442,0.143936179,-0.679866932,-9.685420644,-0.489136596,0.842554194,0.078238735,-0.211486456,2.482618028,8.689160046,3.553226019,-0.405715613,-0.147485711,1.40410484
8.256867843,-28.38496502,93.49814943,302.5164548,45.00084085,-3.61E-04,-2.352008254,8.028673117,-6.338883276,0.084161673,-0.676305795,-9.624186737,-0.485938644,0.843896609,0.073068784,-0.215320922,2.539736524,8.589301421,3.586513984,-0.395682309,-0.139111526,1.403192736
8.266867843,-28.40848333,93.57840221,302.4525875,45.00084157,-3.61E-04,-2.351701098,8.021875768,-6.434530295,0.045295547,-0.677919089,-9.581755408,-0.482751913,0.845188484,0.06785998,-0.219093678,2.616879242,8.506739209,3.613722976,-0.38757045,-0.127857021,1.40209946
8.276867843,-28.432,93.65858684,302.3877654,45.00084229,-3.62E-04,-2.351680593,8.015046319,-6.529833214,0.016251103,-0.681448086,-9.547566495,-0.479572113,0.846434678,0.062605781,-0.222799104,2.702624639,8.431003472,3.637947511,-0.38045375,-0.114832705,1.401925225
8.286867843,-28.45551787,93.73870305,302.321992,45.00084301,-3.62E-04,-2.351937788,8.008191527,-6.624788811,-0.012001044,-0.684329515,-9.512964339,-0.476395056,0.847639818,0.057300479,-0.226431323,2.7872865,8.353992064,3.661528639,-0.374241222,-0.10014856,1.40257233
8.296867843,-28.47903965,93.81875061,302.2552708,45.00084373,-3.62E-04,-2.352461641,8.001318668,-6.719395847,-0.039253889,-0.686508106,-9.478135214,-0.473216631,0.848808318,0.051939093,-0.229984324,2.871090003,8.275755387,3.684643313,-0.368915478,-0.083836613,1.403891148
8.306867843,-28.50256817,93.89872945,302.1876054,45.00084445,-3.63E-04,-2.353323876,7.99445861,-6.81357096,-0.065297802,-0.687935375,-9.443289084,-0.470032588,0.849944686,0.046517616,-0.233451298,2.954261136,8.196354466,3.707471135,-0.364448213,-0.065955894,1.405760326
8.316867843,-28.5261081,93.9786401,302.1190017,45.00084517,-3.63E-04,-2.354760739,7.987687962,-6.907064829,-0.114316558,-0.681923969,-9.384364354,-0.466836876,0.85105601,0.041035387,-0.2368187,3.008790617,8.095665129,3.735206559,-0.361146193,-0.046125806,1.407631459
8.326867843,-28.54966529,94.05848355,302.0494665,45.00084589,-3.63E-04,-2.356771778,7.981020415,-6.999861408,-0.172739827,-0.672062371,-9.314446973,-0.463622183,0.852151027,0.035493106,-0.240069445,3.049383483,7.985369152,3.765045707,-0.359927348,-0.023151595,1.408271104
8.336867843,-28.57324538,94.13826088,301.9790068,45.00084661,-3.63E-04,-2.359334707,7.974465474,-7.091967809,-0.229096861,-0.66128925,-9.244988115,-0.460381184,0.85323821,0.02989069,-0.243187725,3.08901549,7.87497778,3.795036542,-0.360755503,0.002936982,1.407868411
8.346867843,-28.59685374,94.21797327,301.9076294,45.00084732,-3.64E-04,-2.362424155,7.968033238,-7.183396417,-0.283066527,-0.649531723,-9.176499792,-0.457106675,0.854325631,0.024227514,-0.246158956,3.12798324,7.76471765,3.825578025,-0.363508331,0.032012581,1.406656266
8.356867843,-28.62049516,94.2976219,301.8353407,45.00084804,-3.64E-04,-2.365872781,7.961697298,-7.274310808,-0.334353722,-0.636741969,-9.109520409,-0.453791919,0.855420395,0.018502099,-0.24897091,3.166600965,7.654824495,3.857057831,-0.368047326,0.063918315,1.404819659
8.366867843,-28.64417082,94.37720717,301.7621432,45.00084875,-3.64E-04,-2.369236105,7.955355619,-7.3651703,-0.342665768,-0.633550792,-9.086577313,-0.450433052,0.856524719,0.012708399,-0.25162267,3.254677447,7.57699065,3.883423889,-0.373763801,0.097817611,1.403188331
8.376867843,-28.66787939,94.45672897,301.6880372,45.00084947,-3.65E-04,-2.372450688,7.949003744,-7.456038883,-0.329447922,-0.634728579,-9.085862741,-0.447028515,0.857637226,0.006838925,-0.254120294,3.367047486,7.513357858,3.908549985,-0.379148687,0.131568889,1.403652312
8.386867843,-28.69161922,94.53618722,301.6130223,45.00085018,-3.65E-04,-2.375483532,7.942644146,-7.546949082,-0.312919489,-0.635606577,-9.088398411,-0.443577376,0.858755835,8.88E-04,-0.256469759,3.481596092,7.449299619,3.935393732,-0.384035077,0.164831591,1.405953279
8.396867843,-28.71538834,94.61558184,301.537098,45.0008509,-3.65E-04,-2.378302054,7.936278165,-7.6379332,-0.293106919,-0.636292142,-9.094182149,-0.440079301,0.8598778,-0.005147741,-0.258677173,3.598436579,7.384678884,3.963924859,-0.388360516,0.197383883,1.409750347
8.406867843,-28.7391848,94.69491287,301.4602637,45.00085161,-3.66E-04,-2.381010117,7.929947279,-7.728880651,-0.270067182,-0.636904098,-9.103172528,-0.436534215,0.861000278,-0.011270661,-0.260747718,3.717615711,7.319351002,3.994091575,-0.392067087,0.229019986,1.414764287
8.416867843,-28.76300952,94.77418135,301.3825219,45.00085232,-3.66E-04,-2.383981263,7.923777225,-7.819398186,-0.28294184,-0.625602237,-9.074337497,-0.432939982,0.862124406,-0.017477092,-0.26267667,3.789066697,7.2248689,4.032279527,-0.395539653,0.260230162,1.420095873
8.426867843,-28.7868653,94.853389,301.3038772,45.00085304,-3.66E-04,-2.387217046,7.917783014,-7.909484175,-0.310821789,-0.60830782,-9.029660128,-0.429292911,0.863253859,-0.023761366,-0.264453717,3.838594207,7.117659519,4.07498811,-0.399999757,0.292893089,1.423835508
8.436867843,-28.81075465,94.93253761,301.2243336,45.00085375,-3.66E-04,-2.390688593,7.911969698,-7.9991712,-0.335854577,-0.590451613,-8.988082983,-0.425589354,0.864391834,-0.030118959,-0.266070116,3.888817048,7.010996196,4.119478293,-0.405414081,0.326999796,1.426205873
8.446867843,-28.83467976,95.01162901,301.1438949,45.00085446,-3.67E-04,-2.394366398,7.906341098,-8.088494762,-0.357964232,-0.572149465,-8.949915973,-0.421825764,0.865541006,-0.036546184,-0.26751854,3.93979006,6.905030031,4.165945736,-0.411658548,0.362368959,1.427506909
8.456867843,-28.85864188,95.09066484,301.062564,45.00085517,-3.67E-04,-2.397959342,7.900815117,-8.177770457,-0.37710009,-0.553531297,-8.915432886,-0.417999252,0.866702562,-0.043040801,-0.268795057,3.991562333,6.799885236,4.214562353,-0.418614089,0.39882244,1.427976844
8.466867843,-28.88263578,95.16964472,300.9803366,45.00085588,-3.67E-04,-2.400657879,7.895128431,-8.267858481,-0.318043491,-0.55928396,-8.964627406,-0.414111608,0.867868689,-0.049607996,-0.269915843,4.144602279,6.744970886,4.255130366,-0.425447284,0.434827832,1.428977704
8.476867843,-28.90665175,95.24856672,300.8972039,45.00085659,-3.68E-04,-2.402370091,7.889234484,-8.358846576,-0.221078619,-0.578532547,-9.053431921,-0.410168663,0.869025153,-0.056255008,-0.27091018,4.346240737,6.710776962,4.292303487,-0.429956051,0.466107709,1.433731695
8.486867843,-28.93067979,95.32742861,300.8131566,45.0008573,-3.68E-04,-2.403066499,7.883102014,-8.450752521,-0.120871896,-0.600780123,-9.144484823,-0.406177583,0.870156986,-0.062985541,-0.271807675,4.550591567,6.673830941,4.33004,-0.431946388,0.491910121,1.441789607
8.496867843,-28.95470962,95.40622785,300.7281857,45.00085801,-3.68E-04,-2.402724047,7.876697287,-8.543584925,-0.018024072,-0.626276535,-9.236846591,-0.402146453,0.871248786,-0.069800215,-0.272638429,4.757076887,6.633657665,4.367686756,-0.431461847,0.511802579,1.452550884
8.506867843,-28.97873128,95.48496174,300.6422824,45.00085872,-3.69E-04,-2.40152841,7.870067359,-8.637146083,0.086778146,-0.655281605,-9.329647472,-0.398083321,0.872285999,-0.076696443,-0.273430907,4.965057798,6.589925864,4.404579952,-0.428622211,0.525403048,1.465514738
8.516867843,-29.00273946,95.56362926,300.5554425,45.00085942,-3.69E-04,-2.400071636,7.863437658,-8.730846555,0.13480239,-0.663736657,-9.365188509,-0.39399335,0.873261481,-0.0836646,-0.274196756,5.096625267,6.509364963,4.451747132,-0.424165663,0.533766128,1.479297259
8.526867843,-29.02673199,95.64223053,300.4676651,45.00086013,-3.69E-04,-2.398397804,7.856817833,-8.824646596,0.156548668,-0.662338085,-9.374970401,-0.389879539,0.874172932,-0.09069273,-0.274937191,5.192140583,6.411691273,4.50390502,-0.419579052,0.540493745,1.491063498
8.536867843,-29.0507067,95.72076562,300.3789492,45.00086084,-3.69E-04,-2.396508814,7.850199368,-8.918549081,0.178186152,-0.661769326,-9.385086374,-0.385744374,0.875018209,-0.097770807,-0.275654278,5.286347065,6.312502957,4.555916627,-0.414979754,0.545874416,1.501068543
8.546867843,-29.07466146,95.79923449,300.2892938,45.00086154,-3.70E-04,-2.394408087,7.843573378,-9.012556036,0.199554863,-0.662071869,-9.395444958,-0.381589959,0.875795337,-0.104890433,-0.276350552,5.378996025,6.211920695,4.607709875,-0.410390341,0.549961092,1.509691189
8.556867843,-29.09859403,95.87763697,300.1986976,45.00086225,-3.70E-04,-2.392046977,7.836905648,-9.106720602,0.220511182,-0.663279619,-9.40596811,-0.377418235,0.876502293,-0.112044761,-0.277029201,5.469888197,6.110059706,4.659216096,-0.405811222,0.552821859,1.517231217
8.566867843,-29.12250097,95.95597216,300.1071583,45.00086295,-3.70E-04,-2.38927055,7.830108354,-9.201198969,0.256321605,-0.672688346,-9.431520107,-0.373232076,0.877135375,-0.119229678,-0.277697021,5.579939015,6.014752716,4.70731476,-0.401110253,0.554290766,1.524162599
8.576867843,-29.14637802,96.03423863,300.0146725,45.00086366,-3.71E-04,-2.38606818,7.82315882,-9.296005929,0.298951521,-0.687062372,-9.464217481,-0.369036038,0.877689303,-0.126442426,-0.278363436,5.698499082,5.921592834,4.753386768,-0.395787374,0.553626255,1.531276836
8.586867843,-29.17022092,96.11243477,299.921237,45.00086436,-3.71E-04,-2.38244108,7.816041219,-9.391143071,0.341506852,-0.703108604,-9.497204067,-0.364835645,0.878158296,-0.133679863,-0.279038803,5.81622855,5.82687909,4.798628894,-0.389592375,0.550565464,1.538581744
8.596867843,-29.19402544,96.19055884,299.8268486,45.00086506,-3.71E-04,-2.378392594,7.808741649,-9.486608665,0.383860435,-0.720643175,-9.530196748,-0.360636596,0.878536489,-0.140938393,-0.279734251,5.932993394,5.73040988,4.842862529,-0.382508128,0.544855457,1.546039625
8.606867843,-29.21778698,96.26860874,299.7315034,45.00086576,-3.72E-04,-2.373769191,7.801164903,-9.582549142,0.425728376,-0.739468779,-9.562830552,-0.356444875,0.878817501,-0.148214499,-0.280462676,6.048480967,5.632013395,4.885907284,-0.374617851,0.536360837,1.553620307
8.616867843,-29.24149716,96.34658024,299.6351944,45.00086647,-3.72E-04,-2.368082449,7.793036598,-9.679422919,0.513240103,-0.783656887,-9.638732764,-0.352269478,0.878989367,-0.155507434,-0.281249613,6.227270561,5.551103735,4.918236626,-0.365684836,0.524019427,1.561928215
8.626867843,-29.26514487,96.42446744,299.5379117,45.00086717,-3.72E-04,-2.361270687,7.784299336,-9.777277786,0.624577211,-0.842671403,-9.736281336,-0.348121644,0.879036677,-0.162816539,-0.282128721,6.439586594,5.476114325,4.943608241,-0.354906619,0.504719308,1.572564996
8.636867843,-29.28871878,96.50226409,299.4396455,45.00086787,-3.73E-04,-2.353320463,7.774920884,-9.876116097,0.738006333,-0.905319736,-9.834733738,-0.344012798,0.87894461,-0.170139079,-0.283132939,6.65562439,5.397241572,4.965751934,-0.342436509,0.47814882,1.585166345
8.646867843,-29.31220749,96.57996365,299.3403861,45.00086856,-3.73E-04,-2.344234406,7.764878308,-9.975926164,0.852002122,-0.970753572,-9.932735654,-0.339954352,0.878699016,-0.177470819,-0.284294191,6.873719887,5.313718605,4.984363268,-0.328497896,0.44433671,1.599320261
8.656867843,-29.33560026,96.65755968,299.2401243,45.00086926,-3.73E-04,-2.334231687,7.754269657,-10.07649836,0.964881961,-1.037962941,-10.02883592,-0.335957122,0.878287189,-0.184806111,-0.285641604,7.091934019,5.224817656,4.999166573,-0.313315014,0.40340335,1.614694365
8.666867843,-29.35889136,96.73504836,299.1388557,45.00086996,-3.73E-04,-2.323955097,7.743434284,-10.17723751,1.017321346,-1.073880611,-10.06867267,-0.332028457,0.877703467,-0.192135898,-0.287189005,7.226555431,5.111462265,5.021571632,-0.297381273,0.356726959,1.630359716
8.676867843,-29.38207884,96.8124278,299.0365794,45.00087065,-3.74E-04,-2.313521781,7.732428324,-10.27803452,1.036761259,-1.092644962,-10.07799492,-0.328172601,0.876946933,-0.199450852,-0.288939748,7.315839785,4.985379436,5.045711916,-0.281623711,0.308019719,1.644425393
8.686867843,-29.40516152,96.88969648,298.9332951,45.00087135,-3.74E-04,-2.303008427,7.721288496,-10.37881689,1.048627939,-1.107929995,-10.08019728,-0.324392389,0.876017226,-0.206743829,-0.290895836,7.395487254,4.855577026,5.066324763,-0.266224488,0.257999068,1.65713278
8.696867843,-29.428139,96.96685326,298.8290033,45.00087204,-3.74E-04,-2.292492783,7.710054893,-10.47950996,1.052751046,-1.11936201,-10.07502914,-0.320689296,0.874914562,-0.214009522,-0.293057687,7.465010101,4.722341932,5.083362976,-0.251304834,0.20714062,1.66878981
8.706867843,-29.45101108,97.04389709,298.7237049,45.00087274,-3.75E-04,-2.281841374,7.698648091,-10.58023134,1.049090523,-1.126641785,-10.06231681,-0.317063858,0.873638994,-0.221244548,-0.29542557,7.5240661,4.585982839,5.096795366,-0.23696509,0.155939185,1.679636364
8.716867843,-29.47377338,97.12082448,298.6173968,45.00087343,-3.75E-04,-2.270501947,7.686745242,-10.68148124,1.098471406,-1.164772711,-10.09770194,-0.31351815,0.872184513,-0.228449462,-0.298012397,7.660278257,4.460244077,5.094436094,-0.223113118,0.103685728,1.690538203
8.726867843,-29.49641894,97.19763039,298.5100737,45.00087412,-3.75E-04,-2.25850803,7.674362109,-10.7832209,1.16809736,-1.215090395,-10.15093175,-0.310055211,0.870541612,-0.23562578,-0.300838095,7.826827263,4.334917225,5.082477651,-0.209364525,0.047224604,1.703362249
8.736867843,-29.51894166,97.27431029,298.4017311,45.00087481,-3.75E-04,-2.245950914,7.661551565,-10.88535686,1.229169997,-1.260649478,-10.19544109,-0.306677222,0.868701881,-0.242773774,-0.303919427,7.982099168,4.203132798,5.066249353,-0.195904296,-0.013167699,1.717797907
8.746867843,-29.54133642,97.35086021,298.2923656,45.0008755,-3.76E-04,-2.232932377,7.648376554,-10.98778362,1.280562518,-1.300403925,-10.22999214,-0.303385349,0.866657946,-0.249892869,-0.307270058,8.124206666,4.064813804,5.045610443,-0.182928938,-0.076898313,1.733476643
8.756867843,-29.56360017,97.42727746,298.1819758,45.00087618,-3.76E-04,-2.21995909,7.635143787,-11.09001618,1.321308698,-1.333390704,-10.25340998,-0.300179124,0.864404874,-0.256981365,-0.31089755,8.251359359,3.920015374,5.020433436,-0.170645701,-0.143366926,1.750109455
8.766867843,-29.58574022,97.50356558,298.0705701,45.00087687,-3.76E-04,-2.20828377,7.622608047,-11.19086523,1.23737943,-1.29162,-10.15923874,-0.297052831,0.861951373,-0.264032967,-0.31477935,8.195285533,3.756386411,5.013619246,-0.159390371,-0.209639657,1.766206387
8.776867843,-29.60777054,97.57973222,297.9581635,45.00087755,-3.77E-04,-2.198015526,7.61085004,-11.29019187,1.097339819,-1.215042213,-10.0096112,-0.293996155,0.859314852,-0.271042419,-0.318873413,8.054546526,3.588495778,5.011963389,-0.149643279,-0.268259324,1.778458169
8.786867843,-29.62970522,97.65578523,297.8447715,45.00087824,-3.77E-04,-2.18915245,7.599883939,-11.38795457,0.956351256,-1.13632012,-9.855024139,-0.290996976,0.856512811,-0.278009324,-0.323136782,7.909026745,3.424078684,5.005028774,-0.141286014,-0.318125991,1.787618543
8.796867843,-29.6515582,97.73173254,297.7304098,45.00087892,-3.77E-04,-2.181671017,7.589709889,-11.48412798,0.816666225,-1.056896049,-9.697093438,-0.288041895,0.85356298,-0.28493707,-0.327525528,7.761180118,3.263597259,4.993056203,-0.134106212,-0.35871698,1.794476139
8.806867843,-29.67334285,97.80758187,297.615094,45.0008796,-3.77E-04,-2.175429545,7.58025702,-11.57879876,0.680347169,-0.97812903,-9.537434772,-0.285116644,0.850483024,-0.291832168,-0.331995648,7.613325017,3.107326242,4.976351727,-0.127887274,-0.389565275,1.799622919
8.816867843,-29.69506975,97.88333943,297.4988378,45.00088029,-3.78E-04,-2.170096356,7.57134273,-11.67224138,0.577214243,-0.917680401,-9.404933277,-0.282207337,0.847287036,-0.298704599,-0.336510416,7.50964541,2.955082175,4.949828149,-0.12238318,-0.410984647,1.803878468
8.826867843,-29.71674763,97.95901046,297.3816533,45.00088097,-3.78E-04,-2.165619707,7.562948794,-11.76446292,0.489924418,-0.865260012,-9.283351594,-0.279300858,0.843987141,-0.305566003,-0.34103688,7.424041174,2.805217178,4.917691213,-0.117361885,-0.424699624,1.808504906
8.836867843,-29.7383849,98.0346001,297.2635526,45.00088165,-3.78E-04,-2.161969768,7.555063306,-11.85545426,0.405992733,-0.813756302,-9.160893485,-0.276383531,0.840597266,-0.312429232,-0.345537776,7.337683619,2.657712267,4.883028104,-0.112437375,-0.430364259,1.813484166
8.846867843,-29.75998974,98.11011341,297.1445484,45.00088232,-3.79E-04,-2.159133325,7.547683016,-11.94518544,0.324112796,-0.763358768,-9.03676044,-0.273438601,0.837133171,-0.319306092,-0.349975721,7.24885148,2.513386662,4.846425969,-0.107708035,-0.426717733,1.818734601
8.856867843,-29.78157097,98.18555586,297.024654,45.000883,-3.79E-04,-2.15737982,7.540965379,-12.03332658,0.243480074,-0.712637297,-8.908938434,-0.270450984,0.833610573,-0.326206291,-0.35431502,7.154676162,2.371445644,4.808656054,-0.103634325,-0.414715439,1.824193223
8.86,-29.78832791,98.20917238,296.9869212,45.00088322,-3.79E-04,-2.157217717,7.539086869,-12.0604253,0.082538358,-0.617606538,-8.692353475,-0.269504254,0.832499117,-0.328373375,-0.355645335,6.930262801,2.24518648,4.782870951,-0.099522749,-0.392965854,1.828647058
,,,,,,,,,,,,,,,,,,,,,
,,,,,,,,,,,,,,,,,,,,,
,,,,,,,,,,,,,,,,,,,,,
,,,,,,,,,,,,,,,,,,,,,
,,,,,,,,,,,,,,,,,,,,,
,,,,,,,,,,,,,,,,,,,,,
,,,,,,,,,,,,,,,,,,,,,
,,,,,,,,,,,,,,,,,,,,,
,,,,,,,,,,,,,,,,,,,,,
,,,,,,,,,,,,,,,,,,,,,
,,,,,,,,,,,,,,,,,,,,,
,,,,,,,,,,,,,,,,,,,,,
